cid,bdate,gen
NASAW00011000,1959-07-27,Female
AW00011001,1951-06-13,Male
AW00011002,1958-08-10,
NASAW00011003,1941-02-28,M
NASAW00011004,1941-10-03,Female
AW00011005,1952-01-01,Female
AW00011006,1952-06-10,M
AW00011007,1940-04-05,F
AW00011008,1956-03-14,Male
AW00011009,1944-07-03,F
NASAW00011010,1946-08-14,M
AW00011011,1956-08-30,M
AW00011012,1949-06-26,Male
NASAW00011013,1947-01-25,M
AW00011014,1947-12-29,Male
AW00011015,1946-11-27,F
AW00011016,1956-12-01,Female
NASAW00011017,1955-10-24,M
AW00011018,1945-03-29,
AW00011019,2032-01-01,Female
NASAW00011020,1956-02-04,M
NASAW00011021,1961-04-21,Male
AW00011022,1941-12-17,M
AW00011023,1943-12-03,Female
AW00011024,1963-01-27,F
NASAW00011025,1952-12-23,Male
AW00011026,1962-12-30,M
AW00011027,1957-04-24,M
AW00011028,2037-01-01,Male
AW00011029,1941-12-27,Female
AW00011030,1949-10-11,M
NASAW00011031,1943-10-25,Male
AW00011032,1951-03-03,F
AW00011033,1951-06-13,M
AW00011034,1948-11-11,F
AW00011035,1940-02-26,Male
AW00011036,1943-10-19,M
NASAW00011037,1943-11-24,M
AW00011038,1941-11-26,M
NASAW00011039,1962-07-29,M
NASAW00011040,1958-06-05,Female
AW00011041,1961-04-18,Female
AW00011042,1945-06-15,
NASAW00011043,1955-06-17,Male
AW00011044,1950-11-02,M
AW00011045,1959-12-20,Male
AW00011046,1958-05-27,Male
NASAW00011047,1954-02-18,Male
NASAW00011048,1958-03-16,F
NASAW00011049,1956-03-02,F
AW00011050,1955-12-22,Female
AW00011051,1953-03-18,Male
AW00011052,1948-02-26,F
NASAW00011053,1958-02-03,Male
AW00011054,1955-08-07,Male
AW00011055,1942-12-11,M
AW00011056,1940-11-10,Male
AW00011057,1952-03-17,F
NASAW00011058,1956-02-01,Male
AW00011059,1949-08-07,F
AW00011060,1949-11-02,M
AW00011061,1958-12-11,Male
AW00011062,1955-04-04,Female
AW00011063,1961-08-23,M
AW00011064,1942-06-16,Male
AW00011065,1957-04-25,F
AW00011066,1944-06-08,M
AW00011067,1945-03-31,Male
NASAW00011068,1960-05-29,M
NASAW00011069,1940-10-20,Female
AW00011070,1946-06-10,M
AW00011071,1950-09-23,Male
NASAW00011072,1960-03-01,F
AW00011073,1945-06-27,M
AW00011074,1951-01-08,Male
AW00011075,1949-07-25,M
AW00011076,1944-03-20,M
AW00011077,1961-06-04,F
NASAW00011078,1957-01-31,M
NASAW00011079,1947-07-06,Female
AW00011080,1960-10-12,Male
AW00011081,1941-03-22,Female
AW00011082,1960-06-14,
NASAW00011083,1940-01-28,Female
NASAW00011084,1940-05-30,F
AW00011085,1963-06-11,F
NASAW00011086,1944-07-23,Female
AW00011087,1956-04-27,Female
AW00011088,1951-11-27,F
AW00011089,1960-01-31,F
AW00011090,1963-11-03,M
NASAW00011091,1949-02-20,M
AW00011092,1944-12-27,F
AW00011093,1951-02-06,Female
NASAW00011094,1959-08-15,F
AW00011095,1948-10-28,Female
AW00011096,1963-05-11,Male
AW00011097,2036-01-01,M
AW00011098,1959-04-17,Female
AW00011099,1945-04-13,F
AW00011100,1959-07-22,Male
AW00011101,1950-02-25,F
AW00011102,1947-01-27,F
AW00011103,1950-01-13,F
AW00011104,1958-08-13,Male
AW00011105,1948-09-19,Female
AW00011106,1957-02-20,
AW00011107,1941-06-07,Male
NASAW00011108,1946-01-11,M
NASAW00011109,1951-12-05,M
AW00011110,1956-04-28,F
AW00011111,1963-11-17,Female
NASAW00011112,1962-04-22,F
AW00011113,1960-11-22,F
NASAW00011114,1955-07-25,
NASAW00011115,1942-04-23,Male
NASAW00011116,1955-01-01,M
AW00011117,1956-04-23,Female
AW00011118,1960-09-03,Female
NASAW00011119,1942-01-12,F
NASAW00011120,2039-01-01,F
AW00011121,1960-09-24,F
AW00011122,1940-11-30,F
NASAW00011123,1942-01-26,M
AW00011124,1940-12-13,Male
AW00011125,1956-11-03,Male
AW00011126,1941-12-11,Male
AW00011127,1952-11-11,M
AW00011128,1961-06-15,F
NASAW00011129,1952-03-22,
NASAW00011130,1954-07-07,Male
AW00011131,1947-09-30,M
NASAW00011132,1954-12-06,F
AW00011133,1952-11-21,Female
AW00011134,1961-02-14,F
AW00011135,1962-04-14,F
AW00011136,1955-04-21,Male
AW00011137,1960-06-02,F
NASAW00011138,1962-05-25,Female
NASAW00011139,1960-01-24,F
AW00011140,1963-05-07,Male
NASAW00011141,1944-05-28,Male
NASAW00011142,1953-11-11,Female
AW00011143,1960-05-06,Female
AW00011144,1947-12-05,Female
AW00011145,1947-05-08,F
NASAW00011146,1947-07-06,F
NASAW00011147,1958-04-09,Female
AW00011148,1950-07-11,M
NASAW00011149,1954-10-28,F
AW00011150,1949-01-25,F
NASAW00011151,1963-05-14,Female
NASAW00011152,1962-01-06,Male
NASAW00011153,1961-08-20,F
NASAW00011154,1941-05-09,Male
AW00011155,1958-11-02,Female
NASAW00011156,1953-02-25,Male
AW00011157,1961-08-24,M
AW00011158,1956-05-07,M
NASAW00011159,1960-12-28,F
AW00011160,1956-08-20,M
AW00011161,1945-06-01,M
AW00011162,1944-03-30,M
NASAW00011163,1951-08-22,Female
NASAW00011164,1943-09-30,Female
AW00011165,1951-08-18,M
AW00011166,1961-12-20,Male
AW00011167,1940-01-26,M
NASAW00011168,1945-08-18,F
AW00011169,1957-11-21,Female
NASAW00011170,1951-06-28,F
NASAW00011171,1950-04-12,Female
AW00011172,1949-07-04,M
AW00011173,1952-12-05,Female
AW00011174,1958-09-04,Male
AW00011175,1946-01-06,M
NASAW00011176,1947-07-27,F
NASAW00011177,1952-05-29,F
NASAW00011178,1957-01-18,Female
AW00011179,1948-12-11,M
AW00011180,1958-07-18,F
AW00011181,1942-12-02,F
AW00011182,1945-04-28,M
NASAW00011183,1953-10-16,Male
NASAW00011184,1961-05-09,Male
AW00011185,1950-09-22,M
AW00011186,1954-03-11,Male
AW00011187,1947-09-13,F
NASAW00011188,1949-03-28,M
NASAW00011189,1960-08-19,Male
AW00011190,1954-01-08,M
AW00011191,1947-02-05,Male
AW00011192,1962-09-20,Female
AW00011193,1944-08-10,Female
AW00011194,1958-10-03,Male
AW00011195,1948-05-18,Female
AW00011196,1942-09-02,Female
AW00011197,1943-09-26,Male
AW00011198,1953-04-04,M
AW00011199,1961-11-01,Male
AW00011200,1943-05-09,Male
AW00011201,1958-01-06,Female
AW00011202,1941-12-11,M
AW00011203,1952-09-27,Female
NASAW00011204,1963-07-19,F
AW00011205,1955-09-11,M
NASAW00011206,1953-10-18,F
AW00011207,1953-04-24,M
AW00011208,1962-04-10,M
NASAW00011209,1948-01-31,Female
NASAW00011210,1958-11-30,Female
AW00011211,1951-06-13,Male
AW00011212,1951-11-24,Female
AW00011213,1962-09-01,Female
AW00011214,1955-12-29,F
AW00011215,1943-12-15,Male
AW00011216,1963-06-25,Female
NASAW00011217,1963-02-18,Male
AW00011218,1961-05-30,Male
AW00011219,1958-09-06,Female
AW00011220,1957-07-18,Female
AW00011221,1960-10-24,Female
AW00011222,1945-02-21,F
NASAW00011223,1949-02-19,M
NASAW00011224,1959-08-01,F
AW00011225,1950-06-13,F
NASAW00011226,1958-10-31,Female
AW00011227,1945-08-27,F
NASAW00011228,1941-05-17,M
AW00011229,1944-05-06,F
AW00011230,1956-08-24,Female
AW00011231,1954-03-17,Male
AW00011232,1946-06-29,M
NASAW00011233,1958-12-18,
AW00011234,1941-03-27,Male
AW00011235,1941-05-18,
AW00011236,1947-07-13,Male
AW00011237,1949-04-06,Female
AW00011238,1956-09-26,M
AW00011239,1953-10-23,M
AW00011240,1962-10-14,M
NASAW00011241,1957-04-12,Female
AW00011242,1954-03-13,
AW00011243,1961-01-12,Male
NASAW00011244,1962-07-14,M
NASAW00011245,1943-04-23,F
AW00011246,1951-02-02,Female
AW00011247,1962-12-13,Female
NASAW00011248,1949-02-06,F
NASAW00011249,1958-06-20,F
NASAW00011250,1961-03-05,Female
NASAW00011251,1940-08-10,M
AW00011252,1943-03-13,Female
AW00011253,1959-04-21,Male
AW00011254,1960-12-17,F
NASAW00011255,1962-05-14,Female
AW00011256,1952-05-11,Female
AW00011257,1945-03-31,Female
AW00011258,1959-02-13,M
NASAW00011259,1950-03-04,F
AW00011260,1949-02-05,
AW00011261,1960-06-01,
NASAW00011262,1942-01-24,Male
NASAW00011263,1940-11-28,Female
AW00011264,1946-07-20,M
AW00011265,1949-02-05,Male
AW00011266,1947-07-09,Female
NASAW00011267,1944-11-08,M
NASAW00011268,1942-08-02,M
AW00011269,1962-05-15,F
AW00011270,1943-06-05,F
NASAW00011271,1947-02-18,M
NASAW00011272,1958-10-18,Male
AW00011273,1942-08-30,F
NASAW00011274,1958-09-30,M
AW00011275,1948-04-07,F
NASAW00011276,1947-02-24,M
AW00011277,1943-11-22,M
NASAW00011278,1948-12-11,F
AW00011279,1943-06-07,Female
AW00011280,1955-08-10,Male
AW00011281,1956-04-15,Male
NASAW00011282,1958-09-24,M
NASAW00011283,1954-08-11,Female
NASAW00011284,1958-05-01,M
AW00011285,1951-02-23,Female
NASAW00011286,1956-11-25,Female
AW00011287,1957-03-23,Female
NASAW00011288,1952-08-27,Male
NASAW00011289,1959-09-02,Female
AW00011290,1953-04-17,Male
AW00011291,1963-10-06,M
AW00011292,1942-07-18,F
NASAW00011293,1941-07-13,F
AW00011294,1948-12-02,F
NASAW00011295,1946-02-26,Male
NASAW00011296,1957-03-13,F
AW00011297,1962-03-12,F
AW00011298,1962-06-23,F
AW00011299,1948-07-30,F
AW00011300,1957-04-04,Female
AW00011301,1951-02-09,M
NASAW00011302,1954-04-02,M
NASAW00011303,1959-12-13,Male
NASAW00011304,1958-09-18,Female
NASAW00011305,1959-05-31,Female
AW00011306,1957-12-27,F
AW00011307,1943-04-02,Female
AW00011308,1949-05-28,F
AW00011309,1957-10-13,M
AW00011310,1946-05-18,F
AW00011311,1945-10-02,
AW00011312,1946-12-18,Female
NASAW00011313,1947-02-10,Male
AW00011314,1952-09-26,F
NASAW00011315,1961-02-15,F
AW00011316,1947-04-21,Male
AW00011317,1953-09-09,Female
AW00011318,1948-10-17,Female
NASAW00011319,1951-03-11,M
AW00011320,1957-05-16,
NASAW00011321,1957-05-28,F
AW00011322,1962-11-20,Female
AW00011323,1958-01-17,M
AW00011324,1951-04-11,Male
AW00011325,1940-06-09,Female
AW00011326,1961-05-15,M
AW00011327,1949-01-03,Male
NASAW00011328,1946-09-15,M
AW00011329,1948-07-26,M
AW00011330,1945-07-29,M
NASAW00011331,1959-09-21,Male
AW00011332,1959-12-27,Female
AW00011333,1959-02-02,Male
AW00011334,1943-12-30,
NASAW00011335,1958-08-31,M
NASAW00011336,1963-04-02,Female
AW00011337,1952-09-01,M
AW00011338,1947-12-01,Female
AW00011339,1946-07-28,F
AW00011340,1959-09-11,M
NASAW00011341,1956-04-20,Female
NASAW00011342,1941-02-12,Male
AW00011343,1949-05-31,M
AW00011344,1950-08-24,M
AW00011345,1944-07-20,Male
NASAW00011346,1956-03-12,Female
AW00011347,1955-09-28,Female
AW00011348,1944-03-13,Female
AW00011349,1959-05-25,Female
NASAW00011350,1960-01-26,F
AW00011351,1952-06-29,Female
AW00011352,1963-10-02,F
NASAW00011353,1943-10-30,F
NASAW00011354,1963-08-16,M
NASAW00011355,1961-03-09,F
AW00011356,1941-01-27,M
NASAW00011357,1960-07-30,Male
AW00011358,1940-07-22,Male
AW00011359,1947-01-16,F
NASAW00011360,1963-01-21,F
NASAW00011361,1944-07-15,Male
NASAW00011362,1948-10-17,Female
NASAW00011363,1951-03-07,
AW00011364,1950-11-21,F
NASAW00011365,1949-10-24,F
AW00011366,1957-04-15,M
AW00011367,1962-07-06,
AW00011368,1949-08-13,Female
NASAW00011369,1950-10-26,F
AW00011370,1960-01-29,M
AW00011371,1942-03-07,F
AW00011372,1958-06-24,
AW00011373,1956-09-13,Female
AW00011374,1955-02-16,F
NASAW00011375,1955-12-01,M
AW00011376,1953-07-26,Male
AW00011377,1958-12-02,M
NASAW00011378,1954-05-10,Male
AW00011379,1949-06-26,Female
AW00011380,1956-10-26,Male
AW00011381,1946-04-20,
AW00011382,1944-10-10,M
AW00011383,1958-11-26,Male
NASAW00011384,1963-02-09,Female
NASAW00011385,1959-04-17,Female
AW00011386,1945-02-09,F
AW00011387,1947-04-23,F
NASAW00011388,1947-11-14,Female
AW00011389,1953-02-26,Female
AW00011390,1960-11-12,Male
NASAW00011391,1952-11-08,F
NASAW00011392,1955-05-24,M
AW00011393,1951-03-09,M
NASAW00011394,1944-05-02,M
NASAW00011395,1954-09-12,Female
AW00011396,1952-11-27,F
AW00011397,1961-02-27,Female
AW00011398,1940-10-20,F
AW00011399,1962-03-29,
AW00011400,1944-01-23,Female
AW00011401,1948-08-31,Male
NASAW00011402,1947-04-13,Female
NASAW00011403,1942-06-10,
AW00011404,1945-11-28,Female
NASAW00011405,1953-11-19,M
AW00011406,1952-01-13,Male
AW00011407,1951-03-08,Female
NASAW00011408,1963-06-07,Female
AW00011409,1952-05-23,Female
AW00011410,1950-06-23,F
AW00011411,1959-12-19,M
AW00011412,1957-12-13,F
NASAW00011413,1941-11-17,M
AW00011414,1944-04-01,Male
AW00011415,1942-01-31,Male
AW00011416,1954-08-24,Male
NASAW00011417,1955-01-20,
NASAW00011418,1951-09-28,Female
AW00011419,1952-12-24,M
AW00011420,1941-10-19,Female
AW00011421,1945-11-24,Female
NASAW00011422,1948-12-29,M
AW00011423,1961-10-28,Female
AW00011424,1954-05-12,F
AW00011425,1941-09-30,Female
AW00011426,1950-08-03,Female
NASAW00011427,1946-07-09,F
AW00011428,1943-04-24,M
AW00011429,1946-07-17,Male
AW00011430,1960-08-02,F
AW00011431,1948-01-28,M
NASAW00011432,1955-07-25,Female
AW00011433,1946-09-08,Male
AW00011434,1956-05-27,Male
NASAW00011435,1957-09-11,Female
AW00011436,1940-10-17,M
AW00011437,1955-09-25,Female
NASAW00011438,1962-07-15,M
NASAW00011439,1962-06-11,M
AW00011440,1960-05-15,Female
AW00011441,1944-02-27,Female
NASAW00011442,1962-10-10,Male
AW00011443,1950-11-17,Male
NASAW00011444,1941-06-12,M
AW00011445,1949-09-22,F
AW00011446,1951-12-19,Female
AW00011447,1956-10-05,F
AW00011448,1956-10-22,M
AW00011449,1947-12-22,Female
AW00011450,1953-10-05,M
NASAW00011451,1944-07-26,F
NASAW00011452,1956-10-08,
AW00011453,1962-08-17,Female
AW00011454,1943-07-23,M
NASAW00011455,1951-10-04,M
AW00011456,1941-07-30,Male
NASAW00011457,1946-03-20,Male
NASAW00011458,1957-02-17,Male
AW00011459,2029-01-01,Female
AW00011460,1946-09-12,
AW00011461,1949-04-09,M
AW00011462,1962-09-28,M
NASAW00011463,1957-09-06,Female
AW00011464,1963-05-25,F
NASAW00011465,1963-08-14,M
AW00011466,1942-09-19,M
NASAW00011467,1956-11-26,Male
AW00011468,1956-11-30,Female
NASAW00011469,1941-03-19,Female
AW00011470,1956-08-20,Male
NASAW00011471,1963-06-12,Male
NASAW00011472,1952-03-31,F
NASAW00011473,1947-12-26,F
NASAW00011474,1951-10-09,M
NASAW00011475,1957-02-12,Female
AW00011476,1942-10-24,M
AW00011477,1955-10-31,Female
NASAW00011478,1944-06-30,Female
NASAW00011479,1956-04-14,F
AW00011480,1950-02-05,F
AW00011481,1961-10-17,F
NASAW00011482,1944-01-11,Female
NASAW00011483,1950-12-29,M
NASAW00011484,1952-05-05,F
AW00011485,1941-04-21,Male
AW00011486,1960-03-27,M
AW00011487,1954-09-08,Female
AW00011488,1954-09-04,Male
AW00011489,1950-01-06,M
NASAW00011490,1952-10-03,Female
NASAW00011491,1951-06-15,F
AW00011492,1954-07-06,F
NASAW00011493,1959-11-27,Male
AW00011494,1957-04-07,M
AW00011495,1944-12-19,Female
AW00011496,1951-06-20,F
NASAW00011497,1952-03-18,
AW00011498,1950-07-21,Female
AW00011499,1950-05-07,M
AW00011500,1943-08-21,Male
NASAW00011501,1942-05-30,F
AW00011502,1961-10-16,M
AW00011503,1953-11-28,F
NASAW00011504,1947-03-16,F
NASAW00011505,1950-06-26,Male
AW00011506,1958-09-09,F
AW00011507,1951-10-01,Male
NASAW00011508,1951-01-15,Male
AW00011509,1953-01-05,F
AW00011510,1945-08-16,Female
NASAW00011511,1963-03-27,F
NASAW00011512,1949-07-31,M
AW00011513,1957-01-19,M
AW00011514,1955-07-28,F
AW00011515,1948-01-16,Male
AW00011516,1941-10-05,F
AW00011517,1960-10-10,M
AW00011518,1949-03-23,M
NASAW00011519,1940-07-05,Male
NASAW00011520,1954-04-05,Female
AW00011521,1947-07-25,Female
NASAW00011522,1946-11-14,M
NASAW00011523,1954-03-29,Female
AW00011524,1957-01-14,F
AW00011525,1958-05-25,F
AW00011526,1946-10-31,M
AW00011527,1960-09-08,M
AW00011528,1948-02-28,Female
NASAW00011529,1956-12-04,Male
NASAW00011530,1947-05-11,Male
AW00011531,1946-11-15,Female
AW00011532,1960-11-26,Male
NASAW00011533,1960-05-22,Female
NASAW00011534,1961-06-27,F
AW00011535,1947-09-06,Male
AW00011536,1948-05-28,Female
AW00011537,1951-03-28,M
AW00011538,1960-05-13,F
AW00011539,1952-01-30,Female
NASAW00011540,1941-08-22,Female
AW00011541,1954-10-12,F
AW00011542,1947-08-01,F
AW00011543,1940-08-07,Female
NASAW00011544,1942-11-23,Female
AW00011545,1950-08-31,F
AW00011546,1951-11-10,M
NASAW00011547,1944-09-23,Female
AW00011548,1946-04-26,Female
AW00011549,1946-10-08,
AW00011550,1960-02-05,Female
AW00011551,1954-10-16,F
AW00011552,1957-06-22,Male
AW00011553,1943-06-24,
AW00011554,1955-11-30,M
AW00011555,1963-06-27,
NASAW00011556,1955-07-05,F
AW00011557,1961-06-14,Female
AW00011558,1962-03-21,F
NASAW00011559,1942-01-02,Female
AW00011560,1948-02-13,Female
NASAW00011561,1948-12-07,F
AW00011562,1957-04-30,F
NASAW00011563,1946-06-30,Male
AW00011564,1949-01-17,Male
AW00011565,1962-09-17,Female
NASAW00011566,1941-03-03,F
NASAW00011567,1952-08-08,F
AW00011568,1953-01-02,F
NASAW00011569,1960-06-25,M
AW00011570,1950-04-04,M
AW00011571,1952-06-25,M
NASAW00011572,1960-05-12,Female
AW00011573,1949-06-28,F
AW00011574,1955-10-11,M
AW00011575,1961-08-30,Female
AW00011576,1950-05-07,F
AW00011577,1945-01-03,F
AW00011578,1960-01-30,M
AW00011579,1946-06-19,Female
AW00011580,1956-07-15,M
NASAW00011581,1962-08-13,Female
AW00011582,1943-09-04,Female
AW00011583,1963-04-10,M
NASAW00011584,1961-09-29,Female
AW00011585,1943-04-09,Male
AW00011586,1952-06-06,M
NASAW00011587,1945-08-11,Male
AW00011588,1954-02-23,Female
AW00011589,1948-12-23,
NASAW00011590,1944-01-13,F
NASAW00011591,1951-05-11,M
NASAW00011592,1959-11-03,Male
AW00011593,1948-08-25,Female
AW00011594,1942-07-03,Female
NASAW00011595,1961-07-30,M
NASAW00011596,1951-09-17,M
AW00011597,1949-12-16,Female
AW00011598,1963-09-13,F
NASAW00011599,1944-05-01,Female
AW00011600,1962-05-30,Male
AW00011601,1946-05-18,M
AW00011602,1958-01-15,M
NASAW00011603,1955-07-27,F
AW00011604,1956-09-16,Female
AW00011605,1956-06-13,M
NASAW00011606,1943-04-30,Male
AW00011607,1962-10-23,Female
AW00011608,1940-03-03,Female
AW00011609,1952-02-08,M
AW00011610,1961-06-06,F
AW00011611,1947-05-16,
NASAW00011612,1954-04-16,Female
NASAW00011613,1949-06-22,Male
AW00011614,1959-10-29,M
AW00011615,1954-06-16,Male
AW00011616,1952-10-21,Female
AW00011617,1945-06-14,Male
NASAW00011618,1960-06-25,Female
AW00011619,1943-03-04,Female
AW00011620,1945-09-24,M
AW00011621,1940-03-06,F
NASAW00011622,1957-05-16,Female
AW00011623,1954-01-09,M
AW00011624,1952-06-02,Female
AW00011625,1959-05-16,Female
AW00011626,1959-05-24,M
NASAW00011627,1953-03-18,Male
AW00011628,1953-07-21,M
NASAW00011629,1946-07-03,M
AW00011630,1959-04-20,Female
AW00011631,1941-03-03,Female
NASAW00011632,1956-05-21,F
AW00011633,1954-03-17,Male
AW00011634,1952-07-13,F
NASAW00011635,1960-08-16,M
NASAW00011636,1952-05-20,Male
AW00011637,1960-04-30,M
AW00011638,1953-08-29,
NASAW00011639,1942-06-23,Male
AW00011640,1953-10-01,M
AW00011641,1962-03-01,M
AW00011642,1953-07-13,F
AW00011643,1940-07-23,Female
AW00011644,1952-06-03,F
AW00011645,1957-09-16,Male
AW00011646,1949-01-01,M
AW00011647,1955-02-09,M
AW00011648,1940-02-09,M
AW00011649,1948-08-09,F
NASAW00011650,1961-11-12,Male
AW00011651,1951-01-16,Female
AW00011652,1962-04-13,Female
AW00011653,1954-10-17,F
NASAW00011654,1946-01-10,Male
AW00011655,1957-09-10,M
NASAW00011656,1957-10-31,Female
NASAW00011657,1942-09-20,M
AW00011658,1950-10-12,Female
AW00011659,1963-10-07,Female
AW00011660,1955-01-02,Male
AW00011661,1958-11-17,F
AW00011662,1944-08-21,M
AW00011663,1963-05-02,F
AW00011664,1963-01-01,Female
AW00011665,1944-11-24,F
NASAW00011666,1963-03-25,M
AW00011667,1950-09-30,M
AW00011668,1962-11-16,F
NASAW00011669,1956-04-23,Female
NASAW00011670,1955-04-27,M
NASAW00011671,1940-05-26,M
NASAW00011672,1948-06-02,F
AW00011673,1958-11-04,F
AW00011674,1949-04-15,M
AW00011675,1941-04-19,
NASAW00011676,1947-08-08,
AW00011677,1955-12-01,Female
NASAW00011678,1955-08-13,Female
AW00011679,1952-04-27,Male
NASAW00011680,1956-03-31,Female
AW00011681,1944-01-24,Male
NASAW00011682,1958-09-06,Female
AW00011683,1941-03-14,F
AW00011684,1954-05-17,Male
AW00011685,1944-06-07,F
NASAW00011686,1941-12-17,Male
AW00011687,1963-01-03,Female
NASAW00011688,1951-02-25,Female
NASAW00011689,1943-09-03,M
AW00011690,1954-05-08,F
AW00011691,1955-06-18,M
AW00011692,1940-05-22,Male
AW00011693,1944-02-18,M
AW00011694,1950-08-31,Male
NASAW00011695,1944-01-11,Male
NASAW00011696,1953-06-30,Female
NASAW00011697,1957-07-25,Male
AW00011698,1962-01-23,Female
AW00011699,1961-10-29,F
NASAW00011700,1960-08-03,Male
NASAW00011701,1952-07-31,F
AW00011702,1955-02-21,F
AW00011703,1961-08-19,Female
NASAW00011704,1943-09-04,M
AW00011705,1958-07-27,M
NASAW00011706,1955-05-04,M
NASAW00011707,1962-05-03,M
AW00011708,1962-07-31,M
AW00011709,1961-09-11,F
AW00011710,1947-03-30,Male
NASAW00011711,1949-10-14,M
NASAW00011712,1953-09-01,Male
AW00011713,1947-05-18,F
AW00011714,1947-04-02,M
NASAW00011715,1958-12-29,M
AW00011716,1944-01-01,Female
AW00011717,1940-03-01,Male
AW00011718,2030-01-01,M
AW00011719,1958-06-17,
NASAW00011720,1954-09-01,M
AW00011721,1955-07-09,F
NASAW00011722,1942-07-07,Female
AW00011723,1961-06-05,M
AW00011724,1957-07-01,Female
AW00011725,1951-10-15,M
AW00011726,1948-10-12,Female
AW00011727,1947-09-15,Female
AW00011728,1958-12-28,M
AW00011729,1945-09-23,F
AW00011730,1953-05-27,F
AW00011731,1953-11-28,Male
NASAW00011732,1957-03-01,
NASAW00011733,1959-10-18,Female
AW00011734,1954-06-21,F
NASAW00011735,1960-08-29,
AW00011736,1957-12-02,Male
AW00011737,1942-12-29,M
AW00011738,1943-02-15,F
AW00011739,1952-09-25,Female
AW00011740,1959-09-10,F
AW00011741,1961-02-10,Male
AW00011742,1954-10-16,M
AW00011743,1953-07-17,Female
AW00011744,1963-08-23,Female
AW00011745,1944-11-17,Male
AW00011746,1950-06-08,Male
NASAW00011747,1944-12-26,Female
NASAW00011748,1952-02-10,F
AW00011749,1957-06-14,Male
AW00011750,1960-07-24,F
AW00011751,1951-01-09,
AW00011752,1957-02-17,Female
AW00011753,1948-06-24,Female
AW00011754,1943-12-30,Male
AW00011755,1946-04-14,Male
AW00011756,1962-02-27,F
AW00011757,1946-02-03,Male
AW00011758,1943-08-12,
AW00011759,1944-12-28,Female
AW00011760,1951-02-25,F
AW00011761,1947-03-28,Male
AW00011762,1942-09-23,Female
AW00011763,1958-07-06,F
AW00011764,1941-02-25,M
AW00011765,1949-12-18,F
AW00011766,1959-10-07,Male
AW00011767,1957-07-11,M
NASAW00011768,1950-01-24,F
NASAW00011769,1963-07-20,M
AW00011770,1949-04-20,Female
AW00011771,1951-02-27,Male
NASAW00011772,1950-11-06,Male
AW00011773,1962-07-12,Male
AW00011774,1955-11-28,Female
AW00011775,1941-11-25,Female
NASAW00011776,1952-10-21,
NASAW00011777,1955-04-04,F
NASAW00011778,1952-08-16,M
AW00011779,1963-11-05,F
AW00011780,1963-09-06,Female
NASAW00011781,1963-02-20,Female
AW00011782,1941-11-29,F
AW00011783,1943-06-27,F
NASAW00011784,1952-07-29,
AW00011785,1946-04-23,Male
AW00011786,1947-06-08,Female
AW00011787,1946-04-18,Male
AW00011788,1960-12-08,Male
AW00011789,1958-01-22,M
AW00011790,1948-02-06,F
NASAW00011791,1962-09-15,Male
NASAW00011792,1952-11-29,Male
AW00011793,1946-12-28,M
AW00011794,1940-10-26,F
AW00011795,1943-10-27,
AW00011796,1940-07-08,
AW00011797,1950-06-27,Female
AW00011798,1953-01-29,M
AW00011799,1961-08-02,Male
NASAW00011800,1947-10-14,M
NASAW00011801,1948-12-05,Female
NASAW00011802,1944-10-20,Male
AW00011803,1955-04-24,
AW00011804,1947-11-05,F
AW00011805,1942-03-19,M
AW00011806,1950-05-04,F
AW00011807,1958-03-30,Female
NASAW00011808,1952-04-10,Male
AW00011809,1963-02-23,F
AW00011810,1954-04-19,Male
AW00011811,1957-06-14,Male
NASAW00011812,1948-03-17,M
NASAW00011813,2029-01-01,F
AW00011814,1957-10-29,Female
AW00011815,1942-04-12,Female
AW00011816,1955-07-26,
AW00011817,1954-04-07,Male
AW00011818,1957-02-24,Male
NASAW00011819,1952-04-16,Female
NASAW00011820,1960-12-02,F
NASAW00011821,1948-03-03,Male
NASAW00011822,1960-11-26,F
AW00011823,1951-09-30,Female
AW00011824,1949-06-01,
NASAW00011825,1949-03-21,M
NASAW00011826,1946-02-26,Male
AW00011827,1955-04-13,Female
NASAW00011828,1941-10-22,Female
NASAW00011829,1961-10-18,Male
NASAW00011830,1963-03-03,M
NASAW00011831,1944-11-02,
AW00011832,1961-11-14,F
NASAW00011833,1950-07-31,Female
AW00011834,1948-10-31,F
NASAW00011835,1943-03-14,M
NASAW00011836,1948-10-10,
NASAW00011837,1951-06-12,
AW00011838,1955-03-28,F
AW00011839,1947-01-06,F
AW00011840,1962-10-13,Female
AW00011841,1949-06-10,Male
AW00011842,1941-09-12,F
AW00011843,2039-01-01,
NASAW00011844,1946-07-03,Male
AW00011845,1963-11-09,M
NASAW00011846,1945-08-18,M
AW00011847,1940-10-02,Female
AW00011848,1944-05-08,Female
AW00011849,1945-05-04,M
NASAW00011850,1943-02-07,Female
AW00011851,1941-06-02,F
AW00011852,1945-09-24,Male
AW00011853,1946-08-14,F
AW00011854,1940-07-06,M
AW00011855,1956-09-03,M
AW00011856,1952-01-05,M
AW00011857,1963-04-12,Female
AW00011858,1944-07-06,M
AW00011859,1943-11-15,
AW00011860,1958-09-18,Male
AW00011861,1959-02-13,Male
NASAW00011862,1949-11-28,Female
NASAW00011863,1941-10-25,M
AW00011864,1947-08-02,M
NASAW00011865,1951-09-16,Female
AW00011866,1950-08-22,Male
AW00011867,1947-05-16,Male
AW00011868,1952-08-16,Female
AW00011869,1956-10-16,Male
AW00011870,1943-03-10,F
AW00011871,1947-08-10,Male
AW00011872,1957-12-15,Female
AW00011873,1944-11-19,Female
NASAW00011874,1947-10-16,Male
AW00011875,1963-05-15,M
NASAW00011876,1944-11-04,
NASAW00011877,1950-12-14,Male
NASAW00011878,1955-12-08,M
NASAW00011879,1956-01-24,
NASAW00011880,1950-06-10,Male
NASAW00011881,1946-08-05,Female
AW00011882,1954-11-10,F
AW00011883,1954-06-19,Male
AW00011884,1955-10-28,F
AW00011885,1960-07-01,Male
NASAW00011886,1951-11-26,Male
AW00011887,1963-08-31,F
AW00011888,1952-06-24,Female
AW00011889,1952-09-01,F
NASAW00011890,1942-05-10,Male
AW00011891,1951-08-17,M
AW00011892,1945-01-30,F
AW00011893,1952-04-10,F
AW00011894,1951-11-13,Male
AW00011895,1962-09-26,Female
AW00011896,1948-07-15,M
NASAW00011897,1957-03-24,Male
AW00011898,1962-03-28,
AW00011899,1941-10-20,Male
AW00011900,1953-05-07,Male
AW00011901,1950-01-27,M
AW00011902,1943-05-27,F
NASAW00011903,1949-01-18,F
NASAW00011904,1943-12-25,Female
AW00011905,1943-07-22,M
AW00011906,1944-06-23,Female
NASAW00011907,1940-04-27,Male
NASAW00011908,1945-08-23,F
AW00011909,1952-11-29,Male
NASAW00011910,1958-10-19,F
NASAW00011911,1954-04-15,F
AW00011912,1945-12-06,Male
AW00011913,1955-07-26,Female
NASAW00011914,1949-04-26,M
NASAW00011915,1943-06-05,M
AW00011916,1959-04-16,Male
AW00011917,1955-03-19,
AW00011918,1944-09-21,F
AW00011919,1949-08-22,M
NASAW00011920,1949-10-25,Male
NASAW00011921,1949-10-31,Female
AW00011922,1950-08-27,M
NASAW00011923,1940-06-28,M
AW00011924,1963-06-08,F
NASAW00011925,1962-03-13,Male
AW00011926,1941-01-18,M
AW00011927,1959-07-05,Male
AW00011928,1957-04-22,Female
NASAW00011929,1953-10-25,M
AW00011930,1957-05-31,M
AW00011931,1956-05-30,M
AW00011932,1946-03-20,M
AW00011933,1944-06-16,
NASAW00011934,1940-12-21,F
NASAW00011935,1946-01-22,M
AW00011936,1948-03-16,M
NASAW00011937,1951-12-24,
AW00011938,1963-11-11,Male
AW00011939,1957-09-02,F
AW00011940,1942-10-18,M
AW00011941,1963-11-27,Female
AW00011942,1948-12-30,M
AW00011943,1961-03-07,M
AW00011944,1955-04-01,M
AW00011945,1942-04-22,Male
AW00011946,1960-04-02,Male
AW00011947,1960-08-15,F
AW00011948,1941-12-10,F
AW00011949,1955-07-25,Male
NASAW00011950,1946-02-10,F
AW00011951,1941-12-12,Male
AW00011952,1949-07-21,F
AW00011953,1950-11-26,F
NASAW00011954,1941-08-09,F
NASAW00011955,1949-11-20,Female
NASAW00011956,1955-08-27,F
NASAW00011957,1945-04-12,
AW00011958,1953-04-27,Male
NASAW00011959,1948-02-01,
AW00011960,1942-02-20,Female
AW00011961,1960-10-10,M
AW00011962,1961-03-12,Male
AW00011963,1943-03-02,M
AW00011964,1954-09-03,M
AW00011965,1955-07-12,M
AW00011966,1942-05-05,M
NASAW00011967,1941-02-10,M
AW00011968,1957-03-09,M
AW00011969,1941-07-12,Male
AW00011970,1949-04-05,Female
NASAW00011971,1941-11-11,M
AW00011972,1956-06-05,F
NASAW00011973,1954-03-26,Female
AW00011974,1959-02-21,Male
AW00011975,1941-05-14,F
AW00011976,1943-04-22,Female
NASAW00011977,1963-12-13,
NASAW00011978,1944-03-26,Male
NASAW00011979,1954-07-24,F
NASAW00011980,1946-04-18,Female
AW00011981,1963-05-11,F
NASAW00011982,1956-06-02,Female
AW00011983,1949-10-05,F
NASAW00011984,1948-06-09,
AW00011985,2037-01-01,Male
AW00011986,1962-07-22,Male
AW00011987,1940-10-06,M
AW00011988,1956-11-11,Male
NASAW00011989,1963-05-06,F
AW00011990,1943-11-11,Male
AW00011991,1960-10-30,Male
AW00011992,1949-12-11,Male
AW00011993,1949-08-04,Female
AW00011994,1957-12-12,Female
NASAW00011995,1957-06-10,F
AW00011996,1948-05-13,Female
NASAW00011997,1948-08-02,F
AW00011998,1955-05-21,M
AW00011999,1958-10-14,F
NASAW00012000,1947-10-06,M
AW00012001,1961-01-20,M
AW00012002,1958-02-23,Female
AW00012003,1960-01-11,
AW00012004,1948-09-18,M
AW00012005,1959-11-27,F
AW00012006,1956-12-08,F
AW00012007,1955-04-23,Male
NASAW00012008,1943-04-19,F
AW00012009,1951-12-18,Female
NASAW00012010,1956-04-02,F
AW00012011,1962-03-08,F
NASAW00012012,1948-12-25,Female
AW00012013,1942-04-17,
AW00012014,1946-10-23,Female
AW00012015,1957-03-29,Male
NASAW00012016,1961-10-02,F
NASAW00012017,1941-08-04,F
AW00012018,1963-07-18,F
AW00012019,1956-01-15,M
NASAW00012020,1958-12-28,Male
AW00012021,1943-01-30,M
AW00012022,1957-02-01,F
AW00012023,1962-04-22,M
NASAW00012024,1942-11-08,Male
AW00012025,1943-02-21,Male
AW00012026,1940-08-21,M
NASAW00012027,1944-12-31,F
AW00012028,1946-02-01,F
AW00012029,1956-11-19,Female
NASAW00012030,1955-06-04,Female
AW00012031,1947-05-20,M
AW00012032,1950-10-06,F
AW00012033,1960-11-12,Female
NASAW00012034,1951-03-24,Female
NASAW00012035,1963-03-21,Male
AW00012036,1959-07-22,Male
NASAW00012037,1943-11-21,F
AW00012038,1960-02-01,Male
NASAW00012039,1962-03-25,Female
AW00012040,1961-04-19,Male
AW00012041,1957-09-16,F
NASAW00012042,1954-07-17,M
AW00012043,1952-06-14,Male
AW00012044,1961-12-12,Male
NASAW00012045,1948-01-20,Male
NASAW00012046,1957-04-12,Female
NASAW00012047,1950-03-31,Female
AW00012048,1959-05-24,M
AW00012049,1959-01-24,Male
NASAW00012050,1956-08-27,Male
NASAW00012051,1947-02-13,M
AW00012052,1953-04-29,M
AW00012053,1950-12-29,F
AW00012054,1948-01-21,M
AW00012055,1949-11-14,
NASAW00012056,1948-09-21,Male
AW00012057,1951-07-03,M
NASAW00012058,1949-01-13,Female
NASAW00012059,1940-02-29,
AW00012060,1951-03-03,F
NASAW00012061,1958-07-24,M
AW00012062,1954-02-06,Male
AW00012063,1940-12-11,F
AW00012064,1941-08-28,F
NASAW00012065,1960-03-08,Male
AW00012066,1958-06-16,F
AW00012067,1957-08-12,Female
AW00012068,1952-01-24,
AW00012069,1961-03-06,Female
AW00012070,1959-07-30,F
AW00012071,1941-07-23,M
AW00012072,1944-10-05,Male
AW00012073,1951-07-25,F
AW00012074,1954-11-27,Male
AW00012075,1956-12-19,M
AW00012076,1944-07-27,M
AW00012077,1940-11-18,
NASAW00012078,1946-12-26,M
AW00012079,1959-11-02,Male
NASAW00012080,1950-04-27,Female
NASAW00012081,1943-02-13,Female
AW00012082,1961-01-27,M
NASAW00012083,1958-01-07,Male
NASAW00012084,1958-04-06,M
AW00012085,1954-11-10,F
NASAW00012086,1941-06-13,Female
AW00012087,1940-11-13,Female
AW00012088,1952-06-24,F
NASAW00012089,1940-12-07,F
AW00012090,1958-06-29,Male
AW00012091,1949-01-03,Female
AW00012092,1951-07-21,M
AW00012093,1960-03-30,Male
AW00012094,1942-12-11,Male
NASAW00012095,1947-07-25,M
NASAW00012096,1961-05-29,Male
AW00012097,1955-06-28,Male
AW00012098,1950-11-27,Male
AW00012099,1940-08-06,M
AW00012100,1952-05-11,Female
NASAW00012101,1949-01-25,M
NASAW00012102,1955-03-26,Female
NASAW00012103,1949-06-14,Female
AW00012104,1959-01-03,Female
AW00012105,1943-02-21,Male
AW00012106,1956-02-07,F
NASAW00012107,1957-10-31,Female
NASAW00012108,1953-10-30,Female
AW00012109,1949-09-09,Female
NASAW00012110,1961-02-16,M
AW00012111,1953-05-07,F
AW00012112,1959-08-15,Male
NASAW00012113,1951-10-20,Female
NASAW00012114,1962-08-05,F
AW00012115,1949-05-28,F
AW00012116,1958-07-11,Female
NASAW00012117,1944-02-22,Male
AW00012118,1941-06-18,M
AW00012119,1948-01-22,Female
AW00012120,1947-12-06,Female
AW00012121,1942-12-25,M
AW00012122,1960-01-05,F
AW00012123,1951-07-22,F
AW00012124,1940-10-30,F
AW00012125,1953-08-20,Female
AW00012126,1942-06-10,M
AW00012127,1960-06-13,M
AW00012128,1960-10-15,Male
AW00012129,1963-02-05,F
AW00012130,1951-07-26,M
NASAW00012131,1947-01-24,M
AW00012132,1948-11-07,F
NASAW00012133,1940-09-24,Female
AW00012134,1958-12-29,M
NASAW00012135,1945-09-03,F
NASAW00012136,1957-01-15,M
AW00012137,1952-01-03,M
NASAW00012138,1947-11-22,F
NASAW00012139,1956-03-09,
NASAW00012140,1956-01-11,Male
AW00012141,1944-10-21,M
NASAW00012142,1959-02-01,F
NASAW00012143,1940-04-11,F
AW00012144,1963-03-15,Male
NASAW00012145,1942-05-22,F
NASAW00012146,1947-02-11,Female
NASAW00012147,1949-06-13,M
NASAW00012148,1958-05-19,M
AW00012149,1952-02-02,Female
NASAW00012150,1959-11-16,Male
AW00012151,1954-04-13,M
AW00012152,1944-01-04,Male
NASAW00012153,1955-10-26,Male
NASAW00012154,1940-02-23,M
AW00012155,1962-04-26,F
NASAW00012156,1955-04-27,M
AW00012157,1947-07-10,M
AW00012158,1962-07-30,M
AW00012159,1944-08-30,Male
NASAW00012160,1953-08-09,Male
AW00012161,1948-09-30,Female
AW00012162,1945-01-26,Male
AW00012163,1953-06-18,Male
NASAW00012164,1948-02-14,Female
NASAW00012165,1947-12-29,Male
AW00012166,1950-02-14,F
AW00012167,1963-01-16,Male
AW00012168,1957-07-06,Female
AW00012169,1962-05-05,M
AW00012170,1950-11-02,M
AW00012171,1948-08-07,
AW00012172,1947-08-18,F
AW00012173,1951-08-05,Female
AW00012174,1953-11-20,M
AW00012175,1959-05-28,F
NASAW00012176,1959-01-12,M
AW00012177,1950-09-28,F
NASAW00012178,1952-05-17,Male
AW00012179,1960-06-24,M
AW00012180,1963-02-04,M
AW00012181,1940-02-10,F
AW00012182,1946-11-28,M
AW00012183,1958-11-27,F
AW00012184,1943-11-03,Female
AW00012185,1961-11-03,F
NASAW00012186,1947-04-12,M
AW00012187,1951-02-14,F
NASAW00012188,1950-04-25,M
NASAW00012189,1942-05-13,
NASAW00012190,1947-01-27,Female
AW00012191,1956-06-20,M
AW00012192,1957-05-03,Female
NASAW00012193,1959-02-23,Male
AW00012194,1959-08-28,Male
AW00012195,1944-12-26,Male
AW00012196,1962-08-10,Male
NASAW00012197,1945-04-15,M
AW00012198,1955-12-04,M
NASAW00012199,1955-04-16,Female
AW00012200,1956-05-09,Male
AW00012201,1951-03-29,Female
NASAW00012202,1952-12-29,M
AW00012203,1948-03-18,F
AW00012204,1946-05-14,Male
NASAW00012205,1952-08-10,Female
AW00012206,1963-01-04,F
AW00012207,1954-12-29,Female
AW00012208,1958-07-31,F
AW00012209,1963-12-19,F
AW00012210,1947-09-16,Male
AW00012211,1961-08-02,F
AW00012212,1948-01-26,Male
NASAW00012213,1952-09-05,Female
AW00012214,1956-04-20,F
AW00012215,1963-08-19,Male
NASAW00012216,1959-01-03,M
AW00012217,1959-09-26,F
NASAW00012218,1952-12-12,Male
AW00012219,1949-12-30,F
AW00012220,1946-08-02,F
AW00012221,1947-11-06,Male
NASAW00012222,1944-06-20,Male
NASAW00012223,1949-04-22,Female
NASAW00012224,1961-03-09,Male
AW00012225,1958-06-04,F
AW00012226,1944-11-23,M
NASAW00012227,1944-10-23,Female
AW00012228,1940-10-02,Female
AW00012229,1945-03-17,F
AW00012230,2039-01-01,Male
AW00012231,1958-09-30,Female
AW00012232,1949-05-17,F
AW00012233,1954-12-28,Female
AW00012234,1952-01-24,F
AW00012235,1953-01-22,M
AW00012236,1957-05-07,Male
AW00012237,1962-05-27,M
AW00012238,1962-10-02,Female
NASAW00012239,1949-06-26,Female
AW00012240,1950-09-12,Female
AW00012241,1960-09-23,Male
AW00012242,1940-09-21,Male
AW00012243,1962-06-26,F
AW00012244,1953-07-15,Male
NASAW00012245,1956-02-16,Male
NASAW00012246,1942-04-01,M
AW00012247,1961-04-14,F
AW00012248,1947-04-03,Female
AW00012249,1947-06-02,F
AW00012250,1959-08-18,
AW00012251,1951-08-07,Male
AW00012252,1944-04-20,M
NASAW00012253,1962-05-07,F
AW00012254,1961-06-27,F
AW00012255,1948-10-13,F
AW00012256,1958-05-19,
NASAW00012257,1950-05-24,M
AW00012258,1943-05-11,Male
AW00012259,1947-12-12,
AW00012260,1954-11-10,Female
AW00012261,1957-06-28,Female
AW00012262,1940-08-18,Female
AW00012263,1943-01-17,F
AW00012264,1954-03-21,M
NASAW00012265,1940-05-20,M
NASAW00012266,1940-06-26,Male
AW00012267,1950-07-24,Male
AW00012268,1949-12-29,Female
NASAW00012269,1951-05-31,F
NASAW00012270,1950-10-09,Female
AW00012271,1953-10-05,M
AW00012272,1942-09-25,Male
NASAW00012273,1954-12-08,
AW00012274,1941-02-26,Male
AW00012275,1958-07-26,M
AW00012276,1950-11-13,M
NASAW00012277,1943-04-20,F
AW00012278,1951-03-30,F
AW00012279,1963-02-14,M
AW00012280,1958-07-08,F
AW00012281,1956-01-16,Male
AW00012282,1958-11-15,M
AW00012283,1962-05-08,F
AW00012284,1953-02-15,Male
AW00012285,1963-06-30,Female
NASAW00012286,1944-12-10,M
AW00012287,1950-05-10,
AW00012288,1960-10-27,Female
AW00012289,1941-05-24,Male
AW00012290,1951-07-11,Female
AW00012291,1957-06-17,Female
AW00012292,1959-09-29,Male
AW00012293,1950-12-09,Male
AW00012294,1940-04-02,F
AW00012295,1959-04-13,M
NASAW00012296,1956-12-05,Male
NASAW00012297,1944-09-03,Male
AW00012298,1940-07-22,Female
AW00012299,1950-05-10,F
AW00012300,1945-03-19,Female
AW00012301,1951-06-16,Female
AW00012302,1953-07-18,
AW00012303,1947-02-07,M
AW00012304,1958-10-11,Male
NASAW00012305,1950-02-19,Male
NASAW00012306,1948-05-29,M
NASAW00012307,1941-01-22,Female
NASAW00012308,1963-03-03,M
AW00012309,1961-03-30,Female
NASAW00012310,1951-12-23,Female
AW00012311,1952-04-08,Male
AW00012312,1955-07-19,Male
NASAW00012313,1945-06-03,Female
NASAW00012314,1949-11-08,Female
AW00012315,1962-09-27,Female
NASAW00012316,1952-09-23,F
AW00012317,1946-12-23,M
AW00012318,1946-07-27,M
NASAW00012319,1956-09-04,M
AW00012320,1949-07-09,F
NASAW00012321,1961-02-05,F
NASAW00012322,1942-10-21,F
NASAW00012323,1962-09-08,Male
AW00012324,1957-10-20,Male
AW00012325,1951-07-11,Male
AW00012326,1958-10-12,M
AW00012327,1951-09-27,M
AW00012328,1950-01-20,M
AW00012329,1942-04-21,M
AW00012330,1957-01-13,F
AW00012331,1940-05-05,Female
AW00012332,1961-01-25,Female
AW00012333,1947-01-07,F
AW00012334,1953-09-29,Female
AW00012335,1963-08-13,M
AW00012336,1958-04-07,M
NASAW00012337,1945-03-19,Female
AW00012338,1961-09-20,M
AW00012339,1950-08-20,Female
AW00012340,1949-12-18,Male
AW00012341,1941-06-14,F
AW00012342,1941-12-26,M
AW00012343,1946-07-27,Male
NASAW00012344,1954-03-26,F
AW00012345,1940-07-11,Female
NASAW00012346,1960-04-01,Male
NASAW00012347,1963-12-09,Female
AW00012348,1956-05-22,M
AW00012349,1952-12-24,Male
AW00012350,1956-07-24,Male
AW00012351,1959-08-12,F
AW00012352,1952-09-08,Male
AW00012353,1940-04-16,Male
AW00012354,1946-02-26,Male
AW00012355,1944-11-22,
AW00012356,1944-01-28,Male
AW00012357,1950-02-09,
NASAW00012358,1947-01-22,M
NASAW00012359,1940-04-10,Female
AW00012360,1947-04-05,Female
NASAW00012361,1957-05-30,M
AW00012362,1948-05-21,Male
AW00012363,1951-11-16,F
AW00012364,1959-08-10,Male
AW00012365,1952-09-28,Male
AW00012366,1963-10-06,M
AW00012367,1947-07-04,Female
AW00012368,1944-11-25,Female
AW00012369,1950-04-06,F
AW00012370,1949-09-25,Male
NASAW00012371,1962-07-05,
AW00012372,1954-10-04,F
NASAW00012373,1947-10-02,Male
NASAW00012374,1943-08-27,Male
AW00012375,1950-11-27,Female
AW00012376,1962-10-19,Male
AW00012377,1958-11-06,M
NASAW00012378,1947-08-25,Male
AW00012379,1954-09-17,Male
AW00012380,1957-02-06,Female
AW00012381,1949-12-06,Female
AW00012382,1955-09-12,F
NASAW00012383,1962-09-08,Female
AW00012384,1958-06-02,Female
AW00012385,1960-12-23,Female
NASAW00012386,1954-12-01,M
AW00012387,1954-03-26,M
AW00012388,1958-12-16,Female
NASAW00012389,1941-05-09,M
AW00012390,1954-07-29,F
AW00012391,1963-02-25,F
AW00012392,1947-09-07,F
NASAW00012393,1962-11-07,F
NASAW00012394,1956-08-10,Female
NASAW00012395,1943-03-08,F
NASAW00012396,1953-04-04,Female
AW00012397,1956-02-26,M
AW00012398,1947-06-22,M
AW00012399,1959-11-01,M
AW00012400,1944-04-18,Male
NASAW00012401,1942-11-11,Male
NASAW00012402,1958-01-16,Male
AW00012403,1945-10-17,Female
AW00012404,1942-09-07,F
AW00012405,1960-01-22,M
NASAW00012406,1957-12-11,F
NASAW00012407,1950-07-08,F
NASAW00012408,1961-05-05,Male
AW00012409,1961-11-26,Female
AW00012410,1954-12-01,Female
AW00012411,1946-08-06,
AW00012412,1949-06-08,Male
NASAW00012413,1960-06-02,M
NASAW00012414,1942-07-30,F
AW00012415,1947-07-21,F
AW00012416,1946-05-18,F
AW00012417,1955-06-04,F
AW00012418,1961-12-06,Male
AW00012419,1940-06-24,Female
AW00012420,1944-02-28,Male
AW00012421,1948-08-13,F
AW00012422,1940-03-02,M
AW00012423,1954-01-23,Female
NASAW00012424,1962-07-08,Male
AW00012425,1940-07-06,M
AW00012426,1954-02-16,Female
AW00012427,1957-02-28,F
NASAW00012428,1941-02-07,M
AW00012429,1942-10-05,Male
NASAW00012430,1963-09-05,F
AW00012431,1948-07-31,Female
AW00012432,1957-09-26,M
AW00012433,1947-10-06,F
AW00012434,1947-05-24,Female
AW00012435,1957-04-15,Male
AW00012436,1944-06-29,F
AW00012437,1944-08-20,M
AW00012438,1957-11-26,F
AW00012439,1942-01-06,F
AW00012440,1946-04-20,M
AW00012441,1944-10-26,F
AW00012442,1959-11-14,Male
NASAW00012443,1952-12-12,Male
AW00012444,1960-06-16,F
NASAW00012445,1959-11-12,Male
AW00012446,2040-01-01,Male
NASAW00012447,1954-12-07,M
AW00012448,1956-03-16,M
AW00012449,1948-03-24,Female
AW00012450,1950-07-07,Female
NASAW00012451,1946-03-24,F
NASAW00012452,1959-07-04,Male
AW00012453,1961-11-07,M
AW00012454,1945-09-11,M
AW00012455,1960-05-26,F
NASAW00012456,1944-11-17,Female
NASAW00012457,1942-04-02,Male
AW00012458,1945-11-02,M
AW00012459,1945-01-12,M
AW00012460,1952-08-09,Female
AW00012461,1952-08-23,M
NASAW00012462,1959-02-07,M
AW00012463,1942-11-13,M
NASAW00012464,1956-01-29,F
AW00012465,1961-04-21,M
NASAW00012466,1956-03-22,Female
AW00012467,1962-03-22,F
NASAW00012468,1957-03-19,Female
AW00012469,1943-08-12,M
AW00012470,1947-06-20,Female
AW00012471,1945-06-14,M
NASAW00012472,1948-06-03,M
NASAW00012473,1946-11-02,Male
NASAW00012474,1954-03-02,F
AW00012475,1947-07-06,F
AW00012476,1956-08-14,F
NASAW00012477,1943-02-07,M
AW00012478,1942-01-31,Male
NASAW00012479,1950-11-04,Male
AW00012480,1944-01-19,Female
AW00012481,1940-01-29,M
NASAW00012482,1959-07-10,Female
NASAW00012483,1958-11-14,Female
AW00012484,1943-11-20,Female
AW00012485,1940-04-27,Female
AW00012486,1948-09-08,M
NASAW00012487,1953-11-06,Male
AW00012488,1963-11-10,
AW00012489,1954-01-07,F
AW00012490,1955-12-19,F
AW00012491,1963-11-21,Female
AW00012492,1943-03-08,Male
NASAW00012493,1947-06-11,Female
NASAW00012494,1955-12-03,F
NASAW00012495,1963-11-29,M
AW00012496,1958-06-15,Male
AW00012497,1950-03-09,Male
AW00012498,1947-04-04,F
NASAW00012499,1957-06-12,M
NASAW00012500,1942-09-04,Female
NASAW00012501,1961-09-16,Female
NASAW00012502,1947-03-17,Female
AW00012503,1960-09-18,M
NASAW00012504,1944-12-17,F
NASAW00012505,1944-05-04,F
NASAW00012506,1944-12-07,M
NASAW00012507,1943-12-09,F
AW00012508,1950-04-28,Female
AW00012509,1945-09-20,F
AW00012510,1955-05-07,M
NASAW00012511,1953-01-08,M
AW00012512,1953-01-19,F
NASAW00012513,1949-09-11,Female
AW00012514,1948-01-23,M
AW00012515,1956-09-29,M
AW00012516,1946-01-12,Female
AW00012517,1942-03-24,F
AW00012518,1943-01-21,F
AW00012519,1940-04-14,M
NASAW00012520,1945-07-07,F
AW00012521,1949-02-20,Male
AW00012522,1960-07-05,M
NASAW00012523,1950-08-17,M
AW00012524,1954-06-21,F
AW00012525,1962-07-27,M
NASAW00012526,1943-06-01,Male
AW00012527,1946-11-08,Female
NASAW00012528,1940-03-24,Female
AW00012529,1953-10-20,Male
NASAW00012530,1943-09-20,M
AW00012531,1956-08-03,F
AW00012532,1942-11-30,M
NASAW00012533,1958-03-16,M
NASAW00012534,1956-07-09,
AW00012535,1950-08-11,Male
AW00012536,1949-11-22,Female
AW00012537,2040-01-01,Female
NASAW00012538,1956-03-24,F
AW00012539,1942-05-30,M
NASAW00012540,1954-07-28,M
AW00012541,1945-06-12,F
NASAW00012542,1959-11-11,Male
NASAW00012543,1954-12-20,Female
AW00012544,1942-06-08,Female
NASAW00012545,1962-04-24,F
AW00012546,1961-12-22,F
AW00012547,1959-05-24,
AW00012548,1962-06-17,Female
NASAW00012549,1942-05-01,Female
AW00012550,1956-10-04,Female
AW00012551,1941-12-31,M
AW00012552,1963-05-27,M
NASAW00012553,1951-09-20,Male
AW00012554,1947-07-06,M
NASAW00012555,1950-08-28,M
AW00012556,1940-02-05,Male
AW00012557,1960-10-31,F
AW00012558,1943-11-20,M
AW00012559,1948-06-10,Female
AW00012560,1953-10-18,Female
AW00012561,1951-03-17,Male
NASAW00012562,1944-03-06,F
AW00012563,1951-04-05,M
AW00012564,1963-05-11,Female
AW00012565,1953-01-29,Female
AW00012566,1947-04-23,Male
NASAW00012567,1943-03-14,M
AW00012568,1956-05-02,Female
AW00012569,1943-08-12,M
AW00012570,1962-04-19,Female
AW00012571,1951-11-24,F
NASAW00012572,1947-03-06,M
AW00012573,1958-10-10,F
NASAW00012574,1952-04-29,F
NASAW00012575,1954-02-28,Female
AW00012576,1954-06-28,M
AW00012577,1949-08-16,M
NASAW00012578,1947-01-01,Female
NASAW00012579,1954-04-28,Female
AW00012580,1950-09-03,Female
AW00012581,1941-08-15,Male
NASAW00012582,1952-12-23,M
AW00012583,1950-07-03,Male
NASAW00012584,1949-11-06,Female
AW00012585,1946-12-16,M
AW00012586,1940-10-13,Female
NASAW00012587,1952-09-09,Male
AW00012588,1954-09-17,Female
NASAW00012589,1943-06-29,Female
AW00012590,1954-07-07,Female
AW00012591,1943-10-30,F
AW00012592,1956-03-20,Female
AW00012593,1941-12-07,M
NASAW00012594,1950-02-11,M
AW00012595,1941-08-03,Male
NASAW00012596,1945-06-17,Male
AW00012597,1940-03-01,Male
NASAW00012598,1948-10-19,F
AW00012599,1963-05-02,Female
NASAW00012600,1953-04-09,Female
AW00012601,1952-05-04,Female
AW00012602,1960-10-17,Female
NASAW00012603,1947-04-13,F
AW00012604,1948-06-24,F
AW00012605,1959-04-24,Male
AW00012606,1947-03-24,Male
AW00012607,1943-01-18,Female
NASAW00012608,1943-09-25,Female
NASAW00012609,1946-11-15,M
NASAW00012610,1957-11-27,Male
NASAW00012611,1946-12-13,F
AW00012612,1958-03-21,F
AW00012613,1958-04-19,
AW00012614,1940-07-22,M
NASAW00012615,1950-03-26,
NASAW00012616,1951-10-09,F
AW00012617,1960-12-30,F
AW00012618,1943-05-02,M
NASAW00012619,1946-05-18,Male
AW00012620,1949-10-09,M
AW00012621,1952-05-08,M
AW00012622,1942-01-27,Female
AW00012623,1961-07-10,F
AW00012624,1941-04-14,Male
AW00012625,1955-01-22,Male
AW00012626,1954-07-06,Female
AW00012627,1944-01-26,Male
AW00012628,1962-01-27,M
AW00012629,1961-11-11,F
NASAW00012630,1956-05-11,F
AW00012631,1959-05-25,Female
AW00012632,1944-07-19,
AW00012633,1949-09-26,Male
NASAW00012634,1961-03-06,M
NASAW00012635,1942-12-29,F
AW00012636,1963-08-02,F
AW00012637,1960-04-21,Male
AW00012638,1945-08-31,Male
AW00012639,1943-10-24,M
AW00012640,1941-03-08,Female
NASAW00012641,1961-02-21,M
AW00012642,1961-07-19,Male
AW00012643,1949-11-02,Female
NASAW00012644,1951-04-14,F
AW00012645,1952-09-19,Male
AW00012646,1946-05-30,Male
AW00012647,1946-10-23,M
AW00012648,1956-08-17,Female
AW00012649,1959-08-15,Male
NASAW00012650,1955-10-16,Male
NASAW00012651,1943-09-08,M
NASAW00012652,1961-01-20,Male
AW00012653,1941-05-07,Female
NASAW00012654,1957-02-21,M
AW00012655,1960-03-20,Female
AW00012656,1945-03-31,F
AW00012657,1947-03-18,Male
AW00012658,1955-06-18,Female
AW00012659,1952-06-11,
AW00012660,1942-12-14,Female
AW00012661,1959-10-22,
AW00012662,1951-10-16,Female
NASAW00012663,1958-09-10,Female
AW00012664,1942-01-30,Male
AW00012665,1941-12-06,Female
NASAW00012666,1959-02-21,Female
AW00012667,2037-01-01,Male
AW00012668,1946-10-31,M
AW00012669,1959-06-21,M
AW00012670,1950-04-14,Female
AW00012671,1941-11-27,F
AW00012672,1961-10-19,F
NASAW00012673,1956-10-01,Female
AW00012674,1948-11-25,Female
AW00012675,1947-01-15,F
NASAW00012676,1947-03-03,Female
AW00012677,1943-07-31,Male
NASAW00012678,1956-06-30,Female
AW00012679,1954-07-01,Female
AW00012680,1956-10-26,F
AW00012681,1961-04-14,M
AW00012682,1960-03-10,M
AW00012683,1944-04-23,F
NASAW00012684,1949-05-24,Female
AW00012685,1943-01-29,Male
AW00012686,1959-05-21,M
AW00012687,1963-08-31,Female
AW00012688,1958-09-12,M
AW00012689,1960-10-05,Male
AW00012690,1959-01-12,M
AW00012691,1941-11-16,Female
AW00012692,1943-02-05,Female
AW00012693,1962-07-14,M
AW00012694,1945-06-18,F
NASAW00012695,1957-03-23,F
NASAW00012696,1954-12-31,Male
NASAW00012697,1952-01-28,M
AW00012698,1961-07-07,M
AW00012699,1953-04-02,M
AW00012700,1942-04-25,M
AW00012701,1961-06-14,F
NASAW00012702,1957-09-06,Female
AW00012703,1940-01-06,Female
AW00012704,1945-11-08,F
NASAW00012705,1953-11-01,Male
NASAW00012706,1942-04-24,M
AW00012707,1941-07-30,Male
AW00012708,1953-04-23,F
NASAW00012709,1944-08-13,Female
AW00012710,1950-01-02,M
NASAW00012711,1959-01-11,Female
AW00012712,1942-06-25,F
NASAW00012713,1952-08-22,Male
AW00012714,1942-03-19,M
AW00012715,1940-11-30,Male
AW00012716,1952-08-08,F
NASAW00012717,1941-07-17,Male
AW00012718,1957-10-15,F
AW00012719,1959-01-09,Female
AW00012720,1961-05-05,Male
AW00012721,1943-08-31,Female
AW00012722,1957-08-21,M
AW00012723,1958-01-17,F
AW00012724,1952-03-24,
NASAW00012725,1962-07-27,Female
AW00012726,1960-04-07,Female
AW00012727,1962-07-24,M
NASAW00012728,1958-11-09,
AW00012729,1953-09-12,Male
AW00012730,1957-08-17,Female
AW00012731,1946-09-28,Male
AW00012732,1956-10-25,Female
AW00012733,1942-10-07,Male
NASAW00012734,1958-08-16,Male
AW00012735,1962-11-15,F
AW00012736,1963-12-25,M
AW00012737,1954-01-01,F
NASAW00012738,1960-10-10,Male
AW00012739,1940-02-24,Female
AW00012740,1942-01-28,Male
AW00012741,1962-11-28,Male
NASAW00012742,1941-09-12,F
NASAW00012743,1962-01-09,M
AW00012744,1946-11-14,Female
AW00012745,1942-01-18,F
AW00012746,1956-04-21,F
AW00012747,1944-08-07,Male
AW00012748,1954-03-29,Female
AW00012749,1952-08-24,Male
AW00012750,1961-07-29,Female
NASAW00012751,1949-05-29,Female
AW00012752,1945-08-21,Male
NASAW00012753,1949-12-26,Female
NASAW00012754,1953-06-25,
AW00012755,1947-12-01,Male
NASAW00012756,1960-04-21,Male
AW00012757,1960-10-07,Female
AW00012758,1944-10-30,M
AW00012759,1953-06-02,Male
AW00012760,1941-04-07,F
AW00012761,1955-03-27,M
AW00012762,1956-11-25,Female
AW00012763,1960-06-06,Female
AW00012764,1958-03-20,M
NASAW00012765,1940-09-24,M
NASAW00012766,1960-07-31,F
AW00012767,1951-08-02,
AW00012768,1962-04-25,
AW00012769,1956-06-28,F
NASAW00012770,1946-09-03,Male
NASAW00012771,1947-09-25,Female
AW00012772,1945-12-27,Male
AW00012773,1948-12-09,
AW00012774,1960-06-04,Male
NASAW00012775,1955-08-04,F
AW00012776,1952-05-09,Female
AW00012777,1963-05-30,Female
AW00012778,1952-10-25,Male
AW00012779,1959-08-13,Male
NASAW00012780,1954-11-10,F
AW00012781,1949-04-16,Female
AW00012782,1960-02-28,M
AW00012783,1946-06-18,F
AW00012784,1960-08-25,Female
AW00012785,1949-09-20,Female
NASAW00012786,1960-04-13,Male
NASAW00012787,1945-01-28,
AW00012788,1958-11-01,Male
NASAW00012789,1953-05-20,Female
AW00012790,1943-03-01,Male
NASAW00012791,1960-11-26,Male
NASAW00012792,1945-02-20,F
AW00012793,1960-04-23,M
AW00012794,1948-11-02,Male
AW00012795,1956-04-26,
NASAW00012796,1947-09-06,M
AW00012797,1949-05-10,Female
AW00012798,1949-01-09,Female
AW00012799,1957-06-06,F
AW00012800,1960-09-01,M
AW00012801,1962-10-16,Female
AW00012802,1953-06-03,Male
AW00012803,1950-12-12,Male
AW00012804,1944-09-13,
AW00012805,1954-10-02,F
NASAW00012806,1942-06-12,Female
AW00012807,1954-11-29,Male
AW00012808,1941-09-17,Male
NASAW00012809,1948-07-30,Female
AW00012810,1941-07-17,F
NASAW00012811,1942-09-30,M
AW00012812,1948-03-14,Male
AW00012813,1960-05-23,Male
NASAW00012814,1953-08-04,F
NASAW00012815,1951-12-03,Male
AW00012816,1958-11-25,Female
AW00012817,1954-08-12,Female
AW00012818,1948-11-23,F
AW00012819,1963-02-14,M
NASAW00012820,1958-06-23,Female
NASAW00012821,1950-04-19,Female
NASAW00012822,1941-12-09,Female
NASAW00012823,1960-03-20,Male
AW00012824,1958-03-22,F
AW00012825,1961-08-21,Male
AW00012826,1952-04-10,F
AW00012827,1957-08-11,M
AW00012828,1959-01-10,Male
NASAW00012829,1963-09-28,F
AW00012830,1943-06-09,Female
NASAW00012831,1943-11-06,F
AW00012832,1962-01-24,F
AW00012833,1950-01-14,M
AW00012834,1941-07-16,Female
AW00012835,1956-10-11,M
AW00012836,1954-09-09,F
NASAW00012837,1946-02-27,Male
AW00012838,1943-07-20,Female
NASAW00012839,1963-05-24,Male
AW00012840,1944-01-23,F
AW00012841,1950-03-30,Male
AW00012842,1944-12-19,F
AW00012843,1957-08-07,F
AW00012844,1944-09-10,F
AW00012845,1940-07-21,F
AW00012846,1957-09-21,M
AW00012847,1940-09-18,
NASAW00012848,1959-02-08,M
AW00012849,1945-06-13,F
AW00012850,1961-02-14,F
NASAW00012851,1942-09-11,M
NASAW00012852,1962-12-05,Female
NASAW00012853,1954-02-15,Female
AW00012854,1961-11-13,M
AW00012855,1945-05-22,F
NASAW00012856,1942-06-20,M
AW00012857,1942-09-29,Female
AW00012858,1944-06-30,M
AW00012859,1951-03-09,F
AW00012860,1958-04-06,F
NASAW00012861,1941-11-08,M
AW00012862,1963-01-10,M
AW00012863,1953-10-29,M
AW00012864,1956-05-09,Male
NASAW00012865,1960-08-17,M
AW00012866,1940-06-27,
AW00012867,1941-02-03,F
NASAW00012868,1958-07-05,M
AW00012869,1947-05-08,
AW00012870,1956-07-20,Female
AW00012871,1947-01-17,F
AW00012872,1963-06-09,F
AW00012873,1949-09-03,Female
AW00012874,1958-07-28,M
NASAW00012875,1960-11-30,F
AW00012876,1947-12-04,Female
NASAW00012877,1952-02-05,Male
NASAW00012878,1957-10-14,F
NASAW00012879,1945-09-10,Male
AW00012880,1953-05-12,F
NASAW00012881,1959-07-14,M
AW00012882,1942-06-27,Female
NASAW00012883,1952-09-23,
NASAW00012884,1944-07-25,
AW00012885,1941-10-20,Male
NASAW00012886,1958-01-04,M
NASAW00012887,1958-09-24,
AW00012888,1953-03-20,M
NASAW00012889,1957-07-16,Male
AW00012890,1947-03-02,Female
NASAW00012891,1960-07-18,F
AW00012892,1947-05-09,F
AW00012893,1958-12-03,F
AW00012894,1940-05-17,Female
AW00012895,1951-05-10,F
AW00012896,1954-10-09,F
AW00012897,1950-12-28,M
AW00012898,1947-10-06,Female
AW00012899,1941-11-05,M
AW00012900,1944-12-08,Male
AW00012901,1958-04-25,F
AW00012902,1953-12-21,F
AW00012903,1962-02-21,Female
AW00012904,1942-06-26,M
AW00012905,1946-08-25,F
AW00012906,1945-01-18,F
AW00012907,1952-10-29,F
AW00012908,1954-05-01,F
AW00012909,1951-06-05,M
NASAW00012910,1951-03-01,Male
AW00012911,1956-08-21,Female
AW00012912,1961-08-02,
NASAW00012913,1945-04-05,Female
AW00012914,1949-10-20,M
AW00012915,1949-04-01,Male
AW00012916,1956-08-05,Female
NASAW00012917,1947-03-13,Male
NASAW00012918,1956-04-03,Female
AW00012919,1946-09-15,M
AW00012920,1955-10-28,M
AW00012921,1941-02-02,
AW00012922,1955-11-26,F
AW00012923,1953-02-07,M
NASAW00012924,1943-03-02,Male
NASAW00012925,1956-05-06,M
AW00012926,1954-04-29,M
AW00012927,1958-08-15,Male
AW00012928,1959-07-26,F
AW00012929,1948-09-07,F
AW00012930,1945-06-04,F
AW00012931,1945-03-09,Female
AW00012932,1948-10-22,M
AW00012933,1945-06-28,M
AW00012934,1961-11-24,F
AW00012935,1963-06-17,F
NASAW00012936,1946-08-17,Male
AW00012937,1948-11-14,F
NASAW00012938,1960-03-25,Male
NASAW00012939,1950-05-02,F
AW00012940,2037-01-01,Male
NASAW00012941,1945-05-07,F
AW00012942,1943-12-08,Male
AW00012943,1951-12-30,M
AW00012944,1948-03-16,F
AW00012945,1942-08-24,Female
NASAW00012946,1955-07-15,Male
AW00012947,1952-10-21,Female
AW00012948,1956-04-18,F
NASAW00012949,1948-07-29,F
AW00012950,1956-04-09,M
AW00012951,1954-01-08,F
NASAW00012952,1951-11-18,
AW00012953,1956-02-19,F
AW00012954,1940-09-21,Male
NASAW00012955,1953-01-14,Male
AW00012956,1950-10-27,
AW00012957,1956-03-18,Female
AW00012958,1962-11-30,M
AW00012959,1941-07-14,F
AW00012960,1949-12-28,Female
NASAW00012961,1963-12-18,Female
NASAW00012962,1959-09-08,M
AW00012963,1953-08-24,F
AW00012964,1960-12-05,F
AW00012965,1950-11-29,Female
NASAW00012966,1952-06-08,F
NASAW00012967,1944-05-28,
AW00012968,1959-10-12,F
AW00012969,1956-06-07,F
AW00012970,1963-10-31,M
AW00012971,1960-12-15,F
AW00012972,1962-10-19,Female
AW00012973,1956-10-24,M
AW00012974,1947-07-18,M
NASAW00012975,1957-07-29,M
AW00012976,1944-07-18,Male
AW00012977,1951-12-22,F
AW00012978,1954-07-22,F
NASAW00012979,1953-04-17,Male
AW00012980,1960-04-13,Male
AW00012981,1947-07-29,Male
AW00012982,1954-11-15,Female
AW00012983,1959-01-03,M
NASAW00012984,1954-02-06,F
NASAW00012985,1956-11-17,M
AW00012986,1945-07-04,Male
NASAW00012987,1940-07-01,Male
NASAW00012988,1958-11-08,M
NASAW00012989,1952-05-15,Male
AW00012990,1949-10-25,Male
NASAW00012991,1942-09-17,M
AW00012992,1957-12-12,F
AW00012993,1943-06-07,Male
AW00012994,1951-06-14,F
NASAW00012995,2030-01-01,Male
AW00012996,1961-07-09,F
AW00012997,1942-04-21,F
AW00012998,1960-07-17,M
NASAW00012999,1957-11-29,M
AW00013000,1947-07-21,F
NASAW00013001,1948-02-10,Female
AW00013002,1945-10-16,Female
AW00013003,1956-05-05,Male
AW00013004,1950-04-15,Male
NASAW00013005,1957-06-10,M
AW00013006,1941-06-05,M
AW00013007,1945-06-15,F
AW00013008,2035-01-01,Male
AW00013009,1940-11-11,M
AW00013010,1954-11-13,Female
AW00013011,1949-04-20,F
AW00013012,1952-09-22,Female
NASAW00013013,1957-04-25,M
AW00013014,1943-11-26,Male
NASAW00013015,1953-02-22,F
AW00013016,1945-07-01,F
AW00013017,1962-09-05,Male
AW00013018,1942-09-04,Female
AW00013019,1950-09-25,Male
NASAW00013020,1945-01-07,M
AW00013021,1956-07-15,Female
AW00013022,1960-08-03,Female
AW00013023,1952-05-23,F
AW00013024,1958-04-13,Female
AW00013025,1956-10-17,M
NASAW00013026,1954-10-21,M
AW00013027,1954-11-08,Male
NASAW00013028,1945-11-02,F
AW00013029,1941-10-31,M
AW00013030,1950-09-20,F
AW00013031,1959-05-25,M
AW00013032,1963-07-04,F
NASAW00013033,1959-06-06,F
AW00013034,1961-07-24,M
NASAW00013035,1955-03-05,F
AW00013036,1951-11-21,M
AW00013037,1949-10-12,Female
AW00013038,1963-10-22,F
AW00013039,1947-12-23,F
AW00013040,1955-10-31,Male
AW00013041,1940-02-20,
NASAW00013042,1957-11-17,F
AW00013043,1963-06-13,M
AW00013044,1945-05-14,M
NASAW00013045,1955-02-08,F
AW00013046,1960-05-11,Male
AW00013047,1958-09-17,Male
NASAW00013048,1954-10-19,M
AW00013049,1963-09-25,M
AW00013050,1953-09-24,Female
AW00013051,1947-01-29,Male
AW00013052,1942-08-25,M
NASAW00013053,1955-11-13,Female
NASAW00013054,1945-07-13,F
AW00013055,1951-11-25,M
NASAW00013056,1946-08-17,Female
NASAW00013057,1954-12-26,F
NASAW00013058,1956-08-30,M
NASAW00013059,1959-11-13,M
NASAW00013060,1940-12-17,M
NASAW00013061,1941-12-06,Female
AW00013062,1941-01-17,Female
AW00013063,1956-12-22,Male
AW00013064,1956-03-13,Male
AW00013065,1960-01-14,F
AW00013066,1950-01-20,F
AW00013067,1957-07-22,Male
AW00013068,1957-02-13,F
NASAW00013069,1963-08-26,Female
AW00013070,1958-07-30,M
AW00013071,1957-03-09,Male
NASAW00013072,1954-09-27,Female
AW00013073,1951-09-04,M
AW00013074,1961-05-20,Female
AW00013075,1958-05-28,Female
AW00013076,1941-11-08,Male
AW00013077,1950-01-19,M
NASAW00013078,1946-12-23,Female
NASAW00013079,1944-06-27,Male
AW00013080,1954-06-16,Female
AW00013081,1953-07-06,Male
NASAW00013082,1944-09-19,F
AW00013083,1954-02-22,
AW00013084,1942-05-30,Male
NASAW00013085,1957-05-06,Female
NASAW00013086,1953-07-18,M
AW00013087,1944-08-30,Male
NASAW00013088,1942-11-18,F
NASAW00013089,1959-07-25,Male
AW00013090,1952-07-14,Male
NASAW00013091,1955-08-06,Male
AW00013092,1958-06-05,
AW00013093,1948-08-31,F
AW00013094,1944-03-04,
NASAW00013095,1946-04-17,F
NASAW00013096,1946-04-23,M
AW00013097,1942-01-04,F
AW00013098,1956-05-19,F
AW00013099,1953-08-22,M
AW00013100,1956-09-13,Female
AW00013101,1953-02-04,M
AW00013102,1961-06-05,Male
AW00013103,1944-05-24,M
NASAW00013104,1947-07-01,M
NASAW00013105,1953-07-17,M
AW00013106,1953-10-03,Male
AW00013107,1942-05-03,Male
AW00013108,2030-01-01,M
AW00013109,1943-09-20,M
NASAW00013110,1956-06-28,Male
AW00013111,1959-11-23,Male
NASAW00013112,1956-05-22,
AW00013113,1945-03-30,M
AW00013114,1940-08-17,Female
AW00013115,1945-01-31,Male
AW00013116,1959-05-24,Male
NASAW00013117,1948-03-06,F
AW00013118,1962-08-25,F
AW00013119,1951-01-01,Male
AW00013120,1958-05-05,Female
AW00013121,1960-03-26,F
AW00013122,1945-08-28,M
NASAW00013123,1956-04-28,Female
AW00013124,1945-04-15,Male
AW00013125,2039-01-01,
AW00013126,1953-02-01,Male
AW00013127,1941-12-02,M
NASAW00013128,1961-08-03,Male
AW00013129,1947-03-07,M
AW00013130,1943-12-16,F
AW00013131,1948-08-24,M
AW00013132,1942-04-07,Male
AW00013133,1948-03-05,F
NASAW00013134,1958-02-23,M
AW00013135,1945-05-12,M
AW00013136,1947-05-20,Male
AW00013137,1958-07-15,Male
NASAW00013138,1945-12-10,Female
AW00013139,1960-05-24,Male
AW00013140,1947-07-10,M
AW00013141,1962-05-16,Female
AW00013142,1963-11-27,Female
AW00013143,2029-01-01,Male
AW00013144,1961-07-18,Female
AW00013145,1941-05-28,Male
AW00013146,1950-06-23,Female
AW00013147,1944-12-15,M
AW00013148,1961-08-14,F
NASAW00013149,1942-09-17,M
NASAW00013150,1952-03-06,Male
AW00013151,1960-11-24,Male
AW00013152,1952-04-13,Female
AW00013153,1958-02-13,
AW00013154,1956-08-15,F
AW00013155,1953-12-22,F
NASAW00013156,1959-09-06,Female
AW00013157,1941-01-06,M
AW00013158,1946-12-08,M
AW00013159,1950-05-24,M
AW00013160,1956-10-24,Male
AW00013161,1945-03-22,Female
AW00013162,1962-04-13,Female
AW00013163,1949-07-15,M
NASAW00013164,1947-11-17,Male
AW00013165,1956-05-27,Male
AW00013166,1957-05-21,F
AW00013167,1944-10-28,F
NASAW00013168,1947-11-02,Female
NASAW00013169,1948-01-29,F
AW00013170,1941-06-20,M
AW00013171,1957-03-29,F
NASAW00013172,1949-01-29,Female
NASAW00013173,1959-07-09,F
AW00013174,1948-06-10,F
AW00013175,1951-04-09,M
AW00013176,1963-08-23,F
AW00013177,1941-10-12,Male
AW00013178,1950-07-26,Female
AW00013179,1956-10-07,M
AW00013180,1953-12-27,Female
NASAW00013181,1949-07-31,M
AW00013182,1963-12-21,Male
AW00013183,1960-09-05,Male
NASAW00013184,1949-07-08,Male
NASAW00013185,1954-02-10,Male
AW00013186,1940-07-15,
AW00013187,1944-09-19,F
NASAW00013188,1959-01-17,M
AW00013189,1950-09-08,F
AW00013190,1962-01-03,
AW00013191,1944-09-12,F
AW00013192,1953-05-25,Female
NASAW00013193,1946-11-29,Female
AW00013194,1941-02-28,Male
AW00013195,1954-05-25,Male
NASAW00013196,1945-09-05,M
AW00013197,1955-07-24,Female
AW00013198,1953-05-18,Male
NASAW00013199,1955-02-01,M
AW00013200,1953-09-11,F
AW00013201,1962-07-12,M
NASAW00013202,1958-08-15,Female
AW00013203,1952-01-04,Male
AW00013204,1949-10-24,Female
AW00013205,1948-06-10,F
AW00013206,1945-02-04,Female
AW00013207,1940-05-26,Female
AW00013208,1960-09-17,Female
NASAW00013209,1946-08-21,
NASAW00013210,1940-05-08,Female
AW00013211,1958-03-12,Female
AW00013212,1951-05-21,Female
AW00013213,1963-08-17,Female
AW00013214,1963-07-29,M
NASAW00013215,1943-08-17,F
NASAW00013216,1947-10-28,M
AW00013217,1940-11-29,M
AW00013218,1941-07-21,F
AW00013219,1952-12-09,F
NASAW00013220,1957-01-10,Male
AW00013221,1955-10-16,Male
AW00013222,1961-04-15,F
NASAW00013223,1952-12-11,Male
AW00013224,1956-07-07,M
NASAW00013225,1940-12-02,Male
AW00013226,1941-02-10,Male
AW00013227,1959-03-08,M
AW00013228,1961-06-15,Male
AW00013229,1960-01-05,Male
NASAW00013230,1960-12-31,Female
AW00013231,1960-02-19,
AW00013232,1940-02-17,M
AW00013233,1959-04-10,Male
NASAW00013234,1946-04-12,M
AW00013235,1951-03-03,F
NASAW00013236,1948-11-09,M
AW00013237,1962-05-13,Male
NASAW00013238,1958-03-03,Male
AW00013239,1941-08-29,Male
AW00013240,1956-01-25,M
AW00013241,1941-03-04,Male
NASAW00013242,1951-03-19,M
NASAW00013243,1942-06-09,Male
NASAW00013244,1955-08-29,M
AW00013245,1954-05-17,F
AW00013246,1952-09-05,
AW00013247,1944-12-27,F
NASAW00013248,1946-01-10,Male
AW00013249,1946-06-28,F
AW00013250,1962-06-06,Female
NASAW00013251,1959-06-23,M
AW00013252,1943-03-31,F
NASAW00013253,1948-11-10,Female
NASAW00013254,1948-12-18,F
AW00013255,1948-09-06,Female
NASAW00013256,1958-07-25,Male
NASAW00013257,1944-10-30,M
AW00013258,1954-12-15,Female
AW00013259,1948-09-27,M
AW00013260,1963-08-30,M
AW00013261,1950-12-05,M
AW00013262,1956-08-06,Female
AW00013263,1953-03-19,Female
AW00013264,1944-10-03,Male
AW00013265,1960-08-11,Female
AW00013266,1943-06-04,Male
NASAW00013267,1953-02-23,
NASAW00013268,1954-12-23,F
NASAW00013269,1954-12-10,Female
NASAW00013270,1963-06-06,F
AW00013271,1941-10-15,F
NASAW00013272,1958-06-08,Female
AW00013273,1943-01-06,M
NASAW00013274,1941-08-28,M
AW00013275,1941-08-02,M
AW00013276,1955-10-24,M
AW00013277,1960-01-21,M
NASAW00013278,1958-03-30,F
AW00013279,1945-08-19,F
AW00013280,1941-02-23,F
AW00013281,1943-12-28,F
NASAW00013282,1943-07-30,M
AW00013283,1953-01-12,M
AW00013284,1956-10-01,M
NASAW00013285,1962-02-09,Male
AW00013286,1950-06-06,F
NASAW00013287,1951-02-12,Female
AW00013288,1948-10-05,Male
AW00013289,1953-11-30,Male
AW00013290,1950-12-13,F
AW00013291,1944-02-03,Male
NASAW00013292,1962-12-08,M
AW00013293,1949-10-09,M
AW00013294,1960-08-11,Female
AW00013295,1951-08-08,F
NASAW00013296,1940-02-01,Female
AW00013297,1943-10-04,Female
AW00013298,1948-09-18,Female
AW00013299,1944-07-13,M
NASAW00013300,1944-05-19,Female
AW00013301,1949-07-11,M
AW00013302,1954-06-01,F
AW00013303,1958-12-19,Female
NASAW00013304,1959-12-31,F
NASAW00013305,1944-12-09,F
NASAW00013306,1962-05-29,Female
NASAW00013307,1950-07-30,Male
NASAW00013308,1962-03-04,Female
NASAW00013309,1957-08-29,Male
AW00013310,1950-11-16,Male
NASAW00013311,1950-03-05,M
AW00013312,1960-01-19,F
AW00013313,1958-07-11,Male
AW00013314,1960-06-19,Female
AW00013315,1946-11-22,Male
AW00013316,1942-03-17,Female
AW00013317,1949-03-19,
AW00013318,1947-08-13,F
NASAW00013319,1955-12-10,Male
AW00013320,1944-08-04,M
AW00013321,1959-10-15,F
AW00013322,1959-05-05,F
AW00013323,1960-06-18,Female
AW00013324,1961-10-26,Male
NASAW00013325,1962-08-11,Female
NASAW00013326,1957-07-26,Male
NASAW00013327,1957-01-21,Male
AW00013328,1961-05-23,F
AW00013329,1953-08-04,F
AW00013330,1953-11-22,Female
AW00013331,1950-10-26,Male
AW00013332,1956-11-18,Male
NASAW00013333,1962-12-19,Female
NASAW00013334,1942-07-03,Female
AW00013335,1949-08-03,Male
AW00013336,1949-09-05,
AW00013337,1943-07-18,Male
NASAW00013338,1953-05-22,Female
AW00013339,1959-03-09,Female
AW00013340,1944-11-03,M
AW00013341,1942-03-15,Male
NASAW00013342,1942-09-11,F
AW00013343,1950-05-24,Male
AW00013344,1944-11-07,F
AW00013345,1948-03-08,Female
AW00013346,1959-06-20,F
AW00013347,1959-09-04,Male
NASAW00013348,1950-04-16,Female
AW00013349,1948-08-14,Male
AW00013350,1945-11-09,Male
AW00013351,1963-06-09,F
AW00013352,1956-04-15,Female
NASAW00013353,1942-01-22,Male
AW00013354,1957-11-15,Male
AW00013355,1949-11-19,Female
AW00013356,1949-12-07,M
AW00013357,1963-03-12,Male
AW00013358,1959-06-24,Male
AW00013359,1943-01-25,Female
AW00013360,1949-03-21,Female
AW00013361,1955-03-02,
AW00013362,1943-05-21,Male
AW00013363,1955-08-16,M
AW00013364,1958-10-01,Female
AW00013365,1959-05-17,Female
AW00013366,1958-10-27,F
AW00013367,1961-10-17,M
AW00013368,1961-03-12,F
AW00013369,1954-12-13,Female
NASAW00013370,1957-12-09,Female
AW00013371,1954-05-10,Male
AW00013372,1947-07-24,Male
NASAW00013373,1958-09-18,F
AW00013374,1941-05-19,Female
NASAW00013375,1951-06-19,Female
AW00013376,1942-10-19,F
AW00013377,1950-10-31,F
AW00013378,1960-06-16,Male
AW00013379,1949-05-22,Female
NASAW00013380,1944-11-27,M
AW00013381,1942-04-20,Male
AW00013382,1957-02-11,M
AW00013383,1963-10-27,Male
AW00013384,1942-08-22,Female
AW00013385,1958-06-19,M
AW00013386,1953-05-11,Male
NASAW00013387,1950-12-10,M
NASAW00013388,1944-07-31,M
AW00013389,1957-03-28,F
NASAW00013390,1962-07-17,M
AW00013391,1960-11-26,F
NASAW00013392,1955-07-15,M
AW00013393,1941-02-14,Male
NASAW00013394,1951-07-28,Male
AW00013395,1942-06-15,F
AW00013396,1958-05-23,F
AW00013397,1943-10-04,M
AW00013398,1949-03-17,Female
NASAW00013399,1948-08-12,F
AW00013400,1958-01-29,Female
NASAW00013401,1961-05-12,Male
AW00013402,1940-06-25,Male
AW00013403,1950-02-26,F
AW00013404,1940-12-14,Female
AW00013405,1958-02-10,M
NASAW00013406,1959-04-30,F
AW00013407,1954-04-14,M
AW00013408,1962-02-12,F
AW00013409,1954-07-16,Female
AW00013410,1952-05-10,Female
AW00013411,1948-08-06,Male
AW00013412,1961-01-18,Female
NASAW00013413,1947-01-17,Male
NASAW00013414,1941-10-26,Male
AW00013415,1951-01-05,Male
AW00013416,1954-06-26,Female
AW00013417,1943-10-20,Female
AW00013418,1946-04-02,Male
AW00013419,1945-12-21,Female
AW00013420,1961-12-26,F
AW00013421,1955-04-09,
AW00013422,1962-11-10,Male
NASAW00013423,1949-03-15,Female
AW00013424,1951-12-03,Female
AW00013425,1960-08-10,M
NASAW00013426,1945-12-14,Female
AW00013427,1948-07-28,Female
AW00013428,1945-06-08,
AW00013429,1949-01-23,Female
AW00013430,1962-12-24,
AW00013431,1945-11-23,F
AW00013432,1946-09-24,M
AW00013433,1956-12-06,Female
AW00013434,1950-04-06,F
NASAW00013435,1951-11-16,Female
NASAW00013436,1949-10-08,Male
NASAW00013437,1945-09-04,
AW00013438,1957-10-31,Male
AW00013439,1943-11-21,Female
NASAW00013440,1951-01-12,F
AW00013441,1949-02-23,Male
AW00013442,1955-06-02,F
AW00013443,1960-01-16,F
AW00013444,1958-09-26,F
AW00013445,1946-01-12,
NASAW00013446,1954-12-11,M
AW00013447,1959-10-09,Female
AW00013448,1957-08-15,Male
AW00013449,1955-07-19,M
AW00013450,1961-05-12,M
AW00013451,1951-05-20,F
AW00013452,1951-06-06,Male
AW00013453,1952-05-30,F
AW00013454,1961-02-26,M
NASAW00013455,1943-12-13,Male
AW00013456,1949-06-16,F
AW00013457,1948-12-23,F
AW00013458,1951-02-14,F
AW00013459,1944-04-27,Male
AW00013460,1943-10-22,M
AW00013461,1947-12-16,Female
NASAW00013462,1963-05-31,Male
AW00013463,1957-06-12,Female
AW00013464,1955-05-07,M
AW00013465,1941-12-03,M
AW00013466,1959-04-19,M
AW00013467,1943-11-22,Male
NASAW00013468,1962-08-09,Female
AW00013469,1955-09-03,Female
AW00013470,1942-11-28,Female
NASAW00013471,1944-06-11,F
NASAW00013472,1954-07-31,F
AW00013473,1956-07-26,M
AW00013474,1956-10-14,Male
AW00013475,1959-05-23,M
AW00013476,1949-07-07,M
AW00013477,1947-05-10,Female
AW00013478,1952-02-04,F
NASAW00013479,1960-08-15,M
AW00013480,1947-11-17,F
NASAW00013481,1959-12-28,Female
AW00013482,1961-08-26,M
AW00013483,1952-12-20,Female
AW00013484,1958-08-08,Female
AW00013485,1957-08-18,F
AW00013486,1945-06-29,F
AW00013487,1963-06-06,M
AW00013488,1958-11-25,
AW00013489,1940-05-01,Male
AW00013490,1943-07-21,F
AW00013491,1956-11-08,Male
NASAW00013492,1963-05-31,Male
AW00013493,1958-04-26,M
AW00013494,1952-11-15,M
AW00013495,1943-06-21,Female
AW00013496,1952-04-02,Male
NASAW00013497,1946-03-15,Female
AW00013498,1963-03-10,M
NASAW00013499,1961-09-26,F
AW00013500,1951-03-13,Female
NASAW00013501,1950-10-22,F
AW00013502,1948-11-27,F
NASAW00013503,1959-10-09,Male
NASAW00013504,1941-10-14,M
NASAW00013505,1951-02-06,Male
AW00013506,1945-05-17,Female
AW00013507,1947-05-06,M
AW00013508,1940-04-28,M
NASAW00013509,1948-10-02,M
AW00013510,1962-11-01,F
AW00013511,1961-04-03,F
AW00013512,1943-04-30,Male
NASAW00013513,1941-05-28,F
AW00013514,1947-07-22,M
AW00013515,1947-01-30,Female
AW00013516,1942-10-05,Male
AW00013517,1958-11-22,F
AW00013518,1943-05-09,Female
AW00013519,1945-01-11,F
NASAW00013520,1953-03-23,M
AW00013521,1957-03-15,F
AW00013522,1948-07-10,F
AW00013523,1944-12-21,Female
AW00013524,1962-02-05,Male
AW00013525,1944-09-01,M
AW00013526,1944-12-28,Male
AW00013527,1949-09-15,Female
AW00013528,1948-09-07,Male
NASAW00013529,1944-05-08,F
NASAW00013530,1942-07-04,F
AW00013531,1962-09-24,Male
NASAW00013532,1952-03-21,Female
AW00013533,1961-05-26,
AW00013534,1955-06-09,
NASAW00013535,1955-07-26,Female
AW00013536,1943-08-09,Male
AW00013537,1959-12-04,Male
AW00013538,1960-04-07,Male
NASAW00013539,1957-02-20,F
AW00013540,1944-04-26,Female
NASAW00013541,1963-09-09,F
NASAW00013542,1962-03-26,F
NASAW00013543,1961-12-28,F
AW00013544,1960-02-14,Female
AW00013545,1963-09-19,F
NASAW00013546,1957-09-22,Male
AW00013547,1960-10-04,F
AW00013548,1951-08-30,F
AW00013549,1944-06-15,
AW00013550,1947-10-14,M
AW00013551,1957-07-17,Male
AW00013552,1950-03-07,Female
NASAW00013553,1963-04-05,Female
AW00013554,1958-06-23,Female
AW00013555,1950-10-31,Female
AW00013556,1947-11-15,M
NASAW00013557,1957-10-14,M
AW00013558,1953-10-23,M
AW00013559,1946-01-21,Female
AW00013560,1951-09-20,M
AW00013561,1954-09-17,Female
AW00013562,1940-10-25,Female
AW00013563,1959-10-27,M
AW00013564,1959-10-03,F
NASAW00013565,1946-01-04,F
AW00013566,1941-06-15,Male
AW00013567,1963-10-25,Female
AW00013568,1957-10-12,M
NASAW00013569,1962-09-30,M
AW00013570,1948-06-15,M
AW00013571,1962-05-14,M
NASAW00013572,1947-05-03,Female
NASAW00013573,1955-11-25,
AW00013574,1960-05-28,F
AW00013575,1963-09-18,Male
NASAW00013576,1960-01-12,Female
NASAW00013577,1959-09-03,Male
AW00013578,1957-05-06,F
AW00013579,1950-04-22,Female
AW00013580,1956-01-04,Male
NASAW00013581,1940-09-09,M
AW00013582,1959-08-16,M
AW00013583,1961-07-09,F
AW00013584,1957-12-31,Male
AW00013585,1946-08-05,F
AW00013586,1956-08-12,Male
NASAW00013587,1953-08-19,M
NASAW00013588,1949-07-12,Female
AW00013589,1950-05-01,M
AW00013590,1941-10-28,Female
AW00013591,1945-12-18,Female
AW00013592,1943-08-21,Male
NASAW00013593,1953-01-19,M
NASAW00013594,1954-12-30,Female
AW00013595,1956-06-21,Male
AW00013596,1942-10-03,Male
AW00013597,1960-10-31,M
AW00013598,1962-08-16,F
AW00013599,1942-10-06,M
AW00013600,1960-03-16,M
AW00013601,1953-08-28,M
NASAW00013602,1956-11-14,F
AW00013603,1953-03-19,Male
NASAW00013604,1942-11-16,F
AW00013605,1958-07-17,Female
NASAW00013606,1954-06-07,Female
NASAW00013607,1940-10-06,Female
AW00013608,1955-09-24,Male
AW00013609,1948-07-31,Male
NASAW00013610,1953-09-10,F
AW00013611,1940-10-05,Male
AW00013612,1954-01-18,Male
NASAW00013613,1963-11-10,Female
NASAW00013614,1948-02-16,Male
NASAW00013615,1951-02-23,Female
NASAW00013616,1955-11-24,Female
AW00013617,1953-01-20,Male
AW00013618,1959-07-21,Female
AW00013619,1953-08-03,Female
AW00013620,1948-06-12,M
AW00013621,1963-04-22,F
AW00013622,1955-07-23,Male
AW00013623,1940-06-20,M
AW00013624,1959-08-04,Female
AW00013625,1959-03-16,Female
NASAW00013626,1949-06-10,F
AW00013627,1957-06-30,
AW00013628,1944-02-15,Male
AW00013629,1959-03-29,
AW00013630,1953-10-16,F
AW00013631,1947-01-28,F
NASAW00013632,1958-03-04,F
NASAW00013633,1947-10-03,F
NASAW00013634,1951-01-25,M
AW00013635,1946-08-22,Female
NASAW00013636,1949-03-07,M
NASAW00013637,1940-10-02,
NASAW00013638,1956-11-23,M
AW00013639,1948-02-18,F
AW00013640,1963-11-04,Male
AW00013641,1945-08-29,Male
NASAW00013642,1944-02-04,
AW00013643,1960-07-04,Male
NASAW00013644,1948-09-10,F
AW00013645,1960-07-22,Female
NASAW00013646,1956-05-25,Male
AW00013647,1947-07-11,Female
AW00013648,1949-09-16,Female
AW00013649,1940-01-19,Male
AW00013650,1941-12-12,Female
NASAW00013651,1944-10-10,Female
AW00013652,1958-06-07,F
AW00013653,1945-01-06,F
AW00013654,1944-02-24,Female
AW00013655,1940-11-27,F
AW00013656,1943-06-20,M
AW00013657,1952-09-01,Female
AW00013658,1955-01-03,F
NASAW00013659,1956-01-21,Female
NASAW00013660,1945-06-09,Female
AW00013661,1952-06-13,M
AW00013662,1958-10-16,Female
AW00013663,1946-10-02,F
AW00013664,1953-10-09,Male
NASAW00013665,1950-04-10,Male
AW00013666,1950-12-09,Female
AW00013667,1960-06-03,M
AW00013668,1959-02-24,Female
NASAW00013669,1941-03-01,M
AW00013670,1947-04-11,Female
NASAW00013671,1942-07-13,F
AW00013672,1953-04-06,M
AW00013673,1961-12-12,Male
NASAW00013674,1946-11-02,M
AW00013675,1947-08-04,Female
NASAW00013676,1948-09-19,Male
AW00013677,1945-11-04,M
AW00013678,1942-12-19,Female
AW00013679,1955-09-17,Male
AW00013680,1949-10-08,F
AW00013681,1951-05-26,Female
AW00013682,1955-06-15,F
AW00013683,1954-03-09,F
NASAW00013684,1945-01-09,Female
AW00013685,1950-11-25,Male
AW00013686,1961-06-22,M
AW00013687,1943-05-08,M
AW00013688,1958-04-22,Male
AW00013689,1943-10-14,F
AW00013690,1949-06-07,M
NASAW00013691,1940-10-04,Female
NASAW00013692,1941-02-09,Male
AW00013693,1960-12-23,F
AW00013694,1945-04-12,F
AW00013695,1952-02-19,Female
AW00013696,1953-07-04,F
AW00013697,1960-07-12,F
AW00013698,1949-12-13,Female
AW00013699,1952-07-04,F
AW00013700,1962-05-13,Male
AW00013701,1963-06-27,F
AW00013702,1963-12-08,Female
AW00013703,1952-03-13,F
NASAW00013704,1959-06-29,F
AW00013705,1940-07-01,F
NASAW00013706,1951-09-10,F
NASAW00013707,1942-11-27,Male
AW00013708,1948-03-06,F
AW00013709,1954-09-07,Male
NASAW00013710,1949-07-17,
AW00013711,1955-08-31,M
NASAW00013712,1958-03-18,Female
NASAW00013713,1962-03-09,Male
NASAW00013714,1960-08-17,M
NASAW00013715,1956-02-14,Male
AW00013716,1963-12-07,F
AW00013717,1950-12-05,M
AW00013718,1958-09-01,F
AW00013719,1956-04-05,M
AW00013720,1958-02-07,F
AW00013721,1944-10-31,Male
NASAW00013722,1963-03-26,Female
AW00013723,1953-04-27,Female
NASAW00013724,1952-09-08,Female
NASAW00013725,1957-11-16,M
AW00013726,1960-04-01,Male
AW00013727,1957-11-16,M
AW00013728,1952-05-07,F
AW00013729,1952-02-11,F
AW00013730,1962-08-13,Female
AW00013731,1952-04-30,Male
AW00013732,1946-07-08,M
NASAW00013733,1944-06-05,Female
AW00013734,1943-06-09,Female
AW00013735,1953-02-14,Male
NASAW00013736,1958-06-11,F
AW00013737,1946-06-26,Male
NASAW00013738,1940-09-27,F
AW00013739,1950-07-05,M
AW00013740,1952-08-13,F
AW00013741,1940-11-04,Male
NASAW00013742,1946-06-16,Female
AW00013743,1954-12-03,M
AW00013744,1944-04-07,M
AW00013745,1940-05-30,M
NASAW00013746,1954-11-01,Female
AW00013747,1962-10-12,F
AW00013748,1946-03-15,Male
AW00013749,1953-11-22,Male
AW00013750,1958-11-23,Male
NASAW00013751,1954-04-17,Female
AW00013752,1956-03-23,M
AW00013753,1950-06-29,M
AW00013754,1952-08-30,Female
AW00013755,1945-04-15,M
NASAW00013756,1950-10-15,Male
NASAW00013757,1942-12-22,Female
NASAW00013758,1941-07-25,M
AW00013759,1956-03-16,M
AW00013760,1949-03-19,Female
AW00013761,1945-03-29,Female
AW00013762,1944-05-03,F
NASAW00013763,1952-08-19,Female
AW00013764,1947-12-25,F
AW00013765,1955-03-16,M
NASAW00013766,1950-07-15,Male
AW00013767,1947-09-02,Male
AW00013768,1950-04-22,Female
AW00013769,1955-05-26,Female
AW00013770,1949-01-16,Female
NASAW00013771,1959-08-10,Male
AW00013772,1954-06-04,Female
AW00013773,1944-12-27,Female
AW00013774,1945-04-20,Female
AW00013775,1958-02-14,Female
NASAW00013776,1948-03-29,Female
AW00013777,1960-03-26,
AW00013778,1957-09-16,M
AW00013779,1960-10-14,Female
AW00013780,1946-09-30,F
AW00013781,1956-01-22,
AW00013782,1960-03-27,M
AW00013783,1956-04-16,Female
NASAW00013784,1948-10-28,M
AW00013785,1958-11-07,M
NASAW00013786,1940-12-12,F
NASAW00013787,1955-01-29,M
AW00013788,1958-08-21,Female
NASAW00013789,1962-07-22,Male
NASAW00013790,1963-01-07,F
NASAW00013791,1953-03-21,F
AW00013792,1960-12-24,F
AW00013793,1949-07-20,M
AW00013794,1940-04-20,Female
AW00013795,1946-06-17,F
AW00013796,1941-08-05,F
NASAW00013797,1949-07-28,F
NASAW00013798,1963-07-03,Female
AW00013799,1948-10-30,Male
AW00013800,1960-08-20,M
AW00013801,1956-12-14,M
AW00013802,1954-07-14,F
AW00013803,1958-08-04,M
AW00013804,1954-04-21,
AW00013805,1950-12-02,Male
AW00013806,1947-05-11,F
AW00013807,1947-10-30,F
AW00013808,1946-06-26,Female
NASAW00013809,1944-07-04,Male
NASAW00013810,1960-02-06,Male
AW00013811,1944-03-28,Male
AW00013812,1951-03-13,Female
NASAW00013813,1960-01-15,Female
AW00013814,1945-12-23,M
AW00013815,1962-01-17,Male
NASAW00013816,1940-01-19,F
AW00013817,1947-02-09,M
AW00013818,1941-04-18,Male
NASAW00013819,1956-07-01,M
AW00013820,1941-08-21,Female
AW00013821,1941-03-31,Female
NASAW00013822,1954-03-02,F
AW00013823,1942-01-06,Female
AW00013824,1957-07-19,Male
AW00013825,1944-08-29,M
AW00013826,1962-12-29,F
AW00013827,1949-10-04,M
NASAW00013828,1958-04-10,Female
AW00013829,1963-09-10,F
AW00013830,1960-05-23,F
AW00013831,1958-09-01,M
AW00013832,1957-12-10,Female
NASAW00013833,1945-06-07,Female
AW00013834,1961-03-04,Male
AW00013835,1954-08-29,Female
NASAW00013836,1961-06-11,Male
NASAW00013837,1963-12-01,M
AW00013838,1958-01-19,Female
AW00013839,1956-07-10,M
NASAW00013840,1957-06-08,M
AW00013841,1962-10-19,Male
AW00013842,1957-10-07,M
AW00013843,1950-05-03,M
AW00013844,1940-12-07,Female
AW00013845,1956-06-10,Male
AW00013846,1948-10-05,Female
AW00013847,1948-12-15,Male
AW00013848,1963-12-15,Male
NASAW00013849,1959-05-14,Male
NASAW00013850,1940-08-22,Male
NASAW00013851,1952-05-21,Male
AW00013852,1954-11-10,F
AW00013853,1943-01-11,F
AW00013854,1940-08-14,Female
AW00013855,1951-02-15,M
AW00013856,1958-01-22,Female
AW00013857,1944-02-08,M
AW00013858,1958-09-17,F
AW00013859,1961-01-01,Female
NASAW00013860,1956-04-18,Female
AW00013861,1959-06-20,M
AW00013862,1945-09-11,Male
AW00013863,1942-10-24,F
NASAW00013864,1945-02-11,F
AW00013865,1962-10-04,M
AW00013866,1960-12-02,Male
NASAW00013867,1957-02-18,F
NASAW00013868,1949-09-24,F
AW00013869,1945-12-03,M
AW00013870,1948-12-12,Male
NASAW00013871,1961-12-17,M
NASAW00013872,1954-10-31,Female
AW00013873,1940-10-31,Male
NASAW00013874,1942-05-02,Female
AW00013875,1947-12-29,M
AW00013876,1947-10-07,Female
NASAW00013877,1951-01-23,M
NASAW00013878,1961-04-20,Female
NASAW00013879,1963-02-27,M
NASAW00013880,1958-12-14,Male
AW00013881,1943-05-05,F
AW00013882,1945-02-26,Female
AW00013883,1940-06-30,Female
NASAW00013884,2034-01-01,F
AW00013885,1944-10-31,F
NASAW00013886,1943-08-22,Female
NASAW00013887,1950-09-06,M
NASAW00013888,1953-10-02,Male
AW00013889,1963-05-20,Female
AW00013890,1963-03-05,F
AW00013891,1951-05-22,Male
NASAW00013892,1944-08-14,Female
NASAW00013893,1956-11-24,F
NASAW00013894,1951-02-02,F
AW00013895,1947-04-16,M
AW00013896,1940-08-18,Male
NASAW00013897,1959-06-28,F
NASAW00013898,1946-07-13,Female
NASAW00013899,1960-06-01,Male
AW00013900,1951-06-08,F
AW00013901,1953-07-16,Female
AW00013902,1961-12-30,Female
NASAW00013903,1950-05-14,Female
NASAW00013904,1952-10-26,F
NASAW00013905,1944-04-27,Female
AW00013906,1948-12-25,M
AW00013907,1942-10-22,Female
NASAW00013908,1952-04-10,M
AW00013909,1958-12-31,M
NASAW00013910,1957-04-09,F
AW00013911,1958-10-20,Female
NASAW00013912,1956-09-27,M
AW00013913,1943-04-18,M
AW00013914,1946-12-19,M
AW00013915,1945-01-02,Male
NASAW00013916,1946-01-18,M
AW00013917,1948-05-07,Female
AW00013918,1951-04-02,Female
AW00013919,1941-07-08,F
AW00013920,1947-09-10,F
AW00013921,1959-10-10,Female
NASAW00013922,1940-03-10,Male
AW00013923,1948-07-29,Female
AW00013924,1948-02-29,Female
NASAW00013925,1955-05-22,M
NASAW00013926,1963-12-13,Female
AW00013927,1944-05-09,
AW00013928,1961-10-20,Male
AW00013929,1950-01-05,Female
NASAW00013930,1946-12-27,Female
NASAW00013931,1941-11-23,F
AW00013932,1948-09-19,Female
AW00013933,1943-07-08,M
AW00013934,1953-04-08,M
AW00013935,1955-03-16,Male
AW00013936,1958-04-01,M
NASAW00013937,1959-12-30,M
AW00013938,1942-09-28,F
NASAW00013939,1959-05-07,Female
AW00013940,1946-01-16,F
AW00013941,1951-12-04,Male
NASAW00013942,1950-01-09,Male
AW00013943,1946-08-14,F
NASAW00013944,1947-02-02,F
AW00013945,1947-11-14,F
AW00013946,1953-04-28,
NASAW00013947,1952-02-18,F
AW00013948,1941-12-26,Male
AW00013949,1957-02-26,M
AW00013950,1952-05-16,Male
AW00013951,1961-10-16,M
AW00013952,1960-06-09,M
NASAW00013953,1947-01-15,
AW00013954,1943-06-18,Female
AW00013955,1949-08-15,F
NASAW00013956,1953-07-14,Female
AW00013957,1942-08-12,F
AW00013958,1963-08-01,M
AW00013959,1943-10-05,Male
AW00013960,1955-06-07,Male
NASAW00013961,1945-11-25,M
AW00013962,1955-05-28,Female
AW00013963,1945-09-21,Female
AW00013964,1950-09-07,Female
AW00013965,1959-08-01,Male
AW00013966,1956-07-31,Female
AW00013967,1960-03-30,M
AW00013968,1940-10-20,Female
AW00013969,1946-12-29,F
NASAW00013970,1950-09-22,M
AW00013971,1944-07-28,M
AW00013972,1953-11-16,Female
AW00013973,1950-10-13,M
AW00013974,1947-08-30,Female
NASAW00013975,1951-03-23,M
AW00013976,1963-01-27,Male
AW00013977,1941-02-23,
AW00013978,1948-07-11,
AW00013979,1949-12-28,Female
AW00013980,1958-01-10,
AW00013981,1941-06-07,Male
AW00013982,1957-10-12,Male
NASAW00013983,1951-06-03,Male
AW00013984,1950-11-13,Female
AW00013985,1956-05-29,F
AW00013986,1942-02-12,F
AW00013987,1949-06-23,
AW00013988,1954-01-24,Female
AW00013989,1952-03-24,Female
AW00013990,1949-07-09,M
AW00013991,1942-10-08,Male
AW00013992,1940-05-04,M
AW00013993,1959-04-09,Male
NASAW00013994,1960-06-24,
NASAW00013995,1948-10-19,Female
AW00013996,1955-07-21,Male
AW00013997,1946-08-12,Female
AW00013998,1963-10-27,F
AW00013999,1952-02-01,Male
AW00014000,1949-07-06,Male
NASAW00014001,1950-02-15,Male
NASAW00014002,1960-02-21,M
AW00014003,1956-08-20,Female
AW00014004,1948-03-01,Male
NASAW00014005,1949-03-31,Female
AW00014006,1942-05-22,Female
AW00014007,1958-05-29,Female
NASAW00014008,1953-03-10,
AW00014009,1963-12-22,F
AW00014010,1949-06-19,F
NASAW00014011,1943-07-02,Female
NASAW00014012,1952-03-22,Female
AW00014013,1942-09-11,F
AW00014014,1940-10-30,Female
NASAW00014015,1950-02-18,M
AW00014016,1959-12-13,M
NASAW00014017,1951-03-02,Female
AW00014018,1959-08-03,M
AW00014019,1949-06-01,Female
AW00014020,1956-06-02,M
AW00014021,1958-07-02,Female
AW00014022,1940-12-13,
NASAW00014023,1958-10-27,F
NASAW00014024,1941-07-21,M
AW00014025,1949-10-10,Male
AW00014026,1941-08-28,Male
AW00014027,1949-04-10,M
AW00014028,1963-08-19,Male
AW00014029,1941-09-08,Female
NASAW00014030,1958-02-01,Female
AW00014031,1963-08-10,
AW00014032,1950-04-02,
NASAW00014033,1954-09-04,Female
AW00014034,1948-11-08,F
AW00014035,1956-06-07,F
AW00014036,1962-04-16,F
NASAW00014037,1947-04-04,Female
NASAW00014038,1961-03-04,F
AW00014039,1957-05-29,M
AW00014040,1944-11-30,Male
NASAW00014041,1942-01-01,M
AW00014042,1943-11-25,F
AW00014043,1945-11-20,Female
AW00014044,1947-07-01,M
AW00014045,1945-03-12,F
AW00014046,1943-07-03,Female
NASAW00014047,1963-05-01,M
AW00014048,1954-12-08,Female
AW00014049,1959-12-17,
AW00014050,1952-12-11,Female
NASAW00014051,1950-04-26,F
NASAW00014052,1962-06-03,M
AW00014053,1958-04-10,F
AW00014054,1945-01-02,Male
AW00014055,1960-08-31,Male
AW00014056,1943-06-24,M
AW00014057,1957-07-05,F
AW00014058,1957-02-03,Female
NASAW00014059,1948-05-26,Male
AW00014060,1961-11-21,Male
AW00014061,1949-07-12,M
AW00014062,1962-11-05,F
NASAW00014063,1956-03-17,F
AW00014064,1951-06-12,Female
AW00014065,1951-05-11,
AW00014066,1961-01-12,M
AW00014067,1953-05-23,Male
AW00014068,1946-06-28,F
NASAW00014069,1960-08-23,Female
AW00014070,1952-12-05,
AW00014071,1945-04-01,Male
NASAW00014072,1940-11-10,M
AW00014073,1951-07-27,Male
AW00014074,1945-04-26,Male
AW00014075,1952-08-17,Female
NASAW00014076,1954-11-08,F
AW00014077,1951-04-12,M
AW00014078,1957-01-15,F
AW00014079,1960-09-15,Female
NASAW00014080,1953-08-21,Female
AW00014081,1945-05-22,Female
AW00014082,1962-02-21,F
NASAW00014083,1957-01-22,M
NASAW00014084,1941-04-27,M
AW00014085,1951-09-02,F
AW00014086,1950-02-15,Male
NASAW00014087,1961-03-24,F
NASAW00014088,1957-08-25,F
AW00014089,1941-10-29,Female
AW00014090,1951-05-12,M
AW00014091,1952-04-09,M
AW00014092,1958-10-03,M
AW00014093,1953-10-08,Female
AW00014094,1958-01-31,Male
AW00014095,1953-10-23,M
AW00014096,1956-06-13,
NASAW00014097,1952-09-09,Female
NASAW00014098,1959-04-16,Male
AW00014099,1944-06-29,M
AW00014100,1953-09-12,Male
AW00014101,1953-01-27,F
NASAW00014102,1958-07-18,Male
AW00014103,1947-11-15,Male
AW00014104,1958-09-26,F
NASAW00014105,1952-11-14,Female
AW00014106,1942-03-30,Male
NASAW00014107,1946-01-23,Male
AW00014108,1944-05-03,Female
NASAW00014109,1955-10-28,F
AW00014110,1952-01-03,Male
NASAW00014111,1943-08-31,M
NASAW00014112,1945-02-14,Female
NASAW00014113,2037-01-01,F
NASAW00014114,1946-06-28,Female
AW00014115,1959-07-23,Male
AW00014116,1949-10-18,F
NASAW00014117,1960-11-28,M
AW00014118,1951-09-29,Male
AW00014119,1959-01-24,
AW00014120,1945-08-03,M
AW00014121,1946-04-13,Male
AW00014122,1963-04-23,Male
AW00014123,1960-04-14,Male
AW00014124,1958-05-20,Female
AW00014125,1949-11-12,Female
AW00014126,1952-09-19,F
NASAW00014127,1950-11-23,M
NASAW00014128,1944-12-05,Male
NASAW00014129,1954-04-14,M
AW00014130,1950-07-19,Female
AW00014131,1957-10-11,M
AW00014132,1948-04-05,Female
AW00014133,1957-06-26,M
NASAW00014134,1948-06-03,Male
NASAW00014135,1947-03-17,M
NASAW00014136,1960-07-06,F
NASAW00014137,1952-07-24,Male
NASAW00014138,1962-04-24,Male
NASAW00014139,1963-03-04,F
AW00014140,1956-01-05,M
AW00014141,1945-09-14,M
AW00014142,1947-11-09,Male
NASAW00014143,1962-08-16,M
AW00014144,1953-03-11,Female
NASAW00014145,1960-07-13,Male
AW00014146,1942-04-01,F
NASAW00014147,1959-11-29,Female
NASAW00014148,1940-01-02,Male
AW00014149,1944-09-09,Male
NASAW00014150,1957-08-07,Female
AW00014151,1946-07-20,M
AW00014152,1960-01-04,Female
NASAW00014153,1944-07-08,Male
NASAW00014154,1950-02-25,
AW00014155,1963-12-12,Male
NASAW00014156,1949-12-03,M
AW00014157,1942-08-20,Female
AW00014158,1943-01-11,M
AW00014159,1960-09-02,F
NASAW00014160,1947-12-05,Female
AW00014161,1941-11-24,M
NASAW00014162,1942-05-23,Male
AW00014163,1947-09-18,Male
AW00014164,1954-08-10,M
AW00014165,1951-08-06,M
AW00014166,1946-09-09,
NASAW00014167,1950-04-10,Female
AW00014168,1949-11-02,F
NASAW00014169,1947-07-05,F
NASAW00014170,1961-05-14,Male
AW00014171,1960-07-07,Female
AW00014172,1957-05-11,Male
AW00014173,1946-07-26,F
AW00014174,1961-06-16,Female
NASAW00014175,1956-07-07,Male
NASAW00014176,1946-12-17,Male
AW00014177,1958-03-11,M
AW00014178,1961-04-16,M
NASAW00014179,1941-07-13,Female
NASAW00014180,1957-04-27,M
AW00014181,1950-12-19,Male
AW00014182,1954-03-23,M
AW00014183,1957-05-08,F
NASAW00014184,1957-02-13,M
AW00014185,1950-05-05,M
NASAW00014186,1947-11-24,Male
NASAW00014187,1949-02-15,Male
AW00014188,1959-01-20,F
AW00014189,1954-01-11,Female
AW00014190,1940-11-29,Female
NASAW00014191,1955-06-07,F
AW00014192,1952-02-26,Male
AW00014193,1955-12-04,M
NASAW00014194,1944-02-21,Female
NASAW00014195,1945-09-13,Male
AW00014196,1940-10-31,Male
AW00014197,1945-03-28,Female
AW00014198,1946-12-09,Female
AW00014199,1952-03-22,Male
NASAW00014200,1963-06-28,Male
NASAW00014201,1950-08-11,Female
AW00014202,1947-09-25,M
AW00014203,1948-09-26,M
AW00014204,1958-06-15,Female
NASAW00014205,1946-06-17,Male
AW00014206,1963-09-24,M
NASAW00014207,1942-05-02,Female
AW00014208,1949-07-31,F
AW00014209,1954-06-25,Male
AW00014210,1952-09-15,M
AW00014211,1944-10-15,M
AW00014212,1963-12-04,F
NASAW00014213,1948-06-07,F
AW00014214,1945-07-16,F
AW00014215,1944-03-17,Male
AW00014216,1947-04-19,M
NASAW00014217,1961-06-08,F
AW00014218,1950-09-28,
AW00014219,1944-10-30,M
AW00014220,1951-08-02,M
NASAW00014221,1957-06-10,Male
NASAW00014222,1960-06-30,F
AW00014223,1940-09-28,M
AW00014224,1942-07-07,F
AW00014225,1963-06-03,Male
AW00014226,1963-02-12,M
NASAW00014227,1947-04-24,Male
NASAW00014228,1952-12-29,
AW00014229,1956-03-04,Male
NASAW00014230,1955-05-05,Female
NASAW00014231,1962-03-08,
NASAW00014232,1946-08-28,M
NASAW00014233,1944-09-01,F
AW00014234,1941-12-23,Female
AW00014235,1955-06-19,Male
AW00014236,1962-10-27,F
AW00014237,1944-03-04,F
AW00014238,1950-05-07,M
AW00014239,1944-04-22,Female
AW00014240,1952-09-16,Female
AW00014241,1941-10-24,Female
AW00014242,1957-02-13,Female
AW00014243,1943-12-04,F
AW00014244,1944-12-02,Male
AW00014245,1956-09-21,F
NASAW00014246,1956-08-17,M
NASAW00014247,1951-02-18,F
AW00014248,1962-02-22,Male
NASAW00014249,1963-12-21,Female
AW00014250,1941-06-29,
AW00014251,1942-02-04,M
NASAW00014252,1959-04-22,Female
AW00014253,1961-03-09,M
NASAW00014254,1953-11-27,M
NASAW00014255,1942-07-02,Male
AW00014256,1954-02-22,M
NASAW00014257,1954-12-18,F
AW00014258,1957-04-13,M
NASAW00014259,1961-02-08,Male
AW00014260,1942-11-15,Female
NASAW00014261,1941-09-23,F
AW00014262,1957-04-17,Male
AW00014263,1941-07-05,Male
AW00014264,1946-11-24,M
AW00014265,1953-01-18,
AW00014266,1943-08-09,Male
AW00014267,1950-06-14,Male
AW00014268,1950-02-17,Male
NASAW00014269,1960-03-29,Female
AW00014270,1944-03-20,F
AW00014271,1962-01-17,F
AW00014272,1960-03-17,Male
AW00014273,1944-09-24,Female
AW00014274,1949-08-09,Female
NASAW00014275,1947-03-06,F
AW00014276,1947-09-07,Female
AW00014277,1950-10-21,F
AW00014278,1958-01-13,Male
NASAW00014279,1962-09-17,F
AW00014280,1958-07-26,F
AW00014281,1948-01-10,F
AW00014282,1961-09-25,Female
AW00014283,1952-10-27,F
AW00014284,1944-08-14,M
AW00014285,1944-05-18,Male
AW00014286,1943-04-17,F
AW00014287,1962-09-15,M
AW00014288,1957-03-29,M
NASAW00014289,1949-11-30,Male
AW00014290,1955-09-01,M
NASAW00014291,1962-07-05,M
AW00014292,1942-06-05,Male
AW00014293,1958-11-11,Female
NASAW00014294,1962-03-12,M
AW00014295,1960-04-28,Female
AW00014296,1954-12-03,Male
AW00014297,1947-06-18,Female
AW00014298,1953-07-14,Female
NASAW00014299,1943-01-07,Male
NASAW00014300,1954-09-07,M
AW00014301,1947-03-03,F
NASAW00014302,1963-03-20,F
AW00014303,1957-08-03,Female
NASAW00014304,1957-11-30,F
NASAW00014305,1942-05-19,Female
AW00014306,1947-10-14,Female
NASAW00014307,1959-11-28,Female
AW00014308,1963-06-08,Male
AW00014309,1946-08-12,Female
AW00014310,1963-02-22,M
AW00014311,1943-04-29,
AW00014312,1960-05-17,Female
NASAW00014313,1948-11-04,M
AW00014314,1961-08-03,Female
AW00014315,1945-03-20,F
AW00014316,1951-09-22,F
AW00014317,1954-02-14,F
NASAW00014318,1963-04-25,F
AW00014319,1942-09-25,
NASAW00014320,1943-03-27,Male
NASAW00014321,1946-12-13,F
NASAW00014322,1940-08-26,Female
NASAW00014323,1959-11-02,Female
AW00014324,1962-05-26,
NASAW00014325,1951-12-29,Female
AW00014326,1942-06-19,M
AW00014327,1946-07-02,M
AW00014328,1942-02-03,M
NASAW00014329,1956-04-07,Male
AW00014330,1956-09-10,Male
AW00014331,1962-06-23,Female
AW00014332,1945-01-14,M
NASAW00014333,1946-11-04,
AW00014334,1945-12-29,F
AW00014335,1954-07-09,Male
AW00014336,1954-09-15,Female
AW00014337,1958-04-15,Female
AW00014338,1941-09-11,M
AW00014339,1962-02-16,Male
AW00014340,1942-04-12,F
AW00014341,1944-11-25,F
AW00014342,1952-01-06,Male
AW00014343,1945-11-03,F
AW00014344,1949-12-13,Female
NASAW00014345,1940-04-03,F
AW00014346,1946-02-01,Female
AW00014347,1958-10-12,M
AW00014348,1954-08-06,Female
AW00014349,1959-07-12,M
AW00014350,1952-03-09,Male
AW00014351,1950-08-11,M
AW00014352,1959-06-28,
NASAW00014353,1955-06-12,Female
NASAW00014354,1956-01-29,Male
AW00014355,1957-12-28,F
NASAW00014356,1963-05-14,M
NASAW00014357,1962-02-05,
AW00014358,1959-06-05,F
NASAW00014359,1956-02-29,F
NASAW00014360,1959-04-01,Female
AW00014361,1943-08-27,Female
AW00014362,1957-01-15,Male
NASAW00014363,1953-12-08,Male
AW00014364,1959-05-17,
AW00014365,1943-01-02,M
NASAW00014366,1943-04-24,Male
AW00014367,1952-01-12,Female
NASAW00014368,1961-11-25,Female
NASAW00014369,1944-05-23,Male
NASAW00014370,1940-08-12,M
NASAW00014371,1944-12-14,F
NASAW00014372,1940-02-09,Female
NASAW00014373,1943-08-09,M
AW00014374,1957-07-09,
AW00014375,1950-03-14,F
NASAW00014376,1956-06-23,F
AW00014377,1959-03-31,F
NASAW00014378,1957-06-17,
AW00014379,1954-03-03,Female
NASAW00014380,1963-12-03,M
AW00014381,1950-08-04,F
AW00014382,1957-06-25,F
AW00014383,1940-03-13,Female
AW00014384,1962-04-24,Female
NASAW00014385,1951-02-12,Male
NASAW00014386,1949-02-09,F
AW00014387,1949-02-14,M
AW00014388,1960-04-30,M
AW00014389,1949-10-27,Female
NASAW00014390,1945-12-07,M
AW00014391,1948-09-19,Male
AW00014392,1941-02-08,Male
NASAW00014393,1962-05-27,F
AW00014394,1960-10-29,F
NASAW00014395,1961-04-26,M
NASAW00014396,1941-01-31,M
AW00014397,1958-02-19,F
AW00014398,1948-01-14,Male
AW00014399,1961-05-28,Male
AW00014400,1947-07-16,F
AW00014401,1943-08-31,Male
AW00014402,1953-02-23,Male
AW00014403,1943-12-23,F
AW00014404,1963-10-31,Male
AW00014405,1960-05-21,M
NASAW00014406,1946-12-17,Female
NASAW00014407,1963-12-21,F
AW00014408,1958-02-16,Male
NASAW00014409,1955-11-03,M
AW00014410,1940-01-16,F
AW00014411,1941-05-14,Male
AW00014412,1947-12-31,M
AW00014413,1959-06-29,F
AW00014414,1958-11-18,Female
NASAW00014415,1952-05-23,M
NASAW00014416,1941-05-04,Male
NASAW00014417,1944-12-17,F
NASAW00014418,1945-02-13,M
AW00014419,1959-02-02,Female
AW00014420,1957-11-26,F
NASAW00014421,1956-03-16,Female
AW00014422,1942-03-02,M
NASAW00014423,1946-05-20,M
AW00014424,1951-03-09,F
NASAW00014425,1949-03-07,Female
AW00014426,1962-07-22,M
AW00014427,1948-04-30,Male
AW00014428,1946-12-27,Female
NASAW00014429,1948-03-07,Female
AW00014430,1943-05-28,Female
AW00014431,1943-09-29,M
NASAW00014432,1963-09-25,F
AW00014433,1954-09-06,M
AW00014434,1951-05-03,M
NASAW00014435,1941-04-27,
NASAW00014436,1950-04-03,M
NASAW00014437,1951-11-29,F
AW00014438,1944-10-16,Female
AW00014439,1943-02-16,Male
AW00014440,1942-04-18,F
AW00014441,1950-06-12,Female
AW00014442,1952-05-19,Female
NASAW00014443,1943-06-18,Male
AW00014444,1959-08-05,F
AW00014445,1958-11-17,
AW00014446,1944-05-30,Male
NASAW00014447,1950-03-30,Male
AW00014448,1941-04-27,
AW00014449,1958-02-07,Male
AW00014450,1947-09-21,Male
NASAW00014451,1963-01-04,F
AW00014452,1959-04-03,M
AW00014453,1943-11-16,Male
AW00014454,1958-06-06,F
AW00014455,1954-03-09,F
NASAW00014456,1957-11-24,Female
NASAW00014457,1944-12-12,M
AW00014458,1959-07-29,M
AW00014459,1952-03-24,
AW00014460,1953-06-20,Male
AW00014461,1955-10-27,M
AW00014462,1943-01-11,M
AW00014463,1941-04-01,Male
AW00014464,1951-03-20,M
AW00014465,1957-02-26,Male
AW00014466,1955-09-29,F
AW00014467,1961-12-18,M
AW00014468,1957-05-21,Female
AW00014469,1958-11-09,Female
AW00014470,1962-12-03,Male
AW00014471,1951-10-23,F
AW00014472,1949-03-11,M
AW00014473,1944-02-01,M
AW00014474,1948-06-23,Male
NASAW00014475,1949-11-07,Female
AW00014476,1954-01-29,M
AW00014477,1960-04-01,M
AW00014478,1947-12-14,M
AW00014479,1944-07-05,Male
NASAW00014480,1944-11-27,M
NASAW00014481,1945-03-21,Male
NASAW00014482,1950-12-25,Male
AW00014483,1944-04-21,M
AW00014484,1943-01-12,M
NASAW00014485,1948-11-14,Male
AW00014486,1940-05-23,M
AW00014487,1954-03-05,Male
AW00014488,1950-06-14,F
NASAW00014489,1958-02-27,Female
AW00014490,1958-05-28,Male
AW00014491,1950-06-16,Female
AW00014492,1962-12-04,Male
NASAW00014493,1945-05-18,M
AW00014494,1963-02-18,Male
NASAW00014495,1946-10-31,F
AW00014496,1941-11-30,M
NASAW00014497,1957-01-04,Male
AW00014498,1943-08-08,F
AW00014499,1948-09-21,M
AW00014500,1954-02-01,F
AW00014501,1941-08-26,Female
AW00014502,1955-05-08,Female
AW00014503,1943-12-23,Female
AW00014504,1948-04-09,M
AW00014505,1942-08-22,Female
AW00014506,1956-07-10,Male
NASAW00014507,1941-12-28,Female
NASAW00014508,1942-11-01,Male
AW00014509,1944-12-10,Male
AW00014510,1957-07-29,Male
AW00014511,1947-09-01,M
AW00014512,1944-12-19,M
AW00014513,1950-01-03,Male
AW00014514,1960-03-30,Male
AW00014515,1942-04-23,Female
AW00014516,1942-10-10,F
AW00014517,1953-04-02,Male
NASAW00014518,1963-11-19,F
AW00014519,1956-02-20,M
NASAW00014520,1944-04-08,Female
AW00014521,1958-08-23,Male
AW00014522,1956-10-21,Female
NASAW00014523,1961-05-11,Male
AW00014524,1963-06-05,Female
AW00014525,1945-02-20,F
NASAW00014526,1945-01-17,F
AW00014527,1942-03-27,Female
AW00014528,1959-03-08,Male
AW00014529,1958-01-23,F
AW00014530,1961-02-22,M
AW00014531,1955-10-18,
NASAW00014532,1960-01-21,Female
AW00014533,1962-10-24,
NASAW00014534,1949-07-24,Male
AW00014535,1940-03-20,M
AW00014536,1940-03-08,Female
AW00014537,1940-01-07,M
AW00014538,1944-06-14,Male
NASAW00014539,1952-01-21,Male
NASAW00014540,1955-07-02,Male
AW00014541,1960-10-13,Male
AW00014542,1952-11-06,M
NASAW00014543,1961-05-14,M
NASAW00014544,1960-05-05,
AW00014545,1963-11-22,Female
AW00014546,1943-06-09,F
AW00014547,1956-02-10,Male
AW00014548,1941-05-22,M
AW00014549,1949-02-03,Female
AW00014550,1947-03-16,Female
AW00014551,1950-11-13,F
AW00014552,1942-01-22,F
AW00014553,1942-04-23,Female
NASAW00014554,1953-08-28,Female
NASAW00014555,1943-07-19,M
AW00014556,1948-07-29,F
AW00014557,1952-12-02,Male
AW00014558,1951-01-22,Female
NASAW00014559,1960-07-02,F
AW00014560,1945-02-28,M
AW00014561,1956-06-21,Male
AW00014562,1957-04-07,F
NASAW00014563,1950-02-15,Male
NASAW00014564,1960-10-06,F
NASAW00014565,1949-05-29,Male
NASAW00014566,1954-04-07,Male
AW00014567,1950-11-11,F
NASAW00014568,1956-07-23,M
AW00014569,1945-06-15,
NASAW00014570,1950-05-08,Male
AW00014571,1960-06-27,
AW00014572,1963-09-11,F
AW00014573,1944-12-03,Male
NASAW00014574,1940-04-02,M
AW00014575,1944-07-31,M
NASAW00014576,1951-10-03,M
AW00014577,1954-10-26,Female
AW00014578,1948-07-04,M
NASAW00014579,1962-12-02,Male
AW00014580,1947-06-15,Female
NASAW00014581,1956-05-21,Male
AW00014582,1960-02-18,Male
AW00014583,1959-02-02,Female
AW00014584,1941-03-06,Female
AW00014585,1960-07-08,Male
AW00014586,1956-02-09,M
AW00014587,1951-06-05,Female
AW00014588,1948-11-21,Male
NASAW00014589,1951-08-02,M
AW00014590,1959-04-10,M
AW00014591,1949-04-30,Male
AW00014592,1941-03-26,Female
AW00014593,1946-04-12,F
AW00014594,1941-02-01,F
AW00014595,1957-05-31,Male
NASAW00014596,1944-08-01,M
NASAW00014597,1963-06-21,M
AW00014598,1951-12-18,Female
AW00014599,1940-09-16,Female
AW00014600,1961-06-11,
AW00014601,1940-09-11,M
AW00014602,1958-05-29,Female
NASAW00014603,1953-08-30,Female
AW00014604,1946-03-04,M
AW00014605,1946-01-30,Female
AW00014606,1946-01-18,
AW00014607,1940-12-03,Male
NASAW00014608,1953-02-23,Male
AW00014609,1961-04-22,Female
AW00014610,1947-12-15,M
AW00014611,1940-03-01,M
NASAW00014612,1963-07-24,Male
NASAW00014613,1962-05-23,M
NASAW00014614,1955-08-23,M
AW00014615,1942-12-18,
AW00014616,1956-11-11,M
AW00014617,1947-07-31,M
AW00014618,1955-05-01,Male
AW00014619,1956-06-13,Female
NASAW00014620,1949-08-03,Male
AW00014621,1958-07-07,F
AW00014622,1952-05-08,M
NASAW00014623,1948-04-24,M
AW00014624,1949-11-09,Female
AW00014625,1949-01-20,Female
AW00014626,1959-08-09,Male
NASAW00014627,1961-02-08,F
AW00014628,1954-10-07,F
NASAW00014629,1956-12-25,M
AW00014630,1957-05-14,F
AW00014631,1952-04-22,Male
AW00014632,1961-04-02,F
NASAW00014633,1948-01-29,M
NASAW00014634,1945-12-22,M
AW00014635,1954-05-13,Female
NASAW00014636,1962-10-12,F
AW00014637,1946-04-15,F
AW00014638,1962-12-20,Male
AW00014639,1958-01-17,F
AW00014640,1953-12-14,Male
NASAW00014641,1957-04-09,Male
NASAW00014642,1940-03-04,Male
NASAW00014643,1950-11-05,Male
NASAW00014644,1941-04-13,F
AW00014645,1942-03-09,Male
NASAW00014646,1951-05-20,M
AW00014647,1951-03-18,Female
NASAW00014648,1961-08-04,Male
AW00014649,1955-11-19,Female
AW00014650,1947-09-14,M
AW00014651,1963-12-07,M
NASAW00014652,1943-12-25,
AW00014653,1948-08-26,Male
AW00014654,1952-12-12,Male
AW00014655,1952-12-05,Male
AW00014656,1961-02-01,M
AW00014657,1941-08-17,M
NASAW00014658,1942-05-21,Female
AW00014659,1962-03-18,Female
AW00014660,1940-03-22,Female
AW00014661,1944-10-24,M
AW00014662,1941-07-16,F
AW00014663,1959-02-14,Female
AW00014664,1949-07-11,Female
AW00014665,1957-08-25,Female
AW00014666,1961-02-18,M
AW00014667,1944-12-02,Male
NASAW00014668,1952-02-15,F
NASAW00014669,1956-12-20,M
NASAW00014670,1943-12-13,
AW00014671,1954-10-02,Male
NASAW00014672,1952-06-25,F
AW00014673,1951-04-12,
NASAW00014674,1941-09-08,M
NASAW00014675,1961-07-18,Male
AW00014676,1952-06-30,Female
NASAW00014677,1940-04-12,F
NASAW00014678,1957-08-07,Male
AW00014679,1947-06-28,Male
AW00014680,1950-05-23,M
AW00014681,1944-04-16,Female
NASAW00014682,1954-02-25,M
AW00014683,1941-01-29,Male
AW00014684,1958-01-31,F
NASAW00014685,1942-08-05,Female
AW00014686,1947-10-01,Female
AW00014687,1948-03-12,Male
AW00014688,1963-07-24,Female
AW00014689,1954-07-18,Female
AW00014690,1940-03-13,Female
AW00014691,1953-01-17,M
AW00014692,1960-09-03,F
NASAW00014693,1942-03-31,Female
AW00014694,1951-01-31,Female
NASAW00014695,1960-08-07,Female
NASAW00014696,1941-04-08,Female
AW00014697,1950-12-09,
AW00014698,1959-10-18,F
AW00014699,1958-09-30,M
NASAW00014700,1941-03-26,F
AW00014701,1945-02-14,M
NASAW00014702,1950-06-12,
NASAW00014703,1953-06-17,F
AW00014704,1958-09-06,Female
NASAW00014705,1947-02-05,M
AW00014706,1943-08-19,Male
AW00014707,1945-02-10,M
AW00014708,1947-12-05,M
AW00014709,1952-12-25,M
AW00014710,1942-01-21,F
AW00014711,1946-10-15,M
AW00014712,1952-12-13,Female
AW00014713,1956-08-15,Male
AW00014714,1954-02-19,M
AW00014715,1958-03-21,Female
AW00014716,1944-01-24,M
NASAW00014717,1954-12-17,Female
NASAW00014718,1956-01-05,F
AW00014719,1940-10-12,M
NASAW00014720,1953-10-07,F
NASAW00014721,1945-11-24,F
AW00014722,1960-05-02,F
AW00014723,1957-03-13,M
AW00014724,1957-09-01,F
AW00014725,1950-08-29,Female
NASAW00014726,1941-10-17,Male
AW00014727,1960-06-16,Male
AW00014728,1955-05-04,M
NASAW00014729,1956-04-03,F
AW00014730,1957-12-24,Male
NASAW00014731,1942-05-14,Female
NASAW00014732,1963-04-01,F
AW00014733,1962-04-09,Female
NASAW00014734,1945-10-13,Female
AW00014735,1961-11-29,F
NASAW00014736,1943-09-16,F
AW00014737,1956-07-11,F
AW00014738,1962-08-15,
AW00014739,1947-04-02,Female
AW00014740,1954-05-30,M
AW00014741,1943-08-16,Male
AW00014742,1955-03-14,Male
AW00014743,1961-02-03,F
AW00014744,1948-02-04,Female
AW00014745,1947-08-05,F
AW00014746,1948-06-14,F
AW00014747,1958-05-13,F
AW00014748,1954-08-21,Female
AW00014749,1949-12-30,
AW00014750,1947-03-26,Male
AW00014751,1958-01-08,F
AW00014752,1944-08-18,Male
NASAW00014753,1956-10-17,F
AW00014754,1952-02-04,Male
NASAW00014755,1942-02-21,F
AW00014756,1948-04-29,M
NASAW00014757,1953-03-05,M
AW00014758,1959-03-04,Female
AW00014759,1944-06-28,Male
AW00014760,1947-08-19,M
AW00014761,1958-01-30,Male
NASAW00014762,1946-02-19,Female
NASAW00014763,1953-09-09,F
NASAW00014764,1950-01-10,M
AW00014765,2033-01-01,Female
AW00014766,1946-03-20,M
NASAW00014767,1961-01-08,Male
AW00014768,1958-02-16,Male
NASAW00014769,1946-05-02,F
NASAW00014770,1946-04-10,Male
AW00014771,1948-07-08,Male
NASAW00014772,1945-04-23,M
AW00014773,1952-12-21,M
AW00014774,1944-06-17,Female
AW00014775,1954-01-29,F
AW00014776,1940-04-02,F
AW00014777,1963-11-22,Male
AW00014778,1943-11-25,F
AW00014779,1949-02-04,Female
AW00014780,1960-06-06,Male
AW00014781,1952-01-29,Male
AW00014782,1951-01-01,Female
NASAW00014783,1959-10-20,F
NASAW00014784,1963-04-18,M
AW00014785,1954-09-20,Female
AW00014786,1940-01-25,
AW00014787,1962-08-27,Male
AW00014788,1962-03-04,M
AW00014789,1944-01-30,Male
AW00014790,1955-09-14,Male
NASAW00014791,1958-06-26,M
AW00014792,1940-02-07,Female
AW00014793,1950-06-01,
AW00014794,1959-04-13,M
AW00014795,1947-06-17,Female
NASAW00014796,1950-05-10,Male
AW00014797,1957-11-21,M
NASAW00014798,1955-03-10,M
AW00014799,1942-12-27,M
AW00014800,1960-02-08,M
AW00014801,1956-11-03,M
AW00014802,1945-06-14,F
NASAW00014803,1951-05-31,Male
NASAW00014804,1955-06-02,Female
AW00014805,1956-10-19,Male
AW00014806,1958-08-11,Female
AW00014807,1951-05-22,F
AW00014808,1948-06-15,Female
AW00014809,1946-11-18,
AW00014810,1953-06-09,Male
NASAW00014811,1963-07-15,M
AW00014812,1959-03-03,Male
AW00014813,1957-03-04,F
AW00014814,1959-01-26,M
AW00014815,1959-01-10,F
AW00014816,1959-01-31,M
AW00014817,1940-12-23,Male
AW00014818,2040-01-01,Female
NASAW00014819,1953-12-04,Female
AW00014820,1940-05-17,Female
NASAW00014821,1951-06-06,Male
AW00014822,1949-05-20,M
AW00014823,1954-09-06,Male
AW00014824,1942-04-19,M
NASAW00014825,1944-03-17,M
AW00014826,1950-06-29,M
NASAW00014827,1955-08-07,Male
NASAW00014828,1941-03-13,Female
AW00014829,1946-05-10,Male
NASAW00014830,1952-02-11,Male
NASAW00014831,1952-11-03,F
AW00014832,1949-01-13,Male
AW00014833,1946-02-25,Female
AW00014834,1946-10-23,M
AW00014835,1951-10-09,Male
AW00014836,1952-02-10,Female
AW00014837,1948-11-24,Female
NASAW00014838,1940-10-10,Female
AW00014839,1944-01-25,Female
AW00014840,1957-06-07,F
AW00014841,1952-03-23,Female
AW00014842,1959-11-02,
AW00014843,1960-10-20,M
AW00014844,1950-05-11,
AW00014845,1949-08-23,Male
AW00014846,1956-11-19,Female
AW00014847,1963-05-30,M
NASAW00014848,1943-08-23,
NASAW00014849,1943-12-24,Male
AW00014850,1949-11-08,Male
AW00014851,1953-05-19,F
AW00014852,1950-03-30,
AW00014853,1959-04-09,Male
AW00014854,1940-07-19,M
NASAW00014855,1940-08-14,M
AW00014856,1940-08-23,F
AW00014857,1943-11-30,Male
AW00014858,1940-01-05,Female
NASAW00014859,1959-09-03,M
AW00014860,1944-08-11,F
AW00014861,1942-09-01,M
AW00014862,1960-05-26,Male
AW00014863,1952-09-19,M
AW00014864,1955-03-09,Male
NASAW00014865,1950-10-02,Male
AW00014866,1940-04-11,F
AW00014867,1953-09-18,Female
AW00014868,1947-03-29,Male
NASAW00014869,1955-03-06,Female
NASAW00014870,1959-12-07,M
NASAW00014871,1947-12-06,
AW00014872,1946-08-06,Male
AW00014873,1947-06-29,Female
AW00014874,1947-09-29,M
AW00014875,1960-08-08,M
AW00014876,1961-08-27,Female
AW00014877,1947-04-21,M
AW00014878,1946-09-20,Male
AW00014879,1951-06-13,M
NASAW00014880,1953-01-13,Male
AW00014881,1953-07-08,Female
NASAW00014882,1949-01-01,F
NASAW00014883,1941-10-09,F
AW00014884,1942-05-11,Male
AW00014885,1942-06-22,Female
AW00014886,1948-08-08,Male
AW00014887,1954-03-20,M
NASAW00014888,1953-12-21,M
AW00014889,1959-02-01,M
NASAW00014890,1948-07-03,F
AW00014891,1941-03-10,Male
AW00014892,1962-05-04,Female
AW00014893,1940-09-02,Female
AW00014894,1956-03-04,F
NASAW00014895,1954-10-02,F
AW00014896,1942-10-05,Male
NASAW00014897,1941-08-30,Male
AW00014898,1943-10-31,F
AW00014899,1963-06-20,F
AW00014900,1952-09-03,Female
NASAW00014901,1958-02-12,Female
NASAW00014902,1942-08-08,F
AW00014903,1949-02-14,F
AW00014904,1944-02-29,Male
AW00014905,1945-09-01,Male
NASAW00014906,1953-07-31,Male
NASAW00014907,1954-05-02,M
AW00014908,1947-11-27,F
AW00014909,1944-01-10,Male
AW00014910,1943-06-21,F
AW00014911,1944-10-06,Female
AW00014912,1941-07-31,Male
NASAW00014913,1944-02-16,Female
AW00014914,1943-10-11,
NASAW00014915,1954-11-18,Female
AW00014916,1960-05-10,F
AW00014917,1948-02-14,F
NASAW00014918,1946-06-03,M
NASAW00014919,1955-12-18,Male
AW00014920,1952-10-24,Female
NASAW00014921,1948-01-20,F
NASAW00014922,1962-04-17,Male
NASAW00014923,1947-11-30,Male
AW00014924,1945-05-23,F
AW00014925,1959-07-01,F
AW00014926,1940-05-05,F
AW00014927,1948-10-12,F
AW00014928,1954-01-12,F
AW00014929,1940-05-23,F
AW00014930,1963-04-10,Female
AW00014931,1960-06-16,Female
AW00014932,1959-03-07,F
NASAW00014933,1953-09-29,Male
AW00014934,1945-03-02,M
AW00014935,1955-04-22,M
AW00014936,1944-03-08,Female
NASAW00014937,1961-07-01,Female
AW00014938,1949-01-10,Male
NASAW00014939,1940-11-27,M
AW00014940,1940-08-06,F
AW00014941,1944-02-16,M
AW00014942,1954-02-07,Female
AW00014943,1941-06-09,M
AW00014944,1950-02-16,F
NASAW00014945,1954-11-07,Female
AW00014946,1945-12-13,M
NASAW00014947,1962-01-31,Male
AW00014948,1958-01-11,F
AW00014949,1956-07-15,Female
AW00014950,1956-11-21,Male
AW00014951,2029-01-01,Female
NASAW00014952,1945-05-25,
AW00014953,1944-07-27,M
NASAW00014954,1954-12-10,Female
AW00014955,1955-12-08,F
NASAW00014956,1961-11-16,M
AW00014957,1940-04-19,Female
AW00014958,1958-12-29,Male
AW00014959,1944-08-24,M
AW00014960,1952-03-02,F
AW00014961,1951-04-27,M
AW00014962,1954-06-20,Male
AW00014963,1957-02-09,M
NASAW00014964,1947-11-25,M
AW00014965,1941-02-13,M
AW00014966,1941-01-29,Male
AW00014967,1942-01-09,Male
NASAW00014968,1948-08-23,Male
AW00014969,1956-12-02,Female
NASAW00014970,1940-01-17,Female
AW00014971,1959-11-24,F
AW00014972,1961-07-08,F
AW00014973,1955-10-15,Male
NASAW00014974,1944-12-26,Female
NASAW00014975,1953-07-15,M
AW00014976,1957-12-21,Male
AW00014977,1956-01-25,Male
NASAW00014978,1947-11-12,Male
NASAW00014979,1949-02-08,Male
NASAW00014980,1940-09-21,Female
NASAW00014981,1946-10-21,Male
NASAW00014982,1952-04-15,M
AW00014983,1948-12-03,M
AW00014984,1954-04-29,
AW00014985,1963-11-03,Male
NASAW00014986,1946-10-14,M
AW00014987,1945-06-25,Female
AW00014988,1940-09-04,Male
AW00014989,1955-11-17,Female
NASAW00014990,1951-03-16,Female
AW00014991,1941-06-11,Female
AW00014992,1960-02-27,Female
AW00014993,1951-02-18,Female
NASAW00014994,1952-01-14,Male
AW00014995,1946-07-18,Male
AW00014996,1941-01-19,F
NASAW00014997,1958-08-12,Female
AW00014998,1944-02-25,F
NASAW00014999,1946-01-08,Female
AW00015000,1943-08-12,F
AW00015001,1953-04-18,Female
NASAW00015002,1957-06-14,M
AW00015003,1955-11-15,M
AW00015004,1951-08-11,F
AW00015005,1944-07-15,F
AW00015006,1963-07-30,Male
NASAW00015007,1951-04-16,Female
AW00015008,1952-08-25,M
NASAW00015009,1942-01-15,M
AW00015010,1944-10-31,M
AW00015011,1940-01-02,Male
AW00015012,1946-06-08,F
AW00015013,1943-07-16,M
NASAW00015014,1953-07-12,Female
NASAW00015015,1962-02-02,Female
AW00015016,1962-06-14,F
AW00015017,1952-05-03,Female
AW00015018,1942-08-11,F
AW00015019,1957-10-14,Male
AW00015020,1946-11-13,Male
NASAW00015021,1953-03-07,Female
AW00015022,1951-12-11,M
NASAW00015023,1954-04-11,Male
AW00015024,1950-05-28,Female
AW00015025,1955-09-04,Female
AW00015026,1947-03-18,F
AW00015027,1947-05-08,Female
NASAW00015028,1949-12-29,Male
AW00015029,1954-01-08,Male
AW00015030,1941-01-23,Female
NASAW00015031,1960-08-06,Male
NASAW00015032,1942-12-19,Male
AW00015033,1951-02-19,F
AW00015034,1945-05-28,M
AW00015035,1963-10-18,M
AW00015036,1953-11-08,F
NASAW00015037,1950-12-10,Male
AW00015038,1962-03-03,M
AW00015039,1958-12-07,Male
AW00015040,1958-06-25,F
AW00015041,1956-11-25,Female
AW00015042,1963-08-03,M
AW00015043,1943-05-22,Female
NASAW00015044,1949-11-18,F
AW00015045,1955-07-14,F
AW00015046,1962-11-04,Male
AW00015047,1940-11-17,
AW00015048,1953-08-03,Female
NASAW00015049,1952-12-18,Female
NASAW00015050,1943-03-10,Male
AW00015051,1956-11-19,Male
AW00015052,1962-07-03,M
NASAW00015053,1950-12-13,M
AW00015054,1963-12-16,M
AW00015055,1943-06-22,F
AW00015056,1952-04-12,F
AW00015057,1952-10-26,F
AW00015058,1944-01-10,Female
AW00015059,1952-08-03,Female
AW00015060,1954-08-16,Female
NASAW00015061,1949-09-12,Female
AW00015062,1949-10-06,Female
AW00015063,1955-07-27,Female
NASAW00015064,1961-02-03,Male
AW00015065,1963-02-05,Male
AW00015066,1960-04-27,Male
AW00015067,1946-07-04,Male
AW00015068,1961-12-14,Male
NASAW00015069,1943-07-17,M
AW00015070,1951-08-07,F
AW00015071,1956-12-10,M
NASAW00015072,1943-05-15,Male
AW00015073,1948-03-10,Male
AW00015074,1951-01-21,Male
AW00015075,1954-09-26,Male
AW00015076,1953-12-03,M
NASAW00015077,1941-11-13,Male
AW00015078,1951-08-12,Female
AW00015079,1949-11-30,Male
AW00015080,1957-02-01,Male
AW00015081,1956-12-13,Female
NASAW00015082,1950-10-25,M
AW00015083,1960-10-14,Male
AW00015084,1953-02-27,Male
AW00015085,1948-08-23,Male
AW00015086,1944-05-04,
AW00015087,1946-01-23,M
AW00015088,1960-04-29,Female
AW00015089,1960-03-24,Male
AW00015090,1944-01-08,M
NASAW00015091,1951-03-14,Male
AW00015092,1947-05-28,Male
AW00015093,1940-10-04,Female
AW00015094,1952-12-03,F
AW00015095,1954-08-25,Male
AW00015096,1959-01-15,F
NASAW00015097,1963-06-19,
AW00015098,1954-08-31,F
NASAW00015099,1943-05-24,F
AW00015100,1962-06-16,Female
AW00015101,1952-10-26,M
AW00015102,1947-01-18,M
AW00015103,1946-02-11,Male
AW00015104,1957-01-04,M
AW00015105,1940-09-05,Male
AW00015106,1952-08-11,M
NASAW00015107,1947-10-04,F
NASAW00015108,1954-03-26,M
NASAW00015109,1951-09-29,Male
AW00015110,1941-06-20,F
AW00015111,1941-12-27,F
AW00015112,1952-11-15,F
AW00015113,1945-01-13,Male
AW00015114,1955-05-27,Male
AW00015115,1953-01-19,M
AW00015116,1949-04-20,Male
AW00015117,1950-06-15,Male
NASAW00015118,1946-12-12,Male
AW00015119,1952-06-10,Male
AW00015120,1959-11-15,F
AW00015121,1943-01-27,F
AW00015122,1953-02-20,Male
AW00015123,1961-05-06,F
NASAW00015124,1959-10-14,M
AW00015125,1957-03-21,Male
AW00015126,1960-07-07,Male
NASAW00015127,1951-04-05,F
AW00015128,1957-08-28,Female
AW00015129,1959-10-18,Male
NASAW00015130,1956-03-28,Male
AW00015131,1956-06-28,M
AW00015132,1961-06-27,Male
NASAW00015133,1940-08-06,F
AW00015134,1954-08-02,Male
AW00015135,1962-06-18,M
AW00015136,1943-07-13,Male
AW00015137,1940-12-04,F
AW00015138,1954-04-08,Female
AW00015139,1941-07-01,Male
AW00015140,1943-09-18,M
AW00015141,1959-07-04,M
NASAW00015142,1959-02-08,Male
AW00015143,2031-01-01,F
AW00015144,1958-05-17,Male
NASAW00015145,1963-10-10,Male
NASAW00015146,1955-07-07,M
AW00015147,1948-12-07,Male
AW00015148,1941-01-06,Male
AW00015149,1959-08-03,M
AW00015150,1943-07-01,Male
AW00015151,1962-12-19,Male
NASAW00015152,1947-04-26,Female
AW00015153,1946-01-07,F
AW00015154,1943-09-26,M
AW00015155,1957-04-14,F
AW00015156,1963-04-07,Female
AW00015157,1956-02-25,Female
AW00015158,1944-11-05,Male
AW00015159,1962-11-23,M
AW00015160,1942-12-13,M
NASAW00015161,1961-03-13,Female
AW00015162,1961-08-02,F
AW00015163,1948-10-28,M
AW00015164,1957-12-01,Female
AW00015165,1961-12-26,Female
AW00015166,1944-11-24,Male
NASAW00015167,1951-08-13,Female
NASAW00015168,1948-10-22,Male
NASAW00015169,1956-07-12,
NASAW00015170,1947-06-08,M
AW00015171,1963-04-28,M
AW00015172,1945-10-14,F
AW00015173,1956-06-24,F
AW00015174,1963-11-30,Female
AW00015175,1962-03-17,F
AW00015176,1963-04-20,F
AW00015177,1962-04-27,Female
AW00015178,1944-01-21,M
AW00015179,1955-09-08,F
AW00015180,1940-12-04,F
AW00015181,1940-07-09,M
AW00015182,1960-11-28,F
NASAW00015183,1961-09-04,Female
AW00015184,1953-10-20,F
AW00015185,1942-12-08,Male
AW00015186,1940-11-21,F
AW00015187,1951-03-28,Male
AW00015188,1957-06-07,F
NASAW00015189,1962-11-29,Female
AW00015190,1953-08-05,M
NASAW00015191,1962-07-05,Male
AW00015192,1961-02-21,Male
AW00015193,1951-01-15,Male
AW00015194,1958-12-06,Male
AW00015195,1954-06-25,F
AW00015196,1955-10-25,Female
AW00015197,1948-01-25,Male
AW00015198,1959-08-26,F
NASAW00015199,1942-07-28,Female
AW00015200,1953-08-08,F
AW00015201,1947-03-01,M
NASAW00015202,2040-01-01,Female
AW00015203,2031-01-01,M
AW00015204,1952-11-09,Male
NASAW00015205,1956-06-24,Male
AW00015206,1947-11-24,F
NASAW00015207,1943-11-04,Female
AW00015208,1947-09-10,Male
AW00015209,1963-09-25,F
AW00015210,1956-03-01,M
NASAW00015211,1947-10-04,M
AW00015212,1951-01-25,Male
NASAW00015213,1953-08-19,M
AW00015214,1950-03-03,F
NASAW00015215,1947-05-02,M
AW00015216,1959-01-07,Male
AW00015217,1962-07-15,M
AW00015218,1958-05-17,Female
NASAW00015219,1941-09-10,Male
AW00015220,1963-11-22,F
NASAW00015221,1940-07-30,Female
AW00015222,1955-07-28,Female
NASAW00015223,1945-02-09,M
NASAW00015224,1948-01-26,M
NASAW00015225,1940-08-10,M
AW00015226,1961-02-25,F
AW00015227,1962-10-30,Female
AW00015228,1941-05-07,Male
AW00015229,1952-11-08,Male
AW00015230,1944-02-24,Male
AW00015231,1959-05-26,M
AW00015232,1946-09-08,Female
AW00015233,1960-01-27,M
AW00015234,1946-10-22,M
AW00015235,1959-06-09,Male
NASAW00015236,1958-09-12,F
AW00015237,1956-01-24,F
AW00015238,1945-07-31,Female
AW00015239,1957-07-23,Male
NASAW00015240,1949-06-27,F
AW00015241,1946-06-25,F
NASAW00015242,1962-03-29,Female
AW00015243,1950-04-20,Male
AW00015244,1941-10-11,F
AW00015245,1949-01-09,Male
NASAW00015246,1956-08-14,F
AW00015247,1955-01-25,Female
AW00015248,1955-10-29,Female
AW00015249,1945-07-17,M
NASAW00015250,1958-02-13,F
NASAW00015251,1962-01-31,F
NASAW00015252,1958-09-11,Male
AW00015253,1948-09-05,F
AW00015254,1944-06-10,Female
AW00015255,1959-09-30,M
AW00015256,1952-09-03,F
AW00015257,1942-02-15,M
AW00015258,1957-11-01,F
AW00015259,1940-10-30,Female
AW00015260,1947-04-27,Female
AW00015261,1962-03-11,F
NASAW00015262,1943-03-20,F
AW00015263,1963-08-09,M
AW00015264,1946-08-10,Female
NASAW00015265,1949-02-18,F
AW00015266,1955-07-16,F
AW00015267,1956-05-09,M
NASAW00015268,1952-04-24,Female
AW00015269,1945-09-03,Female
AW00015270,1943-09-01,F
AW00015271,1963-07-27,Female
AW00015272,1941-01-21,F
AW00015273,1963-08-09,Male
AW00015274,1943-05-05,F
AW00015275,1947-10-11,F
AW00015276,1950-03-18,F
AW00015277,1947-11-23,M
AW00015278,1955-12-01,Female
NASAW00015279,1957-06-27,Female
AW00015280,1942-07-12,
NASAW00015281,1942-08-26,F
AW00015282,1948-01-04,M
NASAW00015283,1945-02-20,Female
NASAW00015284,1953-05-17,M
AW00015285,1951-10-08,
NASAW00015286,1940-12-02,Male
AW00015287,1942-06-05,M
AW00015288,1952-05-25,F
NASAW00015289,1952-02-04,F
AW00015290,1940-07-18,M
AW00015291,1940-05-30,F
AW00015292,1960-09-13,Male
AW00015293,1956-01-13,M
AW00015294,1963-04-10,F
NASAW00015295,1948-08-28,M
AW00015296,1958-07-04,Female
AW00015297,1960-02-29,
AW00015298,1956-01-09,Male
AW00015299,1952-07-28,Female
AW00015300,1942-11-04,Female
AW00015301,1956-10-10,Male
AW00015302,1953-02-03,Male
AW00015303,1961-12-17,Female
AW00015304,1960-01-02,Male
AW00015305,1960-10-09,Male
AW00015306,1945-12-15,Male
NASAW00015307,1953-07-31,
AW00015308,1951-10-15,Female
AW00015309,1956-04-14,Female
AW00015310,1940-12-05,Male
AW00015311,1953-05-17,M
AW00015312,1963-08-11,F
AW00015313,1959-08-27,M
AW00015314,1963-01-08,F
AW00015315,1942-10-05,Male
AW00015316,1956-04-08,
NASAW00015317,1946-08-02,M
NASAW00015318,1947-07-05,Female
AW00015319,1951-10-02,Male
AW00015320,1955-12-19,M
AW00015321,1951-03-05,Male
AW00015322,1956-10-16,F
AW00015323,1943-06-04,Female
NASAW00015324,1951-09-05,Male
AW00015325,1940-01-18,Male
NASAW00015326,1948-07-27,M
NASAW00015327,1953-04-30,M
AW00015328,1951-03-11,F
AW00015329,1954-03-28,F
AW00015330,1960-09-13,F
NASAW00015331,1958-06-06,Female
NASAW00015332,1944-06-20,F
NASAW00015333,1960-05-18,Male
AW00015334,1957-06-02,Female
AW00015335,1958-07-30,F
AW00015336,1952-05-04,Female
AW00015337,1955-03-30,M
AW00015338,1955-08-14,Male
AW00015339,1952-04-16,F
AW00015340,1940-05-09,M
AW00015341,1954-08-06,Female
NASAW00015342,1944-04-05,Female
AW00015343,1943-03-28,Female
AW00015344,1942-12-16,Female
AW00015345,1952-06-30,Female
AW00015346,1949-07-06,F
AW00015347,1962-06-14,M
AW00015348,1951-11-15,Female
AW00015349,1956-01-06,Male
NASAW00015350,1944-03-20,F
AW00015351,1945-08-26,Female
AW00015352,1947-09-29,Male
AW00015353,1947-09-22,M
AW00015354,1947-08-10,Female
AW00015355,1941-11-27,F
NASAW00015356,1958-05-31,Female
AW00015357,1946-12-04,M
NASAW00015358,1961-09-17,Male
NASAW00015359,1941-01-21,Male
AW00015360,1940-12-09,F
AW00015361,1963-03-09,Male
NASAW00015362,1962-10-19,F
NASAW00015363,1960-01-28,
AW00015364,1943-05-22,Male
AW00015365,1949-05-23,F
AW00015366,1941-12-10,Male
AW00015367,1959-07-28,
AW00015368,1960-11-15,M
NASAW00015369,1950-03-29,M
AW00015370,1945-01-06,M
AW00015371,1958-09-04,Male
AW00015372,1941-08-08,Male
NASAW00015373,1944-10-12,Female
NASAW00015374,1943-03-01,Female
NASAW00015375,1962-12-11,Male
AW00015376,1958-07-24,Female
NASAW00015377,1940-04-30,M
AW00015378,1948-10-30,Female
AW00015379,1943-11-28,Male
AW00015380,1961-08-11,Female
AW00015381,1940-03-15,F
AW00015382,1959-09-17,M
AW00015383,1950-02-18,Male
NASAW00015384,1961-03-20,Male
AW00015385,1958-11-11,Female
AW00015386,1961-06-16,Female
NASAW00015387,1952-01-14,Female
NASAW00015388,1950-03-15,Male
AW00015389,1942-10-10,F
AW00015390,1950-11-11,Male
AW00015391,1952-06-25,Female
NASAW00015392,1945-05-14,F
AW00015393,1947-11-16,Female
AW00015394,1942-10-30,M
AW00015395,1955-07-15,M
AW00015396,1960-08-20,Male
AW00015397,1958-01-01,Female
NASAW00015398,1957-11-02,F
NASAW00015399,1961-07-07,F
AW00015400,1954-05-11,
AW00015401,1956-02-25,F
AW00015402,1955-05-25,M
AW00015403,1959-10-08,Male
AW00015404,1963-01-11,Female
AW00015405,1950-07-15,M
AW00015406,1943-10-06,Male
AW00015407,1944-03-31,M
AW00015408,1947-11-15,
AW00015409,1943-06-23,M
NASAW00015410,1960-08-16,F
AW00015411,1951-07-15,M
AW00015412,1941-08-04,Male
NASAW00015413,1960-02-03,Male
AW00015414,1952-09-02,M
AW00015415,1958-08-03,Female
AW00015416,1950-05-30,M
NASAW00015417,1963-11-07,F
NASAW00015418,1948-12-28,M
AW00015419,1941-04-11,Male
AW00015420,1944-07-26,Male
NASAW00015421,1960-05-08,F
NASAW00015422,1958-04-11,Female
AW00015423,1963-04-05,F
NASAW00015424,1949-01-17,M
AW00015425,1953-01-22,M
AW00015426,1952-06-17,F
AW00015427,1958-01-03,F
NASAW00015428,1942-06-18,M
NASAW00015429,1955-08-01,Female
AW00015430,1947-02-20,M
AW00015431,1963-11-22,Female
AW00015432,1941-08-21,Female
AW00015433,1959-06-05,Female
AW00015434,1958-07-02,
AW00015435,1950-05-15,Female
AW00015436,1942-08-07,Male
AW00015437,1946-01-23,Female
NASAW00015438,1944-06-12,Female
AW00015439,1960-02-19,Female
NASAW00015440,1956-10-26,Female
NASAW00015441,1950-08-15,F
AW00015442,1958-04-06,F
NASAW00015443,1948-10-03,Female
AW00015444,1943-03-25,Female
AW00015445,1954-08-03,Male
NASAW00015446,1944-08-15,Female
NASAW00015447,1956-01-05,F
AW00015448,1951-04-12,F
AW00015449,1961-04-23,Male
NASAW00015450,1956-10-04,Male
AW00015451,1959-05-13,M
AW00015452,1961-11-20,Female
AW00015453,1954-12-06,M
NASAW00015454,1960-04-10,M
NASAW00015455,1944-02-14,F
AW00015456,1949-06-30,Female
AW00015457,1950-02-06,F
AW00015458,1953-10-13,M
AW00015459,1954-06-18,Male
NASAW00015460,1951-05-24,F
AW00015461,1952-11-01,Male
NASAW00015462,1951-02-20,F
NASAW00015463,1942-04-06,Male
NASAW00015464,1944-02-26,F
AW00015465,1941-01-09,F
AW00015466,1943-08-04,M
AW00015467,1941-01-31,Male
AW00015468,1945-08-10,F
NASAW00015469,1959-09-27,Male
AW00015470,1957-03-05,M
AW00015471,1959-04-20,F
NASAW00015472,1943-05-27,Male
AW00015473,1942-04-07,F
NASAW00015474,1948-06-07,Female
NASAW00015475,1941-03-07,F
AW00015476,1955-09-21,F
AW00015477,1960-11-03,Female
AW00015478,1954-01-23,F
NASAW00015479,1941-08-01,F
AW00015480,1963-10-31,Male
AW00015481,1958-10-27,Male
AW00015482,1952-03-29,M
NASAW00015483,1959-08-23,M
AW00015484,1949-03-31,Male
AW00015485,1955-05-30,Female
AW00015486,1944-03-21,Female
AW00015487,1944-04-04,M
AW00015488,1941-04-17,Male
NASAW00015489,1959-08-29,F
NASAW00015490,1949-02-20,Male
AW00015491,1948-02-14,Female
NASAW00015492,1955-08-05,
NASAW00015493,1941-06-17,Male
AW00015494,1947-10-12,Male
NASAW00015495,1960-11-11,Male
NASAW00015496,1941-09-14,F
AW00015497,1949-09-18,M
AW00015498,1942-01-09,
NASAW00015499,1959-05-17,F
AW00015500,1941-09-06,M
AW00015501,1947-10-17,Male
AW00015502,1945-11-05,Male
AW00015503,1961-10-20,M
NASAW00015504,1949-05-10,Male
AW00015505,1960-05-15,M
AW00015506,1957-12-23,F
AW00015507,1959-08-11,M
AW00015508,1943-05-22,Male
AW00015509,1959-07-15,M
AW00015510,1942-07-07,Male
AW00015511,1959-02-20,Male
NASAW00015512,1945-10-21,Male
AW00015513,1952-01-24,F
AW00015514,1951-08-14,Male
NASAW00015515,1951-08-23,F
AW00015516,1953-07-09,
AW00015517,1954-12-21,Female
AW00015518,1953-02-04,Female
AW00015519,1950-07-04,F
AW00015520,1960-06-10,F
NASAW00015521,1959-10-17,M
AW00015522,1947-10-25,M
NASAW00015523,1940-03-10,M
AW00015524,1948-09-04,Female
AW00015525,1953-05-06,F
NASAW00015526,1963-06-22,M
NASAW00015527,1945-12-26,F
NASAW00015528,1953-12-02,Male
NASAW00015529,1945-07-22,F
AW00015530,1952-06-17,Male
AW00015531,1942-08-09,F
NASAW00015532,1956-06-06,M
AW00015533,1954-03-19,Female
AW00015534,1957-11-10,F
AW00015535,1962-09-18,Male
AW00015536,1940-02-26,Female
AW00015537,1944-04-16,Male
AW00015538,1953-06-09,M
AW00015539,1961-12-06,M
NASAW00015540,1951-01-17,Female
AW00015541,1943-09-20,Male
AW00015542,1952-06-28,Male
AW00015543,1940-10-22,Male
AW00015544,1940-06-03,M
NASAW00015545,1958-09-28,M
AW00015546,1947-08-15,Male
NASAW00015547,1941-03-18,M
AW00015548,1954-12-09,Male
NASAW00015549,1940-01-08,Male
NASAW00015550,1948-01-28,M
AW00015551,1959-12-22,M
NASAW00015552,1953-05-15,F
NASAW00015553,1962-09-02,F
AW00015554,1961-02-15,Female
AW00015555,1942-11-03,M
NASAW00015556,1950-07-25,
AW00015557,1951-02-03,F
AW00015558,1957-04-09,F
AW00015559,1959-08-07,F
NASAW00015560,1957-08-15,Male
AW00015561,1953-01-23,F
AW00015562,1945-09-21,F
AW00015563,1949-06-21,M
NASAW00015564,1947-11-01,
AW00015565,1960-07-16,
NASAW00015566,1954-02-21,Male
NASAW00015567,1951-06-22,Female
NASAW00015568,1943-12-16,Female
AW00015569,1946-09-02,M
AW00015570,1961-06-20,Male
AW00015571,1959-08-02,F
AW00015572,1940-06-05,Male
NASAW00015573,1945-08-01,Male
AW00015574,1947-10-17,M
AW00015575,1957-11-23,Male
NASAW00015576,1941-05-03,M
NASAW00015577,1945-12-23,F
AW00015578,1946-04-10,Female
NASAW00015579,1951-02-19,Male
AW00015580,1952-02-21,Female
AW00015581,1943-08-27,M
AW00015582,1945-02-27,M
AW00015583,1941-11-24,Male
AW00015584,1940-09-06,Female
AW00015585,1947-12-17,Male
AW00015586,1945-02-10,Female
AW00015587,1944-07-05,Female
NASAW00015588,1957-04-18,Female
NASAW00015589,1947-08-08,Male
NASAW00015590,1955-07-09,Male
AW00015591,1959-05-11,M
AW00015592,1943-09-06,F
AW00015593,1950-10-07,Male
AW00015594,1951-08-11,Male
AW00015595,1945-10-28,Female
NASAW00015596,1945-05-27,Male
NASAW00015597,1952-09-07,M
AW00015598,1962-12-20,M
AW00015599,1951-08-05,Male
AW00015600,1944-07-27,Male
AW00015601,1947-03-01,M
NASAW00015602,1947-07-04,Male
NASAW00015603,1949-09-12,Male
AW00015604,1960-08-15,F
AW00015605,1952-10-09,Female
AW00015606,1944-01-04,Male
NASAW00015607,1963-05-02,M
AW00015608,1940-03-28,F
AW00015609,1952-11-06,M
AW00015610,1952-07-07,Male
AW00015611,1950-09-30,M
AW00015612,1946-05-13,F
AW00015613,1949-12-12,F
NASAW00015614,1940-05-22,F
NASAW00015615,1941-11-24,Male
AW00015616,1952-12-08,F
NASAW00015617,1959-03-01,
AW00015618,1941-01-07,F
AW00015619,1956-04-23,M
AW00015620,1952-10-10,F
AW00015621,1951-10-04,F
AW00015622,1952-08-06,Male
AW00015623,1953-07-30,Male
AW00015624,1940-07-23,F
AW00015625,1950-10-09,F
NASAW00015626,1949-08-23,M
AW00015627,1948-02-07,F
AW00015628,1956-08-15,M
NASAW00015629,1953-08-28,F
AW00015630,1949-01-19,
NASAW00015631,1957-05-02,F
AW00015632,1960-03-31,Female
AW00015633,1946-11-07,Male
NASAW00015634,1957-05-13,
AW00015635,1954-04-11,Female
AW00015636,1952-07-14,M
AW00015637,1940-05-04,Male
NASAW00015638,1956-05-18,F
AW00015639,1942-09-09,Female
AW00015640,1953-12-05,Female
NASAW00015641,1959-05-16,F
NASAW00015642,1953-05-21,M
AW00015643,1963-06-10,F
AW00015644,1959-01-12,Male
AW00015645,1957-05-20,F
NASAW00015646,1951-03-29,M
NASAW00015647,1949-08-07,M
AW00015648,1951-11-18,Male
AW00015649,1962-03-29,F
AW00015650,1959-06-09,Male
AW00015651,1942-09-15,M
AW00015652,1963-01-22,M
AW00015653,1960-12-12,Male
AW00015654,1962-11-17,F
NASAW00015655,1961-12-06,M
AW00015656,1947-05-21,F
AW00015657,1958-02-25,Female
AW00015658,1962-11-21,M
NASAW00015659,1955-09-11,
AW00015660,1957-06-22,M
AW00015661,1962-07-29,F
NASAW00015662,1951-03-10,F
AW00015663,1948-05-16,M
AW00015664,1949-10-01,Male
AW00015665,1961-06-20,Male
NASAW00015666,1952-03-01,Female
AW00015667,1942-01-30,F
AW00015668,1946-10-29,Female
NASAW00015669,1951-03-19,M
AW00015670,1954-06-14,M
AW00015671,1951-10-29,M
AW00015672,1952-09-18,F
NASAW00015673,1945-12-30,M
AW00015674,1944-10-07,F
AW00015675,1951-02-07,Female
NASAW00015676,1954-09-09,F
NASAW00015677,1949-12-26,Female
AW00015678,1949-06-18,Male
AW00015679,1958-04-01,M
NASAW00015680,1961-01-20,
AW00015681,1946-09-26,M
AW00015682,1963-05-13,Male
AW00015683,1949-02-21,Male
AW00015684,1942-07-13,Male
AW00015685,1947-08-23,M
AW00015686,1945-03-09,Male
AW00015687,1949-03-12,Male
NASAW00015688,1944-09-16,F
NASAW00015689,1943-09-23,Female
AW00015690,1947-07-17,M
AW00015691,1962-10-03,F
AW00015692,1961-07-05,M
NASAW00015693,1940-11-15,Male
AW00015694,1943-11-18,F
NASAW00015695,1961-07-14,Male
AW00015696,1951-11-05,Male
AW00015697,1943-09-13,M
AW00015698,1956-11-14,Female
AW00015699,1963-10-12,F
AW00015700,1963-11-28,F
AW00015701,1960-03-03,F
AW00015702,1947-12-31,
AW00015703,1948-09-16,M
AW00015704,1963-06-18,Female
AW00015705,1952-05-13,Female
AW00015706,1961-08-15,F
AW00015707,1947-11-22,F
AW00015708,1953-09-23,Male
AW00015709,1942-03-06,Female
AW00015710,1953-02-19,Male
AW00015711,1950-04-17,F
AW00015712,1955-07-27,Male
AW00015713,1953-01-22,F
AW00015714,1963-03-08,Male
NASAW00015715,1960-03-13,Male
AW00015716,1950-09-26,F
AW00015717,1947-08-08,Female
AW00015718,1959-12-29,Male
AW00015719,1962-11-05,Female
NASAW00015720,1961-11-26,
AW00015721,1951-10-22,F
AW00015722,1956-02-23,M
NASAW00015723,1952-09-29,Female
AW00015724,1952-07-27,Male
NASAW00015725,1948-06-07,M
AW00015726,1943-12-19,M
NASAW00015727,1944-04-01,M
NASAW00015728,1957-12-26,Female
AW00015729,1959-12-20,F
AW00015730,1955-10-20,F
AW00015731,1943-09-06,F
AW00015732,1962-06-06,M
AW00015733,1949-07-23,M
AW00015734,1947-07-28,M
AW00015735,1954-06-07,Male
AW00015736,1947-04-13,Male
AW00015737,1955-05-29,M
AW00015738,1956-07-31,Female
NASAW00015739,1959-11-08,F
AW00015740,1941-11-02,M
AW00015741,1961-10-02,F
NASAW00015742,1959-10-28,Male
NASAW00015743,1962-03-29,Female
AW00015744,1951-05-02,M
AW00015745,1959-08-30,Male
NASAW00015746,1948-04-02,Male
AW00015747,1946-01-07,F
AW00015748,1958-09-06,Female
AW00015749,1947-11-07,Female
AW00015750,1959-03-28,M
AW00015751,1960-02-25,
AW00015752,1943-07-22,Female
AW00015753,1958-05-10,Male
NASAW00015754,1956-03-06,Female
AW00015755,1955-01-18,M
AW00015756,1959-05-09,Male
AW00015757,1953-05-12,M
AW00015758,1944-12-28,M
NASAW00015759,1950-02-05,Female
NASAW00015760,1955-03-04,Female
AW00015761,1940-12-30,F
NASAW00015762,1941-03-25,M
AW00015763,1940-08-07,Male
AW00015764,1940-11-21,Female
AW00015765,1951-02-12,F
NASAW00015766,1953-10-25,F
AW00015767,1950-02-11,Female
NASAW00015768,1948-11-23,F
AW00015769,1945-07-26,M
AW00015770,1957-08-23,F
AW00015771,1946-09-29,Male
AW00015772,1960-12-09,M
NASAW00015773,1944-03-02,Female
NASAW00015774,1960-03-31,Female
AW00015775,1963-06-21,Female
AW00015776,1961-09-22,M
AW00015777,1952-06-03,Female
NASAW00015778,1957-05-25,F
AW00015779,1961-07-30,
NASAW00015780,1943-09-23,
AW00015781,1945-06-01,Female
AW00015782,1954-08-31,M
NASAW00015783,1960-10-07,Female
AW00015784,1960-06-10,Male
NASAW00015785,1957-10-26,M
NASAW00015786,1943-05-24,Male
AW00015787,1963-11-08,M
NASAW00015788,1953-02-20,Female
NASAW00015789,1944-11-06,Female
AW00015790,1948-03-17,Male
NASAW00015791,1947-03-11,Male
AW00015792,1943-01-22,F
AW00015793,1958-09-16,M
AW00015794,1941-08-20,M
AW00015795,1960-09-08,Male
NASAW00015796,1950-09-03,M
AW00015797,1947-05-22,F
NASAW00015798,1956-12-01,F
AW00015799,1954-04-06,Female
NASAW00015800,1960-09-23,Female
AW00015801,1940-09-20,Male
NASAW00015802,1948-12-09,Female
NASAW00015803,1944-03-31,Female
AW00015804,1947-04-13,Male
AW00015805,1956-11-10,Male
AW00015806,1944-07-15,Female
NASAW00015807,1947-03-13,M
NASAW00015808,1949-10-12,Male
NASAW00015809,1946-08-28,M
AW00015810,1955-04-11,F
NASAW00015811,1954-05-12,M
AW00015812,1945-01-26,Male
NASAW00015813,1947-07-16,Female
NASAW00015814,1941-11-12,Male
NASAW00015815,1953-09-09,Male
AW00015816,1957-04-10,M
AW00015817,1952-11-10,
NASAW00015818,1959-06-05,F
AW00015819,1943-07-30,Female
AW00015820,1958-02-07,M
AW00015821,1945-04-14,M
AW00015822,1947-09-14,M
AW00015823,1953-06-10,M
AW00015824,1943-01-13,M
AW00015825,1958-10-19,M
NASAW00015826,1943-10-17,Male
AW00015827,1950-11-30,Female
AW00015828,1956-01-05,F
AW00015829,1943-09-27,Female
AW00015830,1955-02-04,M
AW00015831,1947-01-28,F
NASAW00015832,1949-03-05,Female
AW00015833,1954-01-01,F
NASAW00015834,1943-04-13,Female
AW00015835,1947-03-17,M
NASAW00015836,1952-05-12,Male
AW00015837,1954-05-20,M
AW00015838,1959-08-13,Male
AW00015839,1957-07-19,Male
NASAW00015840,1947-11-03,Male
AW00015841,1950-03-07,F
AW00015842,1960-10-10,Male
NASAW00015843,1956-06-05,M
AW00015844,1953-02-01,M
AW00015845,1940-01-25,Female
AW00015846,1944-12-09,M
NASAW00015847,1943-12-26,M
AW00015848,1957-07-23,Male
NASAW00015849,1959-09-21,F
AW00015850,1948-03-17,M
AW00015851,1955-01-02,Female
AW00015852,1961-02-15,Female
AW00015853,1956-03-01,M
AW00015854,1961-11-01,Male
AW00015855,1948-04-18,Male
AW00015856,1961-06-17,F
AW00015857,2031-01-01,Female
AW00015858,1951-01-14,Male
AW00015859,1951-07-20,M
AW00015860,1948-06-17,Female
AW00015861,1951-09-28,F
NASAW00015862,1949-07-06,
AW00015863,1960-05-14,F
AW00015864,1948-05-16,Male
NASAW00015865,1953-04-28,Female
AW00015866,1946-03-17,F
AW00015867,1940-07-30,M
AW00015868,1958-03-01,M
AW00015869,1947-09-11,Female
NASAW00015870,1944-06-02,F
AW00015871,1946-10-18,M
AW00015872,1944-10-17,M
AW00015873,1944-08-08,F
NASAW00015874,1947-10-18,F
AW00015875,1952-07-15,Male
NASAW00015876,1963-12-01,Female
AW00015877,1955-09-02,F
NASAW00015878,1963-06-14,Female
NASAW00015879,1952-05-19,F
AW00015880,1943-02-13,Female
AW00015881,1947-03-24,F
AW00015882,1946-12-22,F
NASAW00015883,1941-01-21,Female
NASAW00015884,1960-01-24,Male
AW00015885,1950-10-16,Male
AW00015886,1953-09-17,M
AW00015887,1944-04-07,Male
AW00015888,1949-09-27,Male
AW00015889,1948-01-18,Male
AW00015890,1960-06-28,Male
AW00015891,1950-03-07,F
NASAW00015892,1957-07-14,Male
NASAW00015893,1955-03-16,Female
AW00015894,1959-07-18,M
NASAW00015895,1961-05-28,M
AW00015896,1953-01-27,Male
AW00015897,1942-04-27,F
AW00015898,1945-01-14,Male
AW00015899,1950-09-03,M
NASAW00015900,1950-12-17,
AW00015901,1949-03-11,F
NASAW00015902,1957-09-18,Female
AW00015903,1961-07-15,Male
AW00015904,1957-03-22,F
NASAW00015905,1941-12-11,M
NASAW00015906,1951-05-01,Female
NASAW00015907,1960-04-16,M
NASAW00015908,1940-04-17,Male
AW00015909,1943-10-24,Male
AW00015910,1947-05-16,F
AW00015911,1943-12-19,M
AW00015912,1958-04-01,F
AW00015913,1962-04-02,M
AW00015914,1963-11-08,Female
AW00015915,1959-12-10,Female
NASAW00015916,1956-07-30,M
AW00015917,1942-02-04,F
NASAW00015918,1950-12-05,M
AW00015919,1963-07-30,M
NASAW00015920,1951-07-21,Male
AW00015921,1949-10-30,F
NASAW00015922,1951-12-09,Male
AW00015923,1944-11-16,Female
AW00015924,1946-11-26,F
NASAW00015925,1953-10-29,F
AW00015926,1953-12-31,Female
AW00015927,1955-03-25,Female
AW00015928,1951-02-27,Female
NASAW00015929,1961-11-26,Female
AW00015930,1959-10-18,F
AW00015931,1956-04-06,F
AW00015932,1961-11-11,M
NASAW00015933,1947-08-03,Female
AW00015934,1944-05-06,F
AW00015935,1950-08-05,Female
NASAW00015936,1941-06-04,Female
NASAW00015937,1954-11-01,Female
NASAW00015938,1943-09-10,M
NASAW00015939,1959-11-16,Female
AW00015940,1961-02-05,M
AW00015941,1942-10-01,M
AW00015942,1944-12-19,Female
AW00015943,1949-05-17,M
AW00015944,1950-10-13,Female
AW00015945,1963-10-24,Male
NASAW00015946,1963-04-13,M
AW00015947,1959-07-12,Male
AW00015948,1942-10-24,M
AW00015949,1963-08-04,Female
AW00015950,1943-01-29,M
AW00015951,1952-10-11,F
NASAW00015952,1962-12-25,
AW00015953,1960-01-01,F
AW00015954,1943-12-18,Female
AW00015955,1941-02-24,Female
AW00015956,1956-11-12,Male
AW00015957,1948-03-15,M
AW00015958,1944-05-09,M
AW00015959,1945-10-16,Male
AW00015960,1946-07-07,Male
AW00015961,1961-03-24,M
AW00015962,1949-12-09,Male
AW00015963,1963-09-09,M
AW00015964,1940-10-02,Male
AW00015965,1940-07-30,M
AW00015966,1957-02-25,Male
NASAW00015967,1962-01-21,M
AW00015968,1945-05-06,M
NASAW00015969,1960-01-19,M
NASAW00015970,1940-12-30,F
AW00015971,1942-03-25,M
AW00015972,1955-09-12,M
NASAW00015973,1956-07-31,F
NASAW00015974,1957-06-22,M
AW00015975,1958-06-18,Female
NASAW00015976,1959-05-03,M
NASAW00015977,1953-12-20,Male
AW00015978,1946-08-22,M
AW00015979,1954-01-26,Male
NASAW00015980,1953-04-21,Male
AW00015981,1963-05-08,F
AW00015982,1948-08-08,M
NASAW00015983,1943-02-19,Male
NASAW00015984,1958-11-16,M
AW00015985,1955-11-12,Female
AW00015986,1950-06-18,Male
AW00015987,1945-06-30,M
NASAW00015988,1958-09-15,M
AW00015989,1953-03-30,M
AW00015990,1957-02-10,Female
AW00015991,1943-07-04,Male
AW00015992,1946-06-27,Female
NASAW00015993,1943-09-04,Female
AW00015994,1940-05-07,F
AW00015995,1957-06-28,Male
AW00015996,1956-07-24,M
NASAW00015997,1960-09-20,
NASAW00015998,1956-12-09,M
NASAW00015999,1945-07-03,Male
NASAW00016000,1946-03-05,Male
AW00016001,1945-05-03,F
AW00016002,1956-06-05,Female
NASAW00016003,1955-11-10,Male
AW00016004,1956-08-20,M
AW00016005,1963-09-18,Female
AW00016006,1941-12-16,Female
NASAW00016007,1948-09-12,F
AW00016008,1959-02-20,M
NASAW00016009,1945-08-14,Female
NASAW00016010,1959-02-17,Female
AW00016011,1962-03-11,Male
NASAW00016012,1951-11-30,Female
AW00016013,1953-06-25,M
AW00016014,1944-05-05,M
AW00016015,1956-07-25,M
AW00016016,1946-09-10,F
AW00016017,1953-11-04,Female
AW00016018,1944-09-25,
AW00016019,1949-09-15,M
AW00016020,1951-09-08,F
AW00016021,1954-03-15,Female
AW00016022,1959-11-30,F
AW00016023,1950-12-08,F
AW00016024,1949-06-16,M
AW00016025,1944-01-29,M
AW00016026,1955-10-03,M
AW00016027,1943-06-05,
NASAW00016028,1942-03-09,F
AW00016029,1948-04-03,M
AW00016030,1953-02-16,F
AW00016031,1955-03-21,Male
AW00016032,1958-08-06,F
AW00016033,1951-07-07,Female
AW00016034,1955-02-05,Male
AW00016035,1949-01-21,Male
AW00016036,1940-03-07,F
NASAW00016037,1941-10-12,Male
AW00016038,1960-11-10,F
NASAW00016039,1962-09-20,F
AW00016040,1950-10-22,Female
AW00016041,1954-12-15,Female
NASAW00016042,1959-04-28,M
AW00016043,1960-09-17,F
AW00016044,1954-02-11,M
NASAW00016045,1942-04-04,Female
AW00016046,1952-01-04,Female
AW00016047,1963-03-17,M
AW00016048,1942-09-07,Female
AW00016049,1940-03-15,Male
AW00016050,1957-08-25,M
AW00016051,1950-09-23,Female
AW00016052,1947-02-14,Female
AW00016053,1955-05-06,Male
AW00016054,1957-03-22,F
AW00016055,1963-11-07,F
AW00016056,1949-11-26,Female
AW00016057,1962-07-25,F
AW00016058,1963-09-16,Male
AW00016059,1947-05-31,F
AW00016060,1948-12-01,M
AW00016061,1945-09-30,
AW00016062,1941-09-24,Male
AW00016063,1957-01-29,F
AW00016064,1950-10-31,Male
NASAW00016065,1955-10-05,Female
AW00016066,1959-02-20,
AW00016067,1941-06-21,Female
AW00016068,1950-03-02,Male
AW00016069,1960-07-27,Male
AW00016070,1954-07-07,Male
NASAW00016071,1956-05-27,
AW00016072,1956-12-06,F
NASAW00016073,1943-08-21,F
AW00016074,1953-03-22,Male
AW00016075,1944-11-13,M
AW00016076,1944-09-27,F
NASAW00016077,1946-04-29,F
NASAW00016078,1944-03-03,F
NASAW00016079,1958-01-10,Male
AW00016080,1961-10-26,Male
AW00016081,1946-05-28,M
NASAW00016082,1943-03-14,Female
NASAW00016083,1960-02-24,F
AW00016084,1946-07-05,Female
AW00016085,1951-07-08,M
AW00016086,1959-04-06,Male
AW00016087,1948-07-28,Male
AW00016088,1960-08-26,Male
AW00016089,1946-07-10,F
NASAW00016090,1940-07-22,M
NASAW00016091,1945-07-13,
AW00016092,1963-12-11,Male
AW00016093,1955-06-11,Female
AW00016094,1962-05-30,Male
AW00016095,1942-07-18,Male
NASAW00016096,1963-03-15,Female
NASAW00016097,1940-06-02,Male
NASAW00016098,1945-08-23,Male
NASAW00016099,1942-02-08,Male
AW00016100,1960-07-14,M
AW00016101,1963-07-01,M
AW00016102,1951-11-25,F
AW00016103,1943-06-30,Male
AW00016104,1942-03-12,Male
AW00016105,1945-07-15,Male
AW00016106,1942-03-23,F
AW00016107,1946-11-11,Female
AW00016108,1955-04-15,M
AW00016109,1956-07-11,Female
AW00016110,2033-01-01,M
AW00016111,1961-03-31,Female
AW00016112,1955-04-07,M
AW00016113,1958-06-05,Female
NASAW00016114,1963-08-18,M
AW00016115,1947-01-08,Female
AW00016116,1940-03-07,F
NASAW00016117,1951-03-30,M
AW00016118,1962-01-14,M
AW00016119,1942-09-27,
AW00016120,1944-07-19,M
AW00016121,1941-06-11,Male
NASAW00016122,1943-11-11,Female
AW00016123,1946-01-04,Female
AW00016124,1956-09-28,Female
NASAW00016125,1963-02-01,M
AW00016126,1944-07-07,Male
AW00016127,1948-08-11,F
NASAW00016128,1946-02-19,Male
AW00016129,1940-06-13,F
AW00016130,1942-11-29,Male
NASAW00016131,1946-06-09,Female
AW00016132,1950-03-12,Female
AW00016133,1956-05-18,Male
AW00016134,1943-08-11,M
AW00016135,1958-03-20,Male
AW00016136,1954-11-28,F
AW00016137,1940-04-14,F
NASAW00016138,1963-09-08,Male
AW00016139,1941-10-17,F
AW00016140,1951-11-24,F
AW00016141,1941-02-24,Male
NASAW00016142,1962-06-28,
NASAW00016143,1948-01-31,Male
AW00016144,1959-11-05,F
AW00016145,1945-11-10,Male
AW00016146,1950-09-05,
AW00016147,1957-06-01,M
NASAW00016148,1954-04-11,Male
AW00016149,1949-11-30,M
AW00016150,1960-08-02,Male
AW00016151,1957-12-30,Male
NASAW00016152,1946-07-04,Male
NASAW00016153,1960-12-20,M
NASAW00016154,1950-02-06,M
AW00016155,1948-08-22,
AW00016156,1957-04-08,Male
NASAW00016157,1947-04-21,Female
AW00016158,1946-08-11,M
AW00016159,1946-09-25,Female
NASAW00016160,1940-12-27,Male
AW00016161,1957-04-06,M
NASAW00016162,1958-05-17,Male
AW00016163,1962-07-22,Male
AW00016164,1946-05-22,Male
AW00016165,1944-04-03,Female
AW00016166,1940-09-25,Male
AW00016167,1945-12-18,M
NASAW00016168,1943-07-22,F
AW00016169,1943-01-22,M
NASAW00016170,1946-03-28,Female
AW00016171,1948-01-24,F
NASAW00016172,1949-12-11,F
NASAW00016173,1956-07-15,
NASAW00016174,1954-06-29,Female
NASAW00016175,1957-12-15,Female
NASAW00016176,1950-02-24,F
AW00016177,1942-09-22,Female
AW00016178,1949-10-29,F
AW00016179,1949-11-30,Female
AW00016180,1952-08-23,Male
AW00016181,1953-09-21,Male
NASAW00016182,1943-02-14,Male
NASAW00016183,1940-08-18,Female
AW00016184,1944-04-05,
AW00016185,1949-09-12,Male
NASAW00016186,1949-03-23,M
AW00016187,1947-05-22,M
AW00016188,1953-11-20,Male
AW00016189,1947-10-13,Male
AW00016190,1953-04-09,Female
NASAW00016191,1951-08-10,F
AW00016192,1940-02-05,M
AW00016193,1951-07-20,Male
NASAW00016194,1962-10-29,Male
AW00016195,1940-07-07,M
AW00016196,1954-01-14,Male
NASAW00016197,1946-06-15,
AW00016198,1959-11-02,Female
NASAW00016199,1959-09-17,
NASAW00016200,1952-11-24,Male
AW00016201,1952-11-09,M
AW00016202,1963-08-24,M
AW00016203,1962-09-05,
AW00016204,1953-07-25,Female
NASAW00016205,1942-03-22,Female
NASAW00016206,1949-02-23,Female
AW00016207,1941-03-13,Male
AW00016208,1962-12-24,F
AW00016209,1963-03-22,Female
AW00016210,1958-01-15,F
AW00016211,1957-11-20,Female
AW00016212,1961-07-14,Male
NASAW00016213,1941-01-26,Male
AW00016214,1957-08-16,F
AW00016215,1942-07-22,F
AW00016216,1955-11-30,F
NASAW00016217,1950-04-16,F
NASAW00016218,1962-10-02,M
AW00016219,1947-01-14,Female
AW00016220,1952-09-16,M
AW00016221,1941-06-15,Male
NASAW00016222,1952-10-25,F
AW00016223,1940-10-20,Male
AW00016224,1942-09-07,M
AW00016225,1947-08-14,M
AW00016226,1961-06-15,M
AW00016227,1951-02-10,M
AW00016228,1957-04-21,F
AW00016229,1954-12-09,F
NASAW00016230,1945-07-24,Female
AW00016231,1940-04-05,Male
NASAW00016232,1957-09-20,
AW00016233,1940-12-07,Male
AW00016234,1943-11-25,F
AW00016235,1942-03-04,F
AW00016236,1953-06-06,Male
AW00016237,1956-01-05,Female
AW00016238,1947-04-25,Female
AW00016239,1942-04-26,Female
NASAW00016240,1960-04-10,M
AW00016241,1947-04-04,F
AW00016242,1957-06-05,M
AW00016243,1951-09-25,Male
AW00016244,1947-01-04,Female
AW00016245,1952-08-04,F
NASAW00016246,1960-04-06,F
NASAW00016247,1960-06-15,F
AW00016248,1945-01-01,Female
AW00016249,1946-07-31,Female
AW00016250,1956-11-09,Male
AW00016251,1946-09-26,Female
NASAW00016252,1940-09-20,M
NASAW00016253,1957-09-05,
NASAW00016254,1956-02-25,M
AW00016255,1949-03-10,M
AW00016256,1954-07-20,M
AW00016257,1955-05-03,F
AW00016258,1961-06-05,Female
AW00016259,1943-07-02,M
AW00016260,1953-08-05,F
AW00016261,1954-06-27,F
NASAW00016262,1957-12-19,Male
AW00016263,1956-06-25,F
AW00016264,1961-09-27,F
AW00016265,1951-11-19,M
NASAW00016266,1958-05-20,Female
AW00016267,1952-02-26,F
AW00016268,1942-04-25,Female
AW00016269,1960-08-30,Male
AW00016270,1959-05-24,Male
AW00016271,1955-10-18,M
AW00016272,1948-11-22,M
NASAW00016273,1962-01-19,M
NASAW00016274,1940-02-19,F
AW00016275,1962-03-26,Female
NASAW00016276,1951-10-30,Female
NASAW00016277,1956-10-10,Male
NASAW00016278,1943-02-23,F
AW00016279,1945-04-04,Female
AW00016280,1958-07-16,Female
AW00016281,1953-09-14,M
AW00016282,1948-02-04,Female
NASAW00016283,1942-04-28,F
NASAW00016284,1943-03-24,Female
AW00016285,1940-08-08,Female
AW00016286,1954-10-12,Male
AW00016287,1945-05-21,F
AW00016288,1944-02-25,M
NASAW00016289,1960-12-16,Male
NASAW00016290,1949-04-04,Female
NASAW00016291,1952-12-10,Male
NASAW00016292,1940-12-01,Female
AW00016293,1940-11-24,F
AW00016294,1958-04-20,F
AW00016295,1958-07-09,Male
AW00016296,1943-08-24,F
AW00016297,1946-07-09,Male
AW00016298,1948-09-16,Male
AW00016299,1945-08-10,F
AW00016300,1963-10-29,Female
NASAW00016301,1954-09-16,Male
AW00016302,1952-04-05,Female
NASAW00016303,1945-04-29,M
AW00016304,1955-10-07,Male
AW00016305,1941-07-28,F
AW00016306,1946-01-23,F
NASAW00016307,1949-03-17,Female
NASAW00016308,1940-12-15,F
AW00016309,1963-02-24,Female
AW00016310,1947-03-02,F
NASAW00016311,1955-03-20,F
AW00016312,1959-04-11,Male
AW00016313,1944-11-09,F
AW00016314,1951-04-13,Male
AW00016315,1946-09-04,F
AW00016316,1960-03-19,Male
AW00016317,1959-08-10,Male
AW00016318,1942-05-15,M
NASAW00016319,1944-01-24,
AW00016320,1956-05-23,M
AW00016321,1960-11-03,Female
AW00016322,1945-11-30,F
AW00016323,1944-09-02,Male
AW00016324,1953-01-21,F
AW00016325,1955-06-21,Male
AW00016326,1951-07-20,
AW00016327,1950-11-10,Male
NASAW00016328,1950-08-27,M
NASAW00016329,1952-02-10,F
AW00016330,1963-07-29,F
NASAW00016331,1948-02-08,M
AW00016332,1963-11-24,Male
AW00016333,1951-10-10,
AW00016334,1948-06-22,M
NASAW00016335,1958-10-12,Male
AW00016336,1946-02-02,Female
NASAW00016337,1947-09-25,M
AW00016338,1952-12-02,F
NASAW00016339,1955-12-14,M
AW00016340,1950-05-07,
AW00016341,1951-05-07,
AW00016342,1948-02-26,Female
AW00016343,1952-02-03,Male
AW00016344,1955-02-08,Male
AW00016345,1943-09-26,Female
NASAW00016346,1943-10-08,Female
NASAW00016347,1955-06-09,M
AW00016348,1949-03-16,Female
NASAW00016349,1950-02-02,M
NASAW00016350,1955-04-08,F
AW00016351,1940-07-08,Female
AW00016352,1947-05-07,F
NASAW00016353,1946-03-13,F
AW00016354,1942-12-03,Male
AW00016355,1942-08-20,M
AW00016356,1947-11-17,Male
NASAW00016357,1962-04-29,F
AW00016358,1960-12-02,F
NASAW00016359,1948-02-06,F
NASAW00016360,1948-01-19,Male
AW00016361,1960-09-17,Male
AW00016362,1957-09-22,Male
NASAW00016363,1957-06-01,M
AW00016364,1956-05-24,Female
NASAW00016365,1942-09-23,Male
NASAW00016366,1954-12-01,Male
NASAW00016367,1958-12-17,F
NASAW00016368,1942-02-22,M
AW00016369,1944-12-10,M
AW00016370,1957-01-04,Male
AW00016371,1950-11-07,Male
AW00016372,1956-01-25,M
AW00016373,1961-11-15,M
AW00016374,1945-08-11,Male
AW00016375,1940-03-04,F
AW00016376,1957-04-18,Male
AW00016377,1950-11-23,F
AW00016378,1951-12-26,Male
AW00016379,1956-01-17,F
AW00016380,1959-10-18,M
NASAW00016381,1958-09-23,Female
AW00016382,1949-05-28,Male
AW00016383,1948-04-07,Female
NASAW00016384,1956-01-04,F
AW00016385,1943-07-14,F
AW00016386,1943-06-02,Male
AW00016387,1952-11-28,
NASAW00016388,1961-07-13,Female
AW00016389,1942-11-18,Female
AW00016390,1962-11-13,M
AW00016391,1959-10-16,F
AW00016392,1957-08-03,Female
AW00016393,1945-07-08,M
NASAW00016394,1960-05-14,Female
AW00016395,1954-12-06,F
AW00016396,1954-03-10,Male
AW00016397,1943-06-23,M
NASAW00016398,1952-05-27,F
NASAW00016399,1940-01-29,F
AW00016400,1940-01-29,Female
NASAW00016401,1954-09-16,Female
AW00016402,1940-04-25,F
AW00016403,1945-04-01,Male
AW00016404,1953-08-18,F
AW00016405,1963-06-04,Male
AW00016406,1940-06-08,Male
AW00016407,1951-02-23,M
AW00016408,1962-01-29,
AW00016409,1958-03-05,F
AW00016410,1941-04-12,M
NASAW00016411,1962-09-17,M
AW00016412,1948-07-10,F
AW00016413,1940-09-13,
AW00016414,1962-02-01,Male
AW00016415,1949-01-14,F
AW00016416,1949-02-27,F
AW00016417,1944-12-03,Female
AW00016418,1943-03-10,M
AW00016419,1960-03-14,Male
NASAW00016420,1946-10-25,M
AW00016421,1951-11-08,Male
NASAW00016422,1948-05-07,F
AW00016423,1947-11-26,F
AW00016424,1947-09-25,M
AW00016425,1943-07-14,M
NASAW00016426,1959-02-11,F
NASAW00016427,1952-11-07,Male
NASAW00016428,1947-04-08,Male
NASAW00016429,1943-01-19,F
AW00016430,1952-06-29,Female
AW00016431,1949-09-15,Female
NASAW00016432,1963-07-06,
AW00016433,1963-10-20,M
AW00016434,1943-01-20,M
AW00016435,1956-07-22,
AW00016436,1954-08-19,Male
AW00016437,1949-04-16,Female
AW00016438,1961-03-24,Male
NASAW00016439,1951-05-09,M
AW00016440,1943-06-19,Female
NASAW00016441,1949-02-06,M
AW00016442,1943-04-10,Male
AW00016443,1952-07-19,F
AW00016444,1954-11-27,M
AW00016445,1945-06-14,M
AW00016446,1955-04-23,M
AW00016447,1940-10-11,M
AW00016448,1962-01-20,Male
AW00016449,1953-10-20,
AW00016450,1955-02-16,Female
AW00016451,1945-10-02,Male
AW00016452,1944-05-06,F
NASAW00016453,1943-10-15,Male
AW00016454,1958-10-06,F
NASAW00016455,1963-03-08,M
AW00016456,1959-09-11,
AW00016457,1948-03-31,M
NASAW00016458,1948-12-28,F
AW00016459,1955-10-02,M
AW00016460,1947-01-19,Female
AW00016461,1945-12-05,Female
NASAW00016462,1953-04-21,Female
NASAW00016463,1941-09-13,F
AW00016464,1950-02-21,F
AW00016465,1956-10-14,M
AW00016466,1953-05-06,F
NASAW00016467,1957-09-10,M
AW00016468,1956-12-06,M
AW00016469,1962-12-11,F
AW00016470,1955-08-02,Female
AW00016471,1951-06-30,Female
AW00016472,1957-01-17,Male
AW00016473,1945-10-06,Male
NASAW00016474,1944-05-11,M
AW00016475,1957-11-08,Male
NASAW00016476,1944-10-01,F
NASAW00016477,1951-01-21,M
AW00016478,1951-10-22,Male
AW00016479,1946-07-10,Male
NASAW00016480,1945-12-25,M
AW00016481,1959-10-24,M
AW00016482,1940-09-16,Male
AW00016483,1954-02-17,Male
AW00016484,1963-03-07,
NASAW00016485,1962-11-22,F
AW00016486,1961-05-15,Female
NASAW00016487,1951-07-31,
NASAW00016488,1961-03-10,Female
AW00016489,1943-09-07,M
AW00016490,1947-04-28,F
AW00016491,1942-08-01,M
NASAW00016492,1945-11-07,Male
AW00016493,1942-11-09,Female
NASAW00016494,1951-08-10,Male
NASAW00016495,1959-02-10,Female
AW00016496,1954-04-08,Female
NASAW00016497,1963-02-08,
AW00016498,1960-05-08,M
AW00016499,1948-03-24,F
AW00016500,1942-09-16,Male
AW00016501,1945-03-25,Male
NASAW00016502,1947-04-03,Female
NASAW00016503,1946-08-26,F
NASAW00016504,1963-11-08,Female
NASAW00016505,1959-09-25,Male
AW00016506,1943-02-03,F
NASAW00016507,1959-08-04,Female
AW00016508,1951-11-24,M
AW00016509,1946-05-02,F
NASAW00016510,1952-12-06,M
AW00016511,1950-06-23,Male
AW00016512,1960-05-30,Female
AW00016513,1959-10-26,
AW00016514,1962-07-23,
AW00016515,1947-03-19,F
AW00016516,1960-02-21,Male
AW00016517,1949-10-14,F
AW00016518,1957-10-26,Female
NASAW00016519,1956-01-24,Female
NASAW00016520,1959-01-04,M
NASAW00016521,1956-06-20,Female
NASAW00016522,1963-09-03,M
NASAW00016523,1944-01-02,Female
AW00016524,1951-08-14,F
AW00016525,1948-09-01,M
NASAW00016526,1955-01-12,Female
AW00016527,1952-04-28,M
AW00016528,1956-08-13,F
NASAW00016529,1940-04-10,Male
AW00016530,1957-02-27,Female
AW00016531,1946-12-25,F
AW00016532,1946-03-07,Female
AW00016533,1940-03-29,Male
AW00016534,1959-06-02,M
AW00016535,1941-05-03,M
AW00016536,1958-03-27,F
AW00016537,1943-08-30,Male
AW00016538,1953-02-22,M
AW00016539,1942-05-25,Male
NASAW00016540,1955-05-09,Male
AW00016541,1959-11-05,M
NASAW00016542,1962-04-10,M
NASAW00016543,1953-06-24,F
AW00016544,1952-04-18,M
NASAW00016545,1954-06-16,Female
NASAW00016546,1956-02-28,M
NASAW00016547,1961-06-13,Female
AW00016548,1954-10-14,F
NASAW00016549,1949-12-26,M
NASAW00016550,1950-02-19,Male
NASAW00016551,1941-06-16,Female
AW00016552,1951-01-20,Female
AW00016553,1961-12-24,Female
NASAW00016554,1940-04-22,
AW00016555,1962-07-15,M
NASAW00016556,1944-01-11,Female
AW00016557,1958-12-06,F
AW00016558,1953-05-09,Male
AW00016559,2028-01-01,Female
AW00016560,1946-02-01,Male
AW00016561,1957-04-25,M
NASAW00016562,1951-04-05,Male
AW00016563,1963-07-17,M
AW00016564,1956-07-22,Male
AW00016565,1948-08-04,M
NASAW00016566,1940-01-23,Female
NASAW00016567,1946-02-24,M
NASAW00016568,1946-07-23,M
AW00016569,1955-06-04,F
AW00016570,1953-05-06,M
AW00016571,1950-08-03,Female
AW00016572,1942-08-01,Female
AW00016573,1946-04-23,M
AW00016574,1963-07-04,Female
AW00016575,1951-09-05,F
NASAW00016576,1952-01-12,M
AW00016577,1949-12-08,F
AW00016578,1953-12-15,F
NASAW00016579,1943-05-04,M
NASAW00016580,1940-06-23,
NASAW00016581,1943-08-05,Male
AW00016582,1940-02-13,F
AW00016583,1941-02-23,Female
AW00016584,1955-11-24,F
AW00016585,1959-03-10,Female
NASAW00016586,1957-04-25,M
NASAW00016587,1961-08-24,Female
AW00016588,1941-12-05,M
AW00016589,1956-12-02,
NASAW00016590,1943-07-21,
AW00016591,1960-01-17,Female
AW00016592,1958-02-17,Male
AW00016593,1956-05-29,F
AW00016594,1954-03-07,M
AW00016595,1947-06-30,Female
NASAW00016596,1946-12-06,F
AW00016597,1951-01-20,M
AW00016598,1957-09-01,M
AW00016599,1941-09-14,M
AW00016600,1946-02-09,Male
NASAW00016601,1958-08-26,M
AW00016602,1960-04-27,F
NASAW00016603,1960-07-17,F
AW00016604,1959-09-21,F
AW00016605,1940-07-12,M
AW00016606,1948-03-12,M
AW00016607,1961-05-03,F
AW00016608,1962-02-16,M
AW00016609,1945-06-11,Male
NASAW00016610,1955-05-06,Female
AW00016611,1955-02-12,M
NASAW00016612,1951-11-05,Female
AW00016613,1946-01-11,F
AW00016614,1950-10-22,Male
AW00016615,1942-07-06,M
AW00016616,1944-03-27,M
NASAW00016617,1955-05-22,F
NASAW00016618,1948-05-30,Male
NASAW00016619,1958-01-21,Female
NASAW00016620,1955-01-02,F
AW00016621,1953-09-15,Female
NASAW00016622,1952-02-18,Male
AW00016623,1944-05-11,F
NASAW00016624,1943-10-17,F
AW00016625,1949-07-05,Male
NASAW00016626,1956-06-14,M
NASAW00016627,1961-07-02,F
NASAW00016628,1951-07-27,F
AW00016629,1945-03-26,M
AW00016630,1949-07-20,M
AW00016631,1959-12-11,
NASAW00016632,1940-12-14,Female
AW00016633,1941-11-05,F
AW00016634,1945-06-23,M
AW00016635,1954-03-11,M
NASAW00016636,1942-05-02,Female
AW00016637,1943-04-03,F
AW00016638,1957-09-13,Female
AW00016639,1954-12-02,Male
AW00016640,1940-07-09,M
NASAW00016641,1956-03-23,F
NASAW00016642,1946-12-30,Female
AW00016643,1941-10-11,Male
AW00016644,1958-06-07,F
AW00016645,1946-01-25,F
AW00016646,1963-05-15,Female
AW00016647,1949-10-29,Male
AW00016648,1940-10-17,Female
AW00016649,1940-11-18,F
AW00016650,1951-04-17,Male
NASAW00016651,1947-06-29,Male
NASAW00016652,1952-04-18,Male
AW00016653,1953-12-08,Female
AW00016654,1947-07-06,F
AW00016655,1963-09-05,Male
AW00016656,1960-09-30,Male
AW00016657,1948-09-28,M
AW00016658,1947-05-21,Male
AW00016659,1941-11-09,F
AW00016660,1950-09-24,M
AW00016661,1941-12-26,M
NASAW00016662,1948-05-27,Female
AW00016663,1954-11-29,Female
AW00016664,1940-02-06,Male
AW00016665,1956-03-07,Male
AW00016666,1942-08-28,Male
AW00016667,1944-06-04,Female
AW00016668,1957-11-09,M
AW00016669,1940-08-27,Female
AW00016670,1945-01-17,Female
AW00016671,1946-07-30,Female
AW00016672,1944-02-15,Female
AW00016673,1941-05-19,M
AW00016674,1959-10-20,M
AW00016675,1955-08-14,F
AW00016676,1953-03-23,M
AW00016677,1963-05-07,F
AW00016678,1941-12-18,M
NASAW00016679,1941-10-15,Female
AW00016680,1944-10-10,Male
AW00016681,1963-03-11,M
AW00016682,1942-09-14,F
AW00016683,1944-09-13,M
AW00016684,1963-07-18,Female
AW00016685,1950-08-04,F
AW00016686,1946-04-08,M
AW00016687,1941-11-25,M
NASAW00016688,1960-03-30,Male
AW00016689,1949-07-23,M
AW00016690,1959-11-12,Male
AW00016691,1960-11-21,Female
AW00016692,1941-12-29,M
AW00016693,1952-02-20,M
AW00016694,1949-08-28,Female
NASAW00016695,1942-05-02,Male
AW00016696,1950-06-24,M
AW00016697,1960-11-08,M
AW00016698,1961-06-06,M
AW00016699,1946-01-15,Female
AW00016700,1956-07-10,Male
AW00016701,1950-05-31,F
AW00016702,1963-08-24,F
AW00016703,1940-06-18,Male
AW00016704,1963-12-02,Male
AW00016705,1958-02-17,
AW00016706,1960-01-18,
NASAW00016707,1941-03-06,
AW00016708,1958-04-23,M
AW00016709,1940-11-30,
NASAW00016710,1953-07-07,Female
NASAW00016711,1958-04-02,Female
AW00016712,1940-04-23,Male
AW00016713,1944-09-01,Male
AW00016714,1941-01-30,M
AW00016715,1955-07-17,Male
AW00016716,1957-04-30,M
AW00016717,1948-10-10,Male
AW00016718,1951-09-25,M
AW00016719,1956-10-04,M
AW00016720,1950-12-03,F
AW00016721,1952-03-04,Male
AW00016722,1940-12-30,F
AW00016723,1941-06-15,F
AW00016724,1955-04-15,F
NASAW00016725,1951-05-22,F
NASAW00016726,1951-12-12,F
AW00016727,1944-07-15,F
AW00016728,1955-12-11,M
NASAW00016729,1959-04-20,M
AW00016730,1956-02-17,M
AW00016731,1947-03-25,
AW00016732,1943-10-27,Male
AW00016733,1957-09-15,Male
AW00016734,1962-01-24,M
NASAW00016735,1948-08-21,Female
NASAW00016736,1956-09-16,Male
AW00016737,1958-08-14,M
AW00016738,1944-09-26,F
AW00016739,1948-03-28,M
AW00016740,1956-09-10,Female
NASAW00016741,1949-06-26,M
AW00016742,1951-09-29,M
NASAW00016743,1963-10-03,M
AW00016744,1946-12-21,M
NASAW00016745,1941-05-17,
AW00016746,1943-01-13,F
AW00016747,1940-03-16,Male
AW00016748,1944-04-08,Female
AW00016749,1959-10-15,F
AW00016750,1940-03-14,Female
AW00016751,1956-02-27,F
NASAW00016752,1940-02-10,Male
AW00016753,1946-07-25,Female
AW00016754,1950-03-13,M
AW00016755,1959-08-08,F
NASAW00016756,1947-04-24,F
AW00016757,1943-02-21,Female
AW00016758,1956-12-24,Male
AW00016759,1946-10-14,M
AW00016760,1944-11-04,Male
AW00016761,1963-01-23,F
NASAW00016762,1962-06-16,Female
NASAW00016763,1941-09-10,Female
AW00016764,1956-03-06,M
NASAW00016765,1947-07-23,Male
AW00016766,1961-11-14,Female
NASAW00016767,1942-02-02,Male
AW00016768,1944-02-05,M
NASAW00016769,1956-11-08,
AW00016770,1953-05-05,Female
AW00016771,1942-06-30,M
AW00016772,1946-05-28,M
NASAW00016773,1961-09-01,Male
NASAW00016774,1962-06-26,Male
AW00016775,1941-09-16,Male
AW00016776,1954-06-02,M
AW00016777,1948-12-15,Male
NASAW00016778,1950-05-05,M
AW00016779,1948-09-19,Male
AW00016780,1962-05-10,F
NASAW00016781,1943-05-12,Male
AW00016782,1947-10-16,M
NASAW00016783,1941-05-08,F
AW00016784,1962-08-01,F
AW00016785,1941-12-01,Male
AW00016786,1956-10-16,
AW00016787,2035-01-01,F
AW00016788,1956-07-16,Male
AW00016789,1944-07-27,Male
AW00016790,1950-04-12,M
NASAW00016791,1951-11-26,F
NASAW00016792,1952-12-31,F
AW00016793,1952-12-01,M
AW00016794,1945-11-05,Female
NASAW00016795,1954-11-12,F
AW00016796,1951-04-16,M
NASAW00016797,1947-06-27,Male
AW00016798,1949-12-20,Female
AW00016799,1942-07-08,Male
NASAW00016800,1957-04-20,Female
AW00016801,1952-01-24,
AW00016802,1948-04-02,Female
AW00016803,1946-07-07,M
NASAW00016804,1956-10-12,F
AW00016805,1954-05-02,Male
AW00016806,1954-09-05,Male
AW00016807,1955-12-25,F
NASAW00016808,1952-06-17,M
NASAW00016809,1945-02-02,F
AW00016810,1940-09-13,Female
AW00016811,1962-02-23,M
AW00016812,1940-01-11,F
AW00016813,1954-04-14,Female
NASAW00016814,1959-11-05,Female
AW00016815,1946-12-30,F
AW00016816,1941-08-31,Female
NASAW00016817,1948-10-23,Male
NASAW00016818,1959-09-30,Male
AW00016819,1947-03-08,F
AW00016820,1947-02-03,M
AW00016821,1952-02-01,M
AW00016822,1954-04-16,F
NASAW00016823,1946-10-27,F
NASAW00016824,1962-02-19,Female
AW00016825,1953-03-10,M
NASAW00016826,1952-12-05,M
AW00016827,1943-09-14,M
AW00016828,1960-01-14,Male
NASAW00016829,1960-03-30,F
NASAW00016830,1942-11-16,
AW00016831,1949-01-14,F
NASAW00016832,1944-10-23,Female
AW00016833,1958-08-16,Male
AW00016834,1950-10-18,Male
NASAW00016835,1959-05-23,F
AW00016836,1943-08-22,M
NASAW00016837,1940-05-21,Male
AW00016838,1945-05-12,Male
NASAW00016839,1954-07-27,Female
AW00016840,1949-09-01,M
NASAW00016841,1941-05-26,M
NASAW00016842,1947-10-28,Female
AW00016843,1954-02-13,Female
AW00016844,1959-04-14,F
AW00016845,1953-01-31,Male
AW00016846,1959-06-17,F
AW00016847,1958-06-07,
AW00016848,1950-08-28,
AW00016849,1953-05-09,Male
AW00016850,1942-03-05,Female
NASAW00016851,1954-12-21,Female
NASAW00016852,1943-12-13,Female
NASAW00016853,1952-06-01,F
NASAW00016854,1944-04-28,F
NASAW00016855,1962-09-23,Female
NASAW00016856,1963-05-04,F
NASAW00016857,1950-03-29,F
AW00016858,1950-08-28,Female
NASAW00016859,1951-02-14,Female
NASAW00016860,1947-08-13,M
AW00016861,1957-06-16,Female
NASAW00016862,1955-02-13,Male
NASAW00016863,1953-04-08,Female
AW00016864,1962-03-02,F
NASAW00016865,1942-10-01,M
AW00016866,1963-02-13,F
AW00016867,1959-01-11,M
AW00016868,1954-06-26,M
NASAW00016869,1957-08-19,Male
AW00016870,1957-01-11,F
AW00016871,1952-11-12,Female
AW00016872,1953-05-03,Male
AW00016873,1952-05-26,Female
AW00016874,1944-10-20,Male
AW00016875,1943-12-19,M
NASAW00016876,1954-07-20,F
AW00016877,1961-08-27,F
NASAW00016878,1952-05-26,M
AW00016879,1942-11-06,Male
AW00016880,1959-05-06,Male
AW00016881,1955-06-12,Male
AW00016882,1941-05-04,Male
AW00016883,1945-04-26,F
NASAW00016884,1954-05-20,Male
NASAW00016885,1957-09-16,Female
NASAW00016886,1951-03-21,F
AW00016887,1951-06-04,Male
NASAW00016888,1946-06-13,Male
AW00016889,1951-04-02,F
NASAW00016890,1953-12-14,F
AW00016891,1940-12-31,Male
AW00016892,1950-06-19,M
AW00016893,1951-06-28,Male
NASAW00016894,1960-11-26,F
AW00016895,1950-06-01,M
AW00016896,1945-09-05,Male
AW00016897,1961-08-02,M
AW00016898,1942-09-07,
AW00016899,1953-08-08,F
AW00016900,1947-09-24,Female
AW00016901,1962-04-06,F
AW00016902,1947-05-22,Male
AW00016903,1956-06-23,Male
NASAW00016904,1955-12-15,Male
AW00016905,1950-07-01,M
AW00016906,1951-09-27,F
AW00016907,1957-01-01,F
AW00016908,1961-05-30,Male
NASAW00016909,1949-11-11,Male
AW00016910,1961-04-03,Female
NASAW00016911,1961-08-19,Female
AW00016912,1948-05-14,M
AW00016913,1960-07-15,Female
AW00016914,1943-12-08,
NASAW00016915,1950-01-03,F
AW00016916,1952-08-19,Female
NASAW00016917,1948-05-19,Male
AW00016918,1957-03-19,F
AW00016919,1955-01-15,M
AW00016920,1958-06-12,
NASAW00016921,1950-08-09,M
AW00016922,1959-09-24,Female
NASAW00016923,1962-04-07,M
AW00016924,1956-02-05,Male
AW00016925,1949-08-26,F
NASAW00016926,1940-01-30,F
NASAW00016927,1946-08-23,M
AW00016928,1946-04-17,F
AW00016929,1951-06-16,Male
AW00016930,1949-12-27,Male
AW00016931,1953-05-01,Male
AW00016932,1945-09-29,Male
AW00016933,1961-10-08,Female
AW00016934,1951-01-25,Male
AW00016935,1951-07-07,
AW00016936,1946-05-27,M
AW00016937,1961-12-12,Male
AW00016938,1940-05-15,M
AW00016939,1956-05-04,F
NASAW00016940,1947-05-14,M
NASAW00016941,1940-08-07,Female
AW00016942,1940-12-13,M
AW00016943,1940-11-12,Male
AW00016944,1953-09-01,M
AW00016945,1943-12-16,M
AW00016946,1942-06-13,M
NASAW00016947,1961-07-26,Male
AW00016948,1952-02-05,
AW00016949,1946-09-19,M
NASAW00016950,1953-06-24,Male
NASAW00016951,1943-06-13,Male
NASAW00016952,1944-12-31,F
AW00016953,1946-09-12,F
NASAW00016954,1948-09-04,Male
NASAW00016955,1962-06-25,M
AW00016956,1963-02-01,Female
NASAW00016957,1946-06-07,Female
NASAW00016958,1945-11-22,F
NASAW00016959,1955-03-18,M
NASAW00016960,1957-08-11,M
AW00016961,1950-11-02,F
AW00016962,1944-09-15,M
AW00016963,1944-04-09,
AW00016964,1951-09-22,Female
AW00016965,1953-11-07,F
AW00016966,1963-07-11,
AW00016967,1943-06-16,M
AW00016968,1943-09-16,F
AW00016969,1957-03-27,
AW00016970,1963-03-12,Male
AW00016971,1951-02-24,M
AW00016972,1955-03-08,F
AW00016973,1950-10-26,M
NASAW00016974,1944-03-17,F
AW00016975,1956-04-16,Female
AW00016976,1955-09-19,Female
AW00016977,1952-08-10,F
AW00016978,1944-04-22,F
AW00016979,1955-06-07,Female
AW00016980,1950-11-27,Female
AW00016981,1941-11-22,Female
AW00016982,1950-05-19,F
AW00016983,1954-09-19,Female
AW00016984,1960-02-06,M
AW00016985,1960-03-11,F
NASAW00016986,1958-12-16,Male
AW00016987,1948-12-13,M
NASAW00016988,1943-07-14,Male
NASAW00016989,1962-09-02,Female
AW00016990,1941-01-11,Male
AW00016991,1940-10-07,Male
AW00016992,1950-11-24,Female
AW00016993,1943-04-07,Female
AW00016994,1955-07-14,Male
NASAW00016995,1950-12-23,M
AW00016996,1948-05-11,M
AW00016997,1944-09-28,Male
NASAW00016998,1957-03-23,F
AW00016999,1960-12-01,Female
AW00017000,1946-11-28,Female
NASAW00017001,1961-11-13,
AW00017002,1962-04-10,Female
AW00017003,1943-10-16,F
NASAW00017004,1950-04-08,F
NASAW00017005,1961-08-16,Female
AW00017006,1946-01-18,F
AW00017007,1960-05-15,F
AW00017008,1946-01-25,Female
AW00017009,1954-01-11,Female
NASAW00017010,1943-10-15,Female
AW00017011,1961-04-26,
NASAW00017012,1947-12-13,Male
AW00017013,1940-10-24,Male
NASAW00017014,1953-12-12,F
AW00017015,1962-03-28,M
NASAW00017016,1963-06-06,M
AW00017017,1953-10-10,Female
AW00017018,1948-03-28,M
AW00017019,1944-03-07,Male
NASAW00017020,1963-02-16,Male
AW00017021,1957-01-06,
AW00017022,1959-06-24,Female
AW00017023,1959-12-21,Female
AW00017024,1946-07-23,Female
AW00017025,1943-04-06,F
AW00017026,1960-08-25,F
AW00017027,1940-09-29,F
AW00017028,1953-07-29,F
AW00017029,1944-10-30,Female
NASAW00017030,1948-09-16,Female
AW00017031,1949-08-18,Female
AW00017032,1943-06-02,Male
AW00017033,1959-10-16,F
AW00017034,1946-05-08,Female
AW00017035,1960-07-16,M
AW00017036,1952-09-28,Female
AW00017037,1963-05-28,F
AW00017038,1958-12-19,Female
AW00017039,1957-09-24,Female
NASAW00017040,1947-12-04,Male
AW00017041,1948-03-19,M
NASAW00017042,1959-11-11,Female
NASAW00017043,1947-01-16,M
NASAW00017044,1963-08-08,F
NASAW00017045,1955-01-06,F
AW00017046,1959-09-08,Male
AW00017047,1945-10-17,M
NASAW00017048,1951-07-01,M
AW00017049,1947-10-16,F
AW00017050,1943-01-23,Female
AW00017051,1940-05-11,Male
AW00017052,1960-02-12,F
AW00017053,1963-07-10,M
AW00017054,1950-05-27,F
AW00017055,1953-05-23,Female
AW00017056,1944-03-10,Male
AW00017057,1940-05-16,
AW00017058,1961-10-24,Female
AW00017059,1949-03-05,Male
AW00017060,1951-09-12,Female
NASAW00017061,1962-03-04,Male
AW00017062,1949-04-24,F
AW00017063,1954-06-19,Female
AW00017064,1950-01-04,Male
NASAW00017065,1940-04-30,Male
AW00017066,1950-01-06,M
AW00017067,1949-09-18,Male
AW00017068,1948-08-04,M
NASAW00017069,1956-03-21,F
NASAW00017070,1951-12-03,F
NASAW00017071,1943-11-25,M
NASAW00017072,1955-06-15,M
NASAW00017073,1949-10-25,Female
AW00017074,1941-06-24,M
NASAW00017075,1947-06-13,Female
AW00017076,1945-03-26,Male
AW00017077,1948-06-05,M
NASAW00017078,1951-03-23,Female
AW00017079,1946-11-30,Male
NASAW00017080,1946-04-25,
AW00017081,1950-04-20,Male
AW00017082,1943-01-26,Female
NASAW00017083,1957-08-24,Male
AW00017084,1955-05-01,Female
AW00017085,1955-07-17,F
AW00017086,1946-04-24,
AW00017087,1957-07-14,Female
AW00017088,1945-08-25,M
NASAW00017089,1956-09-27,Male
NASAW00017090,1957-10-02,F
NASAW00017091,1961-11-05,F
AW00017092,1942-11-30,F
AW00017093,1963-12-07,M
AW00017094,1956-04-11,
AW00017095,1961-11-26,F
NASAW00017096,1961-08-11,Male
AW00017097,1946-03-23,Female
AW00017098,1944-01-28,Male
AW00017099,1954-04-29,F
NASAW00017100,1963-06-12,F
NASAW00017101,1951-12-23,Male
NASAW00017102,1948-08-10,F
AW00017103,1952-03-20,Male
AW00017104,1942-06-16,Male
AW00017105,1941-06-28,F
AW00017106,1954-03-02,Male
AW00017107,1955-09-23,M
NASAW00017108,1954-03-25,M
AW00017109,1960-10-08,Female
AW00017110,1946-06-07,F
AW00017111,1958-12-10,
NASAW00017112,1952-06-17,Male
AW00017113,1962-07-23,Female
NASAW00017114,1952-01-31,M
NASAW00017115,1945-09-01,Female
AW00017116,1941-09-16,F
AW00017117,1954-02-08,M
AW00017118,1958-03-17,Male
AW00017119,1946-04-29,
AW00017120,1948-07-20,Female
AW00017121,1959-09-11,Female
AW00017122,1958-01-31,Female
AW00017123,1940-12-07,F
AW00017124,1942-11-26,Female
AW00017125,1952-03-15,F
AW00017126,1940-05-16,Female
AW00017127,1946-06-27,Female
NASAW00017128,1955-12-26,F
NASAW00017129,1956-07-30,F
AW00017130,1955-08-25,Female
NASAW00017131,1961-12-27,M
AW00017132,1963-05-30,Female
AW00017133,1946-03-17,Female
NASAW00017134,1946-03-06,Female
AW00017135,1941-03-07,F
AW00017136,1942-04-10,Male
AW00017137,1958-11-28,
NASAW00017138,1940-01-20,Male
AW00017139,1961-04-06,Male
AW00017140,1962-08-07,Female
AW00017141,1952-04-03,Male
AW00017142,1945-02-26,Female
AW00017143,1948-04-23,M
NASAW00017144,1962-05-09,Male
NASAW00017145,1949-07-23,M
AW00017146,1947-05-16,Female
AW00017147,1942-09-23,Male
AW00017148,1954-05-13,Female
AW00017149,1960-09-13,Female
AW00017150,1945-10-06,Female
NASAW00017151,1941-10-19,F
AW00017152,1949-12-13,Male
AW00017153,1957-05-01,Male
NASAW00017154,1962-03-04,F
AW00017155,1944-05-08,F
AW00017156,1941-08-20,F
AW00017157,1959-03-05,Female
AW00017158,1961-09-23,M
AW00017159,1963-09-08,F
AW00017160,1961-01-28,Female
AW00017161,1950-06-04,M
NASAW00017162,1945-08-21,F
AW00017163,1957-09-26,M
NASAW00017164,1946-03-13,Male
AW00017165,1953-12-14,Female
AW00017166,1950-12-17,F
AW00017167,1951-01-25,Female
AW00017168,1951-04-09,Female
AW00017169,1949-05-18,F
AW00017170,1954-09-07,
AW00017171,1963-07-24,F
AW00017172,1955-03-10,F
AW00017173,1958-09-18,F
AW00017174,1963-06-05,Male
NASAW00017175,1946-08-02,Female
NASAW00017176,1961-01-26,M
NASAW00017177,1943-05-15,Female
NASAW00017178,1948-10-26,M
NASAW00017179,1960-02-21,F
AW00017180,1953-05-28,F
AW00017181,1954-06-12,Female
AW00017182,1954-03-30,Female
NASAW00017183,1951-04-29,M
AW00017184,1959-05-19,F
AW00017185,1951-07-13,F
NASAW00017186,1945-10-07,M
AW00017187,1956-01-05,F
AW00017188,1940-10-19,Female
AW00017189,1956-04-08,Female
AW00017190,1948-12-13,Male
NASAW00017191,1952-02-19,
AW00017192,1963-10-26,Male
NASAW00017193,1957-06-27,F
NASAW00017194,1940-02-26,F
AW00017195,1962-10-02,F
AW00017196,1961-04-03,F
AW00017197,1951-08-14,Male
AW00017198,1943-06-16,F
NASAW00017199,1961-12-03,F
AW00017200,1958-05-26,Female
NASAW00017201,1960-06-19,M
NASAW00017202,1963-04-28,Female
NASAW00017203,1963-12-24,M
AW00017204,1951-04-05,F
AW00017205,1945-04-16,F
AW00017206,1943-11-22,Female
AW00017207,2032-01-01,Male
AW00017208,1951-02-27,Male
AW00017209,1947-09-20,Male
AW00017210,1948-07-19,Male
AW00017211,1954-04-02,Male
AW00017212,1945-03-01,F
AW00017213,1962-06-05,Female
NASAW00017214,1961-09-06,F
AW00017215,1946-07-16,
AW00017216,1941-09-29,M
AW00017217,1953-10-09,M
AW00017218,1961-06-30,Female
AW00017219,1942-03-20,Female
AW00017220,1950-06-15,M
AW00017221,1960-05-19,M
AW00017222,1949-05-27,M
AW00017223,1954-02-13,F
NASAW00017224,1944-03-26,Female
NASAW00017225,1954-10-15,Female
AW00017226,1949-06-14,F
AW00017227,1950-11-30,M
AW00017228,1941-09-24,Female
AW00017229,1953-08-08,Female
NASAW00017230,1959-03-23,M
NASAW00017231,1940-08-07,M
NASAW00017232,1940-03-27,M
AW00017233,1953-09-26,Male
NASAW00017234,1962-06-24,Female
NASAW00017235,1962-02-07,M
AW00017236,1951-12-22,Male
AW00017237,1959-08-07,M
AW00017238,1947-06-03,M
NASAW00017239,1958-09-02,Female
AW00017240,1940-09-25,Male
AW00017241,1962-11-16,Female
NASAW00017242,1961-08-28,F
AW00017243,1941-02-18,Male
AW00017244,1957-04-25,M
AW00017245,1948-09-12,Male
AW00017246,1955-02-27,Male
AW00017247,1944-09-13,Male
AW00017248,1962-06-09,F
AW00017249,1960-12-29,F
AW00017250,1955-09-04,M
NASAW00017251,1957-11-05,Male
NASAW00017252,1950-06-04,Female
AW00017253,1958-01-20,Female
AW00017254,1954-05-07,M
AW00017255,1954-07-13,M
AW00017256,1947-03-11,F
AW00017257,1948-09-19,Male
AW00017258,1956-07-24,M
AW00017259,1951-03-06,M
AW00017260,1956-04-06,Male
AW00017261,1941-02-27,Female
AW00017262,1953-08-17,Male
AW00017263,1953-06-21,M
NASAW00017264,1961-11-11,Male
AW00017265,1953-09-21,Female
NASAW00017266,1962-08-20,Female
AW00017267,1959-02-04,Male
AW00017268,1948-11-27,F
AW00017269,1957-04-29,Male
NASAW00017270,1952-09-11,F
AW00017271,1958-06-01,F
NASAW00017272,1944-08-25,Male
AW00017273,1947-11-24,M
AW00017274,1946-02-28,Male
AW00017275,1955-04-29,F
AW00017276,1961-04-14,F
AW00017277,1943-09-19,M
NASAW00017278,1947-03-11,Male
NASAW00017279,1940-11-07,Female
AW00017280,1945-03-21,Male
AW00017281,1956-07-01,Female
NASAW00017282,1947-03-19,Male
AW00017283,1962-06-11,Male
NASAW00017284,1962-11-21,F
AW00017285,1948-09-20,M
NASAW00017286,1945-01-08,M
AW00017287,1942-01-11,Male
AW00017288,1960-04-08,Male
AW00017289,1945-07-27,M
NASAW00017290,1950-01-29,F
NASAW00017291,1953-12-28,Male
AW00017292,1947-01-26,F
AW00017293,1949-07-11,Female
NASAW00017294,1955-08-19,F
NASAW00017295,1944-12-22,Female
AW00017296,1953-01-17,M
NASAW00017297,1961-05-05,F
NASAW00017298,1945-04-25,Male
AW00017299,1944-07-24,Female
AW00017300,1947-09-16,Female
AW00017301,1949-03-22,Female
NASAW00017302,1951-04-30,F
AW00017303,1954-12-14,M
NASAW00017304,1963-12-24,M
AW00017305,1963-10-31,Male
AW00017306,1953-08-16,Male
AW00017307,1958-11-02,Male
AW00017308,1941-07-10,F
AW00017309,1946-04-29,Male
NASAW00017310,1963-05-22,F
AW00017311,1955-12-12,M
AW00017312,1946-03-08,M
AW00017313,1951-04-06,M
NASAW00017314,1961-05-04,F
AW00017315,1941-08-08,M
NASAW00017316,1956-03-12,M
NASAW00017317,1942-10-30,Female
AW00017318,1960-10-11,Male
AW00017319,1956-07-04,Female
AW00017320,1959-09-29,M
AW00017321,1954-04-01,Female
AW00017322,1950-12-12,F
AW00017323,1950-04-19,Female
NASAW00017324,1958-06-26,Male
AW00017325,1944-09-09,M
NASAW00017326,1950-06-06,M
NASAW00017327,1949-05-20,Female
NASAW00017328,1962-06-17,Female
NASAW00017329,1944-04-25,M
AW00017330,1946-09-01,F
AW00017331,1950-04-27,Female
NASAW00017332,1951-07-17,Female
AW00017333,1948-10-10,Male
AW00017334,1942-05-04,Male
NASAW00017335,1953-10-10,M
NASAW00017336,1957-12-06,F
AW00017337,1950-09-01,Male
AW00017338,1941-06-08,Male
AW00017339,1951-09-07,Female
AW00017340,1943-03-09,Male
AW00017341,1942-08-17,F
AW00017342,1962-02-10,Male
AW00017343,1963-05-20,Female
AW00017344,1959-08-16,F
NASAW00017345,1945-04-27,F
NASAW00017346,1957-04-07,Female
NASAW00017347,1955-04-25,Male
AW00017348,1949-11-28,Female
AW00017349,1941-06-28,Female
AW00017350,1960-10-15,F
AW00017351,1958-08-21,Male
AW00017352,1940-11-06,Male
AW00017353,1940-03-23,Female
AW00017354,1959-08-02,F
NASAW00017355,1953-08-16,M
NASAW00017356,1948-07-14,M
AW00017357,1948-08-26,Female
AW00017358,1958-05-09,F
NASAW00017359,1945-05-15,
AW00017360,1942-08-12,Female
NASAW00017361,1948-10-22,Female
AW00017362,1962-03-14,M
AW00017363,1962-08-19,Male
AW00017364,1948-01-19,M
AW00017365,1955-12-24,Male
AW00017366,1953-06-22,
NASAW00017367,1940-02-19,F
AW00017368,1962-09-20,F
AW00017369,1963-04-19,Female
AW00017370,1945-02-19,F
AW00017371,1960-12-16,Female
AW00017372,1950-05-25,F
AW00017373,1947-07-08,M
NASAW00017374,1943-02-28,Female
AW00017375,1949-07-25,Male
NASAW00017376,1959-10-05,M
AW00017377,1961-07-26,M
AW00017378,1963-09-02,Female
AW00017379,1953-03-22,Female
AW00017380,1949-01-30,Male
AW00017381,1948-11-20,M
NASAW00017382,1949-03-18,Male
AW00017383,1953-08-18,Male
NASAW00017384,1956-06-16,M
AW00017385,1963-04-15,F
NASAW00017386,1954-12-03,Female
NASAW00017387,1944-01-31,Male
AW00017388,1963-11-09,
AW00017389,1950-01-08,Female
AW00017390,1946-10-11,F
AW00017391,1954-08-14,Female
AW00017392,1942-04-21,Male
AW00017393,1945-11-29,F
AW00017394,1963-05-12,Female
NASAW00017395,1943-08-10,Male
NASAW00017396,1945-04-15,
NASAW00017397,1954-12-12,Male
AW00017398,1942-08-17,Female
AW00017399,1960-07-26,F
AW00017400,1961-04-19,M
NASAW00017401,1945-11-05,Male
AW00017402,1943-12-02,F
NASAW00017403,1957-11-22,
AW00017404,1944-04-08,Male
AW00017405,1960-01-19,Female
NASAW00017406,1962-08-16,F
AW00017407,1959-09-25,Male
AW00017408,1953-01-14,Female
AW00017409,1941-01-15,M
AW00017410,1944-12-29,Male
NASAW00017411,1957-07-12,F
NASAW00017412,1961-07-15,
AW00017413,1948-09-05,M
NASAW00017414,1948-06-01,Female
AW00017415,1962-02-02,F
NASAW00017416,1958-06-13,
AW00017417,1958-07-13,Male
AW00017418,1963-01-08,Female
AW00017419,1951-12-29,
AW00017420,1947-08-29,Male
AW00017421,1960-09-30,Female
NASAW00017422,1955-06-22,M
AW00017423,1941-11-20,Male
NASAW00017424,1941-03-05,F
AW00017425,1952-08-03,
AW00017426,1949-09-14,F
AW00017427,1952-04-29,M
AW00017428,1942-11-14,Female
NASAW00017429,1945-08-29,Male
AW00017430,1962-07-21,Female
NASAW00017431,1961-02-24,M
AW00017432,1946-02-03,M
AW00017433,1958-07-17,F
NASAW00017434,1953-03-22,F
AW00017435,1945-04-13,Male
NASAW00017436,1961-11-30,M
NASAW00017437,1947-08-01,Female
AW00017438,1955-07-13,M
NASAW00017439,1963-05-14,Male
NASAW00017440,1956-12-22,F
AW00017441,1958-04-16,Female
AW00017442,1953-06-17,Male
AW00017443,1953-03-18,Male
AW00017444,1947-11-28,F
NASAW00017445,1948-06-03,F
AW00017446,1958-11-25,M
AW00017447,1956-12-20,M
NASAW00017448,1950-06-03,Female
AW00017449,1942-01-08,Female
NASAW00017450,1949-10-29,M
AW00017451,1955-07-02,M
AW00017452,1957-04-12,F
AW00017453,1957-08-31,F
AW00017454,1953-01-09,Male
AW00017455,1960-03-19,Male
AW00017456,1963-11-29,
NASAW00017457,1959-05-03,Female
AW00017458,1944-06-28,F
AW00017459,1941-05-04,F
AW00017460,1955-01-29,Male
AW00017461,1944-05-10,Male
AW00017462,1942-10-12,F
AW00017463,1947-05-21,F
AW00017464,1942-05-08,M
AW00017465,1949-03-03,M
AW00017466,1959-07-24,Female
AW00017467,1954-05-30,Male
AW00017468,1955-07-06,Male
AW00017469,1944-02-19,Male
NASAW00017470,1943-01-16,M
AW00017471,1962-05-19,F
NASAW00017472,1950-08-27,Female
NASAW00017473,1962-05-21,Female
AW00017474,1963-08-10,M
AW00017475,1946-03-11,Male
AW00017476,1960-02-16,M
AW00017477,1944-01-28,M
NASAW00017478,2038-01-01,Male
AW00017479,1955-03-08,F
AW00017480,1948-03-07,M
AW00017481,1950-04-12,F
AW00017482,1953-08-30,Male
NASAW00017483,1943-04-21,F
AW00017484,1951-09-18,Male
AW00017485,1947-12-21,F
AW00017486,1955-06-15,Female
AW00017487,1952-08-11,F
AW00017488,1952-04-04,F
NASAW00017489,1953-06-18,Male
NASAW00017490,1945-02-15,Female
AW00017491,1959-11-13,Male
NASAW00017492,1953-06-19,Female
AW00017493,1952-11-25,
AW00017494,1948-11-05,M
AW00017495,1951-08-03,F
AW00017496,1940-10-09,
AW00017497,1958-09-26,F
AW00017498,1941-06-30,Male
AW00017499,1952-01-14,M
AW00017500,1947-05-21,Male
AW00017501,1941-12-15,Female
AW00017502,2031-01-01,F
NASAW00017503,1961-08-15,
AW00017504,1960-03-27,F
AW00017505,1940-08-30,M
AW00017506,1963-12-09,
AW00017507,1942-09-12,F
NASAW00017508,1959-04-14,Female
NASAW00017509,1951-06-06,M
AW00017510,1941-09-07,M
NASAW00017511,1953-11-01,Female
AW00017512,1951-03-03,Male
NASAW00017513,1949-04-29,M
AW00017514,1953-04-21,Female
AW00017515,1943-08-06,Male
NASAW00017516,1954-11-20,F
AW00017517,1947-06-23,M
AW00017518,1949-10-21,Female
AW00017519,1959-11-25,Female
AW00017520,1950-05-02,M
AW00017521,1958-06-09,M
AW00017522,1955-08-18,Female
AW00017523,1942-11-16,M
AW00017524,1948-04-29,Male
NASAW00017525,1958-04-30,
AW00017526,1941-06-13,M
AW00017527,1948-05-05,
AW00017528,1941-02-17,F
AW00017529,1962-09-13,M
NASAW00017530,1940-12-01,Female
AW00017531,1962-12-09,Female
AW00017532,1949-12-22,Female
AW00017533,1953-05-11,Female
AW00017534,1955-08-15,F
NASAW00017535,1940-11-21,F
AW00017536,1958-08-16,
NASAW00017537,1944-10-13,Female
AW00017538,1940-03-15,F
NASAW00017539,1958-11-12,Female
AW00017540,1943-04-21,Male
AW00017541,1940-08-25,Male
AW00017542,1941-10-26,
NASAW00017543,1948-09-28,Male
AW00017544,1944-07-07,Male
AW00017545,1949-11-27,Female
AW00017546,1958-09-11,Female
AW00017547,1960-09-22,Female
AW00017548,1943-05-17,F
AW00017549,1950-06-20,F
AW00017550,1949-04-08,Female
AW00017551,1951-06-28,F
AW00017552,1950-09-17,Male
AW00017553,1949-04-22,M
NASAW00017554,1948-03-22,F
AW00017555,1956-07-29,M
NASAW00017556,1942-07-25,Female
NASAW00017557,1947-09-26,Female
AW00017558,1946-07-28,F
NASAW00017559,1956-12-19,Male
AW00017560,1958-11-03,Male
AW00017561,1963-04-26,
AW00017562,1947-04-17,M
AW00017563,1951-12-04,Male
AW00017564,1941-06-22,Female
AW00017565,1948-07-17,Male
AW00017566,1951-05-19,M
AW00017567,1956-02-12,F
AW00017568,1962-07-01,F
NASAW00017569,1961-09-13,F
AW00017570,1940-05-14,Female
AW00017571,1956-07-01,Female
AW00017572,1954-05-23,Male
AW00017573,1951-03-28,M
AW00017574,1941-09-30,M
NASAW00017575,1959-04-15,M
AW00017576,1953-06-21,M
AW00017577,1949-11-02,M
NASAW00017578,1941-07-18,Male
AW00017579,1959-06-25,Male
AW00017580,1955-07-03,F
NASAW00017581,1950-11-13,Male
NASAW00017582,1958-12-11,M
AW00017583,1962-01-27,Male
AW00017584,1942-10-02,F
NASAW00017585,1950-07-17,Male
AW00017586,1951-07-01,F
AW00017587,1956-02-14,Male
AW00017588,1961-04-28,Male
NASAW00017589,1942-03-09,Male
AW00017590,1955-06-04,M
NASAW00017591,1948-10-28,Female
AW00017592,1957-07-08,Male
AW00017593,1941-10-31,M
NASAW00017594,1948-07-21,Female
NASAW00017595,1956-08-23,M
AW00017596,1958-03-12,M
AW00017597,1958-03-20,M
NASAW00017598,1960-10-09,Male
AW00017599,1948-07-03,M
AW00017600,1961-05-14,M
AW00017601,1962-03-18,Female
NASAW00017602,1956-02-21,Male
AW00017603,1958-10-22,Female
AW00017604,1947-03-27,Female
NASAW00017605,1949-01-06,Male
NASAW00017606,1960-06-18,Female
NASAW00017607,1946-02-12,
AW00017608,1952-03-29,Female
AW00017609,1954-12-03,F
AW00017610,1955-06-02,Male
NASAW00017611,1955-09-08,F
NASAW00017612,1949-03-25,M
AW00017613,1952-11-04,F
NASAW00017614,1955-07-17,M
AW00017615,1956-10-25,F
AW00017616,1960-04-17,F
NASAW00017617,1961-09-06,Male
AW00017618,1945-11-01,M
NASAW00017619,1947-03-08,Male
AW00017620,1955-05-19,
AW00017621,1943-11-07,F
AW00017622,1952-06-08,Male
NASAW00017623,1954-08-11,Female
AW00017624,1949-03-04,Male
NASAW00017625,1959-02-27,Male
AW00017626,1958-11-30,Male
AW00017627,1956-10-27,Female
NASAW00017628,1949-01-22,Male
AW00017629,1948-04-25,F
AW00017630,1953-08-08,Male
AW00017631,1962-11-30,F
AW00017632,1949-10-31,Male
AW00017633,1952-06-30,Male
AW00017634,1951-05-06,M
AW00017635,1948-04-12,M
AW00017636,1955-11-26,Female
AW00017637,1945-01-06,F
NASAW00017638,1960-05-30,Female
AW00017639,1953-11-13,Male
NASAW00017640,1955-07-25,Male
AW00017641,1945-08-18,F
AW00017642,1954-01-16,Male
NASAW00017643,1956-09-02,Male
AW00017644,1946-01-11,Female
AW00017645,1951-03-14,M
AW00017646,1960-09-05,
AW00017647,1940-10-26,Female
AW00017648,1941-12-17,Male
NASAW00017649,1956-07-24,F
AW00017650,1943-04-12,F
NASAW00017651,1946-11-06,F
NASAW00017652,1941-01-24,Male
AW00017653,1940-07-08,Female
NASAW00017654,1962-09-23,Male
AW00017655,1941-01-26,F
AW00017656,1949-12-10,Female
AW00017657,1958-05-17,Female
AW00017658,1960-03-17,Female
AW00017659,1953-04-09,F
NASAW00017660,1953-06-30,M
AW00017661,1959-07-18,Female
AW00017662,1948-07-30,Female
AW00017663,1963-11-19,Male
AW00017664,1963-01-22,F
NASAW00017665,1957-11-06,F
AW00017666,1959-12-15,Female
AW00017667,1957-07-27,Female
AW00017668,1955-12-27,F
AW00017669,1942-09-29,Male
AW00017670,1954-11-04,Male
AW00017671,1940-05-13,F
AW00017672,1956-08-20,Female
AW00017673,1942-09-30,Female
AW00017674,1958-03-16,
AW00017675,1955-04-20,Male
AW00017676,1946-07-08,M
AW00017677,1954-05-27,F
AW00017678,1949-09-01,Male
AW00017679,1950-04-08,
NASAW00017680,1948-06-09,Male
AW00017681,1953-03-26,M
AW00017682,1956-10-29,F
NASAW00017683,1946-07-14,Female
AW00017684,1947-11-07,M
NASAW00017685,1956-11-26,F
AW00017686,1963-05-26,Male
AW00017687,1952-04-18,F
NASAW00017688,1959-05-01,F
AW00017689,1961-06-12,Female
AW00017690,1961-07-20,F
NASAW00017691,1958-07-10,M
NASAW00017692,1957-08-15,Female
AW00017693,1942-11-10,
AW00017694,1949-04-12,Male
NASAW00017695,1958-03-28,Female
NASAW00017696,1948-01-19,Female
AW00017697,1960-12-26,
AW00017698,1946-07-16,Female
AW00017699,1959-12-26,Female
AW00017700,1942-07-28,M
AW00017701,1963-07-06,F
NASAW00017702,1954-09-11,Female
NASAW00017703,1962-07-16,Female
NASAW00017704,1958-12-16,M
NASAW00017705,1948-01-25,Female
NASAW00017706,1956-03-11,
AW00017707,1961-10-12,M
NASAW00017708,1950-03-12,F
AW00017709,1940-02-21,M
NASAW00017710,1944-02-03,Male
AW00017711,1945-04-22,Female
AW00017712,1957-06-23,Male
AW00017713,1955-01-21,F
NASAW00017714,1954-03-22,M
AW00017715,1963-06-30,Female
NASAW00017716,1941-01-12,F
NASAW00017717,1962-07-10,M
NASAW00017718,1947-05-28,Female
AW00017719,1941-04-30,M
AW00017720,1955-07-24,M
AW00017721,1944-08-29,F
NASAW00017722,1942-06-13,M
NASAW00017723,1957-11-05,Male
AW00017724,1960-03-31,
AW00017725,1952-12-29,M
AW00017726,1959-05-14,F
AW00017727,1956-03-12,F
AW00017728,1961-08-01,M
NASAW00017729,1950-04-20,Male
AW00017730,1960-02-24,F
NASAW00017731,1947-08-15,F
AW00017732,1962-06-17,Male
NASAW00017733,1953-08-31,Female
AW00017734,1955-10-28,M
NASAW00017735,1951-10-14,Female
NASAW00017736,1945-03-10,M
NASAW00017737,1960-06-13,M
AW00017738,1942-03-25,M
AW00017739,1956-09-27,F
AW00017740,1953-03-24,F
NASAW00017741,1945-09-03,M
AW00017742,1944-09-25,
AW00017743,1956-05-12,M
AW00017744,1954-09-03,Male
AW00017745,1957-04-25,Female
NASAW00017746,1962-05-29,
AW00017747,1961-12-03,M
AW00017748,1944-10-11,M
AW00017749,1947-04-11,F
AW00017750,1942-03-12,Male
AW00017751,1962-09-24,Male
AW00017752,1940-03-15,M
AW00017753,1948-10-07,F
NASAW00017754,1947-03-16,
AW00017755,1953-09-14,F
AW00017756,1961-12-26,Male
AW00017757,1950-01-12,Female
NASAW00017758,1948-01-06,Male
AW00017759,1945-06-21,Female
NASAW00017760,1943-02-23,Male
AW00017761,1942-07-10,Female
AW00017762,1955-10-12,Male
AW00017763,1947-03-09,M
NASAW00017764,1961-10-02,Male
AW00017765,1959-05-09,Male
AW00017766,1943-09-10,M
AW00017767,1950-06-22,M
AW00017768,1959-03-21,F
AW00017769,1941-09-20,M
AW00017770,1949-12-09,Female
AW00017771,1949-08-29,M
NASAW00017772,1957-04-01,M
AW00017773,1959-07-21,M
AW00017774,1958-08-25,Male
AW00017775,1953-03-27,Female
AW00017776,1959-07-05,M
AW00017777,1944-01-21,Female
NASAW00017778,1955-12-13,Female
NASAW00017779,1941-09-24,Female
NASAW00017780,1947-01-26,M
AW00017781,1951-06-10,F
AW00017782,1963-10-03,F
AW00017783,1962-06-24,F
AW00017784,1963-02-24,Male
NASAW00017785,1941-09-24,Female
AW00017786,1962-12-01,Female
NASAW00017787,1961-12-21,Female
AW00017788,1960-11-15,M
AW00017789,1943-09-22,F
AW00017790,1954-03-20,Female
AW00017791,1942-08-14,M
AW00017792,1951-09-27,Female
NASAW00017793,1956-03-12,F
AW00017794,1956-04-26,Male
NASAW00017795,1955-11-15,M
AW00017796,1957-09-26,F
AW00017797,1949-02-28,M
NASAW00017798,1947-02-24,Female
AW00017799,1956-06-20,F
AW00017800,1947-10-19,M
AW00017801,1948-11-03,M
AW00017802,1943-09-03,Female
NASAW00017803,1942-11-06,Male
NASAW00017804,1951-06-18,M
AW00017805,1945-05-17,M
AW00017806,1953-05-13,F
NASAW00017807,1959-05-15,F
NASAW00017808,1946-05-09,Male
AW00017809,1941-05-27,Male
AW00017810,1962-09-07,Female
NASAW00017811,1942-12-12,F
AW00017812,1959-09-26,M
AW00017813,1961-04-09,Female
AW00017814,1940-12-08,Male
AW00017815,1942-11-28,F
NASAW00017816,1962-10-13,Male
NASAW00017817,1941-09-07,M
NASAW00017818,1942-10-12,Male
AW00017819,1963-11-15,
AW00017820,1947-06-25,M
NASAW00017821,1955-02-06,Female
AW00017822,1942-11-19,F
AW00017823,1952-08-10,M
NASAW00017824,1940-02-01,F
NASAW00017825,1961-01-21,M
NASAW00017826,1946-07-13,Male
NASAW00017827,1949-04-07,
NASAW00017828,1958-10-26,Female
AW00017829,1955-10-06,F
AW00017830,1941-01-04,Male
NASAW00017831,1954-07-09,M
AW00017832,1960-05-11,Male
AW00017833,1956-02-23,F
AW00017834,1950-02-01,F
AW00017835,1952-04-01,Male
NASAW00017836,1956-12-15,
AW00017837,1950-03-06,Female
NASAW00017838,1948-08-08,Female
AW00017839,1957-07-15,Male
NASAW00017840,1955-07-27,Female
NASAW00017841,1949-01-04,M
AW00017842,1961-09-15,M
AW00017843,1949-02-26,Male
AW00017844,1956-04-23,F
AW00017845,1947-02-21,Female
AW00017846,1946-12-30,Male
AW00017847,1957-08-25,M
AW00017848,1961-11-17,Male
NASAW00017849,1949-02-04,F
AW00017850,1944-05-06,F
NASAW00017851,1940-11-25,Female
NASAW00017852,1961-06-10,Female
NASAW00017853,1956-09-01,Male
AW00017854,1953-04-03,F
NASAW00017855,1952-06-05,F
NASAW00017856,1951-11-09,M
AW00017857,1957-12-26,F
NASAW00017858,1955-03-13,M
AW00017859,1962-09-13,F
AW00017860,1941-02-06,M
NASAW00017861,1961-02-28,Female
NASAW00017862,1954-11-03,Female
AW00017863,1948-10-20,Female
NASAW00017864,1943-06-07,Male
AW00017865,1960-07-10,Female
AW00017866,1956-10-04,M
AW00017867,1949-12-31,F
NASAW00017868,1955-04-25,Female
NASAW00017869,1947-08-30,Male
AW00017870,1958-06-06,F
NASAW00017871,1941-01-14,Male
AW00017872,1956-04-30,F
AW00017873,1961-05-20,M
AW00017874,1955-07-14,Male
AW00017875,1944-05-08,M
AW00017876,1947-09-19,F
AW00017877,1961-12-07,F
AW00017878,1955-06-22,Female
AW00017879,1946-07-21,F
AW00017880,1963-10-04,Male
AW00017881,1949-03-14,F
AW00017882,1962-04-15,Female
AW00017883,1956-07-21,F
NASAW00017884,1956-09-06,Female
AW00017885,1942-11-13,Female
AW00017886,1950-04-03,Male
NASAW00017887,1940-08-01,F
AW00017888,1945-08-11,Male
AW00017889,1948-09-03,Male
AW00017890,1942-03-17,Male
NASAW00017891,1941-02-17,Female
AW00017892,1960-04-01,
AW00017893,1950-10-08,Male
AW00017894,1953-12-08,M
NASAW00017895,1945-12-15,Male
AW00017896,1957-11-25,Male
AW00017897,1949-09-05,F
AW00017898,1959-01-28,Male
NASAW00017899,1962-02-12,F
NASAW00017900,1963-12-23,M
AW00017901,1960-08-08,Female
AW00017902,1953-09-20,
AW00017903,1947-01-30,Female
AW00017904,1948-10-16,Female
AW00017905,1957-01-27,Female
NASAW00017906,1955-06-06,M
NASAW00017907,1945-12-15,F
NASAW00017908,1957-01-01,Female
AW00017909,1944-05-27,Male
AW00017910,1942-02-05,Male
NASAW00017911,1960-06-05,M
AW00017912,1953-11-28,M
AW00017913,1953-05-28,F
NASAW00017914,1947-02-09,
NASAW00017915,1962-05-24,Female
AW00017916,1942-01-17,M
AW00017917,1951-03-22,Female
AW00017918,1955-08-12,Male
NASAW00017919,1957-02-01,F
AW00017920,1958-05-14,Male
AW00017921,1940-05-15,Female
NASAW00017922,1940-04-12,Male
NASAW00017923,1954-12-10,F
AW00017924,1946-02-28,Male
NASAW00017925,1957-10-20,Male
NASAW00017926,1956-04-21,F
AW00017927,1953-06-03,M
AW00017928,1960-04-27,
AW00017929,1948-12-13,Male
AW00017930,1962-08-29,M
AW00017931,1953-01-13,M
AW00017932,1959-08-10,M
NASAW00017933,1951-12-10,Male
AW00017934,1943-05-26,M
AW00017935,1961-08-23,F
AW00017936,1940-02-04,M
AW00017937,1946-12-05,F
AW00017938,1963-08-17,M
NASAW00017939,1953-05-11,Male
AW00017940,1949-01-13,M
AW00017941,1946-06-07,Female
AW00017942,1948-11-11,M
AW00017943,1962-12-21,M
AW00017944,1954-10-06,F
AW00017945,1963-10-06,M
AW00017946,1957-02-15,F
AW00017947,1947-02-21,Male
AW00017948,1952-02-11,F
NASAW00017949,1962-11-03,Female
NASAW00017950,1951-10-06,Female
NASAW00017951,1959-09-07,M
AW00017952,1941-06-14,F
AW00017953,1952-03-21,M
AW00017954,1961-06-13,Male
AW00017955,1944-06-09,M
AW00017956,1959-10-15,M
NASAW00017957,1952-11-15,Female
AW00017958,1957-11-05,Male
AW00017959,1950-07-13,Male
AW00017960,1951-12-09,Male
AW00017961,1962-09-05,Female
AW00017962,1960-02-02,Male
AW00017963,1957-09-17,M
NASAW00017964,1961-02-11,F
AW00017965,1946-08-10,Male
AW00017966,1949-06-05,F
AW00017967,1953-08-22,Male
NASAW00017968,1942-05-12,F
AW00017969,1946-08-18,Female
NASAW00017970,1960-11-16,M
AW00017971,1956-05-26,F
NASAW00017972,1950-05-18,Male
NASAW00017973,1950-04-19,F
NASAW00017974,1953-10-08,F
AW00017975,1944-03-09,Female
AW00017976,1947-12-17,Female
AW00017977,1945-09-06,M
AW00017978,1951-09-02,Male
AW00017979,1955-01-26,
NASAW00017980,1960-07-13,F
NASAW00017981,1950-06-28,Male
AW00017982,1958-03-20,F
NASAW00017983,1943-05-04,Male
AW00017984,1944-01-12,M
AW00017985,1944-08-28,M
AW00017986,1961-11-03,Male
AW00017987,1945-03-18,F
AW00017988,1949-12-11,F
AW00017989,1942-01-28,Female
AW00017990,1957-08-14,Male
AW00017991,1941-02-06,Male
AW00017992,1960-10-20,Female
AW00017993,1955-01-27,Female
NASAW00017994,1962-05-01,M
AW00017995,1954-05-02,M
AW00017996,1962-04-15,Male
AW00017997,1956-01-01,F
AW00017998,1942-11-12,
AW00017999,1946-07-20,M
NASAW00018000,1942-05-19,M
AW00018001,1943-09-30,M
AW00018002,1959-03-20,M
AW00018003,1955-07-05,Male
AW00018004,1961-03-31,F
AW00018005,1943-04-19,M
AW00018006,1942-03-22,Female
AW00018007,1940-06-18,Male
AW00018008,1956-04-14,F
AW00018009,2029-01-01,F
AW00018010,1950-07-18,M
AW00018011,1944-10-25,F
AW00018012,1946-03-06,M
AW00018013,1942-11-13,Female
AW00018014,1958-12-21,Female
AW00018015,1963-03-29,F
AW00018016,1948-10-23,Male
NASAW00018017,1962-05-12,M
NASAW00018018,1956-09-12,Male
NASAW00018019,1955-11-25,Female
AW00018020,1951-12-16,M
AW00018021,1962-03-17,F
NASAW00018022,1943-11-23,M
AW00018023,1946-09-08,M
NASAW00018024,1943-11-19,Female
NASAW00018025,1946-05-10,Male
AW00018026,1962-05-20,Female
AW00018027,1962-01-10,Male
AW00018028,1961-05-05,Male
AW00018029,1955-08-07,Male
AW00018030,1950-03-31,Male
AW00018031,1962-02-12,Female
AW00018032,1943-01-12,M
AW00018033,1949-01-29,
AW00018034,1951-11-24,Female
NASAW00018035,1946-02-16,
AW00018036,1954-09-13,Female
AW00018037,1960-04-22,F
AW00018038,1945-02-15,Male
AW00018039,1963-04-22,Male
AW00018040,1942-02-28,Male
AW00018041,1943-12-12,F
AW00018042,1947-11-25,Male
NASAW00018043,1944-01-14,M
AW00018044,1954-07-18,M
AW00018045,1955-04-23,Male
NASAW00018046,1942-10-16,Male
AW00018047,1949-02-08,F
AW00018048,1947-12-06,F
AW00018049,1945-06-27,Female
NASAW00018050,1958-06-25,Female
AW00018051,1941-03-19,F
AW00018052,1941-03-03,Female
AW00018053,1958-07-21,Male
AW00018054,1944-06-07,F
AW00018055,1959-12-24,F
NASAW00018056,1955-05-18,Male
NASAW00018057,1946-07-15,F
AW00018058,1940-08-04,Female
AW00018059,1957-11-01,Female
AW00018060,1959-01-16,Female
AW00018061,1945-04-04,M
AW00018062,1962-11-26,F
AW00018063,1946-10-31,Male
AW00018064,1956-09-26,
NASAW00018065,1949-03-13,M
AW00018066,1943-05-08,M
AW00018067,1953-05-20,F
AW00018068,1945-12-27,M
AW00018069,1958-11-16,Male
AW00018070,1949-06-23,Male
NASAW00018071,1962-06-21,M
NASAW00018072,1955-08-17,
AW00018073,1944-02-24,Female
AW00018074,1962-03-26,Male
AW00018075,1945-06-16,M
NASAW00018076,1959-11-08,Male
AW00018077,1949-05-03,M
AW00018078,1947-01-31,F
AW00018079,1943-11-17,M
AW00018080,1957-05-12,Female
AW00018081,1944-12-31,M
AW00018082,1961-01-12,F
NASAW00018083,1961-07-04,Female
NASAW00018084,1956-04-10,M
AW00018085,1951-08-05,Female
AW00018086,1959-01-18,Male
NASAW00018087,1961-10-15,F
AW00018088,1957-02-01,
AW00018089,1946-07-15,M
AW00018090,1949-05-18,Male
AW00018091,1962-02-15,M
AW00018092,1963-01-05,Male
AW00018093,1945-04-11,M
AW00018094,1950-01-31,Female
AW00018095,1954-03-07,Male
AW00018096,1955-01-20,Female
AW00018097,1946-04-14,M
AW00018098,1962-01-22,Female
AW00018099,1945-07-22,F
AW00018100,1949-10-12,Male
NASAW00018101,1944-02-10,Male
AW00018102,1944-06-27,Male
NASAW00018103,1948-04-04,Male
AW00018104,1947-03-24,F
NASAW00018105,1940-10-06,Male
NASAW00018106,1941-01-13,F
AW00018107,1951-11-27,M
NASAW00018108,1950-12-22,Female
AW00018109,1950-09-22,M
AW00018110,1956-11-03,M
AW00018111,1952-05-06,M
AW00018112,1953-08-01,
AW00018113,1953-11-03,Female
NASAW00018114,1958-05-25,Male
NASAW00018115,1951-02-19,F
AW00018116,1946-12-16,Female
AW00018117,1949-11-15,M
AW00018118,1959-01-03,Female
NASAW00018119,1940-12-03,Male
AW00018120,1952-08-12,Male
NASAW00018121,1944-08-25,F
AW00018122,1951-05-30,Male
NASAW00018123,1946-12-03,Female
AW00018124,1949-08-18,M
AW00018125,1947-05-13,Male
AW00018126,1959-03-25,Female
AW00018127,1954-09-10,Female
NASAW00018128,1956-07-01,Male
AW00018129,1951-10-03,Female
NASAW00018130,1941-12-31,F
AW00018131,1946-02-09,
AW00018132,1960-03-07,Female
AW00018133,1957-09-28,M
AW00018134,1943-04-18,M
AW00018135,1946-04-25,Male
AW00018136,1950-05-23,Female
AW00018137,1954-03-18,F
NASAW00018138,1946-06-25,F
AW00018139,1956-10-05,Male
NASAW00018140,1944-12-15,Female
AW00018141,1940-02-17,M
NASAW00018142,1955-04-12,Male
NASAW00018143,1947-01-09,Female
AW00018144,1961-12-30,Male
NASAW00018145,2034-01-01,F
NASAW00018146,1945-11-26,Male
AW00018147,1940-12-24,Male
AW00018148,1963-05-27,F
AW00018149,1963-09-16,Male
AW00018150,1961-02-19,F
NASAW00018151,1962-10-23,Male
NASAW00018152,1959-01-03,F
AW00018153,1961-04-11,Female
AW00018154,1945-06-27,Female
AW00018155,1945-12-05,M
NASAW00018156,1950-01-17,Female
AW00018157,1952-01-20,M
NASAW00018158,1950-04-03,F
AW00018159,1951-05-19,Female
AW00018160,1940-03-22,M
NASAW00018161,1950-10-25,Female
AW00018162,1960-09-27,F
AW00018163,1950-11-15,F
AW00018164,1948-07-12,F
NASAW00018165,1953-09-17,Female
NASAW00018166,1941-05-06,M
AW00018167,1953-10-11,Female
NASAW00018168,1951-08-08,M
AW00018169,1959-02-15,M
AW00018170,1951-07-26,Female
NASAW00018171,1952-02-03,Female
AW00018172,1960-06-04,M
AW00018173,1962-02-17,Male
AW00018174,1958-12-13,M
AW00018175,1955-06-17,Male
AW00018176,1941-06-06,M
AW00018177,1946-07-19,M
AW00018178,1946-07-26,Male
NASAW00018179,1959-05-11,Male
AW00018180,1947-04-02,F
AW00018181,1956-06-18,Female
AW00018182,1943-04-04,Female
AW00018183,1941-09-13,
AW00018184,1944-11-04,Female
AW00018185,1941-01-17,Male
NASAW00018186,1956-07-20,Male
AW00018187,1956-10-26,Male
AW00018188,1954-05-04,M
AW00018189,1947-04-07,Male
NASAW00018190,1955-06-20,Male
AW00018191,1961-09-18,F
AW00018192,1951-02-19,F
AW00018193,1942-03-17,Male
NASAW00018194,1951-01-03,Male
NASAW00018195,1953-02-05,F
NASAW00018196,1948-01-19,M
AW00018197,1958-05-25,Male
NASAW00018198,1957-04-10,Female
AW00018199,1951-12-01,F
NASAW00018200,1962-04-09,Female
AW00018201,1940-09-13,Female
NASAW00018202,1952-05-31,F
AW00018203,1940-09-24,M
AW00018204,1951-05-26,F
AW00018205,1960-06-01,M
AW00018206,1948-04-17,F
AW00018207,1950-04-10,F
AW00018208,1954-09-02,Female
NASAW00018209,1954-02-08,F
AW00018210,1943-06-17,Female
AW00018211,1950-01-29,Female
AW00018212,1940-02-08,Female
AW00018213,1960-04-26,F
AW00018214,1961-06-14,F
NASAW00018215,1950-09-02,M
AW00018216,1946-12-19,F
AW00018217,1949-09-23,F
NASAW00018218,1940-04-14,M
AW00018219,1942-03-15,Male
AW00018220,1956-10-07,F
AW00018221,1957-05-16,Male
AW00018222,1955-05-23,Male
NASAW00018223,1947-01-13,M
AW00018224,1944-01-14,F
AW00018225,1954-06-25,M
NASAW00018226,2034-01-01,Male
AW00018227,1942-06-13,Female
AW00018228,1956-03-27,Male
AW00018229,1963-08-19,Male
AW00018230,1949-05-03,M
AW00018231,1941-06-18,Male
NASAW00018232,1959-06-17,
AW00018233,1940-10-19,Male
AW00018234,1957-04-24,Female
AW00018235,1946-10-10,M
NASAW00018236,1957-11-16,M
AW00018237,1950-09-20,Female
NASAW00018238,1961-10-29,Female
AW00018239,1940-12-27,Female
AW00018240,1952-11-04,M
AW00018241,1948-07-03,
NASAW00018242,1944-09-09,Female
NASAW00018243,1940-09-19,Female
AW00018244,1959-08-27,M
AW00018245,1952-08-28,Female
AW00018246,1960-09-08,Male
AW00018247,1954-08-02,F
NASAW00018248,1948-01-22,F
AW00018249,1953-06-26,Male
AW00018250,1955-02-27,Male
AW00018251,1941-08-10,Female
AW00018252,1963-11-15,F
AW00018253,1945-07-09,M
AW00018254,1942-04-21,Female
AW00018255,1955-02-01,F
NASAW00018256,1959-10-01,Female
AW00018257,1950-07-27,M
NASAW00018258,1953-09-02,Male
AW00018259,1952-07-16,M
AW00018260,1959-03-20,Male
NASAW00018261,1952-04-30,F
AW00018262,1963-05-16,F
AW00018263,1949-04-06,
AW00018264,1961-03-17,Female
AW00018265,1951-02-09,M
NASAW00018266,1949-11-15,Female
AW00018267,1945-04-18,M
AW00018268,1942-05-22,M
AW00018269,1956-09-14,Male
AW00018270,1956-02-24,F
AW00018271,1946-06-29,F
NASAW00018272,1950-11-29,Female
AW00018273,1947-05-31,Female
NASAW00018274,1957-01-26,Female
AW00018275,1941-05-07,
AW00018276,1956-10-13,Female
NASAW00018277,1946-10-23,F
AW00018278,1957-12-05,Male
AW00018279,1947-04-10,M
AW00018280,1945-08-16,Male
AW00018281,1955-04-11,Male
AW00018282,1943-01-02,M
AW00018283,1959-12-19,F
AW00018284,1960-07-10,Female
NASAW00018285,1962-05-24,Female
NASAW00018286,1948-09-30,M
NASAW00018287,1960-03-01,Male
NASAW00018288,1943-06-15,M
AW00018289,1957-07-04,F
NASAW00018290,1948-04-19,Male
AW00018291,1963-09-05,F
AW00018292,1944-02-23,Male
NASAW00018293,1957-12-07,Female
AW00018294,1963-09-15,M
AW00018295,1959-10-26,Female
AW00018296,1963-09-10,Female
AW00018297,1941-11-21,F
AW00018298,1942-05-11,F
AW00018299,1946-07-18,Female
NASAW00018300,1962-09-25,F
AW00018301,1946-07-05,Female
NASAW00018302,1949-01-09,Male
AW00018303,1954-02-10,Female
NASAW00018304,1957-12-03,M
AW00018305,1954-11-11,M
NASAW00018306,1959-05-10,M
AW00018307,1948-11-16,M
AW00018308,1955-07-21,Male
AW00018309,1954-10-22,Female
AW00018310,1944-02-24,Female
AW00018311,1957-08-31,Female
AW00018312,1955-11-12,Female
AW00018313,1957-08-02,M
AW00018314,1949-08-14,
AW00018315,1953-07-29,Female
AW00018316,1940-02-18,Male
AW00018317,1954-07-23,Female
AW00018318,1952-04-07,
NASAW00018319,1943-12-04,
NASAW00018320,1963-06-03,F
NASAW00018321,1960-09-26,Male
NASAW00018322,1945-08-24,Female
NASAW00018323,1960-10-29,Male
AW00018324,1946-08-20,Male
AW00018325,1956-07-17,M
AW00018326,1951-11-21,Male
AW00018327,1945-06-28,Male
AW00018328,1940-08-13,Female
AW00018329,1958-05-17,Male
AW00018330,1960-12-12,M
NASAW00018331,1944-01-22,F
AW00018332,1943-04-04,Female
AW00018333,1962-11-06,F
AW00018334,1950-04-21,
AW00018335,1958-09-08,Female
NASAW00018336,1950-10-01,F
NASAW00018337,1957-06-11,F
NASAW00018338,1950-07-03,F
NASAW00018339,1958-01-28,Male
NASAW00018340,1946-12-07,Male
NASAW00018341,1961-04-27,F
AW00018342,1963-04-19,Male
AW00018343,1952-05-18,Female
AW00018344,1948-07-15,Female
AW00018345,1943-11-19,Male
NASAW00018346,1959-12-31,Female
AW00018347,1963-05-05,Male
NASAW00018348,1943-11-08,M
AW00018349,1959-12-29,F
AW00018350,1961-09-28,Female
AW00018351,1944-09-15,M
NASAW00018352,1951-05-06,Male
AW00018353,1951-04-25,Female
AW00018354,1963-01-27,Female
AW00018355,1961-12-29,Female
AW00018356,1949-03-20,M
NASAW00018357,1952-01-18,F
AW00018358,2028-01-01,M
AW00018359,1959-11-21,M
AW00018360,1957-02-24,Female
AW00018361,1957-05-13,F
AW00018362,1951-07-15,Female
AW00018363,1961-07-29,M
AW00018364,1956-11-12,F
NASAW00018365,1954-05-22,F
AW00018366,1949-04-04,Female
AW00018367,1950-06-28,M
AW00018368,1960-05-15,Female
AW00018369,1947-04-23,M
AW00018370,1947-11-24,Female
AW00018371,1952-12-21,M
NASAW00018372,1940-11-27,F
AW00018373,1947-06-29,
AW00018374,1959-09-01,Female
NASAW00018375,1945-12-16,Male
AW00018376,1954-02-04,Male
AW00018377,1943-06-27,F
NASAW00018378,1955-11-16,F
AW00018379,1953-10-16,F
AW00018380,1961-10-23,M
NASAW00018381,1962-09-04,Female
AW00018382,1945-10-13,M
AW00018383,1956-05-12,F
NASAW00018384,1949-10-22,M
AW00018385,1953-12-18,F
NASAW00018386,1944-12-24,M
AW00018387,1958-01-04,F
NASAW00018388,1951-02-06,Female
AW00018389,1943-03-23,Female
NASAW00018390,1955-10-09,M
NASAW00018391,1944-01-09,Female
NASAW00018392,1950-09-27,M
AW00018393,1960-09-19,Male
NASAW00018394,1957-06-09,Male
AW00018395,1958-06-26,M
AW00018396,1958-11-24,Female
NASAW00018397,1941-03-12,Female
NASAW00018398,1944-10-03,Male
AW00018399,1959-07-27,M
AW00018400,1941-06-18,Male
AW00018401,1944-10-22,Male
AW00018402,1958-04-15,
NASAW00018403,1961-12-13,M
NASAW00018404,1940-12-29,M
NASAW00018405,1958-10-14,F
AW00018406,1950-07-13,Female
AW00018407,1960-05-12,
AW00018408,1944-07-13,M
AW00018409,1944-04-12,M
AW00018410,1955-09-26,Male
AW00018411,1963-05-16,M
AW00018412,1958-02-26,F
NASAW00018413,1961-01-30,Female
AW00018414,1961-05-15,Male
AW00018415,1949-10-25,Female
NASAW00018416,1953-07-19,Female
NASAW00018417,1958-11-26,Female
NASAW00018418,1940-03-27,F
NASAW00018419,1947-02-26,Female
AW00018420,1941-12-16,M
NASAW00018421,1946-10-25,F
AW00018422,1944-05-26,F
AW00018423,1950-08-26,M
AW00018424,1955-01-07,Female
NASAW00018425,1950-01-19,Female
NASAW00018426,1940-04-30,Male
AW00018427,1942-11-10,Male
AW00018428,1950-07-28,F
AW00018429,1940-05-02,Male
AW00018430,1942-02-28,F
NASAW00018431,1943-03-24,F
AW00018432,1948-07-29,F
AW00018433,1943-04-25,F
AW00018434,1958-09-17,Female
AW00018435,1962-02-07,Male
AW00018436,1963-01-18,Male
NASAW00018437,1959-09-01,Male
AW00018438,1960-02-23,Female
AW00018439,1961-01-25,Female
AW00018440,1940-01-30,Female
NASAW00018441,1957-06-18,Male
NASAW00018442,1942-04-22,Male
NASAW00018443,1963-11-15,F
AW00018444,1949-04-05,M
AW00018445,1947-06-27,Female
NASAW00018446,1955-10-30,Male
AW00018447,1960-02-06,M
AW00018448,1940-12-14,
AW00018449,1945-05-03,F
AW00018450,1948-11-26,M
AW00018451,1943-06-28,Male
NASAW00018452,1963-10-17,Male
AW00018453,1956-03-06,M
AW00018454,1956-05-28,Male
AW00018455,1954-11-30,M
NASAW00018456,1948-05-25,
AW00018457,1948-07-15,Female
AW00018458,1948-09-26,M
AW00018459,1957-09-07,F
NASAW00018460,1955-06-25,F
NASAW00018461,1950-01-18,M
NASAW00018462,1963-09-13,M
NASAW00018463,1960-07-10,Male
NASAW00018464,1952-12-19,M
AW00018465,1954-08-28,Male
NASAW00018466,1944-04-05,Female
AW00018467,1942-06-10,Female
AW00018468,1955-03-11,F
NASAW00018469,1957-10-03,F
AW00018470,1946-06-20,
NASAW00018471,1944-06-18,F
AW00018472,2035-01-01,F
NASAW00018473,1959-10-01,F
NASAW00018474,1963-11-13,Female
AW00018475,1961-02-18,Female
NASAW00018476,1963-07-08,M
AW00018477,1949-01-19,Male
AW00018478,1941-07-03,F
NASAW00018479,1958-10-28,Male
NASAW00018480,1961-11-01,Male
AW00018481,1949-05-13,
AW00018482,1943-05-28,Male
AW00018483,1954-12-12,M
AW00018484,1954-01-11,Male
AW00018485,1949-05-10,Female
AW00018486,1947-06-25,F
AW00018487,1941-02-02,Female
NASAW00018488,1950-01-03,F
NASAW00018489,1953-08-20,Male
AW00018490,1955-10-27,Female
AW00018491,1951-02-22,Female
AW00018492,1959-11-20,M
AW00018493,1942-08-07,M
AW00018494,1954-05-20,F
NASAW00018495,1946-05-17,Female
AW00018496,1962-01-23,Female
AW00018497,1963-03-14,Female
AW00018498,1960-07-28,Male
AW00018499,1961-02-24,Male
AW00018500,1962-02-22,Male
NASAW00018501,1940-07-28,M
AW00018502,1940-12-03,Male
AW00018503,1953-10-07,Female
NASAW00018504,1953-04-06,F
NASAW00018505,1958-02-08,Male
NASAW00018506,1955-06-25,M
AW00018507,1942-09-11,Male
NASAW00018508,1944-02-11,M
AW00018509,1957-10-19,Female
NASAW00018510,1947-08-08,
AW00018511,1946-07-12,Female
AW00018512,1951-02-13,Male
AW00018513,1943-07-09,F
AW00018514,1956-06-28,F
AW00018515,1943-07-12,M
AW00018516,1957-04-27,M
NASAW00018517,1952-10-27,Female
AW00018518,1948-03-15,F
AW00018519,1941-05-27,F
AW00018520,1953-08-06,F
AW00018521,1958-02-13,Female
AW00018522,1944-11-09,
NASAW00018523,1954-01-24,
NASAW00018524,1956-06-11,F
NASAW00018525,1948-05-07,Female
AW00018526,1955-01-02,Male
AW00018527,1956-03-15,Female
AW00018528,1947-06-12,Male
NASAW00018529,1943-10-28,Female
AW00018530,1946-06-19,Female
AW00018531,1942-09-14,M
AW00018532,1961-09-13,F
AW00018533,1943-04-24,Male
AW00018534,1961-12-17,Male
AW00018535,1944-10-24,F
AW00018536,1957-07-09,Female
AW00018537,1959-11-07,F
AW00018538,1943-01-04,Male
AW00018539,1950-11-30,Female
AW00018540,1941-09-22,Female
NASAW00018541,1958-11-09,M
AW00018542,1953-08-12,Female
NASAW00018543,1962-09-22,F
NASAW00018544,1953-06-10,Male
NASAW00018545,1952-03-23,M
NASAW00018546,1961-10-02,M
AW00018547,1962-09-24,F
AW00018548,1956-01-15,Male
AW00018549,1949-04-20,Female
AW00018550,1948-03-29,Male
AW00018551,1957-01-16,Female
NASAW00018552,1961-10-17,F
AW00018553,1958-03-12,M
NASAW00018554,1961-07-09,Female
AW00018555,1962-11-04,F
AW00018556,1943-03-27,Male
NASAW00018557,1950-10-15,Male
AW00018558,1948-11-04,Male
AW00018559,1961-06-22,Female
AW00018560,1943-11-16,F
NASAW00018561,1957-01-27,Male
AW00018562,1961-11-23,Female
NASAW00018563,1951-07-11,F
NASAW00018564,1952-01-18,F
NASAW00018565,1956-04-15,F
AW00018566,1950-11-09,
AW00018567,1955-12-28,F
AW00018568,1945-01-18,Female
NASAW00018569,1944-06-02,Female
AW00018570,1948-05-15,M
AW00018571,1950-02-09,Male
AW00018572,1955-11-20,
AW00018573,1959-10-21,Male
AW00018574,1946-07-30,M
AW00018575,1944-06-08,M
AW00018576,1950-09-20,Female
AW00018577,1951-07-30,F
AW00018578,1948-04-03,M
AW00018579,1949-08-09,F
AW00018580,1948-09-28,Female
NASAW00018581,1957-03-04,F
AW00018582,1941-10-08,Male
AW00018583,1958-03-15,M
NASAW00018584,1951-08-28,F
AW00018585,1959-04-14,
AW00018586,1947-04-06,Male
AW00018587,1946-02-24,F
NASAW00018588,1956-07-27,M
AW00018589,1948-02-23,F
AW00018590,1950-01-22,F
NASAW00018591,1962-09-19,F
AW00018592,1952-11-01,F
AW00018593,1961-08-09,M
AW00018594,1951-12-29,Male
NASAW00018595,1946-09-11,Female
AW00018596,1944-05-23,Male
AW00018597,1951-03-22,F
AW00018598,1947-12-15,F
AW00018599,1954-07-02,M
AW00018600,1963-05-24,
AW00018601,1955-03-11,F
AW00018602,1940-02-14,F
NASAW00018603,1940-04-23,M
AW00018604,1951-09-13,Female
AW00018605,1955-06-06,Male
AW00018606,1948-10-09,Male
AW00018607,1953-06-15,Female
AW00018608,1956-01-24,M
NASAW00018609,1958-01-09,F
AW00018610,1963-03-09,M
AW00018611,1943-09-09,
NASAW00018612,1963-06-30,F
AW00018613,1947-01-08,Female
AW00018614,1955-09-09,M
AW00018615,1961-06-06,Female
NASAW00018616,1952-12-24,Male
NASAW00018617,1955-09-01,Male
AW00018618,1956-01-18,Male
NASAW00018619,1958-12-30,Female
AW00018620,1959-03-16,Male
AW00018621,1945-10-02,F
AW00018622,1961-12-16,Female
AW00018623,1956-12-11,M
AW00018624,1953-01-22,Male
AW00018625,1949-08-24,F
NASAW00018626,1958-10-19,Female
AW00018627,1956-02-29,Male
AW00018628,1942-10-15,Female
AW00018629,1943-07-18,F
NASAW00018630,1943-12-01,Male
AW00018631,1944-06-09,M
AW00018632,1942-06-26,Female
AW00018633,1953-08-03,Female
AW00018634,1947-05-06,F
NASAW00018635,1951-08-26,Male
AW00018636,1960-06-25,F
NASAW00018637,1956-11-27,Male
AW00018638,1956-04-06,F
AW00018639,1959-04-24,Male
NASAW00018640,1957-05-12,F
AW00018641,1940-01-05,Male
AW00018642,1942-10-13,M
AW00018643,1962-02-01,M
NASAW00018644,1959-11-14,M
AW00018645,1955-05-05,M
AW00018646,1947-04-11,M
NASAW00018647,1956-08-24,F
AW00018648,1947-10-08,Female
AW00018649,1954-12-03,F
AW00018650,1953-09-15,F
NASAW00018651,1951-07-12,Male
NASAW00018652,1947-11-12,Female
NASAW00018653,1962-01-05,Male
AW00018654,1945-01-22,Female
AW00018655,1961-01-13,F
NASAW00018656,1943-03-23,Male
NASAW00018657,1956-04-13,Female
AW00018658,1957-12-31,M
NASAW00018659,1958-02-23,M
NASAW00018660,1950-11-19,
AW00018661,1955-09-01,F
AW00018662,1949-03-11,Male
AW00018663,1945-01-29,
AW00018664,1963-01-29,
AW00018665,1941-11-06,F
NASAW00018666,2029-01-01,M
NASAW00018667,1953-04-16,
AW00018668,1940-01-28,Male
AW00018669,1951-09-19,Female
NASAW00018670,1960-10-10,M
AW00018671,1959-09-23,Female
NASAW00018672,1954-02-02,F
AW00018673,1942-10-09,M
AW00018674,1943-12-04,M
AW00018675,1945-07-22,Female
AW00018676,1950-10-24,Male
AW00018677,1946-06-27,Male
NASAW00018678,1962-10-23,Female
NASAW00018679,1942-07-22,M
AW00018680,1945-04-13,F
NASAW00018681,1958-07-08,Female
NASAW00018682,1954-11-18,F
AW00018683,1945-01-22,Female
AW00018684,1953-12-31,Male
AW00018685,1944-11-22,F
NASAW00018686,1950-04-30,Male
NASAW00018687,1943-06-12,Female
NASAW00018688,1954-12-14,M
NASAW00018689,1953-04-11,Male
AW00018690,1957-09-16,Female
AW00018691,1955-11-20,M
AW00018692,1940-12-09,M
AW00018693,1941-10-13,Male
AW00018694,1941-09-15,M
AW00018695,1947-01-26,Male
AW00018696,1951-10-11,M
AW00018697,1954-04-23,Male
NASAW00018698,1957-06-12,M
AW00018699,1946-01-14,Female
NASAW00018700,1946-11-27,Female
NASAW00018701,1943-07-12,F
AW00018702,1945-02-06,Male
AW00018703,1951-01-19,F
NASAW00018704,1961-06-15,F
AW00018705,1948-02-18,Female
AW00018706,1944-03-22,M
NASAW00018707,1940-07-07,Male
NASAW00018708,1963-03-11,F
NASAW00018709,1940-03-19,F
NASAW00018710,1946-10-05,Male
NASAW00018711,1954-11-03,F
NASAW00018712,1956-11-21,F
AW00018713,1947-11-06,Male
AW00018714,1950-07-05,M
AW00018715,1940-10-22,M
AW00018716,1941-12-18,F
AW00018717,1943-04-17,Male
AW00018718,1948-05-12,Male
AW00018719,1957-12-19,M
AW00018720,1943-07-02,Female
AW00018721,1941-06-27,Female
AW00018722,1958-01-16,Female
NASAW00018723,1954-02-09,Male
AW00018724,1953-01-25,M
NASAW00018725,1949-01-24,Female
AW00018726,1951-06-13,M
AW00018727,1956-08-21,Female
AW00018728,1944-02-01,M
AW00018729,1956-07-01,Male
AW00018730,1953-06-13,
AW00018731,1961-08-03,F
AW00018732,1947-01-26,F
AW00018733,1952-08-06,F
AW00018734,1946-11-03,M
NASAW00018735,1960-09-12,F
AW00018736,1959-09-08,F
AW00018737,1961-08-25,F
AW00018738,1941-09-22,F
AW00018739,1947-10-05,F
AW00018740,1960-09-11,Male
AW00018741,1960-09-11,Female
AW00018742,1959-07-31,M
AW00018743,1943-03-17,
AW00018744,1951-01-18,F
AW00018745,1955-11-23,Female
AW00018746,1942-01-11,F
AW00018747,1951-06-19,F
NASAW00018748,1946-07-23,Female
AW00018749,1960-12-03,Male
AW00018750,1963-02-16,M
NASAW00018751,1957-01-04,Male
NASAW00018752,1947-03-23,F
NASAW00018753,1963-03-30,Male
AW00018754,1946-11-17,M
AW00018755,1959-09-28,F
AW00018756,1941-08-28,Male
NASAW00018757,1955-02-05,F
NASAW00018758,1961-03-30,Male
NASAW00018759,1963-06-27,Male
NASAW00018760,1951-03-14,Female
AW00018761,1955-02-27,M
AW00018762,1949-09-22,Female
AW00018763,1944-02-16,Female
AW00018764,1946-11-25,M
AW00018765,1942-12-05,M
AW00018766,1949-08-30,Male
NASAW00018767,1940-09-13,F
NASAW00018768,1948-05-26,F
AW00018769,1963-02-04,F
AW00018770,1955-11-01,Male
NASAW00018771,1963-03-29,Female
AW00018772,1959-06-04,Female
AW00018773,1948-09-28,Male
AW00018774,1955-04-08,M
AW00018775,1963-08-10,M
AW00018776,1947-10-19,F
NASAW00018777,1942-02-15,Female
AW00018778,1940-01-16,Female
AW00018779,1948-04-23,Female
AW00018780,1950-10-26,M
AW00018781,1957-01-15,M
NASAW00018782,1947-07-13,Male
AW00018783,1961-10-28,Male
AW00018784,1954-06-26,F
AW00018785,1962-05-04,F
AW00018786,1957-01-11,
AW00018787,1957-12-22,Female
NASAW00018788,1960-09-23,
AW00018789,1948-08-26,Female
NASAW00018790,1954-09-30,Male
NASAW00018791,1949-12-20,
AW00018792,1945-07-16,Female
AW00018793,1953-10-09,M
NASAW00018794,1948-09-27,F
NASAW00018795,1952-05-26,Male
NASAW00018796,1941-03-31,Female
AW00018797,1940-08-10,F
NASAW00018798,1942-08-13,Male
AW00018799,1953-02-21,M
AW00018800,1942-11-08,F
NASAW00018801,1951-08-27,Male
AW00018802,1958-12-19,Female
AW00018803,1944-01-31,M
AW00018804,1955-05-04,M
AW00018805,1940-12-05,M
NASAW00018806,1962-01-31,Female
NASAW00018807,1941-09-05,F
AW00018808,1942-03-13,Male
AW00018809,1949-04-12,F
NASAW00018810,1960-06-19,F
NASAW00018811,1961-08-08,Female
AW00018812,1942-08-12,F
AW00018813,1943-04-18,Female
AW00018814,1951-03-23,M
NASAW00018815,1957-01-14,F
AW00018816,1961-07-21,F
NASAW00018817,1956-09-29,Female
AW00018818,1955-03-12,F
NASAW00018819,1947-02-23,
AW00018820,1940-11-29,Female
NASAW00018821,1950-01-10,Female
AW00018822,1947-02-04,Female
NASAW00018823,1961-03-20,M
NASAW00018824,1948-07-24,M
AW00018825,1961-06-29,F
NASAW00018826,1960-06-13,F
NASAW00018827,1942-02-12,F
AW00018828,1954-02-16,F
AW00018829,1962-10-19,M
AW00018830,1956-08-04,Male
NASAW00018831,1941-08-10,F
AW00018832,1956-07-24,M
AW00018833,1950-03-06,F
NASAW00018834,1955-11-26,F
NASAW00018835,1944-09-05,F
NASAW00018836,1959-01-15,M
AW00018837,1951-06-19,M
AW00018838,1941-07-16,
AW00018839,1941-09-23,M
AW00018840,1957-01-03,F
AW00018841,1948-05-05,Female
NASAW00018842,1953-03-26,F
AW00018843,1945-11-02,M
AW00018844,1943-05-21,Female
AW00018845,1946-01-17,F
AW00018846,1944-11-09,Male
NASAW00018847,1954-08-07,M
AW00018848,1957-09-28,F
NASAW00018849,1952-12-18,Male
NASAW00018850,1944-11-09,F
AW00018851,1948-04-25,Female
AW00018852,1963-01-17,M
AW00018853,1944-01-19,M
NASAW00018854,1963-01-09,F
AW00018855,1953-06-19,Female
AW00018856,1943-12-22,M
NASAW00018857,1947-02-17,Female
AW00018858,1944-11-21,M
AW00018859,1956-04-06,Female
AW00018860,1944-10-23,M
NASAW00018861,1953-09-22,Male
AW00018862,1949-08-15,M
AW00018863,1941-06-27,F
AW00018864,1945-04-30,Male
AW00018865,1940-09-12,F
AW00018866,1957-10-25,Male
NASAW00018867,1962-03-27,Male
NASAW00018868,1954-08-08,Female
AW00018869,1955-11-06,M
AW00018870,1948-08-04,M
AW00018871,1952-01-05,F
AW00018872,1958-05-11,F
AW00018873,1962-05-27,Male
AW00018874,1961-04-04,M
AW00018875,1943-01-25,Male
AW00018876,1951-12-27,Male
NASAW00018877,1952-11-03,F
AW00018878,1958-03-09,Female
NASAW00018879,1941-05-01,M
AW00018880,1953-07-12,Female
AW00018881,1941-05-11,M
AW00018882,1940-10-09,M
NASAW00018883,1963-08-01,Male
AW00018884,1950-08-15,F
AW00018885,1953-12-08,F
AW00018886,1952-12-17,Female
AW00018887,1940-01-06,Female
AW00018888,1941-09-06,Male
AW00018889,1948-01-20,Female
NASAW00018890,2036-01-01,Male
AW00018891,1954-01-24,F
AW00018892,1947-11-25,F
AW00018893,1961-02-05,Male
AW00018894,1943-12-29,F
NASAW00018895,1960-03-30,F
AW00018896,1953-03-21,Female
NASAW00018897,1949-07-25,Female
NASAW00018898,1963-02-12,F
NASAW00018899,1958-09-25,
NASAW00018900,1948-12-16,
AW00018901,1960-05-10,F
AW00018902,1946-05-09,Female
AW00018903,1954-12-19,Female
NASAW00018904,1949-08-31,M
AW00018905,1958-06-11,M
AW00018906,1941-03-16,Male
AW00018907,1958-06-21,Female
NASAW00018908,1961-05-23,F
AW00018909,1963-08-18,F
AW00018910,1946-05-16,F
AW00018911,1951-10-31,M
AW00018912,1941-04-17,M
NASAW00018913,1946-09-12,Male
AW00018914,1943-01-12,M
NASAW00018915,1943-03-12,
AW00018916,1942-09-22,Male
AW00018917,1962-10-05,M
AW00018918,1945-03-16,Female
AW00018919,1959-06-23,M
NASAW00018920,1955-03-10,Male
AW00018921,1953-01-22,M
AW00018922,1950-08-22,F
AW00018923,1956-12-04,F
NASAW00018924,1956-05-13,F
AW00018925,1949-12-31,Female
AW00018926,1945-08-04,F
NASAW00018927,1961-04-11,F
AW00018928,1941-04-06,Female
NASAW00018929,1943-10-07,M
NASAW00018930,1951-07-18,Male
AW00018931,1944-06-04,Female
AW00018932,1958-11-21,F
AW00018933,1953-06-14,M
AW00018934,1956-12-18,Female
AW00018935,1959-03-26,F
NASAW00018936,1942-09-08,M
AW00018937,1963-11-09,F
AW00018938,1944-04-11,M
NASAW00018939,1942-04-20,Male
AW00018940,1942-03-28,M
AW00018941,1958-09-28,Male
AW00018942,1951-12-16,Female
AW00018943,1947-02-26,Male
AW00018944,1957-01-28,Female
AW00018945,1945-03-16,Female
NASAW00018946,1949-11-11,M
AW00018947,1956-07-22,Female
AW00018948,1959-04-13,F
AW00018949,1953-06-24,Female
AW00018950,1944-05-02,M
NASAW00018951,1952-06-12,F
NASAW00018952,1948-08-29,F
AW00018953,1963-03-19,
AW00018954,1953-09-25,Male
NASAW00018955,1940-01-18,F
AW00018956,1944-02-08,Male
AW00018957,1959-11-15,F
AW00018958,1941-02-12,Female
AW00018959,1948-03-05,F
AW00018960,1960-11-04,Male
AW00018961,1948-02-14,Male
AW00018962,1944-08-14,Male
AW00018963,1941-11-04,Male
NASAW00018964,1947-11-03,
AW00018965,1961-11-18,Female
AW00018966,1942-09-01,F
NASAW00018967,1941-11-09,
AW00018968,1953-04-01,M
AW00018969,1955-06-18,F
AW00018970,1961-10-05,Male
AW00018971,1961-05-31,Female
AW00018972,1955-06-01,Female
AW00018973,1950-08-16,M
NASAW00018974,1961-02-10,F
AW00018975,1945-12-11,Female
NASAW00018976,1960-05-14,M
AW00018977,1955-12-06,
AW00018978,1941-01-01,M
AW00018979,1956-04-05,Male
AW00018980,1961-11-26,F
NASAW00018981,1945-09-12,Male
NASAW00018982,1948-01-26,
AW00018983,1948-09-01,M
AW00018984,1949-03-12,M
AW00018985,1944-05-07,Male
AW00018986,1963-02-27,F
NASAW00018987,1944-10-20,Female
NASAW00018988,1957-06-14,F
AW00018989,1954-07-09,M
AW00018990,1940-01-21,Male
NASAW00018991,1946-01-28,
AW00018992,1959-04-02,Female
AW00018993,1962-07-04,F
AW00018994,1951-04-26,Male
AW00018995,1943-05-09,Female
AW00018996,1947-06-01,M
NASAW00018997,1951-11-13,Male
AW00018998,1962-06-04,F
NASAW00018999,1943-07-21,Male
AW00019000,1942-09-26,M
AW00019001,1956-04-15,M
AW00019002,1962-01-05,Male
AW00019003,1954-09-21,F
AW00019004,1953-06-29,F
AW00019005,1954-02-26,F
NASAW00019006,1942-02-22,F
AW00019007,1951-04-22,Female
AW00019008,1955-12-15,F
AW00019009,1958-10-11,Male
AW00019010,1962-10-25,Male
AW00019011,1942-12-29,Male
AW00019012,1944-03-30,Male
AW00019013,1963-11-22,M
AW00019014,1959-10-11,M
AW00019015,1956-08-28,M
AW00019016,1952-12-11,M
AW00019017,1958-04-30,M
NASAW00019018,1946-07-18,Female
AW00019019,1956-01-10,Female
AW00019020,1955-03-06,Female
AW00019021,1947-02-14,F
AW00019022,1956-08-29,F
NASAW00019023,1963-08-27,Female
NASAW00019024,1941-07-07,Male
AW00019025,1958-05-23,
AW00019026,1945-07-30,Male
AW00019027,1960-05-08,Female
AW00019028,1941-04-07,F
AW00019029,1962-04-11,
NASAW00019030,1951-09-02,M
NASAW00019031,1961-05-12,F
AW00019032,1953-08-18,Male
AW00019033,1962-09-21,Male
AW00019034,1948-03-27,Female
NASAW00019035,1952-06-15,F
AW00019036,1962-10-26,Male
AW00019037,1956-06-26,M
AW00019038,1942-04-10,Male
AW00019039,1950-03-16,F
AW00019040,1958-04-07,
NASAW00019041,1946-07-19,Male
AW00019042,1953-05-31,F
AW00019043,1947-05-05,Female
AW00019044,1959-12-22,F
AW00019045,1945-09-01,Female
NASAW00019046,1951-01-12,M
AW00019047,1956-07-13,Male
AW00019048,1952-02-02,Female
NASAW00019049,1954-01-09,Male
AW00019050,1944-11-03,F
AW00019051,1946-10-14,M
AW00019052,1947-05-08,Female
AW00019053,1955-07-16,M
NASAW00019054,1944-06-09,Male
AW00019055,1959-05-13,M
AW00019056,1954-09-08,Male
NASAW00019057,1942-05-11,Male
NASAW00019058,1951-05-04,Female
NASAW00019059,1959-01-30,Male
AW00019060,1942-09-29,M
NASAW00019061,1945-01-04,Female
NASAW00019062,1943-02-03,F
AW00019063,1943-04-09,M
AW00019064,1956-10-24,F
AW00019065,1942-06-25,M
NASAW00019066,1957-03-02,Female
NASAW00019067,1946-02-05,Female
AW00019068,1942-06-28,F
AW00019069,1944-03-04,Female
AW00019070,1958-07-16,Male
NASAW00019071,1954-03-06,F
NASAW00019072,1955-05-04,Male
AW00019073,1957-03-03,Female
AW00019074,1958-11-06,M
AW00019075,1944-07-20,Female
AW00019076,1963-11-14,F
AW00019077,1958-12-26,M
AW00019078,1949-02-24,Female
NASAW00019079,1950-12-01,Female
AW00019080,1945-09-15,Female
NASAW00019081,1959-03-05,Male
NASAW00019082,2038-01-01,Male
AW00019083,1953-09-04,F
AW00019084,1950-07-15,F
AW00019085,1940-08-13,Male
AW00019086,1956-11-05,Male
NASAW00019087,1947-09-03,
AW00019088,1956-08-10,M
AW00019089,1948-11-18,M
AW00019090,1963-11-05,M
AW00019091,1957-01-16,Female
NASAW00019092,1961-12-10,M
AW00019093,1958-01-19,M
AW00019094,1940-07-18,Male
AW00019095,1946-04-18,Male
AW00019096,1948-04-01,Male
AW00019097,1944-10-03,Female
AW00019098,1963-03-01,Female
AW00019099,1944-09-03,F
AW00019100,1941-12-10,M
NASAW00019101,1941-07-28,Female
AW00019102,1947-06-05,F
AW00019103,1962-09-27,Male
NASAW00019104,1957-05-10,M
AW00019105,1945-01-20,F
AW00019106,1950-09-21,Female
AW00019107,1949-02-25,M
AW00019108,1960-05-11,Male
NASAW00019109,1949-10-29,Male
AW00019110,1958-06-16,Male
AW00019111,1959-12-12,F
AW00019112,1950-12-29,M
AW00019113,1957-07-13,Male
NASAW00019114,1951-11-28,Female
AW00019115,1944-03-01,M
AW00019116,1961-07-22,F
NASAW00019117,1956-06-20,Male
AW00019118,1942-08-03,Female
NASAW00019119,1953-05-01,M
AW00019120,1953-03-03,Male
AW00019121,1948-07-10,M
AW00019122,1951-04-29,Female
AW00019123,1947-07-15,Male
NASAW00019124,1945-04-01,M
AW00019125,1958-04-30,M
AW00019126,1949-08-11,M
AW00019127,1952-11-13,M
NASAW00019128,1944-06-21,M
NASAW00019129,1961-11-29,
NASAW00019130,1940-05-24,F
AW00019131,1945-03-19,F
AW00019132,1944-07-29,F
NASAW00019133,1956-07-09,Male
AW00019134,1956-05-11,Male
AW00019135,1956-12-20,Male
AW00019136,1962-01-08,F
NASAW00019137,1945-03-09,F
AW00019138,1941-07-01,M
NASAW00019139,1944-08-04,Male
AW00019140,1953-11-13,F
AW00019141,1961-10-12,Male
AW00019142,1962-12-30,M
AW00019143,1945-04-17,Male
AW00019144,1949-01-27,Male
NASAW00019145,1944-12-31,Female
AW00019146,1963-05-25,
NASAW00019147,1941-05-17,F
AW00019148,1961-08-06,M
NASAW00019149,1941-07-20,Female
AW00019150,1954-10-21,M
AW00019151,1945-12-15,Male
AW00019152,1949-04-21,F
AW00019153,1952-05-23,Female
AW00019154,1942-05-12,Male
AW00019155,1944-06-04,M
AW00019156,1941-04-27,M
AW00019157,1946-12-15,
AW00019158,1946-08-15,Male
AW00019159,1957-10-29,Female
AW00019160,1942-03-26,Male
AW00019161,1963-06-20,
AW00019162,1962-12-28,F
AW00019163,1958-03-10,M
AW00019164,1952-01-17,M
NASAW00019165,1958-02-16,M
AW00019166,1946-09-28,Male
NASAW00019167,1957-04-10,Female
NASAW00019168,1942-12-12,F
NASAW00019169,1958-06-25,Male
NASAW00019170,1959-06-17,F
NASAW00019171,1950-10-02,Male
AW00019172,1962-12-08,F
NASAW00019173,1954-06-02,
NASAW00019174,1949-12-13,Male
NASAW00019175,1956-07-12,Male
AW00019176,1948-05-01,F
AW00019177,1963-03-05,Male
NASAW00019178,1946-03-24,Female
AW00019179,1947-03-04,Female
AW00019180,1959-11-01,M
AW00019181,1945-12-15,M
AW00019182,1941-12-20,F
AW00019183,1943-05-27,M
AW00019184,1963-02-07,M
NASAW00019185,1943-07-23,Female
AW00019186,1952-03-10,F
AW00019187,1946-07-28,Male
AW00019188,1962-02-23,Female
AW00019189,1962-09-11,Male
AW00019190,1943-08-21,Male
AW00019191,1951-06-21,Male
NASAW00019192,1944-11-10,Female
AW00019193,1940-07-19,F
AW00019194,1950-08-14,M
AW00019195,1943-04-01,Female
AW00019196,1953-04-26,Female
AW00019197,1963-09-23,Male
AW00019198,1943-04-08,F
AW00019199,1940-11-04,Male
NASAW00019200,1963-08-19,F
AW00019201,1946-12-21,Female
AW00019202,1963-02-10,Male
NASAW00019203,1945-07-28,Female
AW00019204,1962-08-31,
AW00019205,1959-04-28,M
AW00019206,1959-07-24,M
AW00019207,1961-07-29,Female
NASAW00019208,1962-03-05,F
NASAW00019209,1961-05-18,M
AW00019210,1957-10-13,M
NASAW00019211,1943-03-08,M
AW00019212,1963-06-22,M
NASAW00019213,1953-05-16,Male
AW00019214,1963-11-14,Female
AW00019215,1958-08-11,Male
NASAW00019216,1956-02-02,Female
NASAW00019217,1947-04-01,Male
AW00019218,1961-05-11,M
AW00019219,1951-10-28,Female
AW00019220,1963-12-04,F
AW00019221,1956-07-24,Male
AW00019222,1959-04-01,F
AW00019223,1960-05-16,Female
AW00019224,1949-02-05,Male
NASAW00019225,1946-11-16,F
AW00019226,1945-02-19,Female
AW00019227,1948-02-01,F
AW00019228,1962-11-29,F
NASAW00019229,1948-12-06,Female
NASAW00019230,1957-03-27,Female
NASAW00019231,1961-06-22,F
AW00019232,1957-07-14,Female
AW00019233,1962-09-15,Female
AW00019234,1957-04-11,M
AW00019235,1958-12-11,
AW00019236,1945-09-26,Male
AW00019237,1941-11-20,Female
NASAW00019238,1951-02-14,M
AW00019239,1961-01-15,M
NASAW00019240,1953-04-28,F
AW00019241,1954-08-04,M
NASAW00019242,1946-09-30,F
NASAW00019243,1963-06-17,Female
AW00019244,1944-09-30,F
NASAW00019245,1941-01-06,Male
AW00019246,1947-10-07,Female
AW00019247,1960-04-15,Male
AW00019248,1951-05-06,Male
NASAW00019249,1941-12-27,F
NASAW00019250,1945-10-06,Female
NASAW00019251,1952-11-12,Female
AW00019252,1940-01-08,Male
AW00019253,1951-02-14,F
NASAW00019254,1953-08-12,F
NASAW00019255,1955-12-22,Male
AW00019256,1963-10-06,Female
AW00019257,1941-08-22,Male
AW00019258,1959-03-26,Female
AW00019259,1950-02-16,F
AW00019260,1959-08-10,Male
AW00019261,1944-07-20,M
NASAW00019262,1942-08-17,F
AW00019263,1952-07-17,Female
NASAW00019264,1949-08-01,F
NASAW00019265,1942-04-06,Male
NASAW00019266,1947-04-02,Female
AW00019267,1959-11-29,M
NASAW00019268,1948-05-14,F
AW00019269,1953-10-30,
NASAW00019270,1963-04-23,Male
NASAW00019271,1943-02-04,Male
NASAW00019272,1962-10-16,Male
AW00019273,1941-09-15,F
AW00019274,1950-03-29,Female
AW00019275,1950-04-16,Female
AW00019276,1954-08-18,Female
AW00019277,1957-02-06,M
NASAW00019278,1952-03-22,F
AW00019279,1940-10-22,Male
AW00019280,1954-08-16,F
AW00019281,1954-09-25,M
NASAW00019282,1947-10-03,Male
AW00019283,1949-06-07,Female
AW00019284,1963-09-10,Female
AW00019285,1951-11-26,Male
AW00019286,1944-12-12,Female
NASAW00019287,1957-05-30,F
NASAW00019288,1963-02-23,F
AW00019289,1955-03-18,F
AW00019290,1946-09-16,Male
NASAW00019291,1956-05-13,M
NASAW00019292,1959-05-19,M
NASAW00019293,1944-04-08,Male
AW00019294,1942-10-25,Male
AW00019295,1953-07-18,M
AW00019296,1942-08-30,Male
AW00019297,1962-08-28,M
NASAW00019298,1952-10-05,F
AW00019299,1962-10-31,F
AW00019300,1957-11-15,Female
AW00019301,1947-10-02,M
AW00019302,1957-07-17,F
NASAW00019303,1962-01-04,Male
AW00019304,1961-01-09,F
AW00019305,1953-04-13,Female
AW00019306,1956-10-27,Male
NASAW00019307,1950-07-14,F
AW00019308,1942-05-31,F
AW00019309,1949-12-24,Male
AW00019310,1947-06-04,M
AW00019311,1947-02-23,F
AW00019312,1944-12-11,F
AW00019313,1941-12-11,Male
NASAW00019314,1950-08-07,M
NASAW00019315,1941-09-20,M
NASAW00019316,1962-05-15,F
AW00019317,1943-05-10,M
AW00019318,1953-09-16,Male
NASAW00019319,1955-07-03,Male
NASAW00019320,1951-04-25,F
NASAW00019321,1958-09-10,Female
AW00019322,1953-07-23,F
AW00019323,1957-05-26,F
AW00019324,1942-09-17,Male
AW00019325,1959-12-29,F
NASAW00019326,1952-12-14,Female
AW00019327,1950-12-05,F
AW00019328,1959-07-18,Female
AW00019329,1958-08-30,F
NASAW00019330,1958-06-02,F
NASAW00019331,1947-07-12,Male
AW00019332,1944-06-02,Female
AW00019333,1963-11-30,Female
AW00019334,1955-10-12,Female
AW00019335,1955-04-05,M
AW00019336,1946-07-31,Male
NASAW00019337,1950-01-17,Male
NASAW00019338,1953-06-08,F
AW00019339,1942-09-26,M
AW00019340,1961-03-03,Male
AW00019341,1953-12-19,Male
AW00019342,1950-09-01,Male
AW00019343,1955-10-28,Female
NASAW00019344,1961-04-18,F
NASAW00019345,1955-07-10,F
AW00019346,1958-06-19,M
NASAW00019347,1948-05-04,Female
AW00019348,1947-09-15,Male
AW00019349,1962-02-13,Male
NASAW00019350,1954-02-12,M
AW00019351,1941-05-21,Female
NASAW00019352,1945-07-12,Female
AW00019353,1955-11-22,Female
AW00019354,1955-10-09,M
AW00019355,1949-04-08,Female
AW00019356,1958-09-27,Male
NASAW00019357,1957-07-31,Male
NASAW00019358,1950-01-05,Female
AW00019359,1950-03-23,
NASAW00019360,1944-06-29,Female
AW00019361,1945-01-12,M
AW00019362,1940-09-20,
AW00019363,1949-07-16,Male
AW00019364,1959-11-03,M
NASAW00019365,1944-01-15,Female
AW00019366,1947-07-10,M
AW00019367,1960-08-13,M
AW00019368,1946-07-29,Female
AW00019369,1940-12-24,M
AW00019370,1952-11-11,F
AW00019371,1943-04-25,Male
AW00019372,1960-10-08,Female
NASAW00019373,1959-10-09,
AW00019374,1958-10-19,Male
AW00019375,1945-02-23,Female
AW00019376,1957-01-13,Male
AW00019377,1959-09-12,Female
NASAW00019378,1948-09-28,M
NASAW00019379,1959-05-15,Male
AW00019380,1943-04-28,Male
NASAW00019381,1940-04-23,F
AW00019382,1948-10-31,F
AW00019383,1957-03-22,Male
AW00019384,1958-06-02,F
AW00019385,1956-02-20,M
NASAW00019386,1943-08-21,F
NASAW00019387,1942-02-24,F
AW00019388,1945-11-07,Female
AW00019389,1946-10-12,Male
AW00019390,1952-05-20,Male
AW00019391,1961-07-08,Male
AW00019392,1960-05-08,Male
AW00019393,1943-06-09,M
NASAW00019394,1948-12-06,Female
NASAW00019395,1942-01-10,M
AW00019396,1960-11-03,Male
NASAW00019397,1953-10-05,F
AW00019398,1951-06-10,Female
AW00019399,1962-12-31,F
NASAW00019400,1948-10-28,F
AW00019401,1959-10-31,Female
AW00019402,1960-07-24,F
AW00019403,1949-02-22,F
NASAW00019404,1960-05-07,Female
NASAW00019405,1957-11-20,Male
NASAW00019406,1952-11-14,M
AW00019407,1952-03-31,M
AW00019408,1955-11-12,F
AW00019409,1943-05-09,M
AW00019410,1955-04-09,F
AW00019411,1959-04-04,Female
NASAW00019412,1953-12-15,M
AW00019413,1952-06-03,Male
AW00019414,1953-04-25,F
NASAW00019415,1952-01-21,Female
AW00019416,1950-11-12,M
NASAW00019417,1958-06-21,M
AW00019418,1958-09-07,Female
AW00019419,1947-04-24,M
AW00019420,1952-09-07,Female
AW00019421,1949-02-22,M
AW00019422,1958-01-18,M
AW00019423,1950-12-19,Female
AW00019424,1945-12-08,Male
AW00019425,1953-06-23,F
AW00019426,1952-07-11,M
AW00019427,1945-01-04,Female
NASAW00019428,1941-10-31,F
AW00019429,1956-05-12,M
AW00019430,1958-05-29,F
AW00019431,1952-04-06,
NASAW00019432,1943-09-26,Male
AW00019433,1955-08-13,F
NASAW00019434,1941-08-22,Female
AW00019435,1960-07-31,Male
AW00019436,1958-11-12,
AW00019437,1940-03-10,F
AW00019438,1952-07-16,M
AW00019439,1962-08-13,Female
AW00019440,1944-03-01,F
NASAW00019441,1951-09-07,Male
NASAW00019442,1961-07-25,
AW00019443,1957-09-28,Male
AW00019444,1948-05-13,F
NASAW00019445,1941-04-23,Female
AW00019446,1946-05-31,Female
AW00019447,1951-05-28,Female
AW00019448,1944-01-24,Female
AW00019449,1963-03-30,Female
AW00019450,1961-12-17,Female
AW00019451,1952-05-11,F
AW00019452,1958-06-29,M
NASAW00019453,1963-01-23,M
NASAW00019454,1963-05-23,
NASAW00019455,1950-03-28,F
AW00019456,1946-02-23,Male
AW00019457,1953-07-31,Female
NASAW00019458,1941-08-26,Male
NASAW00019459,1941-08-16,Male
AW00019460,1954-06-23,F
AW00019461,1954-03-05,Female
AW00019462,1960-12-07,Male
AW00019463,1952-01-31,Female
AW00019464,1940-11-02,Male
NASAW00019465,1942-08-12,M
AW00019466,1948-08-23,Female
AW00019467,1943-04-22,M
NASAW00019468,1949-12-31,M
NASAW00019469,1942-11-30,Female
AW00019470,1943-03-10,M
NASAW00019471,2039-01-01,F
AW00019472,1951-06-20,M
AW00019473,1962-07-05,F
AW00019474,1961-01-13,Male
AW00019475,1962-04-20,
NASAW00019476,1945-05-24,M
NASAW00019477,1952-09-26,M
AW00019478,1951-01-15,F
NASAW00019479,1943-03-28,F
AW00019480,1945-01-06,Female
AW00019481,1944-02-01,F
NASAW00019482,1949-11-04,Female
AW00019483,1956-10-20,
AW00019484,1943-05-25,F
AW00019485,1958-08-09,
AW00019486,1949-05-09,Male
AW00019487,1944-11-22,M
NASAW00019488,1959-05-20,F
AW00019489,1943-06-05,Female
NASAW00019490,1959-01-11,M
AW00019491,1959-06-14,F
AW00019492,1943-11-02,Female
AW00019493,1947-10-22,M
NASAW00019494,1941-08-14,Male
AW00019495,1949-06-23,M
NASAW00019496,1959-01-04,Male
NASAW00019497,1951-03-27,Female
AW00019498,1945-08-03,Female
AW00019499,1953-06-02,F
AW00019500,1956-09-22,M
NASAW00019501,1959-02-24,
AW00019502,1950-02-10,F
AW00019503,1958-07-06,F
AW00019504,1952-01-24,M
AW00019505,1953-01-16,Female
AW00019506,1961-01-23,Male
AW00019507,1944-06-17,Female
AW00019508,1950-02-04,M
AW00019509,1944-07-27,Female
NASAW00019510,1962-08-24,Female
AW00019511,1941-04-25,M
NASAW00019512,1963-02-10,F
NASAW00019513,1955-02-10,Male
AW00019514,1946-05-01,F
AW00019515,1950-02-10,M
AW00019516,1947-10-01,F
AW00019517,1962-11-04,Female
NASAW00019518,1950-05-26,Female
AW00019519,1958-09-29,F
AW00019520,1963-06-30,M
AW00019521,1956-11-01,F
AW00019522,1944-01-13,Male
NASAW00019523,1949-08-11,Male
AW00019524,1959-03-02,
AW00019525,1949-02-05,F
AW00019526,1963-06-20,Male
AW00019527,1951-12-02,M
AW00019528,1942-03-10,F
AW00019529,1954-03-11,Male
AW00019530,1959-04-24,M
NASAW00019531,1954-04-05,Male
NASAW00019532,1943-02-18,Female
AW00019533,1948-05-26,M
AW00019534,1959-12-28,Male
NASAW00019535,1960-07-17,F
AW00019536,1951-04-23,Female
AW00019537,1962-04-30,Male
AW00019538,1962-01-11,F
NASAW00019539,1953-05-03,F
AW00019540,1942-02-06,M
NASAW00019541,1949-10-31,Male
AW00019542,1946-07-25,Female
AW00019543,1959-11-11,Male
AW00019544,1963-07-29,F
AW00019545,1943-12-11,Female
AW00019546,1952-11-03,
AW00019547,1951-01-12,F
AW00019548,1941-12-31,Male
AW00019549,1942-10-31,F
AW00019550,1949-08-12,Male
AW00019551,1951-04-16,M
NASAW00019552,1945-10-09,F
AW00019553,1949-02-27,Female
AW00019554,1956-12-04,Female
AW00019555,1945-09-08,Female
AW00019556,1963-11-03,M
AW00019557,1946-05-19,F
AW00019558,1943-01-06,Male
AW00019559,1946-12-07,Male
AW00019560,1948-05-09,M
NASAW00019561,1959-09-05,M
NASAW00019562,1954-11-28,Female
AW00019563,1945-06-13,F
NASAW00019564,1947-07-16,M
NASAW00019565,1948-07-31,Male
AW00019566,1963-07-22,F
NASAW00019567,1948-07-15,F
NASAW00019568,1943-11-06,M
AW00019569,1960-01-23,Female
AW00019570,1941-11-28,M
NASAW00019571,1951-11-08,Male
AW00019572,1940-03-23,M
AW00019573,1948-12-14,Male
AW00019574,1945-03-23,Male
AW00019575,1956-09-02,M
AW00019576,1961-07-06,F
NASAW00019577,1952-02-11,M
AW00019578,1940-08-26,Male
NASAW00019579,1951-04-28,F
AW00019580,1948-05-11,Female
AW00019581,1955-03-25,M
AW00019582,1951-12-23,F
AW00019583,1951-09-25,Male
AW00019584,1961-02-03,M
AW00019585,1959-01-14,Male
AW00019586,1950-07-21,
AW00019587,1945-04-03,F
AW00019588,1955-04-21,M
AW00019589,1955-01-19,Male
AW00019590,1952-08-20,Male
AW00019591,1956-10-01,F
AW00019592,1940-07-22,M
AW00019593,1957-07-09,Male
NASAW00019594,1959-07-04,M
AW00019595,1942-04-12,M
AW00019596,1950-11-02,Female
NASAW00019597,1940-07-30,M
AW00019598,1961-10-31,Female
AW00019599,1955-12-24,Male
AW00019600,1945-01-09,M
NASAW00019601,1945-01-19,F
NASAW00019602,1945-11-08,Female
NASAW00019603,1954-03-03,F
NASAW00019604,1956-05-20,F
AW00019605,1942-07-29,M
AW00019606,1945-05-04,
AW00019607,1963-09-05,F
NASAW00019608,1954-11-01,Male
AW00019609,1949-10-31,Female
AW00019610,1951-05-02,F
NASAW00019611,1960-12-17,Female
NASAW00019612,1942-09-21,M
AW00019613,1960-04-16,Female
AW00019614,1951-09-23,M
AW00019615,1953-12-10,M
AW00019616,1959-07-03,F
AW00019617,1956-04-17,Male
AW00019618,1956-09-18,F
AW00019619,1957-10-04,F
AW00019620,1962-12-16,M
AW00019621,1959-02-07,M
AW00019622,1957-05-01,F
AW00019623,1956-10-20,F
AW00019624,1962-03-17,M
AW00019625,1941-07-11,Male
AW00019626,1942-02-02,Male
AW00019627,1955-03-16,Female
NASAW00019628,1954-08-03,Female
AW00019629,1941-11-17,Male
NASAW00019630,1958-08-25,Female
AW00019631,1949-12-24,Male
NASAW00019632,1945-07-19,F
AW00019633,1940-01-13,Male
AW00019634,1942-08-14,M
NASAW00019635,1958-09-05,Female
AW00019636,1957-02-28,M
NASAW00019637,1955-05-31,Female
AW00019638,1957-11-15,Male
AW00019639,1954-03-05,F
AW00019640,1963-03-04,F
NASAW00019641,1963-02-15,M
NASAW00019642,1957-10-16,Female
AW00019643,1962-05-06,M
AW00019644,1954-06-19,M
AW00019645,1962-03-30,Female
AW00019646,1951-10-31,Female
AW00019647,1955-02-09,Male
NASAW00019648,1947-06-13,Female
AW00019649,1961-08-23,
NASAW00019650,1941-09-25,F
AW00019651,1941-12-04,F
AW00019652,1945-09-24,Male
AW00019653,1953-03-09,Female
NASAW00019654,1941-12-12,Female
AW00019655,1940-05-16,Male
AW00019656,1944-05-11,F
AW00019657,1955-08-17,M
AW00019658,1950-12-05,F
AW00019659,1954-08-08,Female
NASAW00019660,1963-06-15,Female
AW00019661,1941-12-12,Male
NASAW00019662,1962-12-29,Female
AW00019663,1949-11-13,Male
AW00019664,1959-01-08,Male
AW00019665,1957-10-22,F
AW00019666,1951-05-17,Female
AW00019667,1951-05-02,M
AW00019668,1941-05-13,F
AW00019669,1950-12-11,M
AW00019670,1949-07-20,Male
AW00019671,1945-09-16,F
AW00019672,1948-01-14,Male
NASAW00019673,1958-05-06,M
AW00019674,1953-02-28,M
AW00019675,1958-05-15,Female
AW00019676,1947-03-06,F
AW00019677,1940-08-10,Female
NASAW00019678,1953-02-10,M
AW00019679,1962-09-02,Male
AW00019680,1961-04-17,F
AW00019681,1941-10-09,Male
AW00019682,1955-11-23,M
AW00019683,1960-08-05,F
AW00019684,1952-04-16,M
AW00019685,1954-07-30,Female
AW00019686,1955-02-05,Female
AW00019687,1945-02-23,M
AW00019688,1950-03-05,F
AW00019689,1953-09-29,M
AW00019690,1956-03-08,Female
AW00019691,1941-07-13,F
AW00019692,1961-03-10,F
NASAW00019693,1940-09-05,Male
NASAW00019694,1961-06-13,Male
NASAW00019695,1945-09-25,Female
AW00019696,1957-04-09,M
NASAW00019697,1961-04-10,Male
AW00019698,1946-05-19,Female
NASAW00019699,1944-07-27,Female
AW00019700,1942-08-20,Male
NASAW00019701,1952-03-30,F
AW00019702,1940-12-21,
AW00019703,1958-02-12,Male
AW00019704,1960-01-29,Male
AW00019705,1953-06-22,M
NASAW00019706,1944-11-16,Male
AW00019707,1959-06-23,F
AW00019708,1941-11-24,F
NASAW00019709,1948-09-24,M
AW00019710,1962-08-28,Male
AW00019711,1940-05-21,F
AW00019712,1940-11-23,Female
NASAW00019713,1957-05-01,Male
AW00019714,1952-05-18,F
NASAW00019715,1963-02-08,Female
AW00019716,1958-03-30,Male
NASAW00019717,1942-09-24,F
NASAW00019718,1958-05-19,M
NASAW00019719,1950-09-25,Male
AW00019720,1947-03-04,M
NASAW00019721,1947-10-14,F
NASAW00019722,1950-08-04,F
AW00019723,1947-12-06,Female
AW00019724,1944-12-01,M
AW00019725,1956-03-04,Female
AW00019726,1962-11-08,M
AW00019727,1954-07-30,
AW00019728,1948-06-18,Female
AW00019729,1957-04-06,Male
AW00019730,1951-09-21,M
AW00019731,1960-02-18,Male
AW00019732,1956-10-16,Female
AW00019733,1952-06-30,F
AW00019734,1946-01-12,Female
NASAW00019735,1952-10-05,M
NASAW00019736,1944-07-17,F
AW00019737,1963-09-07,Male
AW00019738,1943-07-24,Female
NASAW00019739,1940-02-19,Male
NASAW00019740,1945-04-08,
NASAW00019741,1961-11-26,Female
AW00019742,1946-01-15,M
NASAW00019743,1953-02-25,Male
AW00019744,1961-05-17,M
NASAW00019745,1940-06-11,F
NASAW00019746,1942-01-02,M
NASAW00019747,1949-02-05,M
AW00019748,1956-05-05,F
AW00019749,1960-02-03,Male
AW00019750,1945-09-02,F
AW00019751,1944-04-06,Male
NASAW00019752,1960-01-15,Male
AW00019753,1959-11-15,Male
AW00019754,1947-06-05,F
NASAW00019755,1954-08-08,F
AW00019756,1957-10-18,M
AW00019757,1944-01-23,Male
AW00019758,1943-07-09,M
AW00019759,1961-08-22,Male
AW00019760,1951-02-09,F
AW00019761,1951-07-25,Male
AW00019762,1960-06-03,F
AW00019763,1949-04-23,M
NASAW00019764,1953-02-25,F
AW00019765,1941-04-15,Female
AW00019766,1957-07-16,Female
AW00019767,1962-08-27,F
NASAW00019768,1943-12-04,Male
AW00019769,1957-07-07,M
NASAW00019770,1956-02-16,F
AW00019771,1951-03-29,Female
AW00019772,1959-05-22,F
AW00019773,1954-02-24,Male
AW00019774,1958-09-21,Female
AW00019775,1963-08-14,Male
NASAW00019776,1962-06-30,Male
AW00019777,1958-11-17,Male
AW00019778,1963-10-02,Male
NASAW00019779,1950-08-14,Female
AW00019780,1951-02-23,Female
NASAW00019781,1953-07-01,F
NASAW00019782,1940-02-12,Female
NASAW00019783,1961-10-27,M
AW00019784,1956-03-02,Female
AW00019785,1941-02-25,Female
AW00019786,1959-03-28,F
AW00019787,1963-05-09,Female
AW00019788,1945-05-05,Female
AW00019789,1957-06-10,F
AW00019790,1940-05-03,Male
NASAW00019791,1963-01-26,
AW00019792,1943-01-19,Male
AW00019793,1962-07-14,Female
AW00019794,1941-12-19,Male
AW00019795,1946-03-09,M
AW00019796,1950-11-06,M
NASAW00019797,1942-03-12,Female
NASAW00019798,1946-01-10,Female
NASAW00019799,1953-07-30,F
NASAW00019800,1941-01-21,F
AW00019801,1962-12-03,F
AW00019802,1951-01-13,M
NASAW00019803,1962-01-23,Male
AW00019804,1963-11-18,Female
AW00019805,1940-04-22,Female
AW00019806,1945-09-19,Female
NASAW00019807,1941-11-10,Male
AW00019808,1940-10-02,Female
AW00019809,1950-05-17,M
AW00019810,1960-08-08,M
AW00019811,1952-11-13,Female
NASAW00019812,1962-02-11,Male
AW00019813,1958-06-12,M
NASAW00019814,1948-08-22,Male
AW00019815,1954-01-30,Female
AW00019816,1951-03-17,Female
NASAW00019817,1943-09-17,F
AW00019818,1957-11-12,Male
AW00019819,1951-09-25,Female
AW00019820,1944-08-23,M
AW00019821,1949-03-29,Male
AW00019822,1945-07-15,F
NASAW00019823,1941-01-19,F
AW00019824,1959-10-04,F
NASAW00019825,1948-05-02,Female
NASAW00019826,1961-06-21,F
AW00019827,1958-09-20,M
AW00019828,1949-10-29,Male
AW00019829,1948-12-26,F
AW00019830,1947-07-09,Male
NASAW00019831,1945-02-11,F
AW00019832,1953-04-12,Female
AW00019833,1950-11-13,
AW00019834,1960-01-03,F
AW00019835,1957-09-18,F
NASAW00019836,1945-09-05,Female
NASAW00019837,1940-12-12,F
NASAW00019838,1956-01-17,M
NASAW00019839,1963-11-08,M
NASAW00019840,1955-06-26,M
AW00019841,1961-11-06,Female
AW00019842,1941-08-17,M
AW00019843,1942-08-23,M
AW00019844,1956-11-06,F
NASAW00019845,1957-06-14,
AW00019846,1963-07-17,Male
AW00019847,1957-07-30,F
AW00019848,1943-01-12,F
AW00019849,1942-11-15,Female
AW00019850,1954-05-08,F
AW00019851,1953-04-05,Female
AW00019852,1950-05-04,F
NASAW00019853,1941-05-18,F
AW00019854,1950-04-07,M
AW00019855,1943-05-25,M
AW00019856,1952-03-05,F
AW00019857,1958-03-11,Male
AW00019858,1957-02-16,F
AW00019859,1962-11-09,Male
AW00019860,1942-10-18,F
AW00019861,1950-12-07,Male
NASAW00019862,1941-03-11,Male
NASAW00019863,1943-05-30,F
NASAW00019864,1960-12-05,Male
NASAW00019865,1940-04-23,F
NASAW00019866,1959-05-23,Male
AW00019867,1943-05-27,Female
AW00019868,1948-11-26,Male
AW00019869,1956-03-21,M
AW00019870,1959-09-17,M
AW00019871,1962-06-02,Female
AW00019872,1954-03-31,Female
AW00019873,1954-05-28,Female
AW00019874,1953-02-20,Female
AW00019875,1951-09-23,Female
AW00019876,1955-10-26,Male
AW00019877,1949-03-19,F
AW00019878,1942-04-10,Female
NASAW00019879,1953-09-29,Male
NASAW00019880,1949-09-07,Female
AW00019881,1955-03-05,M
AW00019882,1951-11-01,Male
AW00019883,1940-07-17,Female
AW00019884,1942-03-15,F
AW00019885,1940-01-24,M
NASAW00019886,1957-06-14,Male
AW00019887,1959-08-06,F
AW00019888,1950-04-01,Male
AW00019889,1957-03-27,Female
NASAW00019890,1940-01-13,M
NASAW00019891,1945-11-10,F
AW00019892,1947-07-30,M
AW00019893,1961-02-18,Male
AW00019894,1958-03-09,Female
AW00019895,1960-04-23,F
AW00019896,1955-12-17,Male
AW00019897,1941-11-06,Female
AW00019898,1952-01-17,Male
AW00019899,1957-10-26,Male
AW00019900,1954-10-06,F
NASAW00019901,1954-09-25,F
NASAW00019902,1955-05-14,Male
AW00019903,1947-04-24,Male
NASAW00019904,1947-05-28,F
AW00019905,1957-11-22,Male
AW00019906,1962-06-24,Female
AW00019907,1942-08-19,Female
AW00019908,1959-09-03,Female
AW00019909,1961-05-19,F
AW00019910,1959-11-14,F
NASAW00019911,1940-01-08,Male
AW00019912,1957-12-03,M
NASAW00019913,1945-08-25,M
AW00019914,1955-06-07,
AW00019915,1950-04-28,
AW00019916,1951-05-11,F
AW00019917,1956-03-26,Female
AW00019918,1959-11-18,F
NASAW00019919,1959-02-07,F
NASAW00019920,1957-04-13,F
AW00019921,1940-04-19,Male
AW00019922,1954-06-08,Male
AW00019923,1941-11-26,F
AW00019924,1940-05-01,Male
AW00019925,1948-10-30,Female
AW00019926,1957-11-24,
AW00019927,1956-11-29,Male
AW00019928,1948-08-25,F
NASAW00019929,1955-05-07,F
NASAW00019930,1952-04-02,Female
AW00019931,1952-09-07,M
NASAW00019932,1949-09-04,Male
AW00019933,1951-04-16,F
AW00019934,1941-01-16,Male
NASAW00019935,1960-10-16,M
AW00019936,1948-02-14,Female
NASAW00019937,1950-06-01,M
NASAW00019938,1944-10-30,M
NASAW00019939,1961-06-24,Male
NASAW00019940,1944-06-12,F
AW00019941,1958-04-18,Male
AW00019942,1950-03-14,F
NASAW00019943,1942-09-11,Female
NASAW00019944,1949-02-18,Female
NASAW00019945,1945-11-28,Female
AW00019946,1953-05-01,F
AW00019947,1947-03-24,F
AW00019948,1947-03-04,Female
AW00019949,1943-12-20,F
NASAW00019950,1951-10-23,Female
AW00019951,1952-08-06,Male
AW00019952,1945-10-14,Male
AW00019953,1943-07-28,M
AW00019954,1957-12-16,Female
AW00019955,1963-07-17,Female
AW00019956,1950-02-18,Female
AW00019957,1941-05-19,Female
NASAW00019958,1961-11-05,F
NASAW00019959,1957-02-06,M
AW00019960,1948-04-13,M
AW00019961,1955-02-23,F
AW00019962,1962-06-28,M
NASAW00019963,1962-01-11,
AW00019964,1954-05-05,F
AW00019965,1960-01-23,Male
AW00019966,1960-11-10,Male
AW00019967,1963-05-24,Male
AW00019968,1951-04-01,F
AW00019969,1950-07-18,M
AW00019970,1958-12-08,M
AW00019971,1940-01-31,F
NASAW00019972,1940-12-24,F
AW00019973,1959-10-22,F
AW00019974,1956-04-25,Male
AW00019975,1947-04-23,M
AW00019976,1947-05-14,Male
NASAW00019977,1959-12-31,Male
AW00019978,1940-12-30,F
NASAW00019979,1962-10-29,Male
AW00019980,1955-05-05,Male
AW00019981,1953-05-09,Female
AW00019982,1962-02-20,F
AW00019983,1949-04-24,Female
NASAW00019984,1954-12-11,Female
AW00019985,1958-05-17,F
AW00019986,1956-06-10,Female
AW00019987,1950-05-13,Female
NASAW00019988,1954-02-27,Female
AW00019989,1946-02-23,F
AW00019990,1945-03-09,Male
AW00019991,1944-06-15,Male
AW00019992,1946-10-25,Female
NASAW00019993,1951-06-18,Male
AW00019994,1949-06-04,Male
NASAW00019995,1947-08-21,F
NASAW00019996,1943-07-04,M
NASAW00019997,1942-01-29,Male
NASAW00019998,1949-12-15,M
NASAW00019999,1963-06-29,Male
AW00020000,1949-05-09,F
AW00020001,1953-06-10,F
NASAW00020002,1940-07-27,Female
NASAW00020003,1942-07-30,Male
AW00020004,1958-05-13,Female
NASAW00020005,1956-06-20,
AW00020006,1963-11-25,M
AW00020007,1953-01-07,F
NASAW00020008,1945-05-12,F
NASAW00020009,1959-06-05,Male
NASAW00020010,1942-11-12,
AW00020011,1944-05-13,
NASAW00020012,1948-02-06,M
NASAW00020013,1957-06-17,F
AW00020014,1944-02-18,M
AW00020015,1961-03-13,Male
NASAW00020016,1953-08-05,Female
NASAW00020017,1949-12-24,Male
AW00020018,1954-03-31,M
NASAW00020019,1956-05-08,Male
AW00020020,1946-01-13,M
AW00020021,1961-08-19,M
AW00020022,1945-09-21,F
AW00020023,1958-09-01,Male
AW00020024,1958-08-05,M
AW00020025,2032-01-01,Male
NASAW00020026,1962-02-06,F
AW00020027,1949-01-21,M
AW00020028,1958-11-10,F
AW00020029,1948-11-17,
AW00020030,1946-10-08,F
AW00020031,1943-03-02,M
NASAW00020032,1952-02-28,F
NASAW00020033,1962-01-27,Female
NASAW00020034,1945-11-21,F
AW00020035,1959-02-10,Female
AW00020036,1948-02-12,F
AW00020037,1943-07-27,M
NASAW00020038,1954-03-22,Male
NASAW00020039,1955-11-07,F
NASAW00020040,1949-08-10,Female
AW00020041,1941-05-22,Male
NASAW00020042,1945-11-01,Female
AW00020043,1948-10-03,Male
AW00020044,1955-11-30,M
NASAW00020045,1951-12-31,M
NASAW00020046,1949-04-12,F
NASAW00020047,1960-03-25,F
NASAW00020048,1955-10-22,Male
NASAW00020049,1951-06-08,Male
NASAW00020050,1942-09-02,Female
NASAW00020051,1948-02-09,F
AW00020052,1941-02-14,Male
AW00020053,1940-03-04,Male
NASAW00020054,1941-09-20,M
AW00020055,1963-04-01,F
AW00020056,1943-05-05,M
AW00020057,1957-06-25,M
AW00020058,1962-07-02,Female
NASAW00020059,1942-09-26,Female
AW00020060,1944-07-06,Male
NASAW00020061,1947-05-10,Female
NASAW00020062,1955-04-22,Male
AW00020063,1958-12-03,Female
AW00020064,1951-04-05,M
AW00020065,1963-01-24,Female
AW00020066,1957-01-19,F
NASAW00020067,1952-09-03,Female
AW00020068,1942-12-15,Male
AW00020069,1955-04-05,Female
AW00020070,1963-08-15,M
AW00020071,1949-08-27,Female
NASAW00020072,1957-12-22,Male
NASAW00020073,1962-12-05,Female
AW00020074,1956-06-07,Female
NASAW00020075,1959-07-04,F
AW00020076,1959-10-22,Female
AW00020077,1954-02-16,F
NASAW00020078,1958-08-08,Female
NASAW00020079,1956-03-06,M
AW00020080,1953-02-26,M
AW00020081,1956-07-28,Female
NASAW00020082,1956-08-31,
AW00020083,1945-12-13,Male
AW00020084,1963-09-13,F
AW00020085,1946-08-22,M
AW00020086,1941-06-01,Male
AW00020087,1951-04-10,F
AW00020088,1963-10-27,M
NASAW00020089,1950-07-08,Female
NASAW00020090,1963-09-29,Male
NASAW00020091,1951-10-20,Female
NASAW00020092,2031-01-01,F
NASAW00020093,1943-12-28,M
NASAW00020094,1956-03-04,F
NASAW00020095,1949-09-23,Female
NASAW00020096,1950-08-20,Female
NASAW00020097,1963-03-31,Male
AW00020098,1960-05-20,F
NASAW00020099,1940-01-30,Female
NASAW00020100,1954-04-14,
AW00020101,1956-09-20,F
AW00020102,1955-03-29,Female
NASAW00020103,1946-01-20,F
AW00020104,1958-06-11,
NASAW00020105,1952-06-06,M
AW00020106,1953-04-26,Female
NASAW00020107,1957-12-10,M
AW00020108,1960-03-30,Female
NASAW00020109,1949-03-07,
AW00020110,1956-12-02,M
AW00020111,1963-09-21,F
AW00020112,1947-05-21,F
AW00020113,1953-09-30,Female
AW00020114,1945-03-09,Female
AW00020115,1944-06-13,Male
NASAW00020116,1943-03-15,M
NASAW00020117,1956-12-29,M
AW00020118,1942-12-31,
AW00020119,1958-11-05,Male
AW00020120,1944-02-07,M
NASAW00020121,1942-12-04,M
AW00020122,1960-08-08,M
NASAW00020123,1959-06-24,Female
AW00020124,1942-06-29,Male
AW00020125,1960-06-23,
AW00020126,1945-08-15,Male
NASAW00020127,1945-09-11,Female
AW00020128,1962-01-18,Male
NASAW00020129,1940-11-22,Male
AW00020130,1957-06-07,Male
NASAW00020131,1944-01-06,M
NASAW00020132,1949-05-11,M
AW00020133,1949-01-06,M
AW00020134,1959-01-09,Female
AW00020135,1955-02-04,M
AW00020136,1958-08-07,F
NASAW00020137,1946-03-23,M
AW00020138,1945-08-13,Female
AW00020139,1947-11-16,Male
AW00020140,1958-03-08,Female
NASAW00020141,1961-05-23,F
AW00020142,1959-01-16,Male
AW00020143,1956-08-26,Male
AW00020144,1947-10-15,Female
NASAW00020145,1942-10-12,Male
NASAW00020146,1952-12-31,Male
NASAW00020147,1956-11-03,M
AW00020148,1957-01-14,Female
AW00020149,1954-08-30,F
AW00020150,1940-10-19,M
NASAW00020151,1949-02-05,M
NASAW00020152,1960-06-13,Male
AW00020153,1941-10-14,Male
AW00020154,1961-11-16,Male
AW00020155,1942-05-11,Female
AW00020156,1943-07-21,
AW00020157,1948-02-08,M
NASAW00020158,1956-07-23,M
NASAW00020159,1955-07-15,Male
AW00020160,1943-01-26,Female
AW00020161,1944-06-21,M
NASAW00020162,1954-05-27,F
AW00020163,1941-01-15,Male
AW00020164,1947-01-11,F
AW00020165,1953-09-08,F
NASAW00020166,1940-09-23,Male
AW00020167,1953-08-15,Female
AW00020168,1948-08-16,F
AW00020169,1963-06-11,Male
NASAW00020170,1940-10-22,F
NASAW00020171,1954-12-20,F
NASAW00020172,1960-07-30,Female
AW00020173,1947-04-28,Male
AW00020174,1954-06-03,Female
NASAW00020175,1952-11-22,Male
AW00020176,1953-09-08,Female
AW00020177,1948-08-06,Male
AW00020178,1949-02-13,Female
NASAW00020179,1957-05-01,Female
AW00020180,1960-07-21,F
AW00020181,1946-11-27,Female
NASAW00020182,1963-09-15,Male
AW00020183,1951-02-19,F
AW00020184,1960-04-21,M
NASAW00020185,1942-04-24,M
AW00020186,1953-03-22,Male
NASAW00020187,1945-09-08,M
AW00020188,1946-06-25,M
AW00020189,1946-08-04,Female
AW00020190,1961-07-04,M
NASAW00020191,1963-02-20,Female
NASAW00020192,1947-11-02,M
AW00020193,1956-04-29,F
AW00020194,1963-08-01,M
AW00020195,1944-03-15,M
AW00020196,1957-07-09,Female
AW00020197,1951-06-22,F
AW00020198,1943-12-11,Female
AW00020199,1940-01-07,Female
NASAW00020200,1957-08-18,F
NASAW00020201,1942-05-18,M
AW00020202,1956-04-22,Female
NASAW00020203,1953-05-09,M
NASAW00020204,1960-05-25,Male
NASAW00020205,1950-06-02,Female
NASAW00020206,1957-08-24,Female
NASAW00020207,1943-09-30,Female
NASAW00020208,1948-10-25,F
AW00020209,1952-07-27,F
NASAW00020210,1961-11-09,F
NASAW00020211,1956-04-23,F
AW00020212,1962-03-13,F
AW00020213,1960-01-06,Female
AW00020214,1943-07-05,F
AW00020215,1958-04-11,M
AW00020216,1961-07-08,Male
NASAW00020217,1958-07-19,
NASAW00020218,1942-06-06,Male
NASAW00020219,1952-06-05,Female
AW00020220,1961-01-18,Female
NASAW00020221,1941-05-09,Female
NASAW00020222,2035-01-01,F
AW00020223,1948-11-22,M
AW00020224,1946-11-20,Male
AW00020225,1947-06-02,F
AW00020226,1948-02-22,Female
AW00020227,1956-10-10,F
AW00020228,1956-10-01,Female
AW00020229,1954-03-14,Female
NASAW00020230,1957-11-15,Male
AW00020231,1942-04-10,Female
NASAW00020232,1940-04-06,Female
AW00020233,1957-05-20,M
NASAW00020234,1942-12-22,Male
AW00020235,1961-04-15,Female
AW00020236,1949-02-02,M
NASAW00020237,1949-08-02,F
AW00020238,1962-12-15,M
NASAW00020239,1957-12-04,F
NASAW00020240,1944-07-16,Female
AW00020241,1963-08-14,F
AW00020242,1948-05-28,F
NASAW00020243,1955-01-22,F
AW00020244,1948-06-30,F
AW00020245,1950-10-18,M
AW00020246,1941-12-28,F
AW00020247,1942-01-25,M
NASAW00020248,1946-12-30,Male
AW00020249,1941-06-06,Female
AW00020250,1944-09-14,Female
AW00020251,1943-10-12,Female
AW00020252,1956-07-22,Female
AW00020253,1960-04-16,Male
AW00020254,1951-03-10,Male
AW00020255,1956-02-14,Female
NASAW00020256,1942-05-26,M
NASAW00020257,1953-05-11,M
NASAW00020258,1941-05-04,Female
AW00020259,1962-05-23,Female
AW00020260,1959-05-02,Female
NASAW00020261,1940-07-27,Female
AW00020262,1947-01-30,M
AW00020263,1961-05-30,
NASAW00020264,1951-01-27,M
AW00020265,1943-11-04,F
AW00020266,1949-11-08,Male
AW00020267,1963-10-16,Female
NASAW00020268,1958-04-25,Female
NASAW00020269,1963-01-12,Female
NASAW00020270,1941-03-17,M
AW00020271,1949-06-29,Male
AW00020272,1948-02-22,M
AW00020273,1949-10-03,F
NASAW00020274,1945-06-09,M
AW00020275,1959-06-27,Female
AW00020276,1944-12-14,Female
AW00020277,1952-05-23,M
AW00020278,1951-02-21,F
AW00020279,1953-05-02,F
AW00020280,1961-01-28,Female
AW00020281,1947-05-20,F
NASAW00020282,1955-10-10,Male
AW00020283,1946-01-21,Male
AW00020284,1949-04-16,Male
NASAW00020285,1944-12-30,F
AW00020286,1960-02-25,Male
AW00020287,1950-02-20,M
AW00020288,1945-01-22,F
NASAW00020289,1956-11-25,M
AW00020290,1960-12-15,Male
AW00020291,1949-09-04,
NASAW00020292,1948-12-19,Male
AW00020293,1960-10-27,F
NASAW00020294,1949-11-20,Female
NASAW00020295,1948-01-16,
AW00020296,1944-11-05,F
AW00020297,1958-11-19,Female
AW00020298,1944-08-05,M
AW00020299,1959-07-26,Male
AW00020300,1954-10-17,F
AW00020301,1949-07-06,F
AW00020302,1954-09-17,Male
NASAW00020303,1940-05-16,Male
AW00020304,1944-09-23,Female
AW00020305,1958-12-22,Female
AW00020306,1940-05-13,F
AW00020307,1958-06-04,
AW00020308,1952-05-03,
NASAW00020309,1959-07-11,F
AW00020310,1942-01-05,M
AW00020311,1960-05-03,Male
AW00020312,1954-06-06,Male
NASAW00020313,1955-05-31,F
AW00020314,1946-04-24,M
AW00020315,1952-12-04,M
NASAW00020316,1943-03-16,M
NASAW00020317,1953-07-11,Female
NASAW00020318,1953-01-06,F
AW00020319,1954-11-06,Male
NASAW00020320,1959-07-20,Male
NASAW00020321,1946-05-24,M
AW00020322,1953-11-16,F
AW00020323,1941-05-17,Male
AW00020324,1958-10-01,M
AW00020325,1957-10-30,M
NASAW00020326,1947-03-26,Female
NASAW00020327,1949-06-26,Female
NASAW00020328,1940-12-19,
NASAW00020329,1953-07-11,
NASAW00020330,1944-01-08,Male
AW00020331,1956-10-05,F
AW00020332,1943-11-08,Male
AW00020333,1942-09-16,F
AW00020334,1941-03-24,M
NASAW00020335,1962-04-13,Female
AW00020336,1963-12-25,Male
AW00020337,1960-06-23,Female
NASAW00020338,1941-01-05,F
AW00020339,1959-07-02,
AW00020340,1949-07-13,
AW00020341,1961-06-23,F
NASAW00020342,1957-02-16,Female
AW00020343,1944-09-24,Male
AW00020344,1944-01-27,M
AW00020345,1942-06-14,M
AW00020346,1943-04-29,M
NASAW00020347,1950-03-16,Female
NASAW00020348,1955-07-27,Male
AW00020349,1955-08-06,F
AW00020350,1953-03-17,Male
AW00020351,1959-01-05,F
AW00020352,1942-11-02,Male
AW00020353,1956-05-15,Female
AW00020354,1950-04-22,
AW00020355,1949-06-23,M
AW00020356,1947-03-08,Female
AW00020357,1961-10-01,F
AW00020358,1942-05-20,Male
NASAW00020359,1946-01-28,F
AW00020360,1940-04-30,F
AW00020361,1953-07-02,M
NASAW00020362,1962-02-16,Female
AW00020363,1952-09-26,Female
AW00020364,1944-01-07,M
NASAW00020365,1943-02-25,Male
AW00020366,1946-05-07,M
AW00020367,1959-01-23,F
AW00020368,1957-06-10,Female
AW00020369,1951-07-28,Male
AW00020370,1946-09-05,Male
AW00020371,1956-08-31,F
AW00020372,1944-02-02,F
AW00020373,1951-09-22,F
NASAW00020374,1958-04-30,Male
NASAW00020375,1941-01-22,Female
NASAW00020376,1948-12-22,M
NASAW00020377,1958-01-16,Female
NASAW00020378,1954-02-25,Female
NASAW00020379,1947-09-01,Male
AW00020380,1943-06-22,Female
AW00020381,1960-12-27,F
NASAW00020382,1962-07-08,M
NASAW00020383,1947-11-01,Male
AW00020384,1943-03-30,M
AW00020385,1941-12-31,M
NASAW00020386,1959-10-04,
NASAW00020387,1954-05-12,Female
AW00020388,1961-12-28,F
AW00020389,1946-06-26,F
NASAW00020390,1959-01-11,Male
AW00020391,1962-08-27,Female
AW00020392,1951-01-06,Female
AW00020393,1949-06-17,M
AW00020394,1954-08-20,M
AW00020395,1958-11-03,Female
NASAW00020396,1955-02-17,F
AW00020397,1956-07-12,Female
AW00020398,1945-09-13,Male
NASAW00020399,1949-10-05,M
AW00020400,1952-06-27,F
NASAW00020401,1952-12-22,F
AW00020402,1950-12-27,M
AW00020403,1963-12-01,M
AW00020404,1960-10-14,Male
NASAW00020405,1955-01-27,M
NASAW00020406,1955-09-17,Female
AW00020407,1946-08-26,F
AW00020408,1956-10-12,Male
AW00020409,1959-07-01,Male
AW00020410,1948-09-08,Male
AW00020411,1962-11-08,Male
NASAW00020412,1945-04-10,Female
NASAW00020413,1953-06-15,F
AW00020414,1948-06-21,Male
AW00020415,1959-06-07,F
AW00020416,1959-08-21,F
AW00020417,1947-11-13,Female
AW00020418,1958-02-18,Male
AW00020419,1942-03-09,F
AW00020420,1956-03-02,M
NASAW00020421,1962-08-27,F
AW00020422,1943-09-04,Male
AW00020423,1961-10-27,F
NASAW00020424,1960-11-03,Male
AW00020425,1953-07-07,M
AW00020426,1948-07-12,Female
AW00020427,1953-12-24,Male
NASAW00020428,1952-07-30,M
AW00020429,1957-04-21,
NASAW00020430,1949-10-13,Male
NASAW00020431,1947-03-09,M
AW00020432,1959-01-14,M
AW00020433,1959-07-13,M
AW00020434,1959-06-29,M
AW00020435,1950-05-15,Male
NASAW00020436,1942-12-26,Male
NASAW00020437,1949-02-23,Male
AW00020438,1957-03-27,F
AW00020439,1963-03-26,Female
AW00020440,1956-07-17,Female
AW00020441,1945-07-28,M
AW00020442,1959-12-08,Male
NASAW00020443,1954-03-09,F
NASAW00020444,1955-05-17,M
AW00020445,1955-01-11,Male
AW00020446,1960-04-10,M
AW00020447,1941-08-20,F
AW00020448,1950-12-28,Female
AW00020449,1956-06-19,F
NASAW00020450,1956-02-20,F
AW00020451,1958-11-23,Female
NASAW00020452,1950-10-28,F
NASAW00020453,1940-01-19,F
AW00020454,1963-07-16,Female
AW00020455,1956-04-01,M
NASAW00020456,1944-01-08,M
AW00020457,1962-01-14,Female
NASAW00020458,1960-03-15,F
AW00020459,1945-05-10,M
NASAW00020460,1943-11-09,M
AW00020461,1949-04-12,M
AW00020462,1948-04-22,Male
AW00020463,1949-10-04,M
NASAW00020464,1956-08-26,F
NASAW00020465,1961-08-25,Female
AW00020466,1948-01-09,M
NASAW00020467,1963-09-03,F
NASAW00020468,1951-06-30,F
AW00020469,1944-12-19,Male
AW00020470,1963-10-16,
NASAW00020471,1962-01-28,M
NASAW00020472,1947-12-10,Female
AW00020473,1942-12-23,F
NASAW00020474,1943-07-29,
AW00020475,1956-04-13,Female
NASAW00020476,1957-09-19,Female
NASAW00020477,1950-02-07,
AW00020478,1961-03-13,M
AW00020479,1948-08-07,F
AW00020480,1952-08-16,Female
AW00020481,1944-06-27,F
AW00020482,1952-03-13,Male
AW00020483,1949-04-23,M
NASAW00020484,1952-03-15,F
AW00020485,1948-01-29,Female
AW00020486,1953-10-06,Male
AW00020487,1958-10-02,
NASAW00020488,1945-01-06,F
AW00020489,1948-05-19,Female
AW00020490,1942-06-07,F
NASAW00020491,1950-12-30,Female
NASAW00020492,1948-03-30,F
AW00020493,1956-06-03,Female
AW00020494,1953-06-09,Female
NASAW00020495,1944-02-28,Female
NASAW00020496,1957-05-04,F
AW00020497,1961-09-25,F
NASAW00020498,1962-01-14,Female
AW00020499,1959-01-31,M
AW00020500,1951-09-16,M
NASAW00020501,1946-12-22,M
AW00020502,1955-07-15,F
AW00020503,1941-05-18,Female
NASAW00020504,1943-05-29,F
NASAW00020505,1940-10-12,Female
AW00020506,1940-12-31,M
NASAW00020507,1955-10-13,M
AW00020508,1963-12-23,M
AW00020509,1940-06-11,Male
AW00020510,1942-04-20,Male
AW00020511,1952-04-25,M
NASAW00020512,1948-01-01,M
NASAW00020513,1958-05-13,Male
AW00020514,1947-02-25,Female
AW00020515,1945-01-07,Male
AW00020516,1960-04-12,
AW00020517,1940-12-04,Female
AW00020518,1963-05-02,M
AW00020519,1943-03-10,Male
AW00020520,1953-12-16,Male
AW00020521,1962-03-13,Female
NASAW00020522,1958-03-18,Male
NASAW00020523,1942-04-16,Male
NASAW00020524,1940-03-10,Female
NASAW00020525,1948-08-05,Male
AW00020526,1947-11-09,Male
NASAW00020527,1941-10-28,Female
NASAW00020528,1943-12-02,Female
AW00020529,1952-03-15,Male
NASAW00020530,1953-08-29,Female
NASAW00020531,1961-01-04,M
NASAW00020532,1944-04-04,M
NASAW00020533,1945-11-03,F
NASAW00020534,1958-01-05,F
AW00020535,1948-11-08,F
NASAW00020536,1963-01-04,Male
AW00020537,1960-09-19,M
AW00020538,1960-12-11,Male
AW00020539,1943-01-16,Female
AW00020540,1943-03-17,M
AW00020541,1947-05-30,F
AW00020542,1950-12-11,Female
NASAW00020543,1956-04-07,Male
NASAW00020544,1955-12-23,F
AW00020545,1947-03-25,F
AW00020546,1948-03-06,Female
AW00020547,1959-04-09,Female
AW00020548,1961-04-07,M
AW00020549,1940-07-13,Male
AW00020550,1958-08-15,F
AW00020551,1947-08-21,Male
AW00020552,1962-07-09,M
AW00020553,1957-04-06,Male
NASAW00020554,1940-11-13,M
NASAW00020555,1954-09-13,F
AW00020556,1952-03-06,F
AW00020557,1945-10-19,Female
NASAW00020558,1947-04-07,Female
AW00020559,1946-01-27,F
AW00020560,1942-08-06,F
AW00020561,1943-06-13,M
AW00020562,1950-04-14,M
NASAW00020563,1941-02-28,F
AW00020564,1962-12-21,F
AW00020565,1956-11-05,Male
AW00020566,1957-07-10,Female
AW00020567,1950-05-27,M
AW00020568,1947-05-29,F
NASAW00020569,1940-06-07,Male
AW00020570,1954-09-19,Male
NASAW00020571,1950-05-12,Male
NASAW00020572,1951-08-22,F
AW00020573,1952-02-14,Female
AW00020574,1950-03-06,M
AW00020575,1959-11-04,Male
NASAW00020576,1953-08-17,Female
AW00020577,1948-07-05,Female
AW00020578,1947-07-11,Male
AW00020579,1941-12-07,Male
AW00020580,1945-10-26,F
AW00020581,1961-12-17,F
NASAW00020582,1940-03-17,M
AW00020583,1959-11-10,Male
AW00020584,1962-10-07,F
AW00020585,1949-08-10,M
AW00020586,1949-09-03,Male
AW00020587,1945-11-04,M
AW00020588,1947-12-09,F
AW00020589,1962-07-23,M
NASAW00020590,1946-01-13,F
AW00020591,2040-01-01,Female
AW00020592,1944-09-27,Female
NASAW00020593,1950-01-17,M
AW00020594,1952-02-10,Female
AW00020595,1961-10-01,M
AW00020596,1950-04-02,Female
AW00020597,1948-07-03,Male
AW00020598,1952-02-03,M
AW00020599,1941-09-12,Male
AW00020600,1956-01-20,Female
NASAW00020601,1942-10-29,F
AW00020602,1963-01-30,M
AW00020603,1963-11-17,M
AW00020604,1963-08-21,Female
AW00020605,2036-01-01,Female
AW00020606,1941-11-27,Male
AW00020607,1957-01-24,Female
AW00020608,1961-04-25,M
AW00020609,1940-06-28,Female
AW00020610,1955-08-19,M
NASAW00020611,1959-10-05,Female
NASAW00020612,1958-04-19,F
AW00020613,1952-11-06,M
AW00020614,1947-08-14,Male
AW00020615,1950-06-08,Male
AW00020616,1943-08-31,Female
AW00020617,1949-06-26,Female
AW00020618,1941-03-03,F
AW00020619,1962-06-11,F
AW00020620,1953-01-09,Female
AW00020621,1963-11-04,Male
NASAW00020622,1946-08-02,Female
AW00020623,1960-11-05,Female
NASAW00020624,1946-11-14,M
AW00020625,1961-02-24,Male
AW00020626,1955-07-19,M
NASAW00020627,1960-05-26,Male
AW00020628,1955-05-03,M
NASAW00020629,1949-11-25,F
AW00020630,1948-08-27,Female
AW00020631,1954-08-23,M
AW00020632,1962-03-18,M
AW00020633,1949-09-11,Female
AW00020634,1950-07-29,Male
AW00020635,1958-12-17,M
NASAW00020636,1945-04-06,
AW00020637,1943-05-09,M
AW00020638,1958-04-06,M
AW00020639,1947-03-11,F
NASAW00020640,1945-06-29,Female
AW00020641,1942-04-08,Female
AW00020642,1948-10-07,Female
AW00020643,1942-12-01,Male
AW00020644,1960-04-24,Male
AW00020645,1949-12-24,Female
AW00020646,1948-09-12,F
AW00020647,1954-11-18,M
AW00020648,1941-05-06,Female
AW00020649,1941-07-09,Female
AW00020650,1953-05-21,Male
NASAW00020651,1948-07-10,M
AW00020652,1943-05-09,Male
AW00020653,1963-08-23,M
AW00020654,1962-04-04,Male
NASAW00020655,1945-07-20,M
AW00020656,1962-07-09,Female
AW00020657,1952-07-02,Female
NASAW00020658,1962-10-11,Male
AW00020659,1960-08-29,F
AW00020660,1944-01-28,Female
AW00020661,1949-02-26,M
AW00020662,1941-11-09,M
AW00020663,1940-03-04,F
AW00020664,1951-08-18,Male
AW00020665,1952-12-21,Male
AW00020666,1960-03-17,M
NASAW00020667,1951-11-13,Female
AW00020668,1946-11-20,Female
AW00020669,1953-12-30,F
NASAW00020670,1961-07-08,Female
AW00020671,1954-10-29,M
AW00020672,1948-02-19,Male
AW00020673,1949-07-20,Female
AW00020674,1962-10-11,M
AW00020675,1960-08-27,
AW00020676,1952-10-20,Female
AW00020677,1947-04-02,M
NASAW00020678,1945-04-25,Male
AW00020679,1959-04-06,Male
NASAW00020680,1958-04-14,F
NASAW00020681,1960-11-06,M
AW00020682,1963-08-20,
AW00020683,1950-12-28,F
AW00020684,1963-07-05,Male
AW00020685,1940-06-25,F
AW00020686,1950-11-26,F
AW00020687,1941-08-08,Female
NASAW00020688,1952-07-01,Female
AW00020689,1951-05-15,Female
AW00020690,1951-09-05,M
AW00020691,1958-09-05,M
AW00020692,1945-09-22,M
NASAW00020693,1943-05-09,Female
AW00020694,1943-02-06,F
NASAW00020695,1962-07-23,Male
NASAW00020696,1941-05-16,F
AW00020697,1956-05-31,Female
AW00020698,1961-01-08,F
AW00020699,1942-04-18,F
NASAW00020700,1947-04-24,M
AW00020701,1956-03-18,F
NASAW00020702,1958-07-10,F
AW00020703,1950-04-01,F
AW00020704,1953-07-09,F
AW00020705,1947-05-09,Male
NASAW00020706,1951-06-25,M
NASAW00020707,1958-03-04,F
AW00020708,1950-06-06,Female
AW00020709,1953-07-17,M
NASAW00020710,1954-01-28,Male
AW00020711,1942-09-25,M
NASAW00020712,1955-07-12,M
NASAW00020713,1940-02-05,F
AW00020714,1949-02-04,Male
AW00020715,1950-03-12,F
AW00020716,1947-10-01,F
AW00020717,1951-11-11,Male
NASAW00020718,1960-04-04,M
AW00020719,1951-05-16,M
AW00020720,1950-05-22,M
NASAW00020721,1952-09-26,Female
AW00020722,1956-12-10,F
AW00020723,1958-12-26,Male
NASAW00020724,1945-04-22,M
AW00020725,1954-12-08,Male
AW00020726,1947-09-23,Female
NASAW00020727,1962-01-05,M
AW00020728,1947-10-17,Female
AW00020729,1949-12-27,M
NASAW00020730,1960-02-28,F
AW00020731,1940-10-08,M
NASAW00020732,1957-11-04,F
NASAW00020733,1940-09-10,
AW00020734,1950-08-24,Male
NASAW00020735,1956-12-09,M
NASAW00020736,1959-06-04,Female
NASAW00020737,1943-03-22,
AW00020738,1950-09-27,Female
NASAW00020739,1943-01-08,Male
AW00020740,1954-12-26,F
AW00020741,1954-01-27,M
AW00020742,1943-09-13,
NASAW00020743,1959-12-03,M
NASAW00020744,1958-02-18,Male
AW00020745,1962-06-27,Female
NASAW00020746,1940-11-08,M
AW00020747,1949-05-25,F
AW00020748,1962-07-01,M
AW00020749,1961-03-11,M
NASAW00020750,1946-06-08,F
AW00020751,1944-03-28,Male
AW00020752,1959-03-21,M
AW00020753,1949-01-13,Male
AW00020754,1954-10-10,Male
AW00020755,1941-03-06,Male
AW00020756,1950-02-07,Male
AW00020757,1943-05-14,M
AW00020758,1963-10-09,F
AW00020759,1963-02-25,M
AW00020760,1958-01-03,Male
AW00020761,1943-10-11,Male
AW00020762,1942-09-18,
AW00020763,1955-01-22,Female
AW00020764,1941-08-02,Female
AW00020765,1944-03-26,Female
AW00020766,1956-02-08,Female
AW00020767,1946-05-02,Female
NASAW00020768,1942-03-08,M
NASAW00020769,1963-01-23,Male
AW00020770,1950-01-19,Male
AW00020771,1955-05-23,F
AW00020772,1957-01-11,M
AW00020773,1945-04-28,Male
AW00020774,1945-05-19,Male
AW00020775,1940-02-26,Male
AW00020776,1962-12-09,M
NASAW00020777,1961-10-07,F
NASAW00020778,1962-12-12,Male
NASAW00020779,1950-06-03,Female
AW00020780,1960-12-26,F
AW00020781,1951-07-30,M
AW00020782,1958-10-15,Male
AW00020783,1961-12-14,Male
AW00020784,1941-12-04,Male
AW00020785,1948-07-24,Male
AW00020786,1953-12-07,Female
AW00020787,1946-05-20,F
NASAW00020788,1946-01-25,Male
AW00020789,1941-11-24,M
AW00020790,1948-05-12,F
AW00020791,1956-06-22,F
AW00020792,1948-09-27,F
NASAW00020793,1963-04-07,M
AW00020794,1941-07-19,Male
AW00020795,1950-12-05,M
NASAW00020796,1961-12-05,Male
NASAW00020797,1959-10-02,Male
AW00020798,1955-12-20,
AW00020799,1958-01-04,Female
AW00020800,1951-02-04,Female
NASAW00020801,1944-03-09,F
AW00020802,1953-04-13,Female
AW00020803,1956-03-03,Female
AW00020804,1941-02-22,Male
AW00020805,1941-06-05,Female
AW00020806,1946-10-11,Male
AW00020807,1955-04-17,F
AW00020808,1956-01-27,F
NASAW00020809,1955-04-13,Male
AW00020810,1961-05-13,Female
AW00020811,1948-04-16,
NASAW00020812,1956-04-13,F
AW00020813,1941-09-17,Female
NASAW00020814,1948-06-22,
AW00020815,1952-07-22,Male
AW00020816,1951-06-10,Female
AW00020817,1944-09-23,F
AW00020818,1942-09-24,F
AW00020819,1955-01-25,F
AW00020820,1961-04-14,M
AW00020821,1954-12-30,Male
AW00020822,1962-05-28,Male
AW00020823,1948-02-11,F
AW00020824,1956-08-20,Female
AW00020825,1947-09-27,F
NASAW00020826,1963-10-02,Female
NASAW00020827,1950-06-02,Female
AW00020828,1963-05-26,
AW00020829,1946-01-22,F
AW00020830,1946-05-12,Female
AW00020831,1951-10-01,F
AW00020832,1943-05-16,F
AW00020833,1958-02-04,Male
AW00020834,1940-04-25,Male
AW00020835,1947-04-13,M
AW00020836,1951-05-08,Female
AW00020837,1942-02-10,Male
NASAW00020838,1959-08-27,Male
AW00020839,1944-08-06,Male
AW00020840,1959-05-03,F
NASAW00020841,1942-02-13,Male
NASAW00020842,1943-11-15,M
AW00020843,1951-03-03,F
NASAW00020844,1944-06-19,Male
NASAW00020845,1949-01-27,Male
AW00020846,1949-04-14,Male
AW00020847,1947-09-16,M
NASAW00020848,1950-02-03,F
AW00020849,1942-03-07,M
NASAW00020850,1955-10-14,M
AW00020851,1955-03-15,M
AW00020852,1949-07-18,Male
AW00020853,1950-01-13,F
AW00020854,1952-10-07,M
NASAW00020855,1941-08-14,Female
AW00020856,1942-03-02,
AW00020857,1946-12-23,Female
AW00020858,1953-01-17,M
AW00020859,1956-04-13,M
AW00020860,1959-06-08,Male
AW00020861,1954-07-31,F
AW00020862,1950-12-02,F
NASAW00020863,1957-08-03,Male
AW00020864,1954-07-15,Female
AW00020865,1963-04-29,Male
AW00020866,1958-10-02,Female
AW00020867,1959-01-22,F
AW00020868,1944-02-24,M
AW00020869,1947-04-20,M
AW00020870,1943-11-02,F
AW00020871,1959-03-18,
NASAW00020872,1951-08-22,F
NASAW00020873,1957-05-04,Female
AW00020874,1940-01-27,Male
AW00020875,1957-12-03,Female
NASAW00020876,1951-08-02,M
AW00020877,1944-08-25,M
AW00020878,1957-11-01,Male
NASAW00020879,1952-03-24,
AW00020880,1942-01-26,Female
AW00020881,1945-12-13,Male
NASAW00020882,1943-04-10,
AW00020883,1961-03-12,Female
NASAW00020884,1954-04-15,Male
AW00020885,1943-11-10,
AW00020886,1960-10-12,Male
AW00020887,1952-10-12,Female
AW00020888,1950-03-25,Male
NASAW00020889,1942-02-12,M
AW00020890,1946-09-24,M
NASAW00020891,1943-07-10,
NASAW00020892,1942-05-17,F
AW00020893,1941-04-30,M
AW00020894,1949-03-28,M
NASAW00020895,1951-10-15,Male
AW00020896,1961-02-20,F
AW00020897,1947-01-19,F
AW00020898,1943-04-04,Female
AW00020899,1947-11-28,F
AW00020900,1962-06-25,Female
NASAW00020901,1955-12-15,Male
NASAW00020902,1958-12-02,F
NASAW00020903,1958-06-27,M
AW00020904,1953-10-27,Female
AW00020905,1959-03-26,F
AW00020906,1940-12-09,Male
AW00020907,1946-04-14,Female
AW00020908,1945-08-26,F
AW00020909,1952-09-30,Male
NASAW00020910,1960-05-14,M
AW00020911,1960-01-08,F
AW00020912,1951-10-13,Male
AW00020913,1945-05-02,F
AW00020914,1958-04-21,M
AW00020915,1963-06-07,Female
AW00020916,1942-08-07,Male
NASAW00020917,1953-12-20,M
AW00020918,1946-12-20,Female
NASAW00020919,1943-07-07,Male
AW00020920,1946-04-07,Female
NASAW00020921,1959-08-12,F
NASAW00020922,1941-05-20,F
AW00020923,1951-02-14,F
AW00020924,1961-02-21,F
AW00020925,1940-01-20,Female
AW00020926,1950-05-04,F
NASAW00020927,1944-12-01,M
NASAW00020928,1959-01-27,Female
NASAW00020929,1940-06-15,F
NASAW00020930,1944-01-20,M
AW00020931,1940-01-18,Female
AW00020932,1963-02-28,F
NASAW00020933,1940-10-15,M
AW00020934,1947-05-09,Female
AW00020935,1959-11-17,Male
NASAW00020936,1952-02-24,M
AW00020937,1963-01-07,M
NASAW00020938,1956-07-22,Male
AW00020939,1942-09-29,Female
AW00020940,1947-12-01,
AW00020941,1946-09-14,Male
NASAW00020942,1947-08-13,M
AW00020943,1957-05-06,Male
NASAW00020944,1951-06-24,Female
NASAW00020945,1940-08-09,Female
NASAW00020946,1954-09-28,Female
AW00020947,1949-07-24,Male
AW00020948,1956-04-22,Female
AW00020949,1955-01-13,Female
AW00020950,1955-11-27,M
AW00020951,1957-07-15,M
AW00020952,1953-09-09,M
NASAW00020953,1943-02-17,Female
NASAW00020954,1941-01-14,F
AW00020955,1960-07-26,Female
AW00020956,1951-12-09,Male
AW00020957,1947-02-14,F
AW00020958,1946-06-29,Female
NASAW00020959,1943-09-15,Female
AW00020960,1963-08-29,Male
NASAW00020961,1963-08-21,F
AW00020962,1958-10-27,M
NASAW00020963,1957-02-25,Female
NASAW00020964,1953-12-25,F
AW00020965,1946-08-07,Male
NASAW00020966,1957-10-13,F
AW00020967,1950-03-10,Male
AW00020968,1959-03-03,M
AW00020969,1956-06-27,M
NASAW00020970,1943-11-15,M
AW00020971,1962-09-15,
AW00020972,1950-06-13,M
NASAW00020973,1946-10-02,Female
AW00020974,1955-07-15,Male
AW00020975,1952-03-03,Female
AW00020976,1957-01-07,Male
AW00020977,1940-08-08,M
AW00020978,1962-04-09,F
AW00020979,1949-03-08,Male
AW00020980,1952-02-07,Female
AW00020981,1940-02-13,Female
AW00020982,1963-06-18,M
AW00020983,1956-08-05,Female
AW00020984,1945-05-16,Female
AW00020985,1946-09-02,Female
AW00020986,1952-01-01,Male
NASAW00020987,1959-04-10,Female
AW00020988,1951-01-18,F
AW00020989,1947-07-31,Female
AW00020990,1944-08-15,Male
NASAW00020991,1950-10-18,Male
AW00020992,1944-10-07,F
AW00020993,1961-04-04,F
NASAW00020994,1945-03-30,F
AW00020995,1956-01-07,F
AW00020996,1942-06-20,F
AW00020997,1943-04-12,F
AW00020998,1941-03-02,M
AW00020999,1941-06-10,F
AW00021000,1940-12-22,M
NASAW00021001,1958-03-01,Male
AW00021002,1958-04-01,Female
AW00021003,1959-01-11,F
NASAW00021004,1945-11-25,Male
AW00021005,1942-09-20,Female
AW00021006,1942-12-27,F
AW00021007,1945-09-08,F
NASAW00021008,1962-11-21,Male
AW00021009,1943-03-12,Male
NASAW00021010,1951-01-22,Male
NASAW00021011,1961-03-28,F
AW00021012,1954-02-27,F
AW00021013,1962-09-13,F
AW00021014,1961-04-07,M
NASAW00021015,1945-07-03,F
NASAW00021016,1961-07-21,Male
NASAW00021017,1963-08-30,F
AW00021018,1957-10-09,M
AW00021019,1958-03-20,F
AW00021020,1952-12-20,M
NASAW00021021,1953-12-01,Female
AW00021022,1940-05-07,F
AW00021023,1943-04-11,
AW00021024,1960-04-23,Male
NASAW00021025,1958-11-29,
NASAW00021026,1947-12-10,Female
AW00021027,1945-05-28,Male
AW00021028,1953-10-30,M
AW00021029,1961-09-11,M
AW00021030,1944-05-07,
AW00021031,1955-02-26,Female
NASAW00021032,1961-11-25,M
AW00021033,1943-04-30,Female
NASAW00021034,1961-10-11,M
AW00021035,1957-07-09,Male
NASAW00021036,1958-09-26,F
AW00021037,1961-04-21,F
AW00021038,1944-12-02,Female
AW00021039,1961-04-08,M
AW00021040,1953-02-20,F
AW00021041,1946-05-27,Male
AW00021042,1957-07-22,M
AW00021043,1946-05-22,Male
AW00021044,1949-05-29,Female
AW00021045,1943-09-09,M
AW00021046,1963-02-07,Male
AW00021047,1942-03-22,Female
NASAW00021048,1944-09-04,M
NASAW00021049,1944-04-22,Female
AW00021050,1943-09-23,F
AW00021051,1956-08-05,Female
AW00021052,1959-04-30,
AW00021053,1957-08-06,Female
AW00021054,1958-01-08,F
AW00021055,1952-12-17,Female
NASAW00021056,1963-10-25,Female
AW00021057,1944-04-21,Male
NASAW00021058,1963-08-25,M
AW00021059,1955-10-20,Male
NASAW00021060,1946-01-24,M
AW00021061,1957-03-19,Female
NASAW00021062,1950-02-28,Male
NASAW00021063,1946-08-29,Male
AW00021064,1948-10-28,Female
AW00021065,1957-03-10,Female
AW00021066,1958-06-21,Female
NASAW00021067,1947-11-26,Female
AW00021068,1948-02-05,Male
AW00021069,1949-08-19,M
AW00021070,1944-05-21,F
AW00021071,1941-02-24,Male
NASAW00021072,1956-05-19,M
AW00021073,1949-07-11,M
AW00021074,1944-11-09,F
AW00021075,1948-06-12,F
AW00021076,1945-12-08,Female
AW00021077,1956-03-27,Male
NASAW00021078,1942-09-14,Female
AW00021079,1952-12-07,Male
AW00021080,1956-12-21,Male
NASAW00021081,1960-06-19,Female
AW00021082,1953-12-28,Female
AW00021083,1951-10-07,Female
AW00021084,1948-03-20,M
AW00021085,1949-05-30,M
AW00021086,1957-01-02,F
NASAW00021087,1957-07-21,M
AW00021088,1961-12-03,F
AW00021089,1953-11-10,Female
AW00021090,1958-08-24,
AW00021091,1958-12-30,
AW00021092,1956-11-07,F
AW00021093,1956-03-03,Female
NASAW00021094,1958-05-12,Male
NASAW00021095,1946-07-16,Male
AW00021096,1948-04-18,Male
NASAW00021097,1961-12-03,F
AW00021098,1952-11-29,Female
NASAW00021099,1940-02-05,Female
NASAW00021100,1948-11-19,Male
AW00021101,1943-04-13,M
AW00021102,1950-10-28,Male
AW00021103,1963-06-12,F
AW00021104,1948-11-26,Male
NASAW00021105,1961-09-28,Male
AW00021106,1947-07-14,M
AW00021107,1942-07-09,M
AW00021108,1945-09-06,Female
AW00021109,1941-04-11,M
NASAW00021110,1946-02-07,F
AW00021111,1954-11-11,Female
AW00021112,1962-01-07,Female
AW00021113,1944-11-09,M
AW00021114,1942-03-22,F
AW00021115,1946-11-06,M
AW00021116,1949-02-11,F
AW00021117,1949-02-24,M
NASAW00021118,1954-06-23,Female
NASAW00021119,1945-05-14,M
AW00021120,1956-08-17,Male
AW00021121,1940-06-15,Female
AW00021122,1963-08-26,Female
AW00021123,1959-07-13,Female
NASAW00021124,1957-02-22,M
NASAW00021125,1949-11-26,Male
AW00021126,1955-01-14,M
AW00021127,1951-09-07,Female
AW00021128,1950-09-21,F
NASAW00021129,1952-11-15,Male
AW00021130,1952-04-02,M
AW00021131,1954-07-20,Female
AW00021132,1951-10-05,F
AW00021133,1943-08-03,M
AW00021134,1958-03-28,F
AW00021135,1941-09-03,M
NASAW00021136,1963-07-25,Male
AW00021137,1962-10-24,F
AW00021138,1953-12-02,F
AW00021139,1958-03-26,Male
AW00021140,1945-01-28,F
AW00021141,1944-08-03,M
AW00021142,1963-06-07,Male
AW00021143,1963-11-18,F
AW00021144,1948-04-14,Male
AW00021145,1944-05-25,Male
AW00021146,1949-11-07,F
AW00021147,1956-04-05,F
AW00021148,1946-12-31,F
AW00021149,1955-11-03,M
AW00021150,1952-08-19,F
AW00021151,1956-09-25,Male
AW00021152,1944-07-22,Male
AW00021153,1947-08-26,M
NASAW00021154,1944-06-26,F
AW00021155,1942-08-04,F
AW00021156,1948-05-07,Male
NASAW00021157,1954-01-20,Male
AW00021158,1962-10-29,F
AW00021159,1952-01-13,F
AW00021160,1956-08-16,Female
NASAW00021161,1960-08-03,F
NASAW00021162,1943-06-24,Female
AW00021163,1955-06-01,F
NASAW00021164,1962-01-26,F
AW00021165,1962-08-06,M
AW00021166,1946-12-28,F
NASAW00021167,1943-12-06,F
AW00021168,1962-03-13,Male
AW00021169,1943-06-02,Male
AW00021170,1949-12-11,Male
NASAW00021171,1950-04-07,Male
AW00021172,1950-08-21,F
NASAW00021173,1958-09-29,F
AW00021174,1952-10-05,Female
NASAW00021175,1960-09-21,M
AW00021176,1958-05-26,F
NASAW00021177,1952-02-04,M
AW00021178,1961-11-17,M
AW00021179,1954-04-29,F
AW00021180,1940-06-09,M
NASAW00021181,1961-11-30,Female
AW00021182,1951-06-03,M
NASAW00021183,1950-10-23,F
NASAW00021184,1949-01-11,Male
AW00021185,1959-06-10,M
NASAW00021186,1960-08-31,Male
AW00021187,1959-04-28,Male
NASAW00021188,1954-12-01,M
AW00021189,1946-12-24,F
AW00021190,1944-02-14,F
AW00021191,1955-11-19,Female
AW00021192,1947-04-14,M
AW00021193,1957-05-17,Male
AW00021194,1945-12-30,Male
AW00021195,1942-10-27,F
AW00021196,2030-01-01,Male
NASAW00021197,1940-11-08,M
AW00021198,1961-12-13,F
AW00021199,1947-03-11,Male
AW00021200,1943-01-18,Female
NASAW00021201,1956-09-21,Male
AW00021202,1943-06-04,Male
NASAW00021203,1943-08-19,Male
AW00021204,1946-11-01,F
AW00021205,1951-06-07,F
AW00021206,1946-07-04,M
AW00021207,1961-01-06,F
NASAW00021208,1955-01-05,F
AW00021209,1951-02-16,Male
AW00021210,1963-04-22,
AW00021211,1963-10-30,F
NASAW00021212,1943-03-11,Male
NASAW00021213,1956-09-10,M
AW00021214,1943-10-17,F
AW00021215,1951-07-19,M
AW00021216,1963-06-18,M
AW00021217,1958-09-01,Male
AW00021218,1950-01-30,Female
AW00021219,1941-08-09,Female
AW00021220,1948-04-02,M
AW00021221,1941-09-03,Female
AW00021222,1946-08-17,Female
AW00021223,1949-11-11,M
AW00021224,1956-12-26,F
AW00021225,1952-12-16,
AW00021226,1961-06-25,F
AW00021227,1962-02-23,Male
AW00021228,1955-02-28,F
AW00021229,1952-03-13,
AW00021230,1957-04-17,F
AW00021231,1958-09-04,F
NASAW00021232,1949-04-08,F
AW00021233,1951-04-13,Male
AW00021234,1941-02-23,Female
AW00021235,1951-02-03,F
NASAW00021236,1955-04-08,M
AW00021237,1946-08-02,F
AW00021238,1942-03-12,M
AW00021239,1944-08-25,Male
AW00021240,1956-10-01,F
AW00021241,1956-02-27,M
NASAW00021242,1941-05-30,Female
AW00021243,1960-05-09,F
NASAW00021244,1963-05-16,Female
NASAW00021245,1951-01-22,F
AW00021246,1956-12-26,F
NASAW00021247,1952-02-18,Female
AW00021248,1955-06-23,F
AW00021249,1943-04-10,Female
AW00021250,1956-07-10,M
AW00021251,1949-09-12,Female
NASAW00021252,1949-03-14,F
AW00021253,1957-04-07,Male
NASAW00021254,1956-12-31,F
NASAW00021255,1945-08-27,Female
AW00021256,1963-02-24,Female
NASAW00021257,1949-01-25,F
NASAW00021258,1943-03-19,M
AW00021259,1947-03-29,M
AW00021260,1963-09-04,Male
NASAW00021261,1952-03-14,M
AW00021262,1962-11-17,M
NASAW00021263,1951-01-11,M
AW00021264,1955-02-10,F
NASAW00021265,1945-06-24,M
AW00021266,1958-11-10,Female
NASAW00021267,1960-10-11,Female
AW00021268,1946-07-01,F
AW00021269,1963-07-25,Female
AW00021270,1940-10-15,Male
NASAW00021271,1947-12-13,Male
NASAW00021272,1951-11-29,Male
AW00021273,1959-02-02,Female
AW00021274,1949-09-11,F
AW00021275,1952-09-04,Female
AW00021276,1944-04-17,
AW00021277,1945-07-17,F
NASAW00021278,1951-03-19,Female
AW00021279,1941-02-22,M
NASAW00021280,1943-10-09,F
AW00021281,1961-05-11,F
AW00021282,1954-05-13,M
AW00021283,1941-06-22,
NASAW00021284,1955-03-04,F
AW00021285,1961-06-03,M
NASAW00021286,1959-08-07,F
AW00021287,1944-02-18,
AW00021288,1953-07-21,
NASAW00021289,1961-07-23,F
NASAW00021290,1958-02-16,Female
AW00021291,1941-11-10,F
AW00021292,1954-07-27,Female
NASAW00021293,1940-10-07,M
NASAW00021294,1947-01-19,F
NASAW00021295,1962-04-27,Female
NASAW00021296,1951-11-02,F
NASAW00021297,1956-12-18,Female
NASAW00021298,1946-05-14,F
AW00021299,1954-06-29,Female
AW00021300,1953-02-26,Female
AW00021301,1951-11-29,M
AW00021302,1962-01-13,M
AW00021303,1952-10-21,M
NASAW00021304,1951-03-29,
AW00021305,1953-04-10,M
AW00021306,1959-01-25,M
NASAW00021307,1963-01-22,Male
AW00021308,1943-07-02,Male
AW00021309,1945-12-09,F
AW00021310,1940-03-30,Male
AW00021311,1948-04-12,Female
AW00021312,1963-03-13,F
AW00021313,1950-03-04,Male
NASAW00021314,1959-06-22,Female
AW00021315,1955-04-25,Male
AW00021316,1943-07-01,M
AW00021317,1961-04-22,Female
AW00021318,1948-10-24,M
AW00021319,1945-04-02,M
NASAW00021320,1959-12-14,Male
AW00021321,1940-11-23,F
NASAW00021322,1940-07-22,F
AW00021323,1954-09-17,Female
AW00021324,1948-06-19,Male
NASAW00021325,1956-11-26,Female
AW00021326,1952-12-06,Male
AW00021327,1943-12-09,Male
AW00021328,1942-05-01,Male
NASAW00021329,1949-03-21,F
AW00021330,1948-07-15,Female
AW00021331,1946-01-24,Female
AW00021332,1962-10-07,Male
NASAW00021333,1958-07-26,Male
AW00021334,1954-06-24,Male
AW00021335,1948-11-03,Female
AW00021336,1954-03-10,Male
AW00021337,1945-05-22,M
AW00021338,1956-08-17,M
AW00021339,1955-03-03,F
AW00021340,1940-07-03,F
NASAW00021341,1948-04-30,M
AW00021342,1944-11-20,
AW00021343,1945-06-22,F
NASAW00021344,1946-01-03,Male
NASAW00021345,1962-02-23,M
NASAW00021346,1951-07-21,M
AW00021347,1940-09-30,Male
NASAW00021348,1956-11-02,Male
AW00021349,1953-02-13,
AW00021350,1955-11-21,Male
AW00021351,1957-10-10,M
AW00021352,1957-01-21,Female
NASAW00021353,1959-09-23,F
NASAW00021354,1957-03-17,F
AW00021355,1945-12-31,M
AW00021356,1958-03-08,M
AW00021357,1948-11-13,M
AW00021358,1941-05-16,M
AW00021359,1961-10-03,M
NASAW00021360,1950-02-21,Male
AW00021361,1944-12-30,F
NASAW00021362,1962-06-11,Female
NASAW00021363,1945-01-11,Female
AW00021364,1963-08-24,F
AW00021365,1942-05-30,F
AW00021366,1944-01-13,M
AW00021367,1961-01-18,F
AW00021368,1961-12-05,M
AW00021369,1953-09-10,F
NASAW00021370,1961-07-22,M
AW00021371,1957-07-24,Female
AW00021372,1946-02-03,F
AW00021373,1950-04-16,Female
AW00021374,1946-11-03,Female
AW00021375,1943-05-21,Female
AW00021376,1940-09-19,Male
AW00021377,1954-04-29,M
AW00021378,1949-12-23,Female
NASAW00021379,1940-01-18,Female
AW00021380,1963-07-05,M
AW00021381,1943-02-02,Male
AW00021382,1942-02-22,F
AW00021383,1952-04-28,F
NASAW00021384,1957-02-09,Male
AW00021385,1948-12-14,M
AW00021386,1941-07-24,Male
AW00021387,1956-04-23,M
AW00021388,1948-03-10,M
AW00021389,1940-10-09,M
NASAW00021390,1959-01-08,Female
AW00021391,1947-08-14,F
AW00021392,1947-01-15,F
AW00021393,1944-03-11,M
AW00021394,1957-03-31,Female
AW00021395,1947-05-31,Female
NASAW00021396,1945-07-23,Female
AW00021397,1950-10-23,F
NASAW00021398,1955-04-13,Female
AW00021399,1942-09-24,
NASAW00021400,1962-12-12,Male
AW00021401,1951-03-21,Female
NASAW00021402,1950-06-12,Female
AW00021403,1945-02-16,F
AW00021404,1952-02-01,Female
AW00021405,1952-06-27,F
AW00021406,1941-04-14,F
AW00021407,1948-01-21,Female
AW00021408,1960-09-09,M
AW00021409,1961-06-22,F
AW00021410,1950-11-03,Female
AW00021411,1948-07-20,Female
NASAW00021412,1946-10-26,M
NASAW00021413,1945-01-29,F
AW00021414,1962-04-23,Female
AW00021415,1962-08-07,Male
NASAW00021416,1963-08-16,
AW00021417,1947-02-23,M
AW00021418,1941-03-19,F
AW00021419,1950-10-21,M
NASAW00021420,1945-07-31,F
NASAW00021421,1948-08-10,Male
NASAW00021422,1951-10-07,Female
AW00021423,1955-05-08,Female
AW00021424,1944-12-22,Female
AW00021425,1957-03-07,Male
AW00021426,1942-08-09,Female
AW00021427,1944-03-30,F
AW00021428,1948-01-21,Male
AW00021429,1948-03-20,
NASAW00021430,1963-02-04,Male
AW00021431,1961-04-26,Male
NASAW00021432,1940-10-03,Male
AW00021433,1944-11-01,F
AW00021434,1946-05-31,Female
NASAW00021435,1956-08-19,Female
AW00021436,1954-04-28,F
AW00021437,1954-11-25,F
NASAW00021438,1952-07-30,Female
AW00021439,1961-09-21,Male
AW00021440,1945-05-10,Male
AW00021441,1953-12-12,M
AW00021442,1944-04-17,M
NASAW00021443,1942-10-12,Male
AW00021444,1943-08-04,Male
AW00021445,1952-05-03,F
AW00021446,1954-02-12,Male
AW00021447,1948-05-01,M
AW00021448,1953-02-03,Male
NASAW00021449,1955-05-18,F
AW00021450,1942-02-28,Male
AW00021451,1943-11-17,Female
AW00021452,1961-06-02,Male
AW00021453,1941-09-10,M
NASAW00021454,1952-05-15,M
AW00021455,1961-09-13,M
NASAW00021456,1952-05-20,Female
NASAW00021457,1943-03-31,F
AW00021458,1959-02-23,F
AW00021459,1952-07-20,F
AW00021460,1944-12-12,M
AW00021461,1959-12-16,
AW00021462,1942-10-27,M
AW00021463,1949-05-23,M
AW00021464,1948-08-28,M
NASAW00021465,1956-05-20,M
NASAW00021466,1950-12-31,M
AW00021467,1949-05-19,Female
AW00021468,1958-06-22,F
AW00021469,1946-03-07,M
AW00021470,1945-10-01,M
AW00021471,1942-05-19,Female
AW00021472,1960-07-18,Male
AW00021473,1962-01-09,
AW00021474,1955-11-18,F
AW00021475,1952-11-19,F
AW00021476,1959-10-08,M
AW00021477,1946-05-24,F
AW00021478,1952-06-02,M
AW00021479,1954-01-30,Male
AW00021480,1948-05-10,Male
AW00021481,1954-11-29,Female
NASAW00021482,1940-02-18,Female
AW00021483,1953-12-04,M
AW00021484,1944-03-19,Male
AW00021485,1947-02-16,Female
AW00021486,1960-10-07,
NASAW00021487,1961-05-31,Male
AW00021488,1948-07-14,Male
AW00021489,1951-01-14,M
AW00021490,1949-09-04,M
NASAW00021491,1951-10-19,Female
NASAW00021492,1943-10-26,F
AW00021493,1948-05-13,Female
AW00021494,1948-08-21,
AW00021495,1950-02-16,Male
AW00021496,1945-05-04,F
AW00021497,1948-11-04,Female
AW00021498,1943-12-13,Male
AW00021499,1950-05-30,
AW00021500,1953-05-11,F
AW00021501,1941-10-05,M
AW00021502,1954-10-13,Female
AW00021503,1943-10-11,
NASAW00021504,1941-07-14,Female
AW00021505,1954-10-20,F
NASAW00021506,1959-11-03,M
AW00021507,1952-10-24,M
AW00021508,1952-06-17,M
AW00021509,1956-09-07,Male
AW00021510,1956-01-18,Male
AW00021511,1943-07-07,F
NASAW00021512,1955-03-13,M
AW00021513,1957-07-20,Female
AW00021514,1940-01-23,M
NASAW00021515,1951-01-07,F
AW00021516,1963-04-18,Male
AW00021517,1944-11-29,M
AW00021518,1951-07-22,F
AW00021519,1952-10-08,Male
AW00021520,1957-07-23,F
AW00021521,1958-02-18,Male
AW00021522,1951-07-20,
AW00021523,1956-12-07,Male
AW00021524,1945-05-31,M
AW00021525,1946-10-04,M
NASAW00021526,1945-01-27,F
AW00021527,1947-11-25,F
AW00021528,1940-01-14,F
AW00021529,1957-11-11,Male
AW00021530,1944-10-27,M
AW00021531,1959-11-07,F
AW00021532,1959-03-02,F
AW00021533,1951-07-24,M
AW00021534,1954-12-13,Female
AW00021535,1950-05-31,F
AW00021536,1940-05-04,Female
AW00021537,1940-11-28,F
AW00021538,1947-02-16,M
NASAW00021539,1951-09-02,
NASAW00021540,1947-07-10,F
AW00021541,1953-11-13,Female
AW00021542,1961-03-13,F
AW00021543,1963-02-25,
AW00021544,1962-03-22,Male
AW00021545,1947-02-21,M
AW00021546,1941-09-22,M
AW00021547,1947-11-19,Male
AW00021548,1955-09-03,F
AW00021549,1954-12-18,Male
AW00021550,1948-02-05,Female
AW00021551,1961-09-21,Male
NASAW00021552,1956-02-03,F
AW00021553,1952-01-12,M
AW00021554,1949-06-17,
AW00021555,1950-12-05,
AW00021556,1962-10-27,Male
AW00021557,1943-01-18,F
AW00021558,1952-02-05,F
AW00021559,1940-10-18,M
AW00021560,1961-01-29,Male
AW00021561,1955-06-03,F
NASAW00021562,1953-11-28,Male
NASAW00021563,1940-11-02,F
AW00021564,1947-11-18,F
AW00021565,1946-06-16,Male
NASAW00021566,1943-06-04,Female
NASAW00021567,1947-12-25,Female
AW00021568,1956-01-06,Female
AW00021569,1961-07-14,Male
AW00021570,1959-03-06,Female
AW00021571,1960-10-01,M
AW00021572,1958-08-05,Female
NASAW00021573,1943-09-24,Male
AW00021574,1960-02-04,F
AW00021575,1950-07-05,Female
AW00021576,1958-06-24,M
AW00021577,1949-11-04,F
AW00021578,1950-09-25,F
AW00021579,1944-05-21,Female
AW00021580,1959-09-18,Female
NASAW00021581,1940-01-15,M
AW00021582,1945-10-26,Male
AW00021583,1954-08-25,F
AW00021584,1943-04-15,Female
NASAW00021585,1951-12-24,Female
AW00021586,1946-05-22,Male
NASAW00021587,1944-04-13,Female
AW00021588,1945-12-28,Male
AW00021589,1963-02-17,M
AW00021590,1956-07-18,M
NASAW00021591,1943-04-03,F
AW00021592,1947-01-13,M
AW00021593,1941-06-04,Female
AW00021594,1940-06-18,Male
AW00021595,1948-01-24,Female
NASAW00021596,1949-04-24,F
AW00021597,1953-08-22,F
AW00021598,1959-10-12,Female
AW00021599,1946-05-29,Female
NASAW00021600,1955-08-31,Female
AW00021601,1955-12-05,F
AW00021602,1962-02-24,F
AW00021603,1940-03-20,M
AW00021604,1945-06-24,
NASAW00021605,1954-11-29,
AW00021606,1941-12-10,Female
AW00021607,1942-06-24,Male
NASAW00021608,1959-10-15,M
NASAW00021609,1948-04-21,Male
NASAW00021610,1958-01-02,Female
NASAW00021611,1942-12-17,Male
AW00021612,1957-09-17,Female
NASAW00021613,1954-05-24,M
NASAW00021614,1945-08-21,Male
AW00021615,1941-09-01,Female
AW00021616,1951-07-16,Female
AW00021617,1951-09-09,Female
AW00021618,1947-10-31,F
NASAW00021619,1940-03-12,M
AW00021620,1960-12-13,M
AW00021621,1953-08-28,Male
AW00021622,1950-12-24,Female
NASAW00021623,1943-03-19,Male
NASAW00021624,1940-04-17,Male
AW00021625,1942-05-08,Male
NASAW00021626,1951-10-04,Female
NASAW00021627,1950-05-13,Female
AW00021628,1953-05-30,F
AW00021629,1957-08-12,M
AW00021630,1960-01-27,Female
AW00021631,1949-06-23,Male
AW00021632,1954-04-19,M
AW00021633,1962-04-25,Female
NASAW00021634,1953-11-03,Female
NASAW00021635,1946-04-06,M
AW00021636,1956-01-22,F
AW00021637,1940-02-20,F
AW00021638,1942-03-13,M
AW00021639,1944-07-02,Female
AW00021640,1944-07-05,M
AW00021641,1962-10-25,Female
AW00021642,1954-09-03,Male
AW00021643,1951-07-08,M
AW00021644,2038-01-01,Male
AW00021645,1951-06-08,Female
AW00021646,1951-10-16,Male
NASAW00021647,1959-03-25,F
AW00021648,1955-03-12,M
NASAW00021649,1954-09-07,M
AW00021650,1954-01-14,F
AW00021651,1948-05-08,Male
AW00021652,1940-02-11,M
AW00021653,1946-02-21,F
NASAW00021654,1956-07-04,F
AW00021655,1943-07-11,Male
AW00021656,1957-02-28,M
AW00021657,1952-04-17,Female
NASAW00021658,1953-06-26,M
AW00021659,1954-05-16,Male
AW00021660,1951-08-20,Male
NASAW00021661,1961-05-16,F
AW00021662,1959-02-11,M
AW00021663,1953-09-12,F
AW00021664,1962-10-05,Female
AW00021665,1951-01-11,F
AW00021666,1957-02-20,F
AW00021667,1954-09-26,Male
AW00021668,1953-11-17,M
AW00021669,1958-01-05,F
AW00021670,1940-10-24,M
AW00021671,1941-02-21,Female
AW00021672,1963-11-16,Male
AW00021673,1944-02-15,
AW00021674,1959-09-29,Female
AW00021675,1948-01-28,Female
NASAW00021676,1948-11-18,F
AW00021677,1951-04-20,
AW00021678,1941-12-14,F
AW00021679,1962-05-15,
NASAW00021680,1944-07-12,Female
AW00021681,1956-01-26,Female
AW00021682,1942-12-18,M
AW00021683,1956-10-19,F
NASAW00021684,1948-02-06,Female
NASAW00021685,1957-06-29,Female
AW00021686,1958-11-16,Male
AW00021687,1957-06-29,
AW00021688,1955-04-04,Female
AW00021689,1956-12-21,M
AW00021690,1953-05-17,M
AW00021691,1943-09-18,
NASAW00021692,1940-01-19,F
AW00021693,1954-10-26,F
AW00021694,1944-09-20,Male
NASAW00021695,1959-05-30,Male
NASAW00021696,1960-08-21,M
AW00021697,1943-08-27,M
AW00021698,1942-12-23,F
AW00021699,1957-03-28,M
NASAW00021700,1948-06-10,M
AW00021701,1942-10-05,M
AW00021702,1954-01-26,Male
AW00021703,1954-02-17,F
AW00021704,1943-01-18,Male
AW00021705,1961-01-02,
AW00021706,1948-01-11,Male
AW00021707,1943-06-12,M
NASAW00021708,1944-04-24,F
AW00021709,1947-03-28,M
NASAW00021710,1956-05-07,
NASAW00021711,1946-06-08,M
AW00021712,1947-06-16,Male
AW00021713,1945-08-21,Male
NASAW00021714,1957-07-23,F
NASAW00021715,1946-10-30,M
NASAW00021716,1961-06-30,Female
NASAW00021717,1955-09-06,Male
AW00021718,1940-09-29,M
NASAW00021719,1942-12-02,Female
NASAW00021720,1951-09-17,F
NASAW00021721,1943-05-27,
NASAW00021722,1962-02-03,Male
AW00021723,1950-05-12,Female
AW00021724,1957-03-03,Male
AW00021725,1941-09-16,Female
NASAW00021726,1954-08-29,M
NASAW00021727,1944-04-08,
NASAW00021728,1953-08-28,F
AW00021729,1945-07-04,Male
AW00021730,1956-03-11,Male
AW00021731,1941-07-20,F
AW00021732,1941-08-15,M
AW00021733,1961-02-14,F
NASAW00021734,1962-06-19,M
AW00021735,1953-08-07,Female
AW00021736,1944-05-09,Male
NASAW00021737,1940-05-06,Male
AW00021738,1947-04-23,Male
AW00021739,1961-02-03,Male
AW00021740,1943-10-26,M
AW00021741,1957-12-26,M
NASAW00021742,1959-12-02,Female
NASAW00021743,1951-02-19,Female
AW00021744,1942-08-12,M
NASAW00021745,1946-04-17,F
AW00021746,1946-07-07,Female
AW00021747,1946-05-18,M
AW00021748,1963-11-14,Female
AW00021749,1951-08-31,M
AW00021750,1941-01-24,F
NASAW00021751,1951-01-25,Female
AW00021752,1947-02-16,M
AW00021753,1949-10-24,Female
AW00021754,1941-07-19,Male
NASAW00021755,1941-12-06,M
AW00021756,1952-06-24,Male
AW00021757,1949-10-29,Male
AW00021758,1952-11-30,F
AW00021759,1951-11-25,Male
NASAW00021760,1949-12-02,F
NASAW00021761,1952-12-10,M
NASAW00021762,1960-12-15,Male
AW00021763,1947-01-19,F
NASAW00021764,1959-03-09,M
NASAW00021765,1942-02-25,F
AW00021766,1957-11-15,
AW00021767,1941-08-18,Female
AW00021768,1951-05-17,Female
AW00021769,1945-12-02,F
AW00021770,1960-03-06,Female
AW00021771,1957-03-17,
AW00021772,1961-04-21,Female
NASAW00021773,1951-05-13,Female
NASAW00021774,1942-03-20,F
NASAW00021775,1950-04-29,F
AW00021776,1957-10-08,F
AW00021777,1957-07-31,Female
AW00021778,1949-07-26,M
NASAW00021779,1958-02-27,F
AW00021780,1952-01-28,F
AW00021781,1940-07-26,F
AW00021782,1950-04-30,Female
NASAW00021783,1955-12-21,M
AW00021784,1952-01-15,F
AW00021785,1958-02-25,M
AW00021786,1941-08-20,Female
AW00021787,1959-05-19,F
AW00021788,1958-08-18,F
AW00021789,1959-03-02,M
NASAW00021790,1954-01-12,F
NASAW00021791,1942-06-03,F
NASAW00021792,1954-05-07,Female
NASAW00021793,1958-08-16,Female
AW00021794,1954-10-06,Male
AW00021795,1940-05-25,F
AW00021796,1943-04-30,M
AW00021797,1952-04-08,M
NASAW00021798,1961-09-08,Male
NASAW00021799,1961-10-12,Female
AW00021800,1948-06-24,Female
AW00021801,1948-10-10,F
AW00021802,1941-03-25,F
AW00021803,1944-04-18,Female
AW00021804,1941-05-10,F
AW00021805,1959-09-18,M
AW00021806,1952-02-28,
NASAW00021807,1940-11-06,M
AW00021808,1949-09-03,F
AW00021809,1945-02-23,F
AW00021810,1962-01-20,Female
NASAW00021811,1945-04-03,Female
AW00021812,1963-11-25,M
NASAW00021813,1953-08-11,F
AW00021814,1954-05-28,M
AW00021815,1963-08-15,M
AW00021816,1961-06-03,F
AW00021817,1961-09-13,M
AW00021818,1949-08-29,Female
NASAW00021819,1952-06-23,M
NASAW00021820,1955-09-16,F
AW00021821,1954-07-22,Male
AW00021822,1959-06-19,M
AW00021823,1955-11-23,Male
NASAW00021824,1963-08-22,F
AW00021825,1941-05-08,
AW00021826,1954-10-20,M
NASAW00021827,1945-10-26,Female
AW00021828,1950-11-29,Male
AW00021829,1961-01-19,M
NASAW00021830,1954-08-24,Male
AW00021831,1962-03-14,Female
AW00021832,1961-08-31,
AW00021833,1960-07-15,F
AW00021834,1957-02-10,M
AW00021835,1953-05-12,Female
AW00021836,1951-07-19,Male
NASAW00021837,1955-07-08,Male
AW00021838,1942-07-12,F
NASAW00021839,1963-07-05,M
AW00021840,1950-02-28,Female
AW00021841,1949-11-23,F
AW00021842,1951-03-02,M
AW00021843,1961-03-30,M
AW00021844,1956-12-02,Male
AW00021845,1945-04-30,F
NASAW00021846,1954-02-11,Female
AW00021847,1943-04-28,Male
AW00021848,1955-01-31,Male
AW00021849,1963-06-05,F
NASAW00021850,1957-02-08,Female
AW00021851,1948-11-15,Female
AW00021852,1953-08-06,F
AW00021853,1944-12-01,F
AW00021854,1947-01-26,Female
AW00021855,1948-02-22,Female
AW00021856,1947-02-01,Male
NASAW00021857,1953-12-11,Male
AW00021858,1945-06-30,Male
AW00021859,1948-10-28,M
AW00021860,1961-07-16,F
AW00021861,1962-12-30,F
AW00021862,1948-09-01,
AW00021863,1952-07-07,F
AW00021864,1961-09-27,Male
NASAW00021865,1963-02-20,Male
AW00021866,1950-09-10,F
AW00021867,1947-10-28,Male
AW00021868,1941-03-22,Female
AW00021869,1949-12-31,Female
NASAW00021870,1948-07-13,M
AW00021871,1943-10-24,Female
NASAW00021872,1948-10-31,Female
AW00021873,1947-04-24,Male
AW00021874,1961-03-30,M
AW00021875,1942-09-04,
AW00021876,1953-10-04,M
NASAW00021877,1941-11-24,M
AW00021878,1963-07-17,F
AW00021879,1961-01-30,Female
AW00021880,1942-09-12,F
AW00021881,1956-12-04,Female
NASAW00021882,1954-08-15,Male
AW00021883,1954-09-27,Male
AW00021884,1958-01-12,
NASAW00021885,1960-11-20,Male
NASAW00021886,1950-06-28,M
AW00021887,1961-04-27,Male
AW00021888,1948-04-12,Female
AW00021889,1963-01-15,M
AW00021890,1947-10-26,
AW00021891,1952-09-10,M
NASAW00021892,1963-02-23,F
NASAW00021893,1942-04-12,M
AW00021894,1947-03-22,Male
AW00021895,1949-03-28,Male
AW00021896,1950-11-20,
AW00021897,1941-04-14,M
AW00021898,1956-09-09,Male
AW00021899,1946-07-23,Female
AW00021900,1941-10-03,F
NASAW00021901,1963-05-22,
AW00021902,1956-06-26,F
AW00021903,1943-01-24,Male
AW00021904,1945-08-06,F
AW00021905,1946-09-01,Female
AW00021906,1962-06-12,Male
AW00021907,1951-12-28,F
AW00021908,1961-07-02,M
NASAW00021909,1956-12-14,Male
NASAW00021910,1959-03-04,M
AW00021911,1949-09-19,M
AW00021912,1959-09-02,M
AW00021913,1951-07-30,Male
AW00021914,1944-11-25,Male
AW00021915,1960-10-13,Female
AW00021916,1945-07-22,Male
AW00021917,1947-08-08,Female
AW00021918,1956-05-21,M
NASAW00021919,1960-03-03,F
AW00021920,1959-05-09,F
NASAW00021921,1961-04-03,F
NASAW00021922,1952-10-15,Male
NASAW00021923,1955-03-12,F
AW00021924,1946-02-07,M
AW00021925,1948-02-02,M
NASAW00021926,1956-06-22,
NASAW00021927,1949-10-22,F
AW00021928,1945-12-28,Male
AW00021929,1948-10-17,M
AW00021930,1956-06-21,Female
NASAW00021931,1947-05-05,M
AW00021932,1958-05-14,F
AW00021933,1958-04-03,M
NASAW00021934,1947-11-06,F
AW00021935,1946-11-08,F
NASAW00021936,1948-08-07,M
AW00021937,1943-09-29,F
AW00021938,1954-07-21,F
NASAW00021939,1956-05-30,M
AW00021940,1940-09-17,Male
AW00021941,1944-07-14,F
NASAW00021942,1954-08-13,Female
AW00021943,1953-06-14,F
AW00021944,1962-03-13,Male
AW00021945,1953-04-01,Female
AW00021946,1962-12-06,F
AW00021947,1950-09-15,M
NASAW00021948,1950-03-26,Male
NASAW00021949,1948-06-18,Female
AW00021950,1961-03-18,Male
AW00021951,1956-06-26,Male
AW00021952,1963-04-15,Female
NASAW00021953,1941-02-01,Male
AW00021954,1963-08-07,M
NASAW00021955,1944-10-04,M
AW00021956,1959-12-02,Female
AW00021957,1943-06-26,Female
AW00021958,1958-10-22,M
AW00021959,1943-06-22,F
NASAW00021960,1951-05-01,Male
AW00021961,1948-01-26,M
AW00021962,1948-11-30,F
AW00021963,1948-12-19,M
AW00021964,1955-01-26,Female
AW00021965,1947-04-28,Female
AW00021966,1944-10-07,Male
NASAW00021967,1956-12-28,Male
NASAW00021968,1945-11-18,Male
NASAW00021969,1960-09-12,F
NASAW00021970,1963-07-10,M
AW00021971,1962-10-28,Male
AW00021972,1957-12-01,F
NASAW00021973,1943-08-29,F
AW00021974,1949-03-02,Female
AW00021975,1962-01-13,F
NASAW00021976,1951-07-25,Female
NASAW00021977,1945-10-31,F
AW00021978,1954-02-12,Female
AW00021979,1948-06-12,F
AW00021980,1945-02-21,Female
AW00021981,1941-04-21,Male
AW00021982,1940-10-04,M
AW00021983,1940-02-20,M
NASAW00021984,1948-01-08,Male
AW00021985,1962-07-13,F
NASAW00021986,1957-05-21,M
AW00021987,1954-02-14,Male
AW00021988,1945-08-27,Male
AW00021989,1960-12-05,M
AW00021990,1962-10-25,F
AW00021991,1958-04-18,F
AW00021992,1947-11-24,
AW00021993,1946-01-30,
AW00021994,1954-01-24,Female
AW00021995,1952-04-29,
AW00021996,1946-12-08,Male
AW00021997,1953-01-10,Female
AW00021998,1945-11-03,F
AW00021999,1947-09-07,Female
AW00022000,1958-07-31,Female
AW00022001,1941-09-09,Female
NASAW00022002,1951-08-02,M
AW00022003,1952-05-01,M
NASAW00022004,1959-10-23,M
AW00022005,1957-12-28,Male
AW00022006,1953-11-23,M
AW00022007,1948-05-01,Male
AW00022008,1961-07-14,M
NASAW00022009,1952-07-21,Male
AW00022010,1949-02-11,Female
AW00022011,1945-09-11,Male
AW00022012,1960-09-06,M
AW00022013,1963-02-16,M
AW00022014,1952-04-24,Female
NASAW00022015,1949-10-05,F
AW00022016,1941-11-26,Male
AW00022017,1957-03-09,Male
NASAW00022018,1948-05-18,M
NASAW00022019,1945-01-15,Male
AW00022020,1943-07-22,M
NASAW00022021,1954-03-08,F
AW00022022,1951-02-18,
AW00022023,1961-10-04,M
AW00022024,1947-03-14,
AW00022025,1944-09-10,F
AW00022026,1960-10-01,M
AW00022027,1948-07-20,F
NASAW00022028,1947-07-11,M
NASAW00022029,1956-01-24,Female
NASAW00022030,1962-11-05,M
AW00022031,1943-03-23,
NASAW00022032,1953-10-19,Male
AW00022033,1949-03-17,M
AW00022034,1942-11-11,Male
AW00022035,1946-07-15,Female
AW00022036,1951-04-04,M
NASAW00022037,1951-12-24,Male
NASAW00022038,1959-05-27,F
AW00022039,1957-03-22,F
NASAW00022040,1954-05-13,Male
AW00022041,1941-05-25,F
AW00022042,1956-06-05,M
AW00022043,1962-12-18,Male
NASAW00022044,1952-07-06,Male
NASAW00022045,1963-01-31,M
NASAW00022046,1956-02-20,M
AW00022047,1959-07-07,Female
AW00022048,1951-01-11,Female
NASAW00022049,1960-07-06,M
NASAW00022050,1948-09-29,M
AW00022051,1954-10-02,M
NASAW00022052,1944-02-14,Female
NASAW00022053,1940-08-04,M
AW00022054,1948-06-05,Male
AW00022055,1944-02-06,Female
AW00022056,1954-12-31,Female
NASAW00022057,1945-07-12,M
AW00022058,1959-03-09,Female
AW00022059,1954-05-31,Female
AW00022060,1944-04-12,M
AW00022061,1958-07-14,Female
NASAW00022062,1962-08-29,Male
AW00022063,1958-09-23,F
AW00022064,1946-10-22,Female
NASAW00022065,1954-09-14,Male
AW00022066,1949-11-24,M
AW00022067,1963-06-17,Female
AW00022068,1944-01-29,M
NASAW00022069,1962-03-09,M
NASAW00022070,1963-09-10,M
NASAW00022071,1963-02-01,F
NASAW00022072,1950-10-15,Male
AW00022073,1943-07-07,Female
AW00022074,1960-06-03,Female
AW00022075,1950-12-10,F
AW00022076,1943-02-14,F
AW00022077,1957-07-29,Female
NASAW00022078,1940-02-05,Female
NASAW00022079,1947-06-11,Male
AW00022080,1950-01-15,Female
AW00022081,1943-09-10,Male
AW00022082,1942-03-01,Female
AW00022083,1959-12-30,F
NASAW00022084,1957-08-12,Male
AW00022085,1942-11-10,M
AW00022086,1956-07-04,F
NASAW00022087,1940-04-11,F
AW00022088,1957-07-30,F
AW00022089,1945-05-15,F
AW00022090,1949-07-20,Male
AW00022091,1951-12-05,M
AW00022092,1960-06-30,
AW00022093,1948-05-04,F
AW00022094,1955-12-02,
AW00022095,1951-06-30,F
NASAW00022096,1956-10-15,M
AW00022097,1942-09-29,Female
AW00022098,1943-08-07,Male
AW00022099,1941-06-15,F
NASAW00022100,1954-02-06,Male
NASAW00022101,1944-03-22,F
NASAW00022102,1958-03-09,M
NASAW00022103,1961-07-17,Female
NASAW00022104,1959-03-28,Female
AW00022105,1955-08-01,M
AW00022106,1959-08-01,F
AW00022107,1950-02-13,M
NASAW00022108,1955-08-15,M
AW00022109,1946-03-23,M
AW00022110,1955-11-11,Female
AW00022111,1956-07-11,M
AW00022112,1962-05-23,Male
AW00022113,1945-03-20,Female
AW00022114,1949-12-11,Male
AW00022115,1958-11-09,Female
NASAW00022116,1958-03-13,Male
AW00022117,1955-05-11,
AW00022118,1955-08-25,F
AW00022119,1950-10-06,F
AW00022120,1957-12-13,M
AW00022121,1954-08-13,Male
AW00022122,1946-03-18,M
AW00022123,1962-11-26,Male
AW00022124,1950-12-05,Male
NASAW00022125,1958-05-28,F
NASAW00022126,1962-07-06,F
AW00022127,1961-03-04,Female
AW00022128,1947-01-10,F
NASAW00022129,1952-07-06,M
NASAW00022130,1963-04-20,M
AW00022131,1948-09-25,Female
AW00022132,1952-01-24,Male
AW00022133,1961-03-23,
AW00022134,1942-01-20,Male
NASAW00022135,1944-04-05,Male
AW00022136,1955-01-22,
NASAW00022137,1940-06-12,F
AW00022138,1949-10-08,F
AW00022139,1961-12-22,M
AW00022140,1953-08-08,F
AW00022141,1951-04-23,Male
AW00022142,1953-10-21,M
AW00022143,1944-04-24,M
AW00022144,1944-12-25,F
AW00022145,1952-11-12,Male
AW00022146,1957-09-14,F
NASAW00022147,1942-04-04,Female
AW00022148,1954-08-30,Male
NASAW00022149,1946-01-27,Female
AW00022150,1951-01-30,F
NASAW00022151,1958-07-23,Male
AW00022152,1950-01-13,F
AW00022153,1940-01-27,Female
AW00022154,1963-12-24,F
NASAW00022155,1962-10-12,Female
NASAW00022156,1955-07-29,Male
AW00022157,1955-08-21,Female
AW00022158,1951-05-22,Male
AW00022159,1956-10-30,Female
AW00022160,1960-02-14,Male
AW00022161,1940-11-12,F
AW00022162,1956-07-08,Male
AW00022163,1957-08-01,Male
AW00022164,1944-12-31,F
AW00022165,1945-04-12,M
AW00022166,1961-06-17,M
AW00022167,1950-09-06,F
NASAW00022168,1946-04-06,Female
AW00022169,1963-01-04,F
AW00022170,1940-08-25,Male
NASAW00022171,1951-03-06,Female
AW00022172,1944-01-05,F
AW00022173,1943-08-01,F
AW00022174,1952-10-04,M
NASAW00022175,1961-06-10,Male
AW00022176,1945-08-12,Female
AW00022177,1950-03-06,Female
AW00022178,1955-12-02,Female
AW00022179,1954-12-15,F
AW00022180,1952-02-19,F
AW00022181,1956-08-04,M
AW00022182,1946-08-30,Female
AW00022183,1944-06-01,Male
NASAW00022184,1950-07-09,F
NASAW00022185,1962-04-18,M
NASAW00022186,1956-12-10,Male
NASAW00022187,1959-10-10,Male
NASAW00022188,1950-10-28,M
AW00022189,1956-08-10,Male
NASAW00022190,1943-01-31,M
AW00022191,1944-01-28,M
NASAW00022192,1952-10-03,F
AW00022193,1940-05-01,Male
AW00022194,1942-12-04,M
NASAW00022195,1943-03-21,F
AW00022196,1954-03-30,M
AW00022197,1945-12-18,F
NASAW00022198,1942-02-22,F
NASAW00022199,1950-10-07,Male
AW00022200,1943-06-02,F
AW00022201,1962-05-08,Male
AW00022202,1959-03-08,Female
NASAW00022203,2030-01-01,M
AW00022204,1952-11-05,F
AW00022205,1958-10-17,Male
AW00022206,1959-06-21,Male
AW00022207,1947-06-19,M
NASAW00022208,1945-05-18,Male
AW00022209,1953-07-11,M
AW00022210,1961-07-23,Male
NASAW00022211,1941-12-03,M
AW00022212,1947-01-16,Male
NASAW00022213,1959-03-14,Female
AW00022214,1957-04-06,
AW00022215,1954-05-02,Male
AW00022216,1958-07-29,Male
AW00022217,1958-04-18,Female
AW00022218,1952-10-27,F
AW00022219,1960-04-06,Male
NASAW00022220,1940-06-24,Female
NASAW00022221,1944-03-28,Male
AW00022222,1960-09-05,Male
AW00022223,1941-09-20,Male
AW00022224,2039-01-01,M
AW00022225,1942-08-09,Male
AW00022226,1950-09-23,M
NASAW00022227,1941-06-05,F
AW00022228,1953-03-23,Male
AW00022229,1957-06-30,F
AW00022230,1942-02-17,M
AW00022231,1953-01-20,Female
AW00022232,1944-07-02,F
NASAW00022233,1958-07-07,M
AW00022234,1954-08-31,M
AW00022235,1949-06-21,Female
AW00022236,1947-12-30,F
AW00022237,1946-09-30,Female
NASAW00022238,1946-02-01,Female
AW00022239,1960-08-13,
AW00022240,1955-10-20,Male
AW00022241,1949-08-06,Female
NASAW00022242,1948-02-24,Female
NASAW00022243,1944-04-21,Female
AW00022244,1941-07-30,Male
AW00022245,1958-10-29,F
NASAW00022246,1952-01-23,Female
AW00022247,2030-01-01,M
AW00022248,1963-07-07,M
AW00022249,1943-09-14,F
AW00022250,1962-07-04,
AW00022251,1949-10-08,Female
AW00022252,1953-08-19,Male
AW00022253,1957-07-24,Female
NASAW00022254,1945-07-12,M
NASAW00022255,1947-02-08,M
AW00022256,1943-11-30,Male
AW00022257,1955-11-09,Female
NASAW00022258,1942-12-17,Male
AW00022259,1947-05-17,M
AW00022260,1943-11-08,Male
AW00022261,1951-06-09,Female
NASAW00022262,1951-08-07,F
AW00022263,1954-07-05,M
AW00022264,1941-05-31,Female
AW00022265,1957-02-28,M
NASAW00022266,1942-06-06,Male
AW00022267,1961-07-10,F
NASAW00022268,1960-08-05,M
AW00022269,1953-01-31,F
AW00022270,1945-09-14,M
AW00022271,1945-04-30,Male
AW00022272,1958-02-19,M
AW00022273,1954-12-04,M
AW00022274,1943-02-28,F
AW00022275,1961-08-14,F
NASAW00022276,1940-07-26,M
AW00022277,1957-07-02,M
AW00022278,1955-07-08,M
NASAW00022279,1954-09-23,Male
AW00022280,1960-09-05,M
AW00022281,1951-12-16,Male
AW00022282,1949-08-09,F
NASAW00022283,2028-01-01,M
AW00022284,1941-01-21,M
AW00022285,1960-04-09,F
AW00022286,1950-07-20,
AW00022287,1948-04-26,M
AW00022288,1947-01-11,Female
AW00022289,1948-04-02,Female
AW00022290,1945-12-10,M
AW00022291,1957-09-21,Male
AW00022292,1945-10-28,M
AW00022293,1949-12-22,F
NASAW00022294,1960-12-04,Male
NASAW00022295,1956-08-14,M
AW00022296,1957-05-07,
AW00022297,1943-11-11,
AW00022298,1960-04-08,F
AW00022299,1943-07-05,M
AW00022300,1943-08-16,Male
AW00022301,1955-05-28,M
AW00022302,1942-12-10,F
AW00022303,1962-12-31,M
AW00022304,1947-02-09,Female
NASAW00022305,1946-12-03,F
AW00022306,1952-05-04,F
AW00022307,1957-10-19,F
AW00022308,1951-10-09,M
AW00022309,1963-09-17,Male
NASAW00022310,1959-10-27,F
AW00022311,1942-11-10,M
AW00022312,1961-08-26,
AW00022313,1943-04-16,Female
AW00022314,1958-03-08,M
AW00022315,1949-06-30,Female
AW00022316,1960-08-20,M
NASAW00022317,1950-09-06,M
AW00022318,1949-12-15,F
NASAW00022319,1944-07-11,M
AW00022320,1947-07-21,M
NASAW00022321,1949-08-03,Male
NASAW00022322,1949-10-20,Male
AW00022323,1942-03-25,F
AW00022324,1959-03-18,M
NASAW00022325,1943-10-31,Male
AW00022326,1961-04-25,F
AW00022327,1942-07-14,F
AW00022328,1947-09-22,Male
AW00022329,1960-07-17,Female
AW00022330,1951-05-08,M
AW00022331,1963-08-14,M
AW00022332,1942-07-20,Female
NASAW00022333,1946-07-11,F
NASAW00022334,1953-11-03,M
NASAW00022335,1941-07-03,M
AW00022336,1962-11-22,M
AW00022337,1953-02-23,
AW00022338,1955-10-23,F
NASAW00022339,1951-09-06,F
AW00022340,1958-06-26,M
AW00022341,1951-04-26,Male
AW00022342,1958-02-12,M
NASAW00022343,1963-06-28,M
AW00022344,1958-06-21,M
AW00022345,1948-08-14,M
AW00022346,1941-10-30,F
NASAW00022347,1959-10-09,Male
AW00022348,1962-01-02,
AW00022349,1947-03-20,M
AW00022350,1960-06-16,F
NASAW00022351,1949-06-05,Female
AW00022352,1962-12-07,
AW00022353,1950-11-13,Male
AW00022354,1943-11-29,Male
AW00022355,1957-05-27,
AW00022356,1950-11-10,Male
AW00022357,1949-03-20,Female
AW00022358,1957-09-12,Female
AW00022359,1951-09-23,M
AW00022360,1952-08-19,Female
AW00022361,1953-10-26,F
NASAW00022362,1946-01-23,M
AW00022363,1943-07-27,Male
AW00022364,1962-10-02,F
AW00022365,1961-03-05,Male
NASAW00022366,1953-11-04,F
AW00022367,1960-07-05,Male
AW00022368,1961-04-14,Female
AW00022369,1957-08-06,Male
AW00022370,1957-12-27,M
AW00022371,1956-10-12,Male
AW00022372,1948-06-07,Female
AW00022373,1955-05-28,Male
AW00022374,1945-12-10,F
AW00022375,1960-05-23,F
AW00022376,1961-12-18,F
AW00022377,1963-11-24,M
NASAW00022378,1942-04-22,F
AW00022379,1952-09-28,M
NASAW00022380,1946-03-02,Male
AW00022381,1945-12-11,M
AW00022382,1945-05-12,Female
NASAW00022383,1959-02-24,F
AW00022384,1943-12-27,Female
NASAW00022385,1955-01-01,F
AW00022386,1951-01-18,M
AW00022387,1940-12-30,Female
AW00022388,1963-09-24,Female
AW00022389,1955-03-14,Male
AW00022390,1960-07-26,Female
AW00022391,1955-06-02,Male
AW00022392,1950-06-03,Male
AW00022393,1946-10-12,M
NASAW00022394,1963-02-20,M
AW00022395,1947-08-03,F
AW00022396,1960-12-27,M
AW00022397,1947-06-05,Male
NASAW00022398,1963-05-15,Female
AW00022399,1950-02-05,Female
AW00022400,1953-12-21,Female
AW00022401,1946-06-14,F
AW00022402,1957-01-26,M
NASAW00022403,1963-06-01,
AW00022404,1961-06-07,M
NASAW00022405,1959-03-07,F
NASAW00022406,1948-03-26,Female
NASAW00022407,1945-01-22,Female
AW00022408,1956-06-02,F
AW00022409,1946-05-22,M
AW00022410,1960-10-16,F
AW00022411,1952-04-24,Female
AW00022412,1958-11-20,Female
AW00022413,1954-01-04,F
AW00022414,1948-07-17,M
AW00022415,1945-01-13,Female
AW00022416,1947-08-25,Male
AW00022417,1957-06-01,Male
AW00022418,1942-03-27,Male
NASAW00022419,1944-05-21,Male
AW00022420,1941-08-25,Male
NASAW00022421,1961-07-21,M
NASAW00022422,1952-01-11,M
NASAW00022423,1943-03-06,F
AW00022424,1946-05-23,M
AW00022425,1940-04-01,F
AW00022426,1962-01-19,Female
AW00022427,1945-07-01,Male
NASAW00022428,1945-02-07,F
AW00022429,1953-04-28,M
AW00022430,1953-10-15,F
AW00022431,1960-10-08,F
AW00022432,1950-04-12,Female
AW00022433,1946-12-25,F
AW00022434,1959-01-05,Male
NASAW00022435,1948-08-03,F
NASAW00022436,1942-11-10,Male
AW00022437,1944-03-13,Female
NASAW00022438,1945-06-29,Female
AW00022439,1945-12-27,F
AW00022440,1946-01-02,Male
AW00022441,1959-08-29,F
NASAW00022442,1959-07-24,Female
AW00022443,1963-10-13,Female
AW00022444,1962-02-04,Male
AW00022445,1941-10-24,Male
AW00022446,1962-11-14,F
AW00022447,1941-08-26,M
AW00022448,1957-06-30,Male
AW00022449,1962-07-30,M
NASAW00022450,1945-08-10,F
AW00022451,1963-01-10,Male
AW00022452,1948-06-01,F
NASAW00022453,1955-10-22,Male
NASAW00022454,1961-09-24,M
AW00022455,1955-09-15,Female
AW00022456,1948-03-18,Female
AW00022457,1954-04-30,M
AW00022458,1962-11-25,M
NASAW00022459,1944-11-18,F
NASAW00022460,1957-05-25,M
NASAW00022461,1941-05-29,M
AW00022462,1957-03-17,Male
AW00022463,1956-09-17,M
NASAW00022464,1949-09-11,Female
AW00022465,1945-06-21,Male
AW00022466,1956-08-25,Female
AW00022467,1942-12-22,Female
AW00022468,1944-09-25,Female
NASAW00022469,1961-07-19,F
AW00022470,1940-01-22,F
AW00022471,1959-04-24,Male
AW00022472,1956-07-06,Female
AW00022473,1958-03-30,Female
AW00022474,1951-01-07,M
AW00022475,1949-11-04,M
AW00022476,1956-06-03,
NASAW00022477,1948-03-09,M
AW00022478,1943-05-06,Female
NASAW00022479,2037-01-01,Male
NASAW00022480,1956-07-25,M
AW00022481,1959-04-13,Female
NASAW00022482,1947-01-16,Female
AW00022483,1959-05-30,F
AW00022484,1944-11-22,M
NASAW00022485,1954-01-21,F
NASAW00022486,1954-03-24,M
AW00022487,1957-03-13,
NASAW00022488,1962-05-15,F
AW00022489,1940-05-09,Male
NASAW00022490,1954-12-11,F
AW00022491,1956-03-21,
NASAW00022492,1961-01-18,F
AW00022493,1946-12-08,Male
AW00022494,1945-07-21,Female
AW00022495,2030-01-01,Male
AW00022496,1962-11-11,M
AW00022497,1955-11-08,M
NASAW00022498,1955-10-26,Male
AW00022499,1943-10-14,F
AW00022500,1942-12-11,M
AW00022501,1952-08-07,M
AW00022502,1957-12-26,M
AW00022503,1951-07-14,Female
AW00022504,1952-04-02,M
AW00022505,1942-08-31,M
NASAW00022506,1949-10-17,M
AW00022507,1954-10-03,Male
AW00022508,1961-02-07,Female
NASAW00022509,1948-07-24,Female
AW00022510,1953-09-23,Female
AW00022511,1945-09-22,Female
NASAW00022512,1956-05-13,Female
AW00022513,1941-08-01,F
NASAW00022514,1952-03-08,M
AW00022515,1949-08-01,M
AW00022516,1946-10-04,M
NASAW00022517,1959-10-12,M
NASAW00022518,1947-06-20,Male
AW00022519,1940-06-09,F
AW00022520,1958-08-06,Male
AW00022521,1951-01-10,M
AW00022522,1940-07-23,F
AW00022523,1948-10-31,F
AW00022524,1963-04-19,Male
AW00022525,1960-01-03,Male
NASAW00022526,1963-03-17,Male
NASAW00022527,1962-08-16,F
AW00022528,1944-05-22,Female
AW00022529,1949-02-12,M
AW00022530,1947-10-21,M
NASAW00022531,1954-11-04,Male
AW00022532,1951-01-31,Female
AW00022533,1945-01-03,Male
NASAW00022534,1963-10-26,F
NASAW00022535,1943-05-10,Female
NASAW00022536,1963-10-19,Male
AW00022537,1945-10-27,F
NASAW00022538,1947-03-12,Male
AW00022539,1953-03-25,Female
NASAW00022540,1942-04-10,F
AW00022541,1953-06-28,
NASAW00022542,1942-03-29,F
AW00022543,1941-07-22,M
NASAW00022544,1955-05-06,Female
AW00022545,1946-11-25,Female
AW00022546,1958-03-09,Female
AW00022547,1942-01-05,F
NASAW00022548,1962-04-22,M
AW00022549,1952-03-03,Female
NASAW00022550,1947-06-03,Male
NASAW00022551,1945-12-22,Female
NASAW00022552,1963-05-31,
AW00022553,1952-03-02,F
AW00022554,1961-08-09,M
AW00022555,1943-01-07,Male
AW00022556,1943-05-21,Female
NASAW00022557,1950-12-16,Female
AW00022558,1955-04-04,Female
AW00022559,1951-03-05,Female
NASAW00022560,1951-07-30,Male
AW00022561,1950-04-02,Female
AW00022562,1944-12-15,Male
AW00022563,1963-03-09,M
AW00022564,1951-09-20,Female
NASAW00022565,1947-11-12,Male
NASAW00022566,1942-07-09,F
NASAW00022567,1950-12-26,Female
AW00022568,1947-10-17,Female
AW00022569,1941-11-30,Male
NASAW00022570,1943-05-20,Female
AW00022571,1949-05-26,F
NASAW00022572,1944-04-16,Male
AW00022573,1950-02-01,M
AW00022574,1944-12-04,F
NASAW00022575,1956-08-05,F
AW00022576,1956-08-30,Male
AW00022577,1948-01-19,Male
NASAW00022578,1953-11-09,Female
AW00022579,1952-03-06,M
NASAW00022580,1960-05-05,Male
AW00022581,1946-07-05,Female
AW00022582,1949-08-15,Female
AW00022583,1949-11-30,Female
AW00022584,1959-04-20,M
AW00022585,1958-10-30,F
AW00022586,1944-02-04,F
AW00022587,1954-03-27,F
AW00022588,1953-01-21,Female
AW00022589,1955-11-30,Male
AW00022590,1941-08-13,Male
NASAW00022591,1946-03-03,F
NASAW00022592,1962-04-11,M
AW00022593,1957-01-31,F
AW00022594,1961-02-18,Male
AW00022595,1951-12-01,F
AW00022596,1962-04-14,M
AW00022597,1961-06-15,M
NASAW00022598,1945-06-26,F
AW00022599,1961-09-17,
NASAW00022600,1963-02-28,F
AW00022601,1954-05-14,Female
AW00022602,1953-01-03,F
AW00022603,1956-09-26,Male
AW00022604,2038-01-01,M
AW00022605,1940-10-25,Female
AW00022606,1942-10-31,Male
AW00022607,1941-10-12,M
AW00022608,1954-09-15,Male
AW00022609,1941-05-03,F
NASAW00022610,1947-09-11,M
AW00022611,1951-11-14,Male
NASAW00022612,1951-04-21,Female
AW00022613,1945-03-25,Female
AW00022614,1942-01-22,Female
AW00022615,1960-04-24,Male
NASAW00022616,1953-06-20,F
AW00022617,1957-08-10,M
NASAW00022618,1956-12-28,M
NASAW00022619,1960-12-31,
NASAW00022620,1960-09-04,Female
AW00022621,1948-05-10,M
AW00022622,1946-06-06,Female
AW00022623,1960-03-10,Female
AW00022624,1958-08-24,Female
AW00022625,1949-12-19,F
NASAW00022626,1949-12-16,Female
NASAW00022627,1953-09-08,Female
AW00022628,1958-02-25,Male
AW00022629,1949-01-19,F
AW00022630,1957-05-02,Male
NASAW00022631,1961-02-01,Female
AW00022632,1957-03-11,M
NASAW00022633,1940-11-03,Male
NASAW00022634,1958-07-16,
AW00022635,1946-05-26,Male
AW00022636,1941-09-10,Male
AW00022637,1945-11-13,M
AW00022638,1961-12-12,Female
AW00022639,1943-10-17,Female
AW00022640,1943-04-28,Female
AW00022641,1963-05-22,F
AW00022642,1952-02-17,F
AW00022643,1941-03-06,Male
AW00022644,1959-04-08,Female
AW00022645,1949-11-05,Female
AW00022646,1947-09-09,F
AW00022647,1955-03-24,Female
AW00022648,1954-11-17,F
AW00022649,1945-12-14,Male
AW00022650,1951-12-07,Female
NASAW00022651,1954-06-21,Female
AW00022652,1957-05-13,Female
AW00022653,1943-05-24,M
AW00022654,1953-11-04,F
NASAW00022655,1944-11-23,Female
AW00022656,1941-12-18,
NASAW00022657,1947-10-01,F
AW00022658,1955-10-31,Male
AW00022659,1955-01-01,
AW00022660,1948-02-03,F
AW00022661,1951-11-25,Female
AW00022662,1940-08-16,Female
AW00022663,1953-06-18,M
AW00022664,1955-03-20,M
AW00022665,1956-04-22,Female
AW00022666,1959-03-13,M
NASAW00022667,1942-02-06,Female
AW00022668,1961-04-19,F
AW00022669,1954-06-04,Male
AW00022670,1956-08-29,M
AW00022671,1942-07-05,Male
AW00022672,1944-04-20,Female
AW00022673,1944-05-04,M
AW00022674,1949-09-17,F
AW00022675,1953-03-19,Female
AW00022676,1953-08-10,M
AW00022677,1943-07-20,M
NASAW00022678,1943-01-27,F
AW00022679,1963-04-15,Female
AW00022680,1958-01-15,F
AW00022681,1946-01-26,Male
NASAW00022682,1955-07-09,M
AW00022683,1942-01-18,Male
AW00022684,1959-10-13,M
AW00022685,1955-06-28,M
AW00022686,1944-12-20,M
AW00022687,1961-05-24,F
AW00022688,1963-10-01,Female
NASAW00022689,1942-07-08,F
NASAW00022690,1943-03-30,Female
AW00022691,1961-05-01,M
AW00022692,1955-05-15,F
AW00022693,1944-06-29,Male
NASAW00022694,1944-08-20,Male
AW00022695,1962-07-23,M
NASAW00022696,1959-11-11,Female
AW00022697,1949-07-05,M
NASAW00022698,1949-08-09,F
AW00022699,1962-10-17,M
NASAW00022700,1943-11-21,Male
AW00022701,1947-06-21,M
AW00022702,1959-12-04,Female
NASAW00022703,1960-06-14,Female
AW00022704,1943-08-09,Male
AW00022705,1949-03-26,Female
AW00022706,1959-01-22,M
AW00022707,1941-06-16,F
AW00022708,1947-12-07,Male
NASAW00022709,1942-11-29,Male
AW00022710,1953-11-24,
AW00022711,1944-03-30,F
AW00022712,1953-04-06,Male
AW00022713,1954-08-06,
AW00022714,1947-07-07,M
AW00022715,1962-04-19,F
AW00022716,1957-10-02,Male
NASAW00022717,1959-02-26,Female
AW00022718,1949-08-23,Male
AW00022719,1949-02-27,Female
NASAW00022720,1960-10-30,Female
AW00022721,1953-10-11,F
AW00022722,1944-02-07,M
AW00022723,1948-08-06,Male
AW00022724,1954-12-08,M
AW00022725,1945-04-14,M
NASAW00022726,1949-04-04,Female
AW00022727,1961-07-12,F
AW00022728,1949-08-06,M
NASAW00022729,1952-12-09,M
AW00022730,1944-02-18,Female
AW00022731,1949-09-05,Female
NASAW00022732,1952-02-21,M
AW00022733,1942-12-09,F
NASAW00022734,1962-03-03,F
AW00022735,1953-06-01,Female
AW00022736,1955-02-25,Female
AW00022737,1963-12-16,F
AW00022738,1951-10-25,Male
NASAW00022739,1954-04-28,M
AW00022740,1942-01-27,M
AW00022741,1960-06-17,Female
NASAW00022742,1957-07-07,M
AW00022743,1944-09-10,Female
AW00022744,1953-05-08,Female
AW00022745,1947-12-23,Female
AW00022746,1952-01-20,Female
AW00022747,1945-01-02,Male
AW00022748,1959-05-30,F
AW00022749,1956-09-16,Female
AW00022750,1956-04-21,F
NASAW00022751,1955-01-02,Female
AW00022752,1946-12-15,F
NASAW00022753,1944-08-21,Male
NASAW00022754,1943-05-19,Male
AW00022755,1951-06-28,Female
NASAW00022756,1960-01-04,Female
NASAW00022757,1945-12-26,M
AW00022758,1952-06-10,Female
AW00022759,1957-05-09,Male
NASAW00022760,1953-04-12,Male
NASAW00022761,1957-01-21,F
AW00022762,1943-03-13,F
AW00022763,1945-04-08,Female
AW00022764,1949-02-24,Male
AW00022765,1958-05-20,
AW00022766,1950-04-02,Male
AW00022767,1961-12-20,Male
AW00022768,1953-10-21,M
AW00022769,1961-03-22,Male
AW00022770,1945-08-07,
AW00022771,1960-03-10,Male
AW00022772,1959-07-07,F
NASAW00022773,1944-05-11,Female
NASAW00022774,1948-08-19,M
AW00022775,1957-09-27,Male
AW00022776,1961-02-20,Male
AW00022777,1957-04-12,Female
NASAW00022778,1952-11-28,Male
NASAW00022779,1957-03-20,Female
AW00022780,1951-08-16,M
AW00022781,1962-01-17,M
AW00022782,1945-12-22,F
NASAW00022783,1961-11-30,Male
AW00022784,1954-05-12,Male
AW00022785,1952-03-12,F
NASAW00022786,1958-07-23,
NASAW00022787,1944-03-26,Male
NASAW00022788,1942-11-15,Male
AW00022789,1941-05-30,Female
AW00022790,1943-12-05,F
AW00022791,1947-08-20,Male
NASAW00022792,1950-11-16,Male
AW00022793,1943-12-30,M
AW00022794,1945-02-06,M
NASAW00022795,1954-01-03,Female
AW00022796,1949-06-07,F
NASAW00022797,1952-12-14,Male
NASAW00022798,1957-02-28,Male
AW00022799,1961-08-08,Male
AW00022800,1953-09-10,M
AW00022801,1957-05-30,M
AW00022802,1960-12-12,Female
AW00022803,1947-05-31,F
AW00022804,1959-01-13,M
AW00022805,1944-05-01,Female
AW00022806,1958-05-17,Male
AW00022807,1963-12-13,Male
NASAW00022808,1952-07-01,F
NASAW00022809,1946-07-01,F
AW00022810,1961-09-21,M
NASAW00022811,1949-11-20,M
NASAW00022812,1940-11-27,Male
AW00022813,1962-12-30,Female
NASAW00022814,1959-01-22,M
AW00022815,1948-04-06,M
AW00022816,1959-07-17,
AW00022817,1949-05-08,Female
AW00022818,1945-07-15,Male
AW00022819,1941-10-23,Male
AW00022820,1947-11-21,
AW00022821,1957-09-01,M
AW00022822,1953-03-06,Male
AW00022823,1952-06-30,M
NASAW00022824,1961-11-08,Male
AW00022825,1957-06-02,Male
AW00022826,1947-06-04,Female
AW00022827,1961-12-18,F
NASAW00022828,1947-04-02,Male
AW00022829,1952-09-09,F
AW00022830,1957-02-26,Male
AW00022831,1963-04-06,Female
AW00022832,1943-09-21,F
AW00022833,1947-06-18,
AW00022834,1948-06-30,M
AW00022835,1958-12-22,M
AW00022836,1945-09-21,Male
AW00022837,1961-09-09,Female
NASAW00022838,1956-08-17,Female
AW00022839,1958-03-29,Female
AW00022840,1962-08-21,F
NASAW00022841,1942-07-23,Male
AW00022842,1958-01-19,Female
AW00022843,1954-12-08,Female
AW00022844,1958-04-03,Female
AW00022845,1959-05-04,Male
AW00022846,1959-12-11,Female
NASAW00022847,1945-10-03,
AW00022848,1947-02-11,Male
AW00022849,1962-05-11,M
AW00022850,1953-07-22,M
AW00022851,1944-06-19,Female
AW00022852,1946-10-02,M
NASAW00022853,1945-07-18,Male
AW00022854,1942-10-12,
AW00022855,1960-01-21,M
AW00022856,1949-06-27,
NASAW00022857,1959-02-08,F
NASAW00022858,1952-06-28,F
AW00022859,1955-12-17,Female
NASAW00022860,1955-06-27,F
AW00022861,1946-09-21,Male
AW00022862,1940-01-01,M
NASAW00022863,1947-05-01,Female
NASAW00022864,1958-12-22,M
AW00022865,1955-07-19,Female
NASAW00022866,1943-05-03,F
AW00022867,1942-05-16,M
NASAW00022868,1962-12-26,Male
NASAW00022869,1953-03-31,Male
NASAW00022870,1954-10-25,F
AW00022871,1963-10-09,M
NASAW00022872,1959-05-27,Female
AW00022873,1945-05-04,Female
NASAW00022874,1959-12-17,
AW00022875,1942-04-13,Male
AW00022876,1954-01-10,F
NASAW00022877,1957-05-27,Male
AW00022878,1959-07-06,Male
AW00022879,1944-06-04,Female
AW00022880,1952-03-25,Male
AW00022881,1947-12-06,
AW00022882,1944-10-03,F
AW00022883,1955-10-04,Female
NASAW00022884,1950-10-07,
AW00022885,1963-03-05,M
AW00022886,1960-10-01,F
AW00022887,1963-07-12,Male
AW00022888,1962-04-16,Male
AW00022889,1958-10-13,F
AW00022890,1963-07-20,F
AW00022891,1940-10-29,F
AW00022892,1940-10-16,M
NASAW00022893,1941-09-11,Female
AW00022894,1959-04-23,F
AW00022895,1945-11-24,M
AW00022896,1940-10-01,F
AW00022897,1943-10-06,Female
NASAW00022898,1950-07-30,Male
NASAW00022899,1947-03-11,Male
NASAW00022900,1960-09-14,F
AW00022901,1961-08-17,F
AW00022902,1956-01-22,M
NASAW00022903,1944-10-02,Male
NASAW00022904,1944-08-23,M
AW00022905,1949-10-19,Male
AW00022906,1945-02-05,F
NASAW00022907,1962-12-05,M
AW00022908,1950-12-02,M
NASAW00022909,1956-09-05,Female
AW00022910,1954-09-16,F
AW00022911,1940-06-22,Female
AW00022912,1956-01-17,Male
AW00022913,1956-01-14,M
AW00022914,1957-03-11,M
AW00022915,1940-06-30,Female
NASAW00022916,1947-07-01,Male
NASAW00022917,1954-07-20,Male
AW00022918,1942-11-29,F
NASAW00022919,1962-11-27,Male
AW00022920,1956-10-16,M
NASAW00022921,1941-07-31,
NASAW00022922,1944-11-18,M
AW00022923,1960-12-27,M
AW00022924,1962-04-07,Female
AW00022925,1955-04-29,M
NASAW00022926,1959-01-26,F
NASAW00022927,1941-04-08,M
AW00022928,1950-09-09,F
AW00022929,1961-10-24,Female
AW00022930,1940-01-15,M
NASAW00022931,1949-08-20,Female
AW00022932,1950-09-14,Male
AW00022933,1946-04-06,Female
AW00022934,1940-04-30,M
NASAW00022935,1943-03-01,Male
AW00022936,1951-06-30,F
NASAW00022937,1943-03-31,M
AW00022938,1945-03-31,Female
AW00022939,1959-08-28,M
AW00022940,1943-05-09,
AW00022941,1956-12-01,Male
AW00022942,1945-10-24,M
AW00022943,1940-01-18,F
NASAW00022944,1946-11-16,M
NASAW00022945,1953-04-17,Male
AW00022946,1952-02-24,F
AW00022947,1962-08-10,Female
AW00022948,1945-01-10,Female
NASAW00022949,1962-11-10,M
NASAW00022950,1956-03-09,M
NASAW00022951,1950-11-08,F
NASAW00022952,1940-04-21,F
AW00022953,1943-09-23,F
AW00022954,1957-10-15,Male
AW00022955,1959-07-20,Male
AW00022956,1957-07-21,Female
AW00022957,1962-07-02,M
AW00022958,1963-09-03,
AW00022959,1945-03-13,F
AW00022960,1945-01-12,Female
AW00022961,1946-11-05,Female
AW00022962,1956-08-25,F
AW00022963,1955-10-12,F
AW00022964,1943-08-20,Female
NASAW00022965,1958-11-09,M
AW00022966,1945-01-29,F
AW00022967,1950-02-27,Male
AW00022968,1950-01-21,
AW00022969,1948-05-19,F
AW00022970,1960-04-28,F
AW00022971,1951-09-06,F
AW00022972,1952-06-23,M
NASAW00022973,1946-09-14,Female
AW00022974,1961-05-23,M
AW00022975,1955-07-10,Male
NASAW00022976,1961-06-26,M
NASAW00022977,1957-09-23,M
NASAW00022978,1952-01-08,F
NASAW00022979,1961-02-27,Male
AW00022980,1956-09-12,M
NASAW00022981,1963-06-28,Male
AW00022982,1956-01-08,Female
AW00022983,1945-04-26,Female
AW00022984,1943-12-11,M
AW00022985,1958-05-08,M
AW00022986,1961-12-18,Male
AW00022987,1948-11-03,Female
NASAW00022988,1942-09-15,Male
AW00022989,1953-11-08,F
AW00022990,1944-05-19,M
NASAW00022991,1945-11-28,Female
AW00022992,1947-07-16,Male
NASAW00022993,1946-03-15,Male
NASAW00022994,1944-04-23,Male
AW00022995,1950-01-19,F
AW00022996,1947-10-23,Male
AW00022997,1958-02-04,Female
AW00022998,1946-09-29,Male
NASAW00022999,1957-01-21,Female
AW00023000,1948-08-24,M
NASAW00023001,1945-10-11,Female
NASAW00023002,1941-11-20,Male
AW00023003,1958-08-21,M
AW00023004,1948-02-02,Female
AW00023005,1953-10-26,M
NASAW00023006,1948-04-10,M
AW00023007,1949-12-10,F
NASAW00023008,1953-06-01,Female
AW00023009,1954-11-09,F
AW00023010,1961-02-09,Male
AW00023011,1948-08-29,M
AW00023012,1945-09-29,F
NASAW00023013,1944-03-31,M
NASAW00023014,1952-10-14,F
NASAW00023015,1942-08-25,M
AW00023016,1944-11-30,Male
AW00023017,1952-02-09,F
AW00023018,1953-03-07,Female
AW00023019,1948-04-13,M
AW00023020,1948-10-18,
NASAW00023021,1940-07-04,Male
NASAW00023022,1941-11-02,M
NASAW00023023,1948-06-28,F
AW00023024,1948-08-14,Female
NASAW00023025,1947-05-16,F
AW00023026,1960-11-23,F
NASAW00023027,1963-04-19,F
AW00023028,1961-12-29,M
AW00023029,1962-04-04,M
AW00023030,1944-12-06,M
AW00023031,1947-10-04,Female
AW00023032,1956-11-18,Female
AW00023033,1943-07-06,M
NASAW00023034,1962-11-29,M
NASAW00023035,1948-07-18,Female
NASAW00023036,1949-05-03,Female
AW00023037,1942-02-12,M
AW00023038,1947-08-22,Female
AW00023039,1942-10-05,F
AW00023040,1951-12-01,Female
AW00023041,1946-11-06,F
AW00023042,1955-01-31,Male
NASAW00023043,1958-06-28,Female
AW00023044,1963-10-11,Female
AW00023045,1959-01-04,Male
AW00023046,1956-06-03,M
NASAW00023047,1962-02-05,Female
NASAW00023048,1961-09-07,Female
AW00023049,1950-11-17,Female
AW00023050,1954-03-27,
NASAW00023051,1958-08-30,Female
AW00023052,1948-03-21,
NASAW00023053,1941-12-20,F
AW00023054,1942-04-03,Female
AW00023055,1962-08-13,F
AW00023056,1943-03-02,F
NASAW00023057,1959-09-08,Female
AW00023058,1957-04-09,F
NASAW00023059,1962-10-08,Male
AW00023060,1953-02-03,Male
NASAW00023061,1948-09-06,F
AW00023062,1960-11-03,F
AW00023063,1941-07-02,Female
AW00023064,1951-08-20,F
AW00023065,1950-11-17,F
NASAW00023066,1952-11-04,Male
AW00023067,1946-11-21,F
NASAW00023068,1958-07-13,Female
NASAW00023069,1941-07-15,M
NASAW00023070,1954-02-01,Male
AW00023071,1942-09-23,M
AW00023072,1955-09-17,Male
NASAW00023073,1953-11-19,M
AW00023074,1961-10-06,Female
NASAW00023075,1957-12-03,Female
AW00023076,1962-11-20,Male
AW00023077,1948-09-22,M
NASAW00023078,1949-05-16,Male
AW00023079,1949-02-13,Male
NASAW00023080,1940-01-18,Female
NASAW00023081,1955-03-31,Male
AW00023082,1963-02-10,Female
AW00023083,1946-01-20,Male
AW00023084,1958-06-15,Female
AW00023085,1945-02-22,
AW00023086,1959-11-16,M
AW00023087,1941-12-07,F
AW00023088,1961-05-06,Male
NASAW00023089,1943-11-29,Female
AW00023090,1958-08-25,Female
NASAW00023091,1940-10-12,Male
AW00023092,1950-09-12,
AW00023093,1946-01-14,M
AW00023094,1949-02-02,Male
NASAW00023095,1952-11-22,M
NASAW00023096,1942-06-06,Female
AW00023097,1957-11-10,Female
NASAW00023098,1943-08-06,Male
NASAW00023099,2035-01-01,Female
NASAW00023100,1957-11-05,M
NASAW00023101,1958-08-06,F
NASAW00023102,1951-10-02,F
NASAW00023103,1959-12-14,M
AW00023104,1960-05-08,F
NASAW00023105,1959-10-07,M
AW00023106,1958-05-28,F
AW00023107,1942-01-15,Female
AW00023108,1940-10-20,F
AW00023109,1950-12-28,F
AW00023110,1949-09-08,Male
AW00023111,1941-10-28,Male
NASAW00023112,1949-05-01,M
NASAW00023113,1954-09-26,F
AW00023114,1959-08-20,M
AW00023115,1952-10-25,F
NASAW00023116,1947-02-11,F
NASAW00023117,1959-12-11,F
AW00023118,1954-09-22,M
NASAW00023119,1942-09-30,Female
AW00023120,1941-03-02,M
NASAW00023121,1957-12-19,Female
AW00023122,1956-06-19,M
NASAW00023123,1961-03-12,Female
AW00023124,1941-05-01,Male
NASAW00023125,1959-08-01,F
AW00023126,1956-07-03,F
AW00023127,1945-06-09,F
AW00023128,1948-09-26,Male
AW00023129,1942-09-24,Male
AW00023130,1945-04-17,Male
AW00023131,1962-02-25,Male
AW00023132,1945-09-04,
AW00023133,1941-05-13,M
NASAW00023134,1945-03-21,M
NASAW00023135,1955-12-25,Male
AW00023136,1952-08-15,Male
AW00023137,1947-03-10,M
AW00023138,1942-08-18,Male
AW00023139,1944-10-01,M
NASAW00023140,2031-01-01,Female
NASAW00023141,1944-10-11,Female
AW00023142,1942-10-24,Male
NASAW00023143,1944-08-10,M
AW00023144,1952-10-08,Male
AW00023145,1961-08-22,Female
AW00023146,1954-01-26,F
AW00023147,1948-11-06,Male
AW00023148,1944-05-17,
AW00023149,1957-10-22,F
NASAW00023150,1951-03-01,Male
AW00023151,1956-07-22,M
AW00023152,1958-11-05,F
AW00023153,1961-02-10,Female
NASAW00023154,1941-10-05,Female
AW00023155,1957-12-14,M
AW00023156,1944-04-08,Male
AW00023157,1947-05-31,F
AW00023158,1957-03-30,F
AW00023159,1940-01-04,M
AW00023160,1951-07-03,Male
AW00023161,1948-09-05,Male
AW00023162,1941-03-07,F
AW00023163,1959-06-18,M
AW00023164,1959-05-12,Female
AW00023165,1947-03-29,Male
NASAW00023166,1959-03-05,Male
AW00023167,1963-04-23,Female
NASAW00023168,1941-02-15,M
NASAW00023169,1955-03-12,
AW00023170,1963-02-15,M
NASAW00023171,1950-05-24,
AW00023172,1949-11-06,F
NASAW00023173,2034-01-01,F
NASAW00023174,1960-06-28,Male
AW00023175,1943-10-19,Male
AW00023176,1954-01-25,F
NASAW00023177,1948-05-25,M
AW00023178,1957-05-27,Male
AW00023179,1959-08-15,M
AW00023180,1956-12-07,M
NASAW00023181,1958-04-02,Female
AW00023182,1954-06-09,M
AW00023183,1961-01-03,M
AW00023184,1951-01-07,F
AW00023185,1952-06-27,M
NASAW00023186,1958-02-08,Male
NASAW00023187,1962-09-10,M
AW00023188,1956-08-01,Male
AW00023189,1961-04-10,M
AW00023190,1945-07-08,Male
AW00023191,1952-09-22,M
NASAW00023192,1961-10-25,M
AW00023193,1953-01-25,Female
NASAW00023194,1961-08-05,M
AW00023195,1955-06-19,M
AW00023196,1953-09-21,Male
AW00023197,1963-07-14,Male
AW00023198,1962-09-30,Female
NASAW00023199,1951-10-09,M
AW00023200,1955-03-27,F
AW00023201,1955-10-13,M
AW00023202,1946-12-19,F
NASAW00023203,1945-06-21,M
AW00023204,1960-08-09,F
NASAW00023205,1941-12-16,
AW00023206,1960-01-06,Female
NASAW00023207,1956-09-10,M
NASAW00023208,1951-10-06,F
NASAW00023209,1943-08-15,M
AW00023210,1947-01-24,Male
NASAW00023211,1941-12-08,F
AW00023212,1946-12-08,M
AW00023213,1941-06-01,M
AW00023214,1949-06-25,F
AW00023215,1948-04-25,F
NASAW00023216,1955-02-07,Female
NASAW00023217,1963-09-28,M
AW00023218,1959-11-13,M
AW00023219,1944-10-04,M
NASAW00023220,1945-11-23,M
AW00023221,1959-09-30,Male
NASAW00023222,1950-01-10,Male
NASAW00023223,1940-06-24,Female
AW00023224,1942-08-16,Female
AW00023225,1947-01-12,F
AW00023226,1963-03-29,F
AW00023227,1959-03-14,Female
AW00023228,1944-05-25,F
AW00023229,1963-06-10,M
NASAW00023230,1953-02-26,Male
AW00023231,1951-11-17,F
NASAW00023232,1942-07-11,M
AW00023233,1947-11-21,M
AW00023234,1945-07-13,F
AW00023235,1956-05-19,Female
AW00023236,1957-01-08,Female
AW00023237,1946-08-07,F
AW00023238,1959-07-25,M
NASAW00023239,1960-12-17,Female
NASAW00023240,1962-04-06,F
AW00023241,1955-08-16,
AW00023242,1953-10-27,M
NASAW00023243,1953-11-12,F
NASAW00023244,1954-01-12,F
AW00023245,1960-12-26,Male
AW00023246,1943-08-20,M
AW00023247,1962-01-19,Female
AW00023248,1955-12-26,M
AW00023249,1948-08-01,Female
AW00023250,1941-05-11,M
AW00023251,1961-09-30,F
AW00023252,1943-09-24,M
AW00023253,1956-03-17,Female
NASAW00023254,1940-01-14,F
AW00023255,1940-10-07,Female
AW00023256,1946-02-24,F
AW00023257,1941-10-22,Male
NASAW00023258,1940-06-15,F
NASAW00023259,1951-02-17,Female
AW00023260,1946-04-12,F
AW00023261,1952-02-01,Female
AW00023262,1951-04-02,Male
AW00023263,1941-12-01,Male
AW00023264,1959-01-18,Female
AW00023265,1943-08-07,Male
NASAW00023266,1953-10-01,M
AW00023267,1956-04-15,M
NASAW00023268,1955-02-23,M
AW00023269,1943-08-21,F
AW00023270,1956-12-12,F
AW00023271,2035-01-01,F
NASAW00023272,1958-07-22,
NASAW00023273,1955-10-01,F
AW00023274,1951-01-30,Male
NASAW00023275,1941-02-03,F
NASAW00023276,1947-04-27,Female
AW00023277,1953-02-25,M
NASAW00023278,1953-01-01,Female
AW00023279,1959-04-23,Male
AW00023280,1945-11-09,Female
AW00023281,1944-01-22,M
AW00023282,1955-01-15,M
NASAW00023283,1947-04-14,Female
AW00023284,1945-10-24,F
AW00023285,1962-07-24,F
NASAW00023286,1960-07-28,Female
NASAW00023287,1941-09-30,M
AW00023288,1948-04-22,M
AW00023289,1952-10-03,F
NASAW00023290,1948-08-22,F
NASAW00023291,1942-04-09,Male
NASAW00023292,1948-01-13,F
AW00023293,1955-09-04,F
AW00023294,1944-11-16,Male
AW00023295,1942-07-04,Male
AW00023296,1944-10-04,Female
AW00023297,1949-09-20,
AW00023298,1957-12-23,
AW00023299,1953-01-02,M
NASAW00023300,1940-06-14,Female
AW00023301,1954-12-04,Male
AW00023302,1948-12-24,M
NASAW00023303,1953-04-22,M
AW00023304,1944-09-20,F
AW00023305,1946-10-11,F
AW00023306,1955-02-18,M
NASAW00023307,1963-05-05,
AW00023308,1963-07-20,M
NASAW00023309,1953-01-11,M
NASAW00023310,1959-01-09,Male
AW00023311,1962-06-21,Male
AW00023312,1952-05-24,Female
NASAW00023313,1953-07-27,Female
AW00023314,1960-06-21,F
AW00023315,1949-05-28,Male
AW00023316,1956-01-24,Female
AW00023317,1952-07-22,F
AW00023318,1960-04-13,Male
AW00023319,1952-01-11,Female
AW00023320,1955-04-21,M
AW00023321,1940-05-06,F
NASAW00023322,1950-07-23,F
NASAW00023323,1954-04-21,Female
AW00023324,1940-02-19,Male
NASAW00023325,1959-12-23,Female
AW00023326,1947-05-13,Female
NASAW00023327,1946-08-08,Female
AW00023328,1952-04-26,Female
AW00023329,1943-04-14,Female
AW00023330,1952-09-15,Male
AW00023331,1948-08-07,Male
AW00023332,1955-08-12,F
AW00023333,1943-02-01,Female
AW00023334,1963-04-06,Female
NASAW00023335,1948-10-14,
AW00023336,1952-10-19,F
AW00023337,1954-06-27,M
NASAW00023338,1954-08-09,F
NASAW00023339,1951-03-24,M
AW00023340,1950-08-11,M
NASAW00023341,1961-11-08,F
AW00023342,1953-01-01,M
NASAW00023343,1949-02-19,Male
AW00023344,1950-02-25,Male
AW00023345,1956-12-01,M
NASAW00023346,1944-12-16,F
AW00023347,1946-07-28,F
AW00023348,1943-04-17,F
NASAW00023349,1944-08-23,Male
AW00023350,1946-05-28,Male
AW00023351,1943-09-09,Male
AW00023352,1948-07-29,F
AW00023353,1947-06-04,Female
AW00023354,1960-04-12,Male
NASAW00023355,1963-12-12,Male
AW00023356,1952-12-10,F
NASAW00023357,1942-01-21,M
AW00023358,1946-02-07,Female
NASAW00023359,1961-01-27,Female
AW00023360,1955-09-25,M
NASAW00023361,1950-12-19,Female
AW00023362,1951-03-26,Female
AW00023363,1951-11-07,
NASAW00023364,1960-10-07,Female
AW00023365,1959-03-29,M
AW00023366,1962-02-12,Male
NASAW00023367,1957-07-04,M
AW00023368,1941-03-14,F
NASAW00023369,1948-05-14,Male
NASAW00023370,1958-03-15,Female
AW00023371,1948-03-20,Male
NASAW00023372,1952-03-31,F
AW00023373,1961-02-12,F
AW00023374,1951-07-23,Male
AW00023375,1956-05-02,M
AW00023376,1943-09-03,M
AW00023377,1956-06-16,Female
AW00023378,1944-10-17,F
NASAW00023379,1957-05-12,F
AW00023380,1944-10-27,M
AW00023381,2034-01-01,M
AW00023382,1944-07-12,M
NASAW00023383,1952-08-08,F
AW00023384,1943-05-21,F
AW00023385,1962-06-29,M
AW00023386,1945-09-02,F
AW00023387,1945-04-20,M
AW00023388,1940-02-02,Male
AW00023389,1951-09-29,Male
AW00023390,1953-02-08,Male
AW00023391,1963-05-30,Male
NASAW00023392,1941-05-28,F
NASAW00023393,1943-09-17,Female
AW00023394,1951-04-01,F
AW00023395,1956-11-05,F
AW00023396,1959-10-20,Male
AW00023397,1953-05-16,Male
AW00023398,1946-01-12,M
AW00023399,1958-10-14,M
AW00023400,1960-01-15,F
NASAW00023401,1950-09-29,M
AW00023402,1956-06-26,Male
NASAW00023403,1945-08-12,Male
AW00023404,1961-07-04,Female
AW00023405,1959-05-20,Female
AW00023406,1940-03-22,Male
AW00023407,1948-10-24,M
AW00023408,1960-05-10,Male
NASAW00023409,1960-12-14,Male
AW00023410,1942-05-23,
AW00023411,1948-03-15,F
AW00023412,1948-08-26,M
NASAW00023413,1961-09-11,Female
AW00023414,1945-06-10,F
AW00023415,1943-07-10,Female
AW00023416,1944-09-17,M
AW00023417,1945-02-13,M
AW00023418,1954-01-31,Male
NASAW00023419,1949-05-21,Female
NASAW00023420,1943-04-15,Female
AW00023421,1956-09-02,Male
AW00023422,1948-03-31,Female
NASAW00023423,2038-01-01,Male
NASAW00023424,1942-03-21,M
AW00023425,1941-04-09,Male
NASAW00023426,1944-12-23,F
AW00023427,1960-09-04,M
AW00023428,1959-12-17,Female
AW00023429,1959-07-05,M
AW00023430,1942-01-17,Male
NASAW00023431,1946-02-17,F
AW00023432,1960-09-19,Female
NASAW00023433,1958-01-10,Male
AW00023434,1947-04-07,F
AW00023435,1961-12-09,Female
NASAW00023436,1963-03-01,Female
AW00023437,1959-02-24,
AW00023438,1944-12-19,Female
NASAW00023439,1959-03-04,Male
NASAW00023440,1951-05-15,M
AW00023441,1962-07-09,Female
NASAW00023442,1956-11-07,Male
NASAW00023443,1960-04-29,Male
NASAW00023444,1942-09-28,F
NASAW00023445,1948-04-27,M
NASAW00023446,1959-12-07,M
AW00023447,1948-10-05,M
NASAW00023448,1957-07-08,Male
AW00023449,1953-05-04,F
NASAW00023450,1943-10-15,
AW00023451,1954-03-14,Male
NASAW00023452,1944-07-19,M
AW00023453,1961-08-18,
NASAW00023454,1955-01-07,M
AW00023455,1952-01-11,Male
NASAW00023456,1957-03-16,Female
AW00023457,1954-06-04,M
AW00023458,1940-03-28,
AW00023459,1961-09-07,M
AW00023460,1947-04-30,M
AW00023461,1943-09-10,F
AW00023462,1945-06-13,F
NASAW00023463,1949-06-06,M
AW00023464,1946-10-01,F
AW00023465,1948-09-08,Female
AW00023466,1950-12-21,Male
AW00023467,1955-09-17,Male
AW00023468,1947-10-25,Male
NASAW00023469,1945-11-14,F
AW00023470,1952-09-21,Male
AW00023471,1951-11-07,F
AW00023472,1951-08-15,Female
AW00023473,1947-11-04,F
AW00023474,1950-09-25,Male
NASAW00023475,1963-09-21,F
AW00023476,1948-02-28,Female
AW00023477,1949-06-08,M
NASAW00023478,1957-10-07,Female
NASAW00023479,1962-10-20,Male
AW00023480,1961-03-05,Male
NASAW00023481,1948-05-18,Male
NASAW00023482,1959-03-22,Male
AW00023483,1941-10-04,Male
AW00023484,1956-06-10,M
AW00023485,1958-09-22,M
NASAW00023486,1948-06-30,M
AW00023487,1954-09-20,Male
AW00023488,1963-07-28,M
AW00023489,2038-01-01,Female
NASAW00023490,1955-06-04,
AW00023491,1962-11-19,Female
AW00023492,1944-07-29,Male
AW00023493,1945-02-17,M
AW00023494,1963-08-26,Male
AW00023495,1947-02-23,M
NASAW00023496,1957-09-11,F
AW00023497,1946-01-31,F
NASAW00023498,1946-04-04,Female
AW00023499,1956-11-09,Male
NASAW00023500,1943-04-02,
AW00023501,1957-11-04,Female
AW00023502,1951-10-22,Male
AW00023503,1961-08-07,Female
AW00023504,1943-01-30,Male
AW00023505,1959-11-21,F
AW00023506,1958-06-03,Female
AW00023507,1942-01-05,F
AW00023508,1944-12-26,F
AW00023509,1943-08-08,Female
AW00023510,1947-12-29,Female
NASAW00023511,1943-01-25,F
AW00023512,1955-12-01,Female
AW00023513,1944-01-26,F
AW00023514,1958-03-15,M
AW00023515,1963-04-08,F
NASAW00023516,1955-08-22,Female
AW00023517,1940-06-10,Male
AW00023518,1958-08-25,M
AW00023519,1962-11-24,Male
AW00023520,1951-07-11,F
AW00023521,1960-07-11,M
AW00023522,1940-05-07,Male
NASAW00023523,1945-02-08,Male
AW00023524,1963-10-19,M
AW00023525,1952-12-05,Female
AW00023526,1946-05-05,Female
NASAW00023527,1945-09-24,M
AW00023528,1958-10-23,Female
AW00023529,1957-11-05,Male
NASAW00023530,1943-05-14,Male
AW00023531,1954-12-04,M
AW00023532,1962-04-02,F
NASAW00023533,1956-12-14,F
AW00023534,1956-11-01,Male
AW00023535,1952-03-17,M
NASAW00023536,1950-06-24,F
AW00023537,1945-12-10,Male
AW00023538,1955-12-28,Male
AW00023539,1953-07-15,F
AW00023540,1951-07-12,Male
NASAW00023541,1952-02-02,M
AW00023542,1960-01-08,M
AW00023543,1960-09-16,Male
AW00023544,1950-08-14,M
AW00023545,1963-11-22,Female
NASAW00023546,1959-06-30,Female
NASAW00023547,1943-04-10,Female
NASAW00023548,1951-08-08,M
NASAW00023549,1947-05-23,Female
AW00023550,1959-07-26,Male
AW00023551,1945-08-17,Female
NASAW00023552,1950-12-10,F
AW00023553,1963-03-30,F
AW00023554,1957-06-16,
AW00023555,1957-05-08,M
NASAW00023556,1963-06-09,F
AW00023557,1944-11-28,F
AW00023558,1941-12-30,F
AW00023559,1963-10-27,Male
AW00023560,1952-12-03,Female
NASAW00023561,1946-07-29,Female
AW00023562,1940-09-01,F
AW00023563,1961-02-06,
AW00023564,1944-12-31,M
AW00023565,1955-04-26,Male
AW00023566,1957-02-17,Male
NASAW00023567,1957-09-21,Female
AW00023568,1957-07-20,F
AW00023569,1963-11-05,Female
AW00023570,1944-11-22,Male
AW00023571,1946-06-30,Male
AW00023572,1961-03-10,M
AW00023573,1957-03-30,Female
AW00023574,1945-04-29,M
AW00023575,1940-08-11,Female
AW00023576,1940-06-12,M
NASAW00023577,1944-04-13,Female
AW00023578,1952-03-24,Female
NASAW00023579,1954-09-25,F
AW00023580,1954-07-09,F
AW00023581,1947-04-11,Male
AW00023582,1952-05-15,M
AW00023583,1952-12-31,M
AW00023584,1953-06-03,M
AW00023585,1962-12-19,Female
AW00023586,1958-09-14,M
AW00023587,1962-01-15,Female
AW00023588,1949-01-01,F
AW00023589,1947-11-25,F
AW00023590,1942-12-15,Female
NASAW00023591,1945-08-02,M
AW00023592,1941-01-19,
AW00023593,1945-03-05,Female
NASAW00023594,1950-08-19,Male
AW00023595,1960-03-16,F
AW00023596,1951-09-10,M
AW00023597,1954-07-31,M
AW00023598,1962-09-26,Male
AW00023599,1958-12-09,Male
AW00023600,1962-07-03,F
AW00023601,1954-08-26,Male
AW00023602,1941-10-27,Female
AW00023603,1961-06-24,Female
AW00023604,1949-03-24,Female
AW00023605,1943-05-22,M
AW00023606,1960-10-16,Male
AW00023607,1953-07-12,M
NASAW00023608,1946-09-12,Female
AW00023609,1950-12-08,F
AW00023610,1950-10-16,Male
AW00023611,1962-12-13,F
AW00023612,1954-03-07,F
AW00023613,1951-04-26,M
NASAW00023614,1959-11-27,Female
AW00023615,1961-05-21,M
NASAW00023616,1959-05-05,Female
AW00023617,1947-08-04,F
AW00023618,1948-12-23,M
NASAW00023619,1957-05-28,M
AW00023620,1948-10-11,M
NASAW00023621,1957-11-12,M
AW00023622,1950-07-14,Female
NASAW00023623,1951-07-17,F
AW00023624,1944-03-26,Female
NASAW00023625,1946-04-04,F
NASAW00023626,1948-01-02,Male
NASAW00023627,1941-08-29,Male
NASAW00023628,1958-04-30,
AW00023629,1943-02-06,F
AW00023630,1955-05-21,
NASAW00023631,1956-10-22,Male
AW00023632,1958-01-25,Male
AW00023633,1940-12-25,Female
AW00023634,1953-03-28,M
AW00023635,1957-06-28,Male
AW00023636,1960-04-12,F
AW00023637,1947-12-02,M
AW00023638,1944-01-06,Male
AW00023639,1940-06-21,M
NASAW00023640,1957-09-29,Female
AW00023641,1956-04-13,
AW00023642,1943-07-24,F
AW00023643,1963-05-20,Male
NASAW00023644,1952-01-27,M
AW00023645,1959-04-20,F
AW00023646,1945-12-15,Female
AW00023647,1947-10-01,Female
AW00023648,1956-01-13,Female
AW00023649,1955-11-04,Female
AW00023650,1956-10-16,Male
AW00023651,1963-06-26,M
NASAW00023652,1943-07-30,Male
AW00023653,1950-06-15,Male
AW00023654,1950-04-04,F
NASAW00023655,1941-09-08,Female
AW00023656,2034-01-01,Female
NASAW00023657,1961-05-20,M
AW00023658,2038-01-01,
AW00023659,1953-05-17,M
AW00023660,1962-04-29,F
NASAW00023661,1954-01-13,Female
AW00023662,1946-01-31,F
AW00023663,1953-04-03,Female
AW00023664,1946-10-18,F
NASAW00023665,1956-12-23,Male
AW00023666,1952-09-29,Female
AW00023667,1959-12-08,F
AW00023668,1960-11-08,F
AW00023669,1945-10-29,F
AW00023670,1940-03-05,F
AW00023671,1963-11-01,Female
NASAW00023672,1950-12-13,Female
AW00023673,1961-01-21,M
NASAW00023674,1952-02-15,Male
AW00023675,1941-06-07,M
AW00023676,1949-05-14,Male
AW00023677,1944-12-24,M
NASAW00023678,1944-10-21,Male
AW00023679,1940-12-05,M
NASAW00023680,1957-09-23,M
AW00023681,1958-11-10,Male
AW00023682,1941-01-08,Female
AW00023683,1943-06-11,Male
AW00023684,1955-08-05,Female
NASAW00023685,1945-02-14,
AW00023686,1958-08-05,Male
NASAW00023687,1952-09-05,F
NASAW00023688,1961-07-16,Male
AW00023689,1958-04-29,F
AW00023690,1941-07-25,Female
AW00023691,1962-08-29,F
AW00023692,1957-04-21,Male
AW00023693,1948-09-03,M
AW00023694,1940-02-18,F
AW00023695,1962-01-13,M
NASAW00023696,1946-11-14,Female
AW00023697,1947-04-29,Male
AW00023698,1962-02-26,F
AW00023699,1945-02-17,M
AW00023700,1949-06-02,F
AW00023701,1954-01-05,F
NASAW00023702,1952-03-03,Female
AW00023703,1958-12-23,Female
NASAW00023704,1942-01-31,Male
AW00023705,1948-01-04,Female
NASAW00023706,1952-09-30,Female
NASAW00023707,1942-01-13,Female
AW00023708,1941-05-26,Female
AW00023709,1940-05-06,Male
AW00023710,1944-12-06,Male
NASAW00023711,1949-07-19,F
NASAW00023712,1951-09-25,Female
AW00023713,1957-03-19,M
AW00023714,1943-08-24,F
NASAW00023715,1963-06-13,Female
AW00023716,1951-07-07,Male
AW00023717,1941-01-04,Male
AW00023718,1953-03-24,M
AW00023719,1954-09-04,Male
AW00023720,1953-01-21,
AW00023721,1951-11-25,F
AW00023722,1955-04-26,F
AW00023723,1941-05-18,F
AW00023724,1948-06-30,Female
AW00023725,1963-05-10,F
NASAW00023726,1960-12-13,
AW00023727,1962-02-17,M
NASAW00023728,1950-08-23,Female
NASAW00023729,1956-09-25,Female
NASAW00023730,1948-06-02,Male
NASAW00023731,1951-12-03,
AW00023732,1945-08-30,Female
AW00023733,1956-10-23,M
NASAW00023734,1942-02-24,Male
NASAW00023735,1946-05-05,M
NASAW00023736,1943-08-06,F
AW00023737,1945-02-16,M
AW00023738,1942-09-28,M
AW00023739,1957-05-19,M
AW00023740,1962-12-03,M
AW00023741,1963-07-15,Female
NASAW00023742,1946-01-02,Male
NASAW00023743,1947-09-08,Female
AW00023744,1942-11-13,Female
AW00023745,1959-12-26,Female
NASAW00023746,1960-04-01,F
AW00023747,1960-04-28,Female
AW00023748,1956-10-01,
NASAW00023749,1950-08-05,
NASAW00023750,1946-05-29,Male
AW00023751,1953-09-11,Female
AW00023752,1950-06-25,Male
AW00023753,1949-01-06,F
NASAW00023754,1957-01-21,Female
AW00023755,1953-03-11,Female
AW00023756,1954-11-12,M
NASAW00023757,1941-11-23,Female
AW00023758,1963-07-18,
AW00023759,1944-11-21,M
AW00023760,1946-01-21,Female
AW00023761,1963-05-27,Male
AW00023762,1958-02-19,F
AW00023763,1959-11-27,F
AW00023764,1954-02-26,Male
NASAW00023765,1963-11-19,Female
AW00023766,1961-12-29,F
AW00023767,1949-06-09,Male
AW00023768,1956-10-31,M
AW00023769,1954-12-12,Female
AW00023770,1944-08-28,Male
AW00023771,1956-08-19,F
AW00023772,1955-04-16,Male
AW00023773,1940-09-06,M
NASAW00023774,1953-11-08,Male
AW00023775,1951-05-13,Male
NASAW00023776,1944-12-21,F
AW00023777,1951-10-04,M
NASAW00023778,1963-04-23,M
AW00023779,1962-10-08,Male
NASAW00023780,1947-08-26,F
NASAW00023781,1959-09-28,Female
NASAW00023782,1963-07-09,Female
NASAW00023783,1948-01-09,F
NASAW00023784,1949-04-03,Male
NASAW00023785,1945-08-03,Female
AW00023786,1961-04-04,Male
AW00023787,1956-04-16,Male
NASAW00023788,1960-01-19,Female
AW00023789,1949-07-03,F
AW00023790,1944-05-13,Male
AW00023791,1942-06-16,F
AW00023792,1959-01-12,Female
NASAW00023793,1948-05-08,Female
NASAW00023794,1962-03-08,Female
AW00023795,1943-03-22,Male
AW00023796,1963-04-28,Female
AW00023797,1956-11-19,Female
NASAW00023798,1959-10-26,
AW00023799,1959-03-08,Male
AW00023800,1951-10-18,M
NASAW00023801,1963-06-30,M
AW00023802,1950-05-19,
AW00023803,1940-01-27,F
AW00023804,1952-03-16,Female
AW00023805,1957-03-13,F
AW00023806,1945-02-13,Male
AW00023807,1947-09-25,Female
AW00023808,1947-09-06,Female
AW00023809,1946-12-08,M
NASAW00023810,1944-08-27,Female
AW00023811,1951-02-19,M
AW00023812,1955-10-25,
AW00023813,1951-10-17,M
AW00023814,1940-07-05,F
NASAW00023815,1943-09-24,F
NASAW00023816,1952-02-10,F
AW00023817,1957-03-24,Female
NASAW00023818,1940-03-27,Male
AW00023819,1950-09-05,M
AW00023820,1948-05-06,Male
AW00023821,1963-01-17,M
AW00023822,1960-12-02,F
NASAW00023823,1948-07-31,Female
NASAW00023824,1943-02-22,Male
AW00023825,1947-01-28,F
AW00023826,1948-07-05,F
AW00023827,1953-08-28,Female
AW00023828,1959-01-29,F
AW00023829,1953-04-07,Male
AW00023830,1954-12-13,Female
AW00023831,1958-11-15,Female
AW00023832,1962-01-23,Male
AW00023833,1944-07-21,F
AW00023834,1955-07-10,Female
AW00023835,1952-01-15,F
AW00023836,1948-10-05,Male
AW00023837,1953-12-02,Female
AW00023838,1950-06-24,F
AW00023839,1941-07-07,Female
AW00023840,1955-05-08,Male
AW00023841,1959-12-21,M
NASAW00023842,1940-10-21,Male
AW00023843,1948-08-13,F
AW00023844,1946-05-16,M
AW00023845,1961-07-04,Female
NASAW00023846,1946-01-03,M
AW00023847,1943-03-15,M
AW00023848,1958-10-01,M
AW00023849,1963-03-09,Male
AW00023850,1962-03-11,M
AW00023851,1954-05-26,Female
NASAW00023852,1953-01-25,M
NASAW00023853,1943-10-09,F
NASAW00023854,1960-08-16,F
NASAW00023855,1959-05-14,Male
AW00023856,1952-05-26,F
AW00023857,1951-09-25,M
NASAW00023858,1943-08-30,Male
AW00023859,1948-04-26,
NASAW00023860,1958-03-27,Female
AW00023861,1941-02-06,Male
NASAW00023862,1946-08-02,Male
AW00023863,1944-09-05,M
AW00023864,1940-04-03,M
AW00023865,1952-01-15,Female
AW00023866,1947-08-20,Male
AW00023867,1942-04-11,F
AW00023868,1954-05-29,M
NASAW00023869,1947-10-12,M
AW00023870,1948-04-15,Female
AW00023871,1954-02-04,M
AW00023872,1952-10-15,F
AW00023873,1961-08-09,Male
AW00023874,1940-08-03,
AW00023875,1947-07-12,Male
NASAW00023876,1953-12-17,M
AW00023877,1949-04-05,F
AW00023878,1953-08-20,
AW00023879,1949-02-27,Female
NASAW00023880,1943-10-24,Male
AW00023881,1963-10-28,Female
AW00023882,1943-08-07,F
AW00023883,1950-12-10,M
AW00023884,1956-02-18,F
AW00023885,1963-02-03,Female
AW00023886,1962-08-26,
NASAW00023887,1943-12-26,Female
AW00023888,2031-01-01,M
NASAW00023889,1946-09-23,F
AW00023890,1941-09-04,Male
AW00023891,1945-10-06,M
NASAW00023892,1960-10-06,F
AW00023893,1940-06-28,Male
NASAW00023894,1953-05-16,Female
AW00023895,1959-01-23,Male
AW00023896,1956-12-27,M
AW00023897,1946-06-09,Female
AW00023898,1945-12-31,
AW00023899,1952-07-03,M
AW00023900,1948-11-19,Male
AW00023901,1952-03-02,Female
AW00023902,1946-10-16,Female
NASAW00023903,1954-01-28,Female
AW00023904,1946-09-12,Male
AW00023905,1943-01-02,Male
AW00023906,1940-06-07,M
NASAW00023907,1954-03-12,Female
AW00023908,1963-03-18,Male
AW00023909,1949-11-29,Female
AW00023910,1947-09-14,F
NASAW00023911,1942-03-18,Female
AW00023912,1951-10-02,F
NASAW00023913,1963-07-01,M
AW00023914,1945-08-05,Male
AW00023915,1954-07-14,Female
AW00023916,1950-08-06,F
AW00023917,1945-09-15,M
NASAW00023918,1957-01-21,M
NASAW00023919,1958-10-12,
AW00023920,1957-05-05,Female
AW00023921,1962-11-04,
AW00023922,1950-01-06,Male
NASAW00023923,1947-11-30,Female
AW00023924,1960-01-18,M
AW00023925,1961-02-09,Male
AW00023926,1954-06-27,M
NASAW00023927,1963-06-28,Female
NASAW00023928,1954-10-19,Male
NASAW00023929,1951-08-28,Male
AW00023930,1961-01-08,M
NASAW00023931,1962-11-26,Male
AW00023932,1942-06-19,M
AW00023933,1960-01-07,F
AW00023934,2036-01-01,M
AW00023935,1941-04-08,Male
AW00023936,1949-08-26,
AW00023937,1949-08-29,F
NASAW00023938,1946-09-08,F
AW00023939,1949-09-23,Male
AW00023940,1956-12-10,F
NASAW00023941,1941-06-28,Male
NASAW00023942,1953-05-21,F
NASAW00023943,1941-10-01,Male
AW00023944,1962-10-26,F
NASAW00023945,1948-06-25,Male
NASAW00023946,1943-12-12,
AW00023947,1961-05-04,
AW00023948,1948-11-30,Female
NASAW00023949,1962-03-14,Male
AW00023950,1957-07-06,M
AW00023951,1960-10-22,F
NASAW00023952,1955-03-09,Male
NASAW00023953,1959-09-06,Female
AW00023954,1955-08-02,M
NASAW00023955,1946-02-28,F
NASAW00023956,1960-08-23,F
AW00023957,1957-12-02,Female
AW00023958,1961-04-18,M
AW00023959,1945-08-18,Female
NASAW00023960,1953-01-27,F
AW00023961,1958-06-10,M
AW00023962,1948-07-15,M
NASAW00023963,1959-05-05,Female
AW00023964,1949-11-26,M
AW00023965,1943-03-31,M
AW00023966,1948-10-10,M
AW00023967,1950-11-14,
AW00023968,1958-10-17,Male
AW00023969,1940-11-01,Female
AW00023970,1943-11-03,F
AW00023971,1962-08-25,Female
AW00023972,1957-01-29,Male
AW00023973,1953-09-14,Female
AW00023974,1948-05-07,F
NASAW00023975,1956-08-18,Female
NASAW00023976,1960-01-09,M
NASAW00023977,1948-08-17,F
NASAW00023978,1960-08-17,M
AW00023979,1953-11-03,Male
NASAW00023980,1955-10-17,Male
NASAW00023981,1940-12-15,M
AW00023982,1957-11-11,F
AW00023983,1963-11-10,F
AW00023984,1948-11-01,Male
AW00023985,1953-08-28,Male
AW00023986,1941-05-04,Female
AW00023987,1950-06-24,Female
NASAW00023988,1959-05-11,Male
AW00023989,1947-06-20,Male
AW00023990,1944-07-24,Female
NASAW00023991,1941-09-13,Male
AW00023992,1944-05-11,F
AW00023993,1943-06-06,M
AW00023994,1945-03-23,Female
AW00023995,1945-05-08,F
NASAW00023996,1956-01-15,M
AW00023997,1946-08-22,M
AW00023998,1954-09-28,Female
AW00023999,1948-01-24,Male
AW00024000,1951-07-14,Female
NASAW00024001,1945-08-28,M
AW00024002,1953-04-27,Male
AW00024003,1960-02-17,F
AW00024004,1950-02-11,F
NASAW00024005,1955-12-20,Male
AW00024006,1962-12-13,Male
AW00024007,1945-12-23,M
AW00024008,1956-03-04,M
AW00024009,1942-11-30,Male
AW00024010,1946-03-28,Female
NASAW00024011,1946-04-30,M
AW00024012,1959-11-25,F
AW00024013,1951-06-05,M
AW00024014,1953-12-24,Male
AW00024015,1956-06-13,Female
AW00024016,1954-04-24,Male
AW00024017,1956-07-14,Male
AW00024018,1959-04-19,Male
NASAW00024019,1958-04-02,
AW00024020,1963-05-29,F
AW00024021,1943-01-04,M
AW00024022,1949-01-16,F
AW00024023,1955-02-13,
AW00024024,1944-05-01,Male
NASAW00024025,1953-03-17,M
AW00024026,1957-08-24,Female
NASAW00024027,1948-06-16,Female
AW00024028,1940-02-14,F
AW00024029,1954-01-15,Male
AW00024030,1942-06-20,Female
NASAW00024031,1948-04-04,Female
AW00024032,1961-05-11,M
AW00024033,1942-11-06,
AW00024034,1940-12-25,M
NASAW00024035,1954-09-05,M
AW00024036,1941-08-29,M
NASAW00024037,1958-11-29,Female
AW00024038,1940-07-12,M
NASAW00024039,1951-11-26,M
AW00024040,1943-03-03,F
AW00024041,1958-04-02,Female
NASAW00024042,1962-07-29,Female
NASAW00024043,1946-11-28,Female
AW00024044,1952-07-27,F
AW00024045,1955-12-02,F
AW00024046,1943-02-22,Male
NASAW00024047,1953-11-20,Female
AW00024048,1949-08-12,M
AW00024049,1958-04-06,M
AW00024050,1950-05-19,F
AW00024051,1962-01-30,Female
AW00024052,1951-10-04,
AW00024053,1941-07-30,M
NASAW00024054,1958-01-11,F
AW00024055,1952-04-25,F
NASAW00024056,1947-01-28,Male
AW00024057,1954-08-07,Female
AW00024058,1945-12-27,Male
NASAW00024059,1944-02-28,Female
AW00024060,1946-04-04,M
AW00024061,1943-05-20,Male
AW00024062,1960-09-17,M
NASAW00024063,1953-02-19,M
NASAW00024064,1941-05-04,M
NASAW00024065,1957-09-20,Male
AW00024066,1959-07-16,Male
AW00024067,1947-05-12,M
AW00024068,1949-02-15,M
AW00024069,1950-07-22,Male
AW00024070,1951-08-05,Female
AW00024071,1948-10-08,Female
AW00024072,1957-07-03,Male
NASAW00024073,2033-01-01,M
AW00024074,1945-08-09,Female
AW00024075,1955-06-29,M
NASAW00024076,1955-03-29,Male
AW00024077,1950-11-12,M
AW00024078,1962-04-03,F
NASAW00024079,1952-10-12,Female
AW00024080,1961-09-02,F
NASAW00024081,1963-06-11,Male
AW00024082,1949-04-01,M
AW00024083,1951-03-09,Male
AW00024084,1958-04-08,Male
AW00024085,1960-08-04,M
NASAW00024086,1945-03-16,Male
AW00024087,1955-05-12,M
AW00024088,1948-06-08,F
NASAW00024089,1955-09-18,M
AW00024090,1962-01-06,M
AW00024091,1958-12-16,Female
AW00024092,1959-12-11,F
AW00024093,1949-01-21,F
AW00024094,1941-08-01,Male
AW00024095,1941-02-24,
NASAW00024096,1956-05-16,F
AW00024097,1943-01-31,Female
AW00024098,1946-09-09,Male
AW00024099,1948-10-28,M
NASAW00024100,1940-01-20,Female
AW00024101,1942-11-01,Female
AW00024102,1949-07-07,Female
NASAW00024103,1962-02-08,F
NASAW00024104,1942-05-24,Female
AW00024105,1954-09-17,M
AW00024106,1960-05-23,
AW00024107,1963-11-30,Male
AW00024108,1957-02-17,Male
AW00024109,1961-03-18,Female
AW00024110,1962-07-16,Female
AW00024111,1945-03-31,M
AW00024112,1959-09-11,M
AW00024113,1954-06-11,M
AW00024114,1962-12-13,Female
AW00024115,1942-10-06,Male
AW00024116,1944-07-28,Male
AW00024117,1941-05-01,Male
AW00024118,1946-03-29,F
AW00024119,1946-04-21,M
AW00024120,1944-11-15,M
AW00024121,1959-02-16,M
AW00024122,1946-07-17,Male
AW00024123,1942-05-22,Male
AW00024124,1955-10-06,Male
AW00024125,1960-09-20,M
NASAW00024126,1951-12-22,F
AW00024127,1945-02-12,Male
NASAW00024128,1952-05-22,M
AW00024129,1941-10-12,F
AW00024130,1947-12-09,M
AW00024131,1952-11-15,F
NASAW00024132,1962-04-22,Female
AW00024133,1962-09-07,Male
AW00024134,1947-01-21,Male
NASAW00024135,1949-05-04,M
AW00024136,1959-11-20,Male
AW00024137,1951-08-22,M
NASAW00024138,1960-11-15,F
AW00024139,1956-09-13,Male
AW00024140,1952-12-01,
AW00024141,1962-01-25,F
NASAW00024142,1959-09-07,Male
NASAW00024143,1947-04-07,Female
AW00024144,1949-01-08,F
AW00024145,1958-09-15,F
AW00024146,1944-10-21,Female
AW00024147,1948-12-01,F
AW00024148,1948-09-19,M
AW00024149,1948-02-12,M
AW00024150,1958-10-02,Female
AW00024151,1940-12-14,Male
AW00024152,1955-10-04,Male
NASAW00024153,1961-12-07,Male
AW00024154,1944-07-31,Male
AW00024155,1941-07-17,Male
AW00024156,1949-07-12,M
AW00024157,1963-12-17,F
AW00024158,1943-04-20,Female
AW00024159,1949-03-14,M
AW00024160,1958-11-25,F
NASAW00024161,1954-07-31,Female
NASAW00024162,1949-06-01,
AW00024163,2029-01-01,M
AW00024164,1946-05-26,F
AW00024165,1951-04-30,Male
AW00024166,1942-09-24,Male
AW00024167,1945-04-26,Female
AW00024168,1955-08-14,M
AW00024169,1953-08-10,Female
NASAW00024170,1956-09-11,F
AW00024171,1947-10-14,M
AW00024172,1955-03-05,Female
NASAW00024173,1950-12-10,Male
AW00024174,1957-07-20,Female
NASAW00024175,1960-04-09,Male
AW00024176,1949-08-27,Female
AW00024177,1941-10-23,M
AW00024178,1941-11-06,M
AW00024179,1951-12-19,Male
AW00024180,1946-06-12,M
NASAW00024181,1954-04-02,F
AW00024182,1945-12-20,Female
AW00024183,1955-05-01,F
AW00024184,1941-04-01,Male
NASAW00024185,1946-07-23,F
AW00024186,1955-07-31,
AW00024187,1962-04-05,F
NASAW00024188,1961-01-01,Female
AW00024189,1946-05-15,F
NASAW00024190,1957-08-01,Female
AW00024191,1954-11-18,F
AW00024192,1962-07-20,F
NASAW00024193,1963-12-08,Male
AW00024194,1962-07-29,Male
AW00024195,1950-12-30,F
AW00024196,1941-03-31,F
AW00024197,1956-12-12,Female
NASAW00024198,1944-01-03,F
AW00024199,1942-06-19,Male
NASAW00024200,1947-03-03,Female
AW00024201,1958-05-20,F
AW00024202,1956-10-09,
NASAW00024203,1945-06-18,M
AW00024204,1952-08-25,F
AW00024205,1949-10-05,Male
AW00024206,1949-07-08,Female
AW00024207,1940-04-09,F
AW00024208,1940-02-07,F
AW00024209,1955-09-10,F
AW00024210,1947-03-27,Female
AW00024211,1942-01-22,Female
AW00024212,1956-07-20,Female
AW00024213,1941-11-15,
NASAW00024214,1940-05-31,
AW00024215,2037-01-01,F
NASAW00024216,1941-11-26,
AW00024217,2034-01-01,Male
AW00024218,1955-01-22,Female
AW00024219,1947-02-14,F
AW00024220,1958-01-10,M
NASAW00024221,1955-03-31,Female
AW00024222,1961-02-28,Female
AW00024223,2031-01-01,F
AW00024224,1954-04-25,Male
AW00024225,1957-02-05,Female
AW00024226,1955-01-28,M
AW00024227,1962-03-30,Female
AW00024228,1943-05-25,Female
AW00024229,1947-07-22,Male
AW00024230,1960-03-26,Female
NASAW00024231,1953-10-11,M
AW00024232,1963-11-24,Female
AW00024233,1963-12-25,F
AW00024234,1945-08-30,F
AW00024235,1953-01-11,F
NASAW00024236,1954-01-25,
AW00024237,1957-12-25,Female
AW00024238,1961-05-15,F
AW00024239,1944-04-09,Female
NASAW00024240,1950-11-19,F
AW00024241,1946-06-24,M
AW00024242,1941-06-16,F
AW00024243,1958-03-18,Female
AW00024244,1946-01-03,Female
AW00024245,1957-12-07,Female
AW00024246,1952-07-11,
AW00024247,1962-10-06,Male
NASAW00024248,1954-03-19,F
NASAW00024249,1960-02-27,Male
AW00024250,1959-09-16,Female
NASAW00024251,1946-10-24,Female
NASAW00024252,1951-11-24,M
AW00024253,1952-04-26,Female
AW00024254,1962-06-23,Female
AW00024255,1945-06-14,M
AW00024256,1951-05-17,Male
NASAW00024257,1962-07-19,F
AW00024258,1949-02-07,F
AW00024259,1951-10-03,M
AW00024260,1946-03-24,F
NASAW00024261,1946-06-20,Female
AW00024262,1943-03-16,F
AW00024263,1955-04-24,F
NASAW00024264,1950-06-20,F
NASAW00024265,1946-09-11,M
AW00024266,1962-04-15,F
AW00024267,1961-04-29,F
NASAW00024268,1957-04-08,M
AW00024269,1943-06-22,M
AW00024270,1958-06-21,F
AW00024271,1954-03-13,Male
NASAW00024272,1956-12-10,M
AW00024273,1963-09-29,Male
AW00024274,1958-08-05,M
AW00024275,1946-04-11,Female
AW00024276,1945-03-27,F
AW00024277,1948-12-17,Female
NASAW00024278,1960-05-10,F
NASAW00024279,1941-07-08,Male
NASAW00024280,1947-12-31,Female
AW00024281,1956-06-15,M
AW00024282,1960-07-04,Female
AW00024283,1941-05-07,Female
AW00024284,1947-08-13,Male
AW00024285,1942-02-26,M
AW00024286,1962-12-11,
AW00024287,1957-03-07,F
AW00024288,1941-02-02,M
AW00024289,1950-02-08,F
NASAW00024290,1942-07-22,F
AW00024291,1951-06-02,Male
AW00024292,1946-09-02,Male
AW00024293,1949-04-29,Female
AW00024294,1940-01-16,M
NASAW00024295,1945-11-25,F
NASAW00024296,1950-08-09,M
NASAW00024297,1940-06-03,M
AW00024298,1948-01-08,Male
NASAW00024299,1955-11-25,M
NASAW00024300,1948-05-12,Male
AW00024301,1955-07-27,F
NASAW00024302,1946-09-03,F
NASAW00024303,1957-08-24,Female
AW00024304,1955-10-26,F
AW00024305,1942-05-14,Female
AW00024306,1950-09-27,M
AW00024307,1960-06-02,F
NASAW00024308,1963-03-17,
AW00024309,1950-10-21,
AW00024310,1962-08-30,Female
AW00024311,1945-12-02,Female
NASAW00024312,1941-11-21,F
NASAW00024313,1942-10-02,M
AW00024314,1942-01-26,
NASAW00024315,1958-09-07,
AW00024316,1958-09-23,Female
AW00024317,1960-06-08,Female
AW00024318,1955-04-24,Male
AW00024319,1944-01-31,Female
AW00024320,1940-01-01,Male
AW00024321,1943-03-03,Male
NASAW00024322,1947-03-12,M
AW00024323,1955-09-14,Male
NASAW00024324,1959-11-15,Female
AW00024325,1945-05-12,Male
AW00024326,1942-09-19,M
NASAW00024327,1955-04-20,Female
AW00024328,1960-01-01,Male
AW00024329,1941-10-23,Female
AW00024330,1948-08-06,M
NASAW00024331,1947-10-16,M
AW00024332,1961-08-30,F
AW00024333,1950-03-26,Female
AW00024334,1962-01-08,Female
AW00024335,1951-01-29,M
AW00024336,1957-11-25,Male
NASAW00024337,1941-11-14,Male
AW00024338,1945-02-22,Male
NASAW00024339,1955-05-04,Male
AW00024340,1959-07-17,F
AW00024341,1953-03-31,Female
AW00024342,1945-01-06,Female
AW00024343,1952-03-22,M
AW00024344,1962-08-23,F
NASAW00024345,1946-09-09,F
NASAW00024346,1951-10-12,M
AW00024347,1960-10-12,M
NASAW00024348,1948-06-26,M
AW00024349,1952-11-07,M
AW00024350,1957-11-23,M
NASAW00024351,1963-06-12,M
NASAW00024352,1954-08-23,M
AW00024353,1953-12-02,F
AW00024354,1961-11-17,M
AW00024355,1940-02-07,
NASAW00024356,1943-06-01,Male
AW00024357,1940-09-05,F
AW00024358,1960-09-15,F
AW00024359,1943-07-07,Male
AW00024360,1943-09-16,F
AW00024361,1945-08-03,Male
NASAW00024362,1940-08-19,M
AW00024363,1942-05-17,Female
AW00024364,1959-08-08,Male
AW00024365,1960-01-12,Male
NASAW00024366,1946-07-12,
NASAW00024367,1940-01-31,F
AW00024368,1940-03-18,Female
NASAW00024369,1953-09-11,M
AW00024370,1947-03-20,M
AW00024371,1956-03-14,F
AW00024372,1942-03-31,M
AW00024373,1955-01-20,Female
AW00024374,1954-04-22,
AW00024375,1957-09-20,Male
AW00024376,1946-06-22,Male
AW00024377,1961-08-13,
AW00024378,1955-04-13,
NASAW00024379,1963-02-01,Male
AW00024380,1951-08-19,M
AW00024381,1961-12-31,M
AW00024382,1950-01-01,M
AW00024383,1950-06-09,M
AW00024384,1963-04-08,Male
AW00024385,1955-09-05,F
NASAW00024386,1954-05-25,Male
AW00024387,1961-11-24,F
NASAW00024388,1949-01-23,M
AW00024389,1961-05-28,M
AW00024390,1941-10-10,F
NASAW00024391,1943-08-09,M
NASAW00024392,1941-06-27,M
AW00024393,1957-05-10,M
AW00024394,1960-03-13,F
NASAW00024395,1952-11-24,Female
AW00024396,1951-04-10,Female
AW00024397,1946-06-30,M
AW00024398,1953-03-11,F
AW00024399,1955-08-08,Male
AW00024400,1952-12-16,Female
AW00024401,1943-05-09,F
NASAW00024402,1945-05-22,F
NASAW00024403,1948-09-23,F
NASAW00024404,1945-03-02,F
AW00024405,1943-05-29,Male
AW00024406,1958-03-20,Female
NASAW00024407,1954-06-29,M
AW00024408,1950-03-31,F
NASAW00024409,1944-02-09,Male
NASAW00024410,1960-06-11,M
AW00024411,1948-09-13,M
AW00024412,1947-02-11,Male
AW00024413,1947-09-20,Male
AW00024414,1954-09-26,Female
AW00024415,1963-06-19,F
AW00024416,1941-06-14,F
AW00024417,1959-03-04,M
NASAW00024418,1942-02-25,F
AW00024419,1945-02-10,Female
NASAW00024420,1950-02-26,Male
NASAW00024421,1947-04-15,Female
AW00024422,1942-04-14,F
AW00024423,1960-05-17,M
AW00024424,1951-08-16,Male
AW00024425,1940-04-01,Female
AW00024426,1951-03-27,Female
AW00024427,1961-06-10,Female
AW00024428,1952-11-17,Male
AW00024429,1958-10-17,F
AW00024430,1945-07-04,F
AW00024431,1953-11-02,M
AW00024432,1942-10-28,M
AW00024433,1950-02-12,Male
AW00024434,1958-07-27,Male
AW00024435,1958-08-17,F
NASAW00024436,1948-06-03,F
AW00024437,1961-05-26,F
AW00024438,1951-04-06,F
AW00024439,1958-06-28,Female
AW00024440,1942-04-12,Female
AW00024441,1956-03-03,Female
AW00024442,1959-11-06,F
NASAW00024443,1952-12-06,Male
NASAW00024444,1957-09-01,Male
AW00024445,1963-10-02,Female
NASAW00024446,1963-05-24,F
AW00024447,1944-08-17,
NASAW00024448,1957-01-18,Female
AW00024449,1951-09-15,
NASAW00024450,1940-10-24,Female
AW00024451,1947-04-02,
AW00024452,1943-11-11,F
AW00024453,1962-01-05,F
AW00024454,1941-04-16,M
AW00024455,1943-11-24,M
AW00024456,1963-07-25,Male
AW00024457,1959-08-24,F
AW00024458,1948-09-24,M
AW00024459,1960-06-17,Male
AW00024460,1961-08-09,M
NASAW00024461,1955-10-20,M
AW00024462,1957-10-31,M
AW00024463,1940-03-31,Female
NASAW00024464,1949-11-22,M
AW00024465,1948-07-14,Female
AW00024466,1940-10-13,Female
NASAW00024467,1959-02-02,M
AW00024468,1952-06-02,Male
AW00024469,1950-03-14,F
NASAW00024470,1949-07-02,Male
NASAW00024471,1957-05-22,F
AW00024472,1949-06-19,F
AW00024473,1955-07-17,F
NASAW00024474,1945-04-28,
AW00024475,1963-06-16,Male
NASAW00024476,1950-08-31,F
AW00024477,1947-03-10,Male
NASAW00024478,1940-07-15,Female
AW00024479,1952-06-20,Female
NASAW00024480,1957-10-20,
AW00024481,1958-10-18,F
AW00024482,1952-02-13,M
AW00024483,1946-02-25,Female
NASAW00024484,1948-10-30,Female
NASAW00024485,1949-02-16,Male
AW00024486,1958-02-09,Male
AW00024487,1944-02-20,M
NASAW00024488,1954-01-03,F
NASAW00024489,1952-05-31,Female
AW00024490,1941-04-28,Female
NASAW00024491,1941-04-26,F
AW00024492,1942-06-01,
AW00024493,1953-12-13,
NASAW00024494,1942-09-08,F
NASAW00024495,1963-10-23,Female
AW00024496,1948-08-31,F
AW00024497,1957-07-06,Female
AW00024498,1945-07-03,M
NASAW00024499,1956-08-06,M
NASAW00024500,1946-10-28,M
NASAW00024501,1959-07-22,M
AW00024502,1963-01-12,F
AW00024503,1952-02-06,Female
NASAW00024504,1954-02-02,Female
AW00024505,1942-08-15,F
AW00024506,1944-10-25,
AW00024507,1961-04-03,Female
AW00024508,1947-01-12,F
AW00024509,1953-10-03,F
NASAW00024510,1947-06-01,Male
AW00024511,1959-12-16,Female
AW00024512,1944-06-18,M
NASAW00024513,1952-03-24,M
AW00024514,1944-10-17,M
NASAW00024515,1963-03-23,Male
AW00024516,1959-12-05,Female
AW00024517,1949-10-15,Female
AW00024518,1960-10-30,Female
AW00024519,1960-06-28,Female
AW00024520,1954-10-14,Female
AW00024521,1946-03-22,Female
AW00024522,1947-02-07,Female
NASAW00024523,1948-12-31,Male
AW00024524,1950-04-16,F
AW00024525,1962-03-10,M
AW00024526,1955-03-16,M
AW00024527,1951-07-29,F
NASAW00024528,1959-09-03,F
AW00024529,1960-05-20,M
NASAW00024530,1954-02-22,F
AW00024531,1941-09-29,F
AW00024532,1961-04-27,F
AW00024533,1944-03-25,Male
AW00024534,1958-08-29,Male
AW00024535,1944-04-28,M
AW00024536,1948-02-20,F
AW00024537,1962-10-08,Male
NASAW00024538,1956-04-14,F
AW00024539,1957-04-22,Female
AW00024540,1945-09-20,
AW00024541,1947-04-06,M
AW00024542,1961-09-26,Female
AW00024543,1951-06-24,Female
AW00024544,1949-08-21,M
AW00024545,1944-03-21,Female
AW00024546,1950-04-08,Female
AW00024547,1959-03-22,Male
AW00024548,1956-03-27,F
AW00024549,1948-09-28,Male
AW00024550,1947-12-08,F
AW00024551,1953-05-07,F
AW00024552,1952-03-31,Male
AW00024553,1959-08-14,F
AW00024554,1943-08-02,M
NASAW00024555,1961-04-02,Male
AW00024556,1956-01-23,M
AW00024557,1962-11-16,Female
AW00024558,1947-06-30,M
NASAW00024559,1955-07-20,M
AW00024560,1944-07-30,Female
NASAW00024561,1953-07-11,Male
NASAW00024562,1949-05-24,F
NASAW00024563,1940-11-24,
AW00024564,1949-07-21,Male
NASAW00024565,1961-03-24,M
NASAW00024566,1955-02-14,M
AW00024567,1962-07-07,Female
NASAW00024568,1950-12-27,Female
AW00024569,1954-10-06,M
NASAW00024570,1962-04-12,Female
NASAW00024571,1953-10-19,M
AW00024572,1962-04-16,M
AW00024573,1940-01-31,
AW00024574,1948-12-24,F
AW00024575,1944-01-23,M
AW00024576,1943-10-08,Male
AW00024577,1950-02-06,M
AW00024578,1949-10-20,F
NASAW00024579,1940-10-18,M
AW00024580,1961-12-16,F
AW00024581,1948-10-13,M
AW00024582,1950-05-31,M
AW00024583,1953-12-24,M
NASAW00024584,1954-10-05,
AW00024585,1954-03-10,F
AW00024586,1952-04-13,Male
AW00024587,1956-03-07,F
NASAW00024588,1957-08-13,M
AW00024589,1957-08-15,Female
AW00024590,1945-10-17,M
AW00024591,1959-07-04,Male
AW00024592,1954-04-23,M
AW00024593,1942-11-22,Male
AW00024594,1959-07-12,M
NASAW00024595,1942-02-10,M
AW00024596,1959-07-16,Male
AW00024597,1955-02-02,Male
AW00024598,1944-10-28,F
NASAW00024599,1944-07-13,M
NASAW00024600,1960-09-19,Female
AW00024601,1953-03-19,F
AW00024602,1954-07-28,Male
AW00024603,1962-09-23,Male
AW00024604,1951-02-22,Male
AW00024605,1959-06-12,F
AW00024606,1961-10-17,Male
AW00024607,1947-12-19,M
AW00024608,1956-06-14,M
AW00024609,1949-07-24,Female
NASAW00024610,1945-01-02,M
AW00024611,1958-02-03,Female
AW00024612,1948-07-16,F
NASAW00024613,1941-08-28,Male
NASAW00024614,1958-09-23,Female
NASAW00024615,1962-05-20,F
NASAW00024616,1947-04-20,F
NASAW00024617,1949-01-10,M
AW00024618,1942-05-30,Male
NASAW00024619,1940-04-10,M
AW00024620,1959-11-06,Female
NASAW00024621,1950-12-23,Male
AW00024622,1952-05-20,F
NASAW00024623,1962-06-24,Male
NASAW00024624,1950-08-02,F
AW00024625,1947-07-10,F
AW00024626,1952-12-06,Female
AW00024627,1959-09-17,M
NASAW00024628,1941-06-24,Male
NASAW00024629,1950-09-15,F
AW00024630,1945-08-16,F
AW00024631,1957-10-05,F
AW00024632,1954-06-18,M
NASAW00024633,1960-03-13,Male
AW00024634,1954-05-09,Female
AW00024635,1954-01-01,Male
AW00024636,1947-10-29,Female
NASAW00024637,1947-08-04,M
NASAW00024638,1949-02-08,M
NASAW00024639,1953-05-17,M
AW00024640,1943-05-20,Male
AW00024641,1955-09-12,F
AW00024642,1952-06-15,Female
AW00024643,1953-02-19,M
AW00024644,1951-03-09,F
AW00024645,1963-07-09,F
AW00024646,1944-03-21,M
AW00024647,1941-09-30,Female
NASAW00024648,1952-08-29,Male
AW00024649,1961-06-22,Male
AW00024650,1944-11-13,M
NASAW00024651,1944-04-11,F
NASAW00024652,1941-01-17,F
AW00024653,1943-05-27,Male
NASAW00024654,1941-12-02,F
AW00024655,1957-04-04,F
NASAW00024656,1956-12-06,F
AW00024657,1959-03-25,Female
AW00024658,1940-12-17,F
AW00024659,1940-08-28,M
NASAW00024660,1961-08-30,Female
NASAW00024661,1951-02-28,Male
AW00024662,1946-09-23,Male
AW00024663,1949-10-03,M
AW00024664,1941-01-21,F
AW00024665,1945-10-17,Male
NASAW00024666,1953-06-09,Male
NASAW00024667,1942-03-15,
NASAW00024668,1948-11-29,F
AW00024669,1953-04-22,F
AW00024670,1961-04-09,M
AW00024671,1940-02-09,F
AW00024672,1947-09-21,F
AW00024673,1948-03-05,M
NASAW00024674,1956-04-30,Female
NASAW00024675,1940-03-25,Female
AW00024676,1944-09-21,Male
NASAW00024677,1953-11-21,M
AW00024678,1954-01-28,F
AW00024679,1942-02-25,Female
AW00024680,1945-07-14,M
AW00024681,1957-01-24,Female
NASAW00024682,1941-12-13,Male
AW00024683,1947-06-03,M
AW00024684,1953-08-24,Male
AW00024685,1943-01-30,F
NASAW00024686,1944-09-23,Male
AW00024687,1962-01-09,Male
AW00024688,1943-11-07,Female
NASAW00024689,1946-07-24,F
AW00024690,1952-01-05,M
AW00024691,1945-03-03,F
AW00024692,1950-12-12,F
AW00024693,1955-09-07,M
AW00024694,1946-06-12,F
NASAW00024695,1942-05-15,Female
AW00024696,1948-07-24,M
AW00024697,1962-04-01,Female
AW00024698,1959-06-04,
NASAW00024699,1953-05-23,F
AW00024700,1952-04-02,F
AW00024701,1940-07-12,M
NASAW00024702,1963-04-01,Male
AW00024703,1943-08-20,Female
NASAW00024704,1959-08-27,Male
NASAW00024705,1959-05-29,Male
AW00024706,1951-06-16,Female
AW00024707,1943-02-24,M
AW00024708,1950-09-28,Male
AW00024709,1940-05-24,Female
NASAW00024710,1960-11-09,M
AW00024711,1963-04-01,F
AW00024712,1958-09-08,M
AW00024713,1946-08-31,F
AW00024714,1940-05-24,Female
NASAW00024715,1956-02-13,Male
AW00024716,1948-09-28,M
AW00024717,1959-09-11,Male
AW00024718,1950-06-23,Male
NASAW00024719,1961-03-19,F
AW00024720,1948-11-13,Female
AW00024721,1942-09-06,F
NASAW00024722,1957-08-02,Female
AW00024723,1956-05-21,Female
AW00024724,1960-09-06,Female
AW00024725,1948-03-21,M
AW00024726,1944-08-16,F
AW00024727,1954-03-29,Female
AW00024728,1952-04-15,M
AW00024729,1955-11-14,M
AW00024730,1962-10-21,Female
NASAW00024731,1960-04-15,M
AW00024732,1944-04-10,Female
AW00024733,1944-05-21,F
NASAW00024734,1963-01-04,M
AW00024735,1952-11-15,M
NASAW00024736,1946-05-18,M
NASAW00024737,1956-08-30,Male
AW00024738,1947-06-15,Female
AW00024739,1941-11-18,Female
NASAW00024740,1954-08-19,Male
AW00024741,1952-07-29,Male
NASAW00024742,1959-05-28,F
AW00024743,1942-07-25,F
NASAW00024744,1948-12-10,M
AW00024745,1952-12-10,Male
NASAW00024746,1942-11-05,Male
NASAW00024747,1951-03-24,M
AW00024748,1944-06-07,Male
AW00024749,1959-03-09,M
AW00024750,1962-05-29,F
AW00024751,1943-10-14,Female
AW00024752,1950-11-23,Female
AW00024753,1946-04-02,M
NASAW00024754,1945-12-04,Male
NASAW00024755,1950-12-23,Male
NASAW00024756,1946-05-21,M
NASAW00024757,1954-08-05,M
AW00024758,1961-06-09,Female
AW00024759,1940-05-15,
AW00024760,1950-02-06,M
AW00024761,1960-06-12,F
AW00024762,1962-03-09,Male
AW00024763,1948-03-25,Male
AW00024764,1947-08-11,M
AW00024765,1958-04-22,Male
NASAW00024766,1961-04-19,Female
NASAW00024767,1949-12-08,Female
AW00024768,1957-03-15,Female
AW00024769,1953-05-20,F
AW00024770,1950-06-15,Male
NASAW00024771,1955-12-07,F
AW00024772,1961-03-08,Male
NASAW00024773,1956-09-06,Male
AW00024774,1945-07-08,Female
AW00024775,1963-05-31,Female
NASAW00024776,1944-08-01,Female
AW00024777,1948-07-19,M
AW00024778,1950-07-28,Female
NASAW00024779,1962-09-29,F
AW00024780,1956-07-25,Female
AW00024781,1945-04-25,M
AW00024782,1954-05-30,F
AW00024783,1942-04-02,Female
NASAW00024784,1962-05-06,Female
NASAW00024785,1946-05-31,Female
AW00024786,1960-07-31,M
NASAW00024787,2031-01-01,Female
AW00024788,1948-09-29,F
NASAW00024789,1941-04-10,F
AW00024790,1943-12-06,F
AW00024791,1962-12-23,Male
NASAW00024792,1947-05-08,Male
AW00024793,1946-12-24,Male
NASAW00024794,1952-02-16,Female
AW00024795,1959-04-11,F
AW00024796,1952-10-09,M
AW00024797,1959-03-13,M
AW00024798,1944-10-10,Male
AW00024799,1962-08-11,F
NASAW00024800,1943-04-03,Male
AW00024801,1956-11-28,Male
AW00024802,1962-10-24,Female
AW00024803,1958-01-27,Male
NASAW00024804,1949-08-06,Female
NASAW00024805,1948-07-23,M
AW00024806,1941-05-21,Male
NASAW00024807,1963-08-24,F
AW00024808,1952-01-17,Male
NASAW00024809,1955-01-30,
AW00024810,1942-05-29,M
NASAW00024811,1956-05-04,Female
NASAW00024812,1942-04-20,
AW00024813,1948-03-05,M
AW00024814,1956-06-30,Female
AW00024815,1945-10-08,
AW00024816,1961-07-25,F
AW00024817,1943-08-29,F
NASAW00024818,1940-02-23,Female
AW00024819,1950-06-16,M
AW00024820,1955-11-29,F
AW00024821,1946-02-08,Female
AW00024822,1958-04-21,F
AW00024823,1944-11-01,F
AW00024824,1958-07-25,Male
NASAW00024825,1954-05-04,M
AW00024826,1955-10-01,Male
AW00024827,1948-10-28,F
AW00024828,1956-10-11,Female
NASAW00024829,1947-11-03,M
AW00024830,1960-04-09,F
AW00024831,1948-09-10,Male
AW00024832,1942-07-25,Male
NASAW00024833,1959-12-11,M
AW00024834,1943-04-27,Female
AW00024835,1958-12-27,M
AW00024836,1962-09-11,Male
AW00024837,1946-04-17,Female
NASAW00024838,1947-06-27,F
AW00024839,1952-12-07,F
AW00024840,1951-12-21,F
AW00024841,1957-05-02,Male
AW00024842,1941-06-30,M
AW00024843,1942-09-14,F
AW00024844,1953-05-11,F
AW00024845,1949-02-27,Female
AW00024846,1950-02-28,Male
AW00024847,1954-09-07,
NASAW00024848,1949-10-23,Female
AW00024849,1945-07-23,F
AW00024850,1949-02-04,Female
AW00024851,1956-11-05,Female
NASAW00024852,1961-08-19,M
AW00024853,1953-08-25,M
NASAW00024854,1962-12-12,F
AW00024855,1958-02-01,Female
AW00024856,1954-12-10,F
AW00024857,1953-05-21,M
AW00024858,1948-08-29,M
AW00024859,1953-10-21,
AW00024860,1952-09-04,
AW00024861,1950-02-05,F
AW00024862,1952-11-28,Male
AW00024863,1947-04-27,Male
AW00024864,1963-01-18,Male
NASAW00024865,1948-05-09,Male
AW00024866,1940-04-30,Male
NASAW00024867,1947-06-15,Female
NASAW00024868,1955-06-08,F
AW00024869,1958-06-23,Female
NASAW00024870,1949-08-10,Female
AW00024871,1959-02-24,M
NASAW00024872,1941-11-02,M
AW00024873,1954-05-15,F
AW00024874,1952-07-17,F
AW00024875,1960-10-13,M
AW00024876,1958-07-11,M
AW00024877,1958-06-28,Male
AW00024878,1958-07-25,M
AW00024879,1946-04-04,M
AW00024880,1945-03-11,Male
AW00024881,1956-03-10,Male
AW00024882,1963-11-27,Male
AW00024883,1943-02-15,Male
NASAW00024884,1941-01-20,Female
AW00024885,1943-01-25,Female
NASAW00024886,1954-04-02,Male
AW00024887,1941-09-27,Male
AW00024888,1963-07-22,Female
AW00024889,1958-05-12,M
NASAW00024890,1949-05-27,M
AW00024891,1946-10-04,Female
NASAW00024892,1955-06-29,F
AW00024893,1953-08-08,F
NASAW00024894,1963-01-03,M
AW00024895,1946-02-22,Female
NASAW00024896,1946-05-20,F
NASAW00024897,1940-06-06,Female
NASAW00024898,1947-02-11,M
AW00024899,1957-08-13,Female
AW00024900,1943-08-09,F
NASAW00024901,1962-03-25,
AW00024902,1962-08-05,Male
NASAW00024903,1956-06-30,Male
AW00024904,1947-05-28,Female
AW00024905,1941-07-22,Female
AW00024906,1949-10-01,M
NASAW00024907,1943-10-31,M
AW00024908,1961-01-10,Female
NASAW00024909,1951-11-14,
NASAW00024910,1944-05-21,F
AW00024911,1942-01-11,M
NASAW00024912,1962-08-02,Female
AW00024913,1950-05-08,M
AW00024914,1944-11-01,M
AW00024915,1962-10-30,F
NASAW00024916,1953-08-04,Female
AW00024917,1944-08-10,Male
AW00024918,1951-09-16,Female
AW00024919,1954-04-07,Male
NASAW00024920,1955-09-24,F
NASAW00024921,1945-01-31,M
AW00024922,1949-01-02,M
AW00024923,1951-09-23,M
AW00024924,1963-10-19,Male
AW00024925,1953-01-23,
AW00024926,1960-03-04,M
AW00024927,1950-08-08,Male
AW00024928,1948-12-30,M
NASAW00024929,1955-02-07,M
AW00024930,1959-10-16,Female
NASAW00024931,1940-03-14,F
AW00024932,1954-10-20,M
AW00024933,1940-03-01,F
NASAW00024934,1944-06-14,Female
NASAW00024935,1950-02-13,F
NASAW00024936,1952-11-29,Female
AW00024937,1962-07-25,F
AW00024938,1957-02-15,Male
NASAW00024939,1944-07-14,
AW00024940,1962-06-04,M
AW00024941,1945-10-12,M
AW00024942,1945-11-04,F
AW00024943,1952-05-21,F
AW00024944,1958-03-04,Male
NASAW00024945,1961-10-05,Female
NASAW00024946,1958-04-13,Male
AW00024947,1949-11-05,F
NASAW00024948,1956-08-21,M
AW00024949,1944-10-23,Female
AW00024950,1953-06-10,
AW00024951,1961-02-04,Male
AW00024952,1947-05-27,Female
AW00024953,1945-07-27,Male
AW00024954,1946-06-10,Male
AW00024955,1947-10-31,Female
NASAW00024956,1957-05-20,Female
AW00024957,1949-04-28,Male
AW00024958,1954-03-23,F
AW00024959,1953-10-20,Male
AW00024960,1952-09-22,Male
AW00024961,1948-07-24,Male
AW00024962,1944-01-17,M
AW00024963,1951-07-18,Male
AW00024964,1943-11-01,
AW00024965,1960-01-06,F
AW00024966,1958-12-04,F
AW00024967,1962-02-13,Female
AW00024968,1952-05-01,Male
AW00024969,1955-11-15,
NASAW00024970,1963-06-30,Male
NASAW00024971,1941-12-01,Female
AW00024972,1946-03-30,Female
AW00024973,1948-01-05,F
NASAW00024974,1946-05-01,M
AW00024975,1942-08-16,Male
AW00024976,1940-04-30,F
NASAW00024977,1946-10-21,Male
AW00024978,1963-05-31,Male
NASAW00024979,1959-03-19,Male
AW00024980,1954-08-23,Male
AW00024981,1945-05-04,Female
AW00024982,1950-11-10,Male
AW00024983,1947-09-07,F
AW00024984,1953-11-18,F
NASAW00024985,1955-08-30,F
AW00024986,1957-10-06,M
AW00024987,1948-05-04,Female
NASAW00024988,1954-05-02,F
AW00024989,1961-12-03,
AW00024990,1960-12-24,M
AW00024991,1944-08-23,M
NASAW00024992,1958-01-18,Male
NASAW00024993,1940-10-10,Female
NASAW00024994,1963-08-25,
NASAW00024995,1952-04-04,F
AW00024996,1951-01-11,M
AW00024997,1950-08-14,F
NASAW00024998,1963-05-18,Male
AW00024999,1946-03-31,F
NASAW00025000,1949-01-20,Male
AW00025001,1950-06-17,Male
NASAW00025002,1961-05-29,Male
AW00025003,1948-02-27,Female
AW00025004,1960-01-07,F
NASAW00025005,1948-10-21,M
AW00025006,1943-03-16,M
AW00025007,1946-01-02,M
AW00025008,1950-10-10,Male
AW00025009,1957-10-02,Male
AW00025010,1942-11-22,Male
AW00025011,1950-09-17,Male
NASAW00025012,1947-01-30,Female
NASAW00025013,1956-11-25,Female
NASAW00025014,1942-04-09,Female
AW00025015,1945-05-15,F
NASAW00025016,1945-04-16,Female
NASAW00025017,1961-07-25,F
NASAW00025018,1958-12-08,
AW00025019,1946-04-25,Male
NASAW00025020,1945-11-10,F
AW00025021,1944-01-23,M
AW00025022,1953-01-31,M
AW00025023,1955-03-23,Male
AW00025024,1948-12-27,M
AW00025025,1943-06-03,Male
AW00025026,1948-05-19,
NASAW00025027,1950-03-30,Female
AW00025028,1942-07-19,Male
AW00025029,1941-07-18,Male
AW00025030,1963-06-01,F
AW00025031,1963-10-05,M
NASAW00025032,1943-11-03,Female
NASAW00025033,1957-05-20,Male
NASAW00025034,1948-08-20,Male
AW00025035,1954-05-13,M
AW00025036,1954-07-19,Male
AW00025037,1963-03-19,Female
AW00025038,1948-04-24,M
AW00025039,1942-05-14,Male
NASAW00025040,1962-03-20,
NASAW00025041,1955-06-01,Female
AW00025042,1940-08-28,F
NASAW00025043,1942-12-11,F
AW00025044,1945-08-03,F
NASAW00025045,1953-02-21,Female
AW00025046,1940-08-06,M
AW00025047,1961-11-08,Female
AW00025048,1961-05-13,M
AW00025049,1954-01-27,M
NASAW00025050,1953-12-07,M
NASAW00025051,1961-02-28,Female
NASAW00025052,1953-11-23,F
AW00025053,1943-04-20,Male
AW00025054,1960-04-01,F
NASAW00025055,1961-11-02,F
NASAW00025056,1950-03-16,M
AW00025057,1943-08-26,F
AW00025058,1943-05-31,Male
AW00025059,1944-05-14,M
AW00025060,1943-11-28,
AW00025061,1956-10-12,M
NASAW00025062,1963-11-03,F
AW00025063,1957-06-09,Female
NASAW00025064,1942-10-09,Female
AW00025065,1941-01-10,Male
AW00025066,1959-03-26,Female
AW00025067,1944-08-11,F
AW00025068,1948-05-01,Female
AW00025069,1963-08-23,Male
AW00025070,1962-03-02,Female
AW00025071,1959-01-23,Male
NASAW00025072,1950-08-20,
AW00025073,1948-03-20,F
AW00025074,1953-03-09,Male
NASAW00025075,1946-03-05,M
AW00025076,1963-11-29,F
AW00025077,1963-02-15,Female
AW00025078,1961-12-26,M
NASAW00025079,1942-08-13,Female
AW00025080,1951-08-11,M
AW00025081,1943-03-01,M
AW00025082,1945-11-04,F
NASAW00025083,1946-02-24,F
NASAW00025084,1951-11-05,M
AW00025085,1943-04-30,Male
AW00025086,1948-03-13,M
AW00025087,1944-07-20,Male
AW00025088,1951-08-19,Female
AW00025089,1958-08-28,M
AW00025090,1956-02-07,Female
AW00025091,1959-04-30,M
AW00025092,1945-05-28,Male
AW00025093,1962-03-27,F
AW00025094,1953-08-14,Female
NASAW00025095,1940-07-06,
AW00025096,1954-07-11,Male
AW00025097,1946-11-02,Female
AW00025098,1953-01-27,Male
NASAW00025099,1958-09-11,F
NASAW00025100,1952-12-16,Female
AW00025101,1951-03-10,F
AW00025102,1957-12-24,Male
NASAW00025103,1947-03-20,Female
NASAW00025104,1950-08-02,Male
AW00025105,1945-02-11,F
AW00025106,1944-10-29,F
AW00025107,1959-01-27,Female
AW00025108,1956-07-23,F
NASAW00025109,1941-07-29,
AW00025110,1946-12-28,Male
AW00025111,1951-02-22,
AW00025112,1951-11-12,Female
AW00025113,1947-05-07,F
AW00025114,1947-09-05,F
AW00025115,1940-02-17,Female
NASAW00025116,1959-02-21,Female
AW00025117,1956-12-06,M
NASAW00025118,1946-08-19,Female
AW00025119,1947-11-06,M
AW00025120,1950-07-19,F
AW00025121,1950-05-27,M
NASAW00025122,1943-10-30,M
AW00025123,1944-12-21,Male
AW00025124,1947-10-22,Female
NASAW00025125,1948-07-07,M
AW00025126,1946-03-26,F
AW00025127,1960-07-12,Male
AW00025128,1962-10-03,Male
AW00025129,1960-06-17,M
AW00025130,1962-04-20,M
NASAW00025131,1943-06-27,F
AW00025132,1942-10-27,Male
AW00025133,1953-07-02,F
AW00025134,1952-07-02,M
AW00025135,1963-08-19,M
AW00025136,1943-04-12,F
NASAW00025137,1947-05-10,M
AW00025138,1955-08-16,Female
AW00025139,1949-03-11,F
AW00025140,1963-10-10,Female
AW00025141,1947-03-24,M
NASAW00025142,1943-03-30,Female
AW00025143,1957-03-12,F
AW00025144,1959-10-19,F
AW00025145,1963-02-23,Female
AW00025146,1950-07-24,Female
NASAW00025147,1948-11-20,F
AW00025148,1957-06-24,F
NASAW00025149,1957-09-02,Female
AW00025150,1962-03-20,M
AW00025151,1959-08-03,Male
AW00025152,1941-05-13,Male
AW00025153,1947-11-13,F
AW00025154,1955-01-20,Female
AW00025155,1946-07-14,M
AW00025156,1950-03-24,F
AW00025157,1960-09-22,F
AW00025158,1941-08-02,Male
AW00025159,1963-05-05,F
AW00025160,1941-08-31,Male
AW00025161,1943-01-03,Female
AW00025162,1958-10-15,Female
NASAW00025163,1952-06-25,Male
NASAW00025164,1943-09-08,F
AW00025165,1940-10-25,Female
AW00025166,1962-05-12,Female
AW00025167,1954-04-03,
AW00025168,1950-08-12,F
NASAW00025169,1942-10-20,M
AW00025170,1960-09-28,Female
NASAW00025171,1959-12-06,F
NASAW00025172,1957-03-19,Male
AW00025173,1953-08-24,F
AW00025174,1952-03-30,M
NASAW00025175,1952-10-08,Female
AW00025176,1941-04-01,
AW00025177,1956-03-14,F
AW00025178,1944-03-07,Female
AW00025179,1949-07-24,Female
AW00025180,1959-09-13,M
AW00025181,1961-07-04,Male
AW00025182,1957-09-06,F
AW00025183,1949-03-08,
NASAW00025184,1945-09-08,M
NASAW00025185,1943-03-04,F
NASAW00025186,1963-12-01,Female
AW00025187,1948-03-06,Male
AW00025188,1959-09-20,Female
NASAW00025189,1961-10-01,Male
AW00025190,1957-02-02,Female
AW00025191,1959-08-18,F
NASAW00025192,1947-09-12,Male
NASAW00025193,1956-04-27,Male
AW00025194,1963-01-14,F
AW00025195,1959-03-07,F
AW00025196,1940-06-29,Male
AW00025197,1944-08-22,M
AW00025198,1957-10-30,M
AW00025199,1959-12-17,Male
AW00025200,1962-08-12,Male
NASAW00025201,1950-09-27,F
AW00025202,1961-05-26,F
AW00025203,1951-01-02,Male
NASAW00025204,1953-03-22,Female
NASAW00025205,1948-08-29,F
AW00025206,1949-04-18,Female
NASAW00025207,1941-12-10,Male
NASAW00025208,1940-05-11,Female
AW00025209,1961-07-19,Female
AW00025210,1940-01-17,M
AW00025211,1940-09-07,Female
AW00025212,1956-08-31,M
NASAW00025213,1962-04-04,Male
AW00025214,1958-01-23,Male
AW00025215,1959-04-22,M
AW00025216,1949-11-19,F
NASAW00025217,1959-12-17,Female
AW00025218,1957-09-14,Male
AW00025219,1941-10-22,M
AW00025220,1950-01-14,Male
AW00025221,1952-01-26,F
NASAW00025222,1951-06-12,M
AW00025223,1949-01-05,
NASAW00025224,1950-02-20,F
AW00025225,2032-01-01,F
AW00025226,1951-01-24,F
AW00025227,1944-04-17,F
AW00025228,1962-11-29,M
NASAW00025229,1949-02-03,F
AW00025230,1957-11-08,Female
NASAW00025231,1963-05-11,M
AW00025232,1950-11-22,F
NASAW00025233,1947-04-04,F
NASAW00025234,1952-12-14,M
AW00025235,1945-03-23,Female
AW00025236,1963-06-02,F
AW00025237,1946-04-15,Male
NASAW00025238,1942-08-23,F
AW00025239,1955-10-22,F
AW00025240,1956-10-26,Female
NASAW00025241,1947-03-14,Male
AW00025242,1955-02-14,Female
AW00025243,1960-01-24,F
AW00025244,1943-11-22,Female
AW00025245,1946-04-22,Female
AW00025246,1950-10-08,Male
AW00025247,1953-01-10,Female
AW00025248,1943-04-11,Female
AW00025249,1950-04-08,
AW00025250,1948-12-30,F
AW00025251,1960-01-26,F
AW00025252,1961-11-12,Male
AW00025253,1962-03-15,Female
NASAW00025254,1961-02-17,F
NASAW00025255,1963-08-27,M
AW00025256,1955-05-05,M
AW00025257,1953-02-04,F
AW00025258,1944-10-20,F
AW00025259,1945-03-18,Female
AW00025260,1945-04-11,Male
AW00025261,1949-02-16,Male
AW00025262,1959-10-31,
AW00025263,1947-07-06,Male
AW00025264,1943-11-04,F
NASAW00025265,1947-10-10,Male
AW00025266,1956-10-15,M
AW00025267,1953-02-08,M
AW00025268,1954-12-22,Male
AW00025269,1963-12-13,Female
AW00025270,1949-01-16,M
AW00025271,1951-06-05,F
AW00025272,1945-10-08,Male
AW00025273,1957-03-03,Male
AW00025274,1960-04-20,M
AW00025275,1950-04-16,F
NASAW00025276,1963-09-30,F
AW00025277,1953-12-29,M
AW00025278,1952-11-26,Male
AW00025279,1948-06-28,Female
AW00025280,1943-05-01,Male
AW00025281,1958-12-12,
NASAW00025282,1957-07-17,F
AW00025283,1949-05-16,F
AW00025284,1957-06-26,M
AW00025285,1943-07-03,
AW00025286,1952-04-08,Female
AW00025287,1947-07-13,Male
NASAW00025288,1962-09-07,Female
AW00025289,1963-10-13,F
NASAW00025290,1958-08-01,Female
AW00025291,1953-01-28,Male
AW00025292,1959-09-27,M
AW00025293,1946-02-07,F
AW00025294,1954-04-06,Female
AW00025295,1955-03-27,M
AW00025296,1963-04-02,Male
AW00025297,1941-01-15,F
AW00025298,1944-07-06,F
NASAW00025299,1960-05-03,Male
NASAW00025300,1940-11-06,Male
AW00025301,1949-07-18,Female
AW00025302,1945-03-04,Female
AW00025303,1953-07-15,Male
AW00025304,1957-10-29,Male
AW00025305,1941-02-06,Female
AW00025306,1956-06-30,Female
NASAW00025307,1950-02-08,M
AW00025308,1958-05-21,F
NASAW00025309,1941-06-15,M
AW00025310,1954-07-04,Female
NASAW00025311,1949-03-19,M
AW00025312,1946-07-10,Male
AW00025313,1948-04-14,M
AW00025314,1954-03-10,Male
AW00025315,1962-02-22,Female
AW00025316,1952-05-26,Female
AW00025317,1962-01-15,M
AW00025318,1941-01-06,Male
AW00025319,1956-10-17,F
AW00025320,1957-04-27,Male
AW00025321,1962-08-05,F
AW00025322,1962-10-23,M
AW00025323,1946-03-13,M
AW00025324,1948-11-16,Male
NASAW00025325,1950-03-10,M
AW00025326,1945-02-13,Male
AW00025327,1962-09-09,F
NASAW00025328,1959-01-16,
AW00025329,1943-10-24,Female
AW00025330,1943-05-14,Male
AW00025331,1949-07-26,M
AW00025332,1943-04-05,Female
NASAW00025333,1943-09-25,Female
AW00025334,1950-04-23,M
NASAW00025335,1945-07-24,M
AW00025336,1960-03-11,
NASAW00025337,1945-04-24,M
AW00025338,1950-09-15,F
AW00025339,1940-12-17,F
AW00025340,1962-12-22,Male
NASAW00025341,1943-01-30,
AW00025342,1951-03-31,Male
AW00025343,1948-11-24,Male
NASAW00025344,1953-07-28,M
AW00025345,1949-03-06,F
AW00025346,1956-03-04,Female
AW00025347,1944-05-31,M
AW00025348,1947-02-19,M
AW00025349,1940-12-21,Male
AW00025350,1947-10-12,Male
NASAW00025351,1957-07-31,Male
NASAW00025352,1944-08-17,F
AW00025353,1960-02-20,F
AW00025354,1947-11-13,Male
NASAW00025355,1941-03-15,F
AW00025356,1944-02-26,F
NASAW00025357,1957-02-26,M
NASAW00025358,1942-10-01,
AW00025359,1955-12-25,F
AW00025360,1948-05-31,Male
AW00025361,1956-04-10,F
AW00025362,1957-07-04,Male
AW00025363,1941-11-02,M
AW00025364,1947-06-12,Male
AW00025365,1949-07-06,Male
NASAW00025366,1948-03-10,
AW00025367,1961-05-02,Male
AW00025368,1944-11-03,F
AW00025369,1958-07-14,M
NASAW00025370,1957-10-17,Male
AW00025371,1958-01-03,Male
AW00025372,1950-11-15,F
AW00025373,1946-04-05,M
AW00025374,1940-01-25,M
AW00025375,1943-10-26,Female
AW00025376,1961-05-22,Male
AW00025377,1944-05-26,M
AW00025378,1958-06-20,F
NASAW00025379,1956-04-15,F
AW00025380,1962-11-10,Male
AW00025381,1947-02-26,Female
AW00025382,1949-05-26,
AW00025383,1946-07-14,F
AW00025384,1942-05-19,M
AW00025385,1962-11-22,M
NASAW00025386,1949-04-26,Female
NASAW00025387,1950-11-01,
AW00025388,1944-02-22,F
AW00025389,1940-02-09,M
NASAW00025390,1951-05-14,M
NASAW00025391,1940-05-31,F
AW00025392,1945-03-24,Male
AW00025393,1947-01-10,M
AW00025394,1945-03-10,M
AW00025395,1960-02-27,Male
NASAW00025396,1956-10-17,M
NASAW00025397,1962-03-12,Male
AW00025398,1946-01-13,
AW00025399,1961-09-05,F
AW00025400,1951-10-31,M
NASAW00025401,1945-04-02,F
NASAW00025402,1951-10-08,Female
AW00025403,1953-10-01,Male
AW00025404,1963-06-21,M
NASAW00025405,1963-07-19,Female
AW00025406,1958-01-16,M
AW00025407,1956-02-12,Female
AW00025408,1963-04-03,M
AW00025409,1941-01-20,Female
AW00025410,1962-09-15,F
NASAW00025411,1956-12-02,M
AW00025412,1949-05-20,F
AW00025413,1941-10-28,
AW00025414,1947-09-01,F
NASAW00025415,1958-10-22,Female
AW00025416,1960-10-01,M
NASAW00025417,1947-11-11,F
NASAW00025418,1950-02-09,Male
NASAW00025419,1945-09-10,Female
AW00025420,1957-02-07,Female
AW00025421,1959-09-13,M
AW00025422,1952-06-21,Female
AW00025423,1947-07-27,F
AW00025424,1946-03-25,Male
AW00025425,1940-11-02,Female
AW00025426,1943-04-01,F
NASAW00025427,1957-12-27,F
NASAW00025428,1949-02-09,M
AW00025429,1945-03-14,Female
NASAW00025430,1959-04-21,Male
AW00025431,1947-11-19,Male
AW00025432,1946-03-27,F
AW00025433,1945-12-18,Female
AW00025434,1958-05-09,Female
AW00025435,1959-04-20,Male
AW00025436,1950-08-10,Male
NASAW00025437,1941-10-15,M
AW00025438,1959-03-27,Female
AW00025439,1949-01-11,F
AW00025440,1956-11-07,Female
AW00025441,1952-08-30,F
AW00025442,1946-02-04,Female
NASAW00025443,1956-02-01,Female
NASAW00025444,1963-04-13,Male
NASAW00025445,1955-07-02,Female
AW00025446,1954-07-06,F
AW00025447,1948-02-24,Male
AW00025448,1945-12-26,Female
AW00025449,1941-06-13,Male
AW00025450,1958-05-27,
AW00025451,1960-07-18,M
AW00025452,1947-10-07,Female
AW00025453,2036-01-01,Female
AW00025454,1942-08-09,M
AW00025455,1947-01-30,Male
AW00025456,1940-03-17,M
AW00025457,1951-11-27,Female
AW00025458,1946-04-30,M
AW00025459,1960-10-20,Female
AW00025460,1956-11-30,M
AW00025461,1940-05-16,Male
AW00025462,1959-05-08,Female
AW00025463,1954-05-07,M
AW00025464,1958-02-04,Female
AW00025465,1955-12-08,M
NASAW00025466,1950-11-16,F
NASAW00025467,1949-01-23,Male
NASAW00025468,1943-07-04,Female
AW00025469,1961-01-14,M
AW00025470,1949-10-26,F
NASAW00025471,1948-08-06,F
AW00025472,1945-02-05,Male
AW00025473,1952-12-25,
AW00025474,1961-06-29,Female
AW00025475,1940-10-05,Female
AW00025476,1963-07-11,F
AW00025477,1962-04-26,F
NASAW00025478,1946-03-30,F
NASAW00025479,1942-02-02,M
AW00025480,1940-06-08,M
AW00025481,1950-04-13,Female
AW00025482,1957-03-31,Female
NASAW00025483,1962-01-09,Male
AW00025484,1948-02-25,M
NASAW00025485,1963-02-02,Male
AW00025486,1948-04-02,F
AW00025487,1947-05-31,Female
AW00025488,1941-11-25,Female
NASAW00025489,1957-08-12,F
AW00025490,1960-11-24,F
AW00025491,1962-06-01,M
AW00025492,1953-04-04,M
AW00025493,1948-05-22,F
AW00025494,1956-05-13,M
NASAW00025495,1959-01-28,Male
AW00025496,1959-03-29,M
AW00025497,1951-03-20,F
AW00025498,1948-07-30,Male
AW00025499,1954-11-19,M
AW00025500,1957-01-27,Male
NASAW00025501,1961-10-25,Male
AW00025502,1961-08-07,Male
NASAW00025503,1951-05-25,F
AW00025504,1943-01-09,M
AW00025505,1945-04-23,Female
AW00025506,1950-06-25,M
AW00025507,1961-08-12,Male
AW00025508,1947-03-29,F
AW00025509,1961-08-20,M
AW00025510,1957-05-21,Male
NASAW00025511,1958-06-26,Female
AW00025512,1953-05-18,M
NASAW00025513,1940-01-02,M
AW00025514,1942-05-16,M
AW00025515,1946-11-25,F
NASAW00025516,1954-10-28,F
NASAW00025517,1957-06-01,Female
NASAW00025518,1949-11-02,Male
AW00025519,1940-04-27,M
AW00025520,1955-11-25,Male
AW00025521,1962-06-15,M
AW00025522,1963-09-04,M
AW00025523,1941-09-04,Female
AW00025524,1953-06-21,Male
AW00025525,1940-02-26,F
AW00025526,1945-05-08,M
AW00025527,1945-08-28,M
AW00025528,1956-10-26,F
AW00025529,1955-04-10,Female
NASAW00025530,1955-09-21,F
AW00025531,1948-10-17,F
AW00025532,1941-06-21,F
NASAW00025533,1948-12-25,M
AW00025534,1941-06-14,
NASAW00025535,1955-01-26,Female
NASAW00025536,1956-09-26,M
NASAW00025537,1954-11-12,Male
AW00025538,1956-03-13,Female
AW00025539,1941-05-07,Female
AW00025540,1957-03-07,Female
AW00025541,1956-03-06,F
AW00025542,1956-01-26,M
AW00025543,1951-12-07,Female
AW00025544,1961-07-07,F
AW00025545,1944-05-03,Male
NASAW00025546,1952-11-19,Female
AW00025547,1961-03-22,M
NASAW00025548,1942-06-11,Male
AW00025549,1942-10-08,Female
AW00025550,1962-07-30,Male
NASAW00025551,1944-07-05,Female
AW00025552,1947-02-18,Female
AW00025553,1947-08-30,F
AW00025554,1952-07-16,F
NASAW00025555,1958-07-22,Female
NASAW00025556,1940-04-18,Female
AW00025557,1960-07-09,Female
AW00025558,1952-05-02,Female
AW00025559,1949-01-08,Female
AW00025560,1940-02-06,Female
AW00025561,1946-10-01,Male
NASAW00025562,1946-02-21,Male
NASAW00025563,1958-05-23,M
AW00025564,1940-12-26,F
AW00025565,1947-06-27,M
AW00025566,1962-05-29,F
AW00025567,1948-05-22,M
NASAW00025568,1942-08-11,Female
AW00025569,1947-11-26,Male
AW00025570,1962-11-19,M
AW00025571,1957-03-13,F
AW00025572,1960-03-10,F
AW00025573,1949-01-16,
NASAW00025574,1947-08-21,
NASAW00025575,1945-05-01,Male
AW00025576,1956-04-12,F
AW00025577,1943-01-12,Female
AW00025578,1957-05-10,Male
AW00025579,1946-07-06,M
NASAW00025580,1942-08-09,Male
AW00025581,1959-11-20,F
NASAW00025582,1940-11-05,M
AW00025583,1946-05-25,Female
NASAW00025584,1955-02-18,M
AW00025585,1959-05-27,M
AW00025586,1943-12-05,Female
AW00025587,1947-06-02,Female
AW00025588,1952-06-16,M
AW00025589,1944-12-02,Female
NASAW00025590,1954-06-16,Female
AW00025591,1955-07-10,Female
AW00025592,1963-07-08,Female
AW00025593,1950-11-02,F
AW00025594,1954-07-28,Male
AW00025595,1962-07-21,Female
AW00025596,1945-08-05,Male
AW00025597,1948-06-30,Female
AW00025598,1947-02-28,F
AW00025599,1947-06-24,Male
AW00025600,1943-03-25,M
AW00025601,1950-03-17,
AW00025602,1944-10-20,Male
AW00025603,1955-04-24,Female
NASAW00025604,1962-03-13,M
AW00025605,1955-11-22,F
AW00025606,1944-12-17,Female
AW00025607,1960-02-22,Male
AW00025608,1952-06-13,F
NASAW00025609,1953-05-05,Male
AW00025610,1941-10-04,Female
AW00025611,1942-10-31,
NASAW00025612,1951-03-07,F
AW00025613,1960-07-08,F
AW00025614,1944-04-16,Female
AW00025615,1951-06-16,F
AW00025616,1942-07-10,Female
AW00025617,1947-09-20,Male
AW00025618,1942-11-02,Female
NASAW00025619,1952-09-10,M
NASAW00025620,1944-10-08,Male
AW00025621,1944-01-01,F
AW00025622,1954-07-16,M
AW00025623,1950-11-18,M
AW00025624,1963-02-24,M
AW00025625,1961-05-13,Male
AW00025626,1953-12-08,Female
NASAW00025627,1957-06-22,Female
NASAW00025628,1947-11-10,F
NASAW00025629,1962-01-26,M
NASAW00025630,1945-07-30,Male
AW00025631,1959-11-26,Male
AW00025632,1958-08-11,F
NASAW00025633,1951-08-11,F
AW00025634,1950-01-01,M
AW00025635,1953-12-21,Female
NASAW00025636,1959-08-05,Male
NASAW00025637,1946-09-25,M
AW00025638,1944-07-09,M
NASAW00025639,1947-05-06,F
AW00025640,1959-05-17,Male
AW00025641,1947-11-01,M
AW00025642,1942-10-22,Male
AW00025643,1963-10-11,Female
NASAW00025644,1941-03-30,F
AW00025645,1953-06-18,F
AW00025646,1956-01-20,Female
AW00025647,1958-05-03,F
NASAW00025648,1946-07-04,F
AW00025649,1949-01-05,M
AW00025650,1952-06-08,F
AW00025651,1942-10-31,Female
AW00025652,1954-06-25,Female
AW00025653,1952-09-14,F
NASAW00025654,1950-12-06,M
NASAW00025655,1940-05-05,Male
AW00025656,1955-07-28,F
AW00025657,1958-02-03,Female
AW00025658,1944-06-02,Male
AW00025659,1944-03-16,M
AW00025660,1942-05-26,F
AW00025661,1942-10-08,M
AW00025662,1955-02-19,M
AW00025663,1950-07-02,F
AW00025664,1954-11-14,M
AW00025665,1943-11-13,M
NASAW00025666,1944-11-05,M
AW00025667,1955-09-04,Female
NASAW00025668,1942-04-27,Female
NASAW00025669,1941-01-03,F
AW00025670,1946-05-27,Male
AW00025671,1951-10-30,Female
NASAW00025672,1943-12-18,Female
AW00025673,1962-01-12,Male
NASAW00025674,1954-04-29,F
AW00025675,1942-12-08,Male
AW00025676,1949-04-10,M
NASAW00025677,1951-06-08,M
AW00025678,1951-10-30,Female
NASAW00025679,1942-11-22,F
AW00025680,1940-12-04,M
NASAW00025681,1958-07-27,F
AW00025682,1954-08-14,Female
AW00025683,1960-06-08,M
AW00025684,1954-01-20,Female
AW00025685,1957-04-07,F
NASAW00025686,1963-12-05,
AW00025687,1942-01-21,F
NASAW00025688,1943-07-17,M
NASAW00025689,1949-10-17,F
NASAW00025690,1963-05-13,M
AW00025691,1949-01-02,M
NASAW00025692,1952-01-06,Male
AW00025693,1952-04-17,Female
AW00025694,1948-04-15,Female
NASAW00025695,1941-09-13,Female
NASAW00025696,1952-03-26,M
AW00025697,1944-07-15,F
AW00025698,1951-08-17,M
AW00025699,1949-10-31,Male
NASAW00025700,1943-06-26,M
AW00025701,1953-11-19,M
AW00025702,1943-04-10,Female
NASAW00025703,1944-06-11,M
NASAW00025704,1957-05-17,M
NASAW00025705,1959-02-20,M
AW00025706,1954-11-15,M
AW00025707,1962-03-04,Male
NASAW00025708,1955-09-15,Male
AW00025709,1962-07-27,
NASAW00025710,1949-01-29,Female
AW00025711,1950-03-22,Male
AW00025712,1959-02-08,F
AW00025713,1943-08-04,M
AW00025714,1959-01-11,Male
AW00025715,1959-01-29,F
NASAW00025716,1959-11-02,Female
NASAW00025717,1944-03-16,M
NASAW00025718,1943-05-26,M
AW00025719,1944-02-02,Female
NASAW00025720,1961-09-11,F
AW00025721,1953-10-19,F
AW00025722,1962-08-11,M
NASAW00025723,1947-11-21,M
AW00025724,1962-03-10,M
AW00025725,1963-11-25,M
AW00025726,1954-03-31,M
AW00025727,1942-01-29,Female
AW00025728,1952-06-16,M
AW00025729,1943-07-16,Female
AW00025730,1956-06-02,F
NASAW00025731,1951-09-10,F
AW00025732,1957-11-30,Female
AW00025733,1962-11-14,Male
NASAW00025734,1947-11-20,F
AW00025735,1958-03-10,Female
AW00025736,1947-10-14,F
NASAW00025737,1961-03-16,F
NASAW00025738,1951-08-23,M
NASAW00025739,1949-02-09,M
AW00025740,1942-08-14,M
NASAW00025741,1958-01-25,Male
AW00025742,1940-06-25,M
AW00025743,1945-05-24,M
NASAW00025744,1954-03-14,Male
NASAW00025745,1960-01-09,Female
NASAW00025746,1948-08-16,Female
NASAW00025747,1947-07-16,F
AW00025748,1947-01-29,F
NASAW00025749,1941-02-18,F
AW00025750,1954-07-28,Female
NASAW00025751,1943-01-04,M
AW00025752,1946-04-24,F
AW00025753,1955-02-21,M
NASAW00025754,1956-09-21,F
AW00025755,1946-12-19,Male
NASAW00025756,1951-05-20,Male
AW00025757,1957-03-31,M
AW00025758,1954-02-12,F
AW00025759,1947-03-16,Male
NASAW00025760,1953-07-15,F
NASAW00025761,1951-12-06,Male
AW00025762,1950-04-22,Female
NASAW00025763,1953-10-20,Female
NASAW00025764,1959-08-20,M
AW00025765,1950-08-17,Male
NASAW00025766,1954-04-06,
AW00025767,1961-05-26,M
AW00025768,1946-02-20,
NASAW00025769,1956-03-20,M
AW00025770,1949-11-15,F
AW00025771,1957-05-15,Female
NASAW00025772,1960-04-16,F
AW00025773,1963-08-21,M
AW00025774,1957-04-03,
NASAW00025775,1941-09-21,F
AW00025776,1942-03-20,Male
AW00025777,1959-01-05,Female
AW00025778,1948-01-03,Male
AW00025779,1954-07-18,M
NASAW00025780,1963-10-13,Male
AW00025781,1959-04-16,M
AW00025782,1953-01-18,F
AW00025783,1940-02-21,F
AW00025784,1957-01-19,F
NASAW00025785,1963-11-11,F
NASAW00025786,1951-01-02,Male
NASAW00025787,1950-04-06,Female
AW00025788,1944-04-17,M
AW00025789,1952-09-26,M
AW00025790,1958-06-08,Female
AW00025791,1959-03-10,F
NASAW00025792,1941-10-23,Male
AW00025793,1951-02-09,F
NASAW00025794,1956-10-06,Male
AW00025795,1947-06-30,Male
NASAW00025796,1941-02-10,
AW00025797,1940-09-07,Male
AW00025798,1942-06-10,F
NASAW00025799,1944-11-09,Female
NASAW00025800,1948-12-23,M
AW00025801,1947-07-01,Female
NASAW00025802,1954-10-16,F
NASAW00025803,1951-07-18,Female
AW00025804,1948-05-21,
AW00025805,1945-01-14,M
AW00025806,1952-12-21,Male
NASAW00025807,1959-08-03,F
AW00025808,1940-02-13,M
NASAW00025809,1940-02-29,
NASAW00025810,1961-06-17,
AW00025811,1947-04-12,Female
AW00025812,1959-10-04,Male
AW00025813,1957-03-07,Female
AW00025814,1942-10-02,Male
AW00025815,1949-08-23,M
NASAW00025816,1960-04-30,Female
NASAW00025817,1951-10-15,Male
AW00025818,1962-09-16,F
AW00025819,1943-05-08,Female
AW00025820,1944-01-10,Male
AW00025821,1945-01-07,Male
NASAW00025822,1956-04-29,Female
AW00025823,1956-05-11,F
AW00025824,1946-03-11,Female
AW00025825,1952-08-22,Male
AW00025826,1948-03-05,Male
AW00025827,1940-07-05,Male
AW00025828,1963-02-16,F
AW00025829,1940-01-13,M
AW00025830,1953-08-02,M
AW00025831,1946-07-13,Male
AW00025832,1944-10-30,
AW00025833,1944-10-02,F
AW00025834,1959-09-19,Female
AW00025835,1948-01-14,F
AW00025836,1958-11-10,Female
AW00025837,1947-07-21,Female
AW00025838,1954-11-13,Male
AW00025839,1942-11-20,M
AW00025840,1940-09-12,Male
NASAW00025841,1941-10-21,Female
NASAW00025842,1949-12-21,Female
AW00025843,1940-07-25,Male
AW00025844,1940-01-26,Female
NASAW00025845,1953-07-21,M
AW00025846,1956-12-22,
AW00025847,1940-06-05,F
AW00025848,1955-09-19,M
AW00025849,1942-01-14,Female
AW00025850,1963-09-03,M
NASAW00025851,1955-12-08,M
AW00025852,1943-06-27,
NASAW00025853,1953-11-16,Male
NASAW00025854,1943-03-25,Male
AW00025855,1942-01-15,F
NASAW00025856,1956-01-24,Female
AW00025857,1961-09-11,F
NASAW00025858,1941-04-05,M
AW00025859,1947-07-09,F
AW00025860,2033-01-01,Male
NASAW00025861,1951-01-29,M
NASAW00025862,1960-03-15,
AW00025863,1961-12-16,Male
AW00025864,1945-03-09,F
NASAW00025865,1952-04-05,F
AW00025866,1952-12-31,M
AW00025867,1950-12-27,Female
AW00025868,1949-12-03,M
AW00025869,1948-01-03,M
AW00025870,1954-06-24,Male
NASAW00025871,1958-08-17,M
AW00025872,1950-03-04,F
NASAW00025873,1947-04-05,F
NASAW00025874,1959-08-14,F
NASAW00025875,1962-10-21,M
AW00025876,1951-03-17,Female
NASAW00025877,1952-02-22,F
AW00025878,1954-05-06,
NASAW00025879,1961-02-27,M
AW00025880,1950-05-02,Male
NASAW00025881,1957-04-30,M
AW00025882,1945-09-18,Female
AW00025883,1949-06-09,Male
AW00025884,1944-01-26,F
AW00025885,1960-05-15,M
AW00025886,1957-11-06,Female
AW00025887,1960-08-16,M
AW00025888,1958-01-11,M
AW00025889,1963-06-17,Male
AW00025890,1940-05-03,Male
AW00025891,1961-12-25,Male
NASAW00025892,1950-10-12,F
NASAW00025893,1942-04-28,Male
AW00025894,1953-10-28,M
AW00025895,1944-06-26,Female
AW00025896,1943-06-05,M
AW00025897,1947-07-11,F
NASAW00025898,1950-06-28,Male
AW00025899,1962-11-07,F
AW00025900,1954-12-15,M
AW00025901,1948-05-21,Male
AW00025902,1947-08-18,Female
AW00025903,1949-03-07,F
AW00025904,1949-09-14,F
AW00025905,1953-02-08,Female
NASAW00025906,1955-01-20,Male
AW00025907,1952-05-13,Male
NASAW00025908,1959-10-05,F
AW00025909,1945-02-17,Female
AW00025910,1941-02-04,F
AW00025911,1951-04-19,M
NASAW00025912,1957-06-05,M
AW00025913,1956-10-20,Male
AW00025914,1947-04-05,Female
AW00025915,1945-10-28,F
AW00025916,1950-02-03,Male
AW00025917,1958-02-14,M
NASAW00025918,1960-09-18,M
AW00025919,1960-06-02,M
AW00025920,1949-04-22,M
AW00025921,1942-11-22,Male
AW00025922,1943-12-12,M
AW00025923,1940-08-31,M
AW00025924,1944-07-04,Male
NASAW00025925,1951-05-10,Male
AW00025926,1955-06-13,M
NASAW00025927,1940-03-07,Female
AW00025928,1954-06-29,Male
AW00025929,1943-01-13,Female
NASAW00025930,1955-05-26,Male
AW00025931,1954-08-02,M
AW00025932,1963-11-23,M
AW00025933,1963-11-26,M
AW00025934,1951-05-11,M
AW00025935,1961-08-23,Male
AW00025936,1961-07-23,F
AW00025937,1957-12-15,Male
AW00025938,1949-11-06,Male
AW00025939,2036-01-01,Female
AW00025940,1940-10-30,M
AW00025941,1958-04-06,M
AW00025942,1956-09-10,Male
AW00025943,1961-10-22,Male
AW00025944,1943-09-27,M
AW00025945,1950-07-22,Male
AW00025946,1960-09-15,Female
NASAW00025947,1940-07-24,F
AW00025948,1963-04-30,F
AW00025949,1940-12-05,M
AW00025950,1961-08-02,Female
NASAW00025951,1952-11-23,M
AW00025952,1958-01-23,M
NASAW00025953,1958-05-10,Female
AW00025954,1955-01-28,M
AW00025955,1955-10-09,Male
AW00025956,1941-12-21,F
AW00025957,1961-05-21,M
NASAW00025958,1958-05-17,F
NASAW00025959,1942-12-17,Female
AW00025960,1958-07-01,M
AW00025961,1945-03-02,
AW00025962,1945-08-21,F
AW00025963,1944-07-25,Female
NASAW00025964,1962-09-18,M
AW00025965,1941-01-08,M
AW00025966,1940-09-13,Male
NASAW00025967,1944-04-02,F
AW00025968,1951-01-31,Female
AW00025969,1943-03-26,F
AW00025970,1940-06-12,Male
AW00025971,1957-04-05,
AW00025972,1957-05-22,F
AW00025973,1960-09-24,Male
NASAW00025974,1946-10-19,Female
AW00025975,1961-09-16,F
NASAW00025976,1962-09-03,
AW00025977,1959-06-26,Male
AW00025978,1946-09-06,Female
AW00025979,1955-12-11,Male
AW00025980,1940-01-19,F
NASAW00025981,1949-03-13,F
AW00025982,1959-07-26,M
NASAW00025983,1952-01-09,F
AW00025984,1957-03-14,Female
NASAW00025985,1959-01-25,F
NASAW00025986,1950-09-28,F
AW00025987,1955-12-14,Female
NASAW00025988,1949-08-30,F
AW00025989,1961-01-07,Female
AW00025990,1957-08-17,Male
AW00025991,1940-04-10,Female
NASAW00025992,1959-08-04,Male
AW00025993,1954-03-02,Male
AW00025994,1940-09-26,M
AW00025995,1959-03-13,Male
AW00025996,1960-12-24,Female
AW00025997,1958-11-12,Male
AW00025998,1954-02-13,M
AW00025999,1955-02-09,Male
AW00026000,1952-09-24,M
AW00026001,1949-06-02,M
NASAW00026002,1950-09-30,M
AW00026003,1959-09-10,F
AW00026004,1962-02-28,Male
AW00026005,1946-08-22,M
NASAW00026006,1953-12-20,Female
NASAW00026007,1946-03-31,Female
AW00026008,1954-03-05,Female
AW00026009,1941-04-21,F
NASAW00026010,1943-08-17,M
AW00026011,1962-11-03,F
AW00026012,1946-11-20,Male
AW00026013,1946-06-23,
NASAW00026014,1963-07-03,F
AW00026015,1940-09-03,Female
AW00026016,1955-02-16,Female
AW00026017,1940-03-21,M
AW00026018,1946-09-20,Male
NASAW00026019,1955-06-26,Male
AW00026020,1962-06-25,M
AW00026021,1957-08-24,Male
AW00026022,1942-01-10,F
AW00026023,1954-10-22,M
AW00026024,1947-03-15,Female
AW00026025,1956-05-23,Female
NASAW00026026,1952-04-03,M
NASAW00026027,1952-12-11,Male
AW00026028,1943-07-31,Female
AW00026029,1959-12-14,Female
NASAW00026030,1962-01-18,M
AW00026031,1944-07-26,F
AW00026032,1951-02-10,F
AW00026033,1958-12-06,
NASAW00026034,1942-07-21,F
AW00026035,1945-03-20,
AW00026036,1949-02-03,F
AW00026037,1952-07-14,Male
AW00026038,1951-05-01,Male
NASAW00026039,1956-05-23,Female
AW00026040,1948-07-23,Female
AW00026041,1946-05-31,F
NASAW00026042,1950-04-26,Male
NASAW00026043,1949-12-12,Male
AW00026044,1947-01-16,F
AW00026045,1945-02-22,Female
NASAW00026046,1944-01-14,M
NASAW00026047,1949-06-06,Male
NASAW00026048,1941-03-16,
NASAW00026049,1942-09-06,Male
AW00026050,1940-12-06,M
AW00026051,1940-06-10,Female
AW00026052,1960-05-10,M
NASAW00026053,1960-07-30,Male
AW00026054,1948-06-02,Female
AW00026055,1963-11-03,Male
NASAW00026056,1948-05-12,M
AW00026057,1940-06-18,Male
NASAW00026058,1940-03-07,M
AW00026059,1940-02-15,Male
AW00026060,1955-09-25,M
NASAW00026061,1957-03-21,M
AW00026062,1945-10-15,M
AW00026063,1943-04-03,Female
AW00026064,1961-07-19,Male
AW00026065,1960-10-22,Female
NASAW00026066,1960-05-09,F
AW00026067,1960-04-13,Male
AW00026068,1951-10-07,F
AW00026069,1953-02-17,Male
AW00026070,1943-07-06,Female
AW00026071,1955-03-16,M
AW00026072,1952-10-23,Female
AW00026073,1946-12-06,F
AW00026074,1960-06-16,Female
AW00026075,1950-02-28,F
AW00026076,1942-08-05,F
AW00026077,1951-11-28,M
NASAW00026078,1955-07-15,Male
NASAW00026079,2040-01-01,Female
AW00026080,1952-06-13,M
AW00026081,1963-03-23,F
AW00026082,1963-05-08,M
NASAW00026083,1959-03-16,M
AW00026084,1942-11-03,F
NASAW00026085,1942-12-16,Male
NASAW00026086,1948-11-04,F
NASAW00026087,1961-10-18,Male
NASAW00026088,1956-10-24,Male
NASAW00026089,1946-10-09,Male
AW00026090,1961-06-13,Male
AW00026091,1950-08-16,Male
AW00026092,1942-06-07,Male
AW00026093,1945-03-20,Male
NASAW00026094,1962-04-13,F
NASAW00026095,1961-11-06,Male
AW00026096,1941-12-10,F
NASAW00026097,1952-05-07,F
NASAW00026098,1951-04-02,Female
AW00026099,1940-07-13,F
AW00026100,1942-08-10,M
AW00026101,1948-04-09,Female
AW00026102,1959-07-28,F
AW00026103,1963-07-18,Male
AW00026104,1948-02-26,F
NASAW00026105,1955-05-05,Male
AW00026106,1953-12-01,Male
NASAW00026107,1963-05-14,F
AW00026108,1951-10-26,F
AW00026109,1948-05-07,Female
AW00026110,1954-12-26,Male
AW00026111,1956-10-13,Male
AW00026112,2035-01-01,Female
AW00026113,1950-08-12,Male
NASAW00026114,1940-07-06,M
AW00026115,1955-12-20,Female
AW00026116,1961-07-28,Female
AW00026117,1947-02-26,Female
NASAW00026118,1952-02-01,F
AW00026119,1953-07-07,Male
NASAW00026120,1958-07-21,Male
NASAW00026121,1960-03-02,Male
NASAW00026122,1943-02-12,Female
AW00026123,1949-03-25,
AW00026124,1947-08-20,Female
AW00026125,1949-07-20,M
AW00026126,1948-01-25,Female
AW00026127,1963-03-24,Female
AW00026128,1954-08-17,F
NASAW00026129,1941-01-30,Female
AW00026130,1953-02-13,F
AW00026131,1957-12-22,M
AW00026132,1955-07-21,M
AW00026133,1943-03-23,Male
AW00026134,1943-12-01,Male
NASAW00026135,1956-02-16,Male
AW00026136,1958-12-08,Male
AW00026137,1955-01-15,F
NASAW00026138,1952-12-16,Female
AW00026139,1951-06-12,Male
AW00026140,1960-07-27,Female
AW00026141,1953-08-30,Male
AW00026142,1945-02-20,M
AW00026143,1942-05-20,
AW00026144,1950-08-30,Female
NASAW00026145,1943-09-03,Male
NASAW00026146,1946-02-06,F
AW00026147,1957-03-10,F
NASAW00026148,1958-04-25,Male
AW00026149,1958-07-29,Female
AW00026150,1963-06-30,Male
NASAW00026151,1958-08-19,M
AW00026152,1962-09-06,Male
NASAW00026153,1949-09-18,F
NASAW00026154,1941-10-18,Male
AW00026155,1944-02-06,M
NASAW00026156,1961-08-02,M
AW00026157,1943-04-07,Male
AW00026158,1941-11-03,M
AW00026159,1954-08-20,F
AW00026160,1958-08-27,Male
AW00026161,1946-11-04,F
AW00026162,1957-03-09,F
AW00026163,1945-06-25,Female
AW00026164,1958-04-22,M
AW00026165,1948-12-27,Male
AW00026166,1952-06-26,F
AW00026167,1959-10-18,F
AW00026168,1959-06-16,M
AW00026169,1962-05-17,F
NASAW00026170,1951-12-19,Male
AW00026171,1946-05-29,Female
AW00026172,1947-01-17,Female
AW00026173,1954-07-20,Female
AW00026174,1944-05-10,M
NASAW00026175,1943-11-24,F
AW00026176,1951-07-19,M
AW00026177,1955-12-05,M
AW00026178,1947-11-26,Female
AW00026179,1951-01-03,Male
NASAW00026180,1946-02-01,F
AW00026181,1959-11-24,F
AW00026182,1953-09-29,Female
NASAW00026183,1956-08-29,Female
NASAW00026184,1955-09-09,Female
AW00026185,1955-07-12,M
AW00026186,1962-01-02,M
NASAW00026187,1956-01-15,Male
AW00026188,1951-12-24,M
AW00026189,1954-01-18,F
NASAW00026190,1959-09-23,Female
AW00026191,1961-01-26,Female
AW00026192,1940-04-30,M
AW00026193,1957-09-20,Female
NASAW00026194,1959-02-08,Female
AW00026195,1963-08-04,M
AW00026196,1948-02-08,Male
NASAW00026197,1954-01-23,Male
AW00026198,1962-04-17,Male
NASAW00026199,1958-09-19,
NASAW00026200,1951-10-16,M
AW00026201,1945-10-20,F
NASAW00026202,1949-04-20,F
NASAW00026203,1963-11-17,Female
AW00026204,1942-02-05,Male
NASAW00026205,1940-10-12,F
AW00026206,1950-08-13,Male
NASAW00026207,1959-01-15,
AW00026208,1941-12-07,Male
AW00026209,1947-07-28,F
AW00026210,1941-10-22,Female
AW00026211,1952-05-21,F
NASAW00026212,1942-03-10,Male
AW00026213,1942-04-22,Male
AW00026214,1942-09-05,
AW00026215,1961-09-30,Male
NASAW00026216,1943-05-04,F
AW00026217,1962-04-20,Male
NASAW00026218,1962-06-13,Male
AW00026219,1954-06-18,F
AW00026220,1954-09-23,M
AW00026221,1948-09-22,F
AW00026222,1945-08-17,Female
NASAW00026223,1960-02-07,Male
AW00026224,1955-08-15,F
NASAW00026225,1954-12-25,F
AW00026226,1954-01-16,Female
AW00026227,1944-10-29,Female
AW00026228,1951-08-19,M
AW00026229,1955-06-11,Female
NASAW00026230,1940-12-03,Female
NASAW00026231,1940-04-20,Male
NASAW00026232,1940-05-24,M
NASAW00026233,1943-07-07,F
AW00026234,1956-11-08,Male
AW00026235,1962-02-26,Female
NASAW00026236,1957-05-24,M
AW00026237,1956-12-30,Male
AW00026238,1943-05-06,F
AW00026239,1941-05-09,Male
NASAW00026240,1953-08-06,
AW00026241,1947-08-01,
AW00026242,1952-07-13,M
AW00026243,1959-07-15,M
AW00026244,1954-07-03,F
AW00026245,1960-12-30,M
AW00026246,1958-05-15,Female
AW00026247,1961-12-31,M
NASAW00026248,1953-08-06,F
AW00026249,1954-10-31,M
AW00026250,1949-05-12,F
AW00026251,1940-12-08,F
NASAW00026252,1941-07-30,F
AW00026253,1961-02-03,Male
AW00026254,1957-11-19,Male
NASAW00026255,1958-12-23,F
AW00026256,1956-12-06,Female
NASAW00026257,1955-01-29,Female
NASAW00026258,1957-06-17,M
NASAW00026259,1946-01-07,Female
AW00026260,1958-12-25,Female
NASAW00026261,1956-11-24,Male
NASAW00026262,1949-03-31,Female
NASAW00026263,1959-06-15,Female
AW00026264,1942-07-25,Female
AW00026265,1954-09-04,
NASAW00026266,1944-04-23,F
AW00026267,1954-06-01,M
AW00026268,1942-09-08,F
AW00026269,1954-05-30,Female
NASAW00026270,1957-03-31,Male
AW00026271,1952-11-30,Female
AW00026272,1945-07-26,Male
AW00026273,1948-08-27,Male
AW00026274,1954-04-10,Male
NASAW00026275,1962-05-12,Female
AW00026276,1945-09-01,Female
AW00026277,1956-02-20,Male
AW00026278,1942-01-26,M
NASAW00026279,1953-08-27,F
NASAW00026280,1942-11-07,Female
AW00026281,1951-11-23,M
NASAW00026282,1942-08-23,F
NASAW00026283,1950-04-14,M
AW00026284,1947-07-14,Male
AW00026285,1950-07-13,F
AW00026286,1945-10-03,F
AW00026287,1950-08-10,M
AW00026288,1941-11-24,M
NASAW00026289,1956-03-08,M
AW00026290,1957-09-16,M
NASAW00026291,1956-05-15,F
NASAW00026292,1950-01-17,F
AW00026293,1940-11-17,M
AW00026294,1952-07-13,Male
AW00026295,1953-03-08,M
NASAW00026296,1962-11-20,M
AW00026297,1957-12-20,Female
NASAW00026298,1956-07-16,Female
AW00026299,1946-09-01,M
AW00026300,1961-12-07,M
AW00026301,1962-04-13,Female
AW00026302,1952-08-19,Female
NASAW00026303,1957-07-23,F
AW00026304,1946-07-05,F
AW00026305,1956-05-01,Male
NASAW00026306,1959-05-10,Male
AW00026307,1943-10-16,Female
AW00026308,1955-11-05,Male
NASAW00026309,1963-08-27,F
AW00026310,1961-04-15,Female
NASAW00026311,1958-07-17,Male
AW00026312,1956-12-18,F
NASAW00026313,1944-04-30,F
AW00026314,1961-08-28,Male
AW00026315,1958-01-04,Male
AW00026316,1945-05-06,Female
NASAW00026317,1956-12-01,Female
AW00026318,2034-01-01,Male
AW00026319,1941-04-24,M
AW00026320,1953-04-29,Male
AW00026321,1955-12-29,F
NASAW00026322,1945-10-15,M
AW00026323,1953-11-06,F
AW00026324,1941-08-21,Female
NASAW00026325,1949-12-19,M
NASAW00026326,1957-06-28,Female
NASAW00026327,1962-12-20,Female
AW00026328,1955-08-26,F
AW00026329,1958-01-30,F
AW00026330,1946-07-22,Male
AW00026331,1948-03-21,Female
AW00026332,1943-02-03,Female
AW00026333,1952-02-07,F
AW00026334,1963-03-09,
NASAW00026335,1956-08-11,M
AW00026336,1948-10-04,F
NASAW00026337,1953-02-26,F
AW00026338,1957-12-06,
AW00026339,1958-05-16,M
AW00026340,1960-11-29,F
AW00026341,1944-06-09,M
AW00026342,1947-06-19,Female
AW00026343,1963-05-20,Male
AW00026344,1950-11-25,Male
AW00026345,1957-06-29,Male
AW00026346,1950-08-03,Female
AW00026347,1958-10-10,Male
AW00026348,1954-12-16,Female
AW00026349,1956-01-21,Female
AW00026350,1959-03-26,Male
AW00026351,1961-08-10,M
AW00026352,1962-10-09,Female
NASAW00026353,1953-05-04,Female
NASAW00026354,1947-07-30,M
AW00026355,1960-12-29,F
AW00026356,1942-05-09,M
AW00026357,1950-10-21,
NASAW00026358,1954-06-14,Male
NASAW00026359,1942-12-12,Male
AW00026360,1956-06-05,M
AW00026361,1948-05-23,Female
NASAW00026362,1945-10-05,Male
AW00026363,1955-08-28,F
NASAW00026364,1953-02-18,Male
AW00026365,1957-02-21,F
NASAW00026366,1951-05-03,Male
NASAW00026367,1943-10-12,Male
AW00026368,1940-03-20,Female
AW00026369,1956-12-28,F
AW00026370,1943-02-24,M
AW00026371,1954-10-04,Female
AW00026372,1956-07-16,Female
AW00026373,1942-10-13,Female
NASAW00026374,1949-01-30,F
AW00026375,1948-09-25,F
NASAW00026376,1954-11-03,Female
AW00026377,1942-08-05,Female
AW00026378,1959-03-15,F
NASAW00026379,1959-08-24,M
AW00026380,1947-05-09,Female
NASAW00026381,1958-05-24,Female
AW00026382,1941-08-29,
AW00026383,1945-04-14,M
AW00026384,1955-05-08,M
AW00026385,1955-09-11,F
AW00026386,1957-11-23,Male
AW00026387,1945-02-02,Male
AW00026388,1951-02-03,Male
AW00026389,1955-12-12,M
NASAW00026390,1944-04-02,Male
AW00026391,1943-02-05,Male
AW00026392,1950-12-21,Male
NASAW00026393,1949-02-20,Male
AW00026394,1963-03-10,F
NASAW00026395,1946-07-20,Male
AW00026396,1944-08-31,M
NASAW00026397,1941-03-27,M
AW00026398,1952-02-19,Female
AW00026399,1949-10-14,Male
AW00026400,1940-03-10,Male
NASAW00026401,1963-06-24,F
NASAW00026402,1947-07-02,Female
NASAW00026403,1946-11-12,M
AW00026404,1952-05-04,M
AW00026405,1942-01-10,Female
NASAW00026406,1961-07-14,F
AW00026407,1950-09-25,Female
AW00026408,2038-01-01,F
AW00026409,1946-09-07,Female
AW00026410,1946-06-27,Male
AW00026411,1942-04-04,M
NASAW00026412,1946-10-07,Male
AW00026413,1947-06-26,Female
AW00026414,1963-06-05,F
AW00026415,1956-07-07,Female
NASAW00026416,1960-10-07,F
NASAW00026417,1961-09-09,Male
NASAW00026418,1950-06-12,F
NASAW00026419,1962-10-15,Male
NASAW00026420,1942-02-26,Female
AW00026421,1962-10-16,
AW00026422,1960-04-19,Male
AW00026423,1957-12-15,Female
AW00026424,1953-11-10,M
AW00026425,1940-03-28,Female
AW00026426,1959-01-06,Male
AW00026427,1954-07-11,F
AW00026428,1952-02-28,Male
AW00026429,1953-02-17,M
NASAW00026430,1949-09-07,Male
AW00026431,1950-04-21,F
NASAW00026432,1954-10-07,Female
AW00026433,1942-11-18,M
AW00026434,1940-08-10,Female
AW00026435,1958-02-23,Male
AW00026436,1954-05-14,M
AW00026437,1952-08-21,Female
AW00026438,1952-03-07,M
AW00026439,1942-04-14,Male
AW00026440,1955-09-27,M
AW00026441,1963-03-27,Female
NASAW00026442,1959-10-14,Male
AW00026443,1948-09-28,Male
NASAW00026444,1953-01-26,Female
NASAW00026445,1950-11-25,Female
NASAW00026446,1962-06-04,Female
AW00026447,1953-09-12,M
NASAW00026448,1941-06-08,F
AW00026449,1942-10-22,F
AW00026450,1961-11-25,F
AW00026451,1952-07-26,Female
AW00026452,1953-12-17,M
AW00026453,1953-03-31,Male
AW00026454,1945-10-10,M
AW00026455,1944-08-13,Male
AW00026456,1941-07-29,Female
AW00026457,1962-03-08,Female
AW00026458,1956-09-04,M
AW00026459,1950-12-23,M
NASAW00026460,1947-10-14,Female
NASAW00026461,1947-11-01,Male
AW00026462,1961-09-20,Female
AW00026463,1959-03-05,Male
AW00026464,1946-05-26,Male
AW00026465,1960-08-29,Male
AW00026466,1956-04-03,
AW00026467,1943-07-21,M
AW00026468,1954-08-21,
AW00026469,1958-01-16,Male
NASAW00026470,1959-11-10,M
NASAW00026471,1949-03-14,Male
AW00026472,1963-03-06,Male
AW00026473,1944-02-04,Female
AW00026474,1961-07-22,Male
NASAW00026475,1950-01-26,F
NASAW00026476,1948-11-29,Female
AW00026477,1947-11-07,M
NASAW00026478,1948-11-23,M
AW00026479,1963-08-03,M
NASAW00026480,1956-06-25,M
NASAW00026481,1946-01-14,Female
NASAW00026482,1944-02-12,Male
NASAW00026483,1943-04-11,F
AW00026484,1944-01-07,Female
AW00026485,1940-05-11,Male
NASAW00026486,1961-11-10,F
AW00026487,1963-10-09,M
AW00026488,1959-01-22,F
AW00026489,1953-07-02,M
AW00026490,1961-08-08,M
NASAW00026491,1948-06-13,Male
AW00026492,1946-07-15,Male
NASAW00026493,1942-03-20,F
AW00026494,1953-08-08,M
AW00026495,1958-02-13,M
AW00026496,1943-11-23,Male
AW00026497,1952-10-13,F
AW00026498,1951-03-15,Male
AW00026499,1940-07-25,Female
NASAW00026500,1954-07-31,M
AW00026501,1952-07-26,M
AW00026502,1957-06-29,Male
AW00026503,1959-08-21,M
NASAW00026504,1943-06-24,F
AW00026505,1963-09-12,M
AW00026506,1959-10-07,Male
NASAW00026507,1942-11-23,Male
AW00026508,1944-05-04,Female
AW00026509,1941-09-29,M
NASAW00026510,1941-01-30,Female
AW00026511,1952-10-25,F
AW00026512,1944-03-23,F
AW00026513,1961-09-10,Female
AW00026514,1947-05-07,F
AW00026515,1962-09-26,F
AW00026516,1949-05-18,Female
NASAW00026517,1945-10-29,Female
NASAW00026518,1956-07-13,Female
AW00026519,1951-06-03,M
AW00026520,1963-09-05,F
AW00026521,1962-04-15,M
AW00026522,1959-03-12,M
NASAW00026523,1955-06-27,Male
AW00026524,1948-11-24,Male
NASAW00026525,1959-07-24,M
AW00026526,1961-07-01,Female
NASAW00026527,1959-01-25,Female
NASAW00026528,1960-05-02,F
NASAW00026529,1954-08-30,Male
AW00026530,1954-02-19,M
AW00026531,1951-10-14,Male
AW00026532,1961-02-05,M
NASAW00026533,1963-10-27,Female
NASAW00026534,1946-09-13,Female
AW00026535,1951-09-06,M
AW00026536,1949-08-20,M
AW00026537,1941-01-03,Male
NASAW00026538,1942-02-10,M
AW00026539,1958-07-22,M
NASAW00026540,1958-02-14,F
AW00026541,1961-09-24,Male
NASAW00026542,1949-11-04,F
AW00026543,1958-05-12,M
NASAW00026544,1954-10-01,Male
AW00026545,1952-04-24,Male
AW00026546,1941-11-27,Female
AW00026547,1948-11-27,M
NASAW00026548,1954-09-06,F
NASAW00026549,1958-07-28,M
NASAW00026550,1953-10-03,Female
NASAW00026551,1960-06-04,Male
AW00026552,1962-10-09,F
NASAW00026553,1942-07-15,F
AW00026554,1950-01-08,F
AW00026555,1950-08-11,M
NASAW00026556,1953-12-19,F
NASAW00026557,1942-07-22,Male
AW00026558,1945-03-20,Male
AW00026559,1949-06-13,Male
NASAW00026560,1958-05-01,Male
AW00026561,1946-05-05,M
NASAW00026562,1962-09-02,F
AW00026563,1954-11-23,Female
NASAW00026564,1957-05-08,M
AW00026565,1947-02-24,M
AW00026566,1955-11-27,M
NASAW00026567,1961-03-27,M
AW00026568,1959-11-27,Female
NASAW00026569,1958-10-25,Female
AW00026570,1943-11-15,Male
AW00026571,1943-10-22,Female
AW00026572,1941-03-29,F
AW00026573,1957-10-19,F
NASAW00026574,1953-08-27,F
AW00026575,1945-05-08,F
AW00026576,1940-09-26,Female
AW00026577,1961-09-23,Male
NASAW00026578,1956-08-06,F
AW00026579,1951-10-03,Female
NASAW00026580,1950-11-03,
AW00026581,1953-09-06,Female
AW00026582,1944-08-27,F
AW00026583,1951-10-04,Female
NASAW00026584,1958-10-11,Male
AW00026585,1952-03-28,F
AW00026586,1943-02-17,M
NASAW00026587,1944-01-12,Female
NASAW00026588,1950-01-20,F
AW00026589,1955-04-06,Female
AW00026590,1955-07-07,Male
NASAW00026591,1944-01-17,M
AW00026592,1942-02-09,Male
AW00026593,1961-03-30,M
NASAW00026594,1959-01-21,Female
AW00026595,1941-12-19,F
AW00026596,1959-08-10,Male
AW00026597,1953-10-11,Female
AW00026598,1962-02-06,Male
AW00026599,1958-08-23,M
AW00026600,1947-03-07,M
AW00026601,1940-06-25,F
AW00026602,1959-10-28,M
NASAW00026603,1948-03-09,Male
AW00026604,1944-05-19,F
AW00026605,1945-01-02,Female
AW00026606,1951-07-04,Male
NASAW00026607,1951-12-14,M
AW00026608,1956-10-10,F
AW00026609,1954-06-12,M
AW00026610,1946-08-06,Female
AW00026611,1940-05-16,F
NASAW00026612,1944-05-12,Female
AW00026613,1957-06-26,Female
AW00026614,1958-11-27,M
AW00026615,1945-11-14,F
AW00026616,1963-04-08,F
NASAW00026617,1944-09-30,F
AW00026618,1962-01-03,M
NASAW00026619,1955-06-25,M
NASAW00026620,1959-09-19,M
NASAW00026621,1962-08-18,Female
AW00026622,1950-01-16,Male
AW00026623,1960-05-15,
AW00026624,1943-09-25,F
AW00026625,1955-11-11,
AW00026626,1958-05-30,Male
NASAW00026627,1947-10-28,M
NASAW00026628,1961-05-15,F
AW00026629,1946-04-13,M
AW00026630,1957-01-29,M
AW00026631,1952-05-20,F
AW00026632,1950-11-13,
NASAW00026633,1955-11-08,Male
NASAW00026634,1947-05-03,F
AW00026635,1955-11-17,Female
AW00026636,1956-10-14,Male
NASAW00026637,1947-10-04,Female
AW00026638,1940-05-20,Male
AW00026639,1952-01-17,M
NASAW00026640,1953-01-10,Male
NASAW00026641,1952-05-18,
NASAW00026642,1956-07-02,Male
NASAW00026643,1953-04-25,F
AW00026644,1956-05-04,M
AW00026645,1959-10-14,F
AW00026646,1958-06-08,Female
AW00026647,1959-04-15,F
AW00026648,1954-06-20,Female
NASAW00026649,1943-09-25,Female
AW00026650,1947-05-04,Male
AW00026651,1959-07-06,M
AW00026652,1951-02-28,Male
AW00026653,1946-11-17,Female
AW00026654,1950-01-25,F
AW00026655,1956-04-27,
AW00026656,1945-12-13,Female
AW00026657,1949-04-25,Male
AW00026658,1961-10-02,Male
NASAW00026659,1945-05-15,F
AW00026660,1956-05-20,F
AW00026661,1961-09-07,M
NASAW00026662,1941-06-11,M
AW00026663,1963-09-14,F
AW00026664,1960-04-10,M
AW00026665,1953-09-12,
AW00026666,1954-07-02,Male
AW00026667,1957-03-19,M
NASAW00026668,1953-11-05,F
AW00026669,1956-03-26,M
AW00026670,1948-09-10,Female
AW00026671,1962-10-20,F
NASAW00026672,1951-03-01,Male
AW00026673,1948-12-06,F
AW00026674,1957-11-27,
AW00026675,1956-09-22,F
AW00026676,1949-05-06,Male
AW00026677,1957-01-23,M
AW00026678,1940-03-25,M
AW00026679,1955-07-30,Female
AW00026680,1961-10-18,Male
AW00026681,1954-05-25,
NASAW00026682,1961-03-14,Male
NASAW00026683,1942-04-10,Female
NASAW00026684,1950-12-13,M
AW00026685,1951-08-13,Female
AW00026686,1946-08-05,M
AW00026687,1945-03-07,F
NASAW00026688,1955-08-23,F
AW00026689,1957-01-23,F
AW00026690,1952-06-16,Male
AW00026691,1957-03-04,Male
AW00026692,1944-04-03,Female
AW00026693,1952-08-05,F
AW00026694,1946-10-19,M
NASAW00026695,1959-12-21,M
AW00026696,1949-01-24,Female
AW00026697,1956-05-09,Male
NASAW00026698,1941-09-24,
NASAW00026699,1957-06-13,M
AW00026700,1945-02-14,
NASAW00026701,1951-05-26,Male
AW00026702,1956-09-21,M
AW00026703,1955-12-22,Male
AW00026704,1959-04-17,Female
AW00026705,1952-03-22,F
AW00026706,1946-07-09,Male
AW00026707,1944-03-29,M
AW00026708,1961-04-08,M
AW00026709,1944-09-21,M
AW00026710,1955-03-11,Female
AW00026711,1958-12-24,Male
AW00026712,1961-12-01,M
NASAW00026713,1952-08-29,M
AW00026714,1948-12-06,F
AW00026715,1945-04-24,F
NASAW00026716,1954-08-16,F
AW00026717,1948-07-09,Female
AW00026718,1941-08-26,F
AW00026719,1963-10-19,F
AW00026720,1954-12-29,F
AW00026721,1959-05-28,Male
AW00026722,1940-05-24,Female
AW00026723,1940-09-29,M
AW00026724,1952-08-25,
AW00026725,1957-03-30,F
AW00026726,1959-02-22,F
NASAW00026727,1953-08-13,Male
AW00026728,1941-12-30,M
AW00026729,1950-11-26,
NASAW00026730,1957-08-17,M
AW00026731,1960-09-25,Female
NASAW00026732,1948-02-08,F
AW00026733,1943-02-17,Female
NASAW00026734,1942-06-02,Male
AW00026735,1952-01-12,F
AW00026736,1963-04-19,Male
AW00026737,1961-03-15,F
AW00026738,1952-02-14,M
AW00026739,1948-12-13,Female
NASAW00026740,1941-04-10,M
NASAW00026741,1947-05-01,Female
AW00026742,1956-09-14,M
AW00026743,1950-05-15,F
AW00026744,1960-12-13,M
AW00026745,1956-07-17,Male
NASAW00026746,1945-08-26,Male
NASAW00026747,1953-04-03,M
NASAW00026748,1953-04-25,M
AW00026749,1948-10-08,Female
AW00026750,1950-06-22,M
AW00026751,1960-08-03,F
NASAW00026752,1961-10-03,Male
AW00026753,1949-10-31,F
AW00026754,1943-03-11,M
AW00026755,1953-08-22,F
AW00026756,1956-07-07,Female
NASAW00026757,1946-03-21,Male
AW00026758,1959-11-29,
AW00026759,1961-06-22,M
AW00026760,1963-08-23,F
AW00026761,1948-05-12,Male
NASAW00026762,1958-12-19,F
AW00026763,1948-01-13,F
AW00026764,1946-01-19,Female
NASAW00026765,1944-07-23,Male
AW00026766,1943-01-13,Female
AW00026767,1951-10-23,M
NASAW00026768,1949-05-08,F
AW00026769,1960-11-17,Female
NASAW00026770,1949-12-24,M
AW00026771,1960-09-25,Female
AW00026772,1958-06-12,M
AW00026773,1945-10-30,Female
NASAW00026774,1942-11-24,Male
NASAW00026775,1944-07-15,M
NASAW00026776,1962-07-25,
AW00026777,1961-11-22,Male
NASAW00026778,1958-02-25,M
AW00026779,1947-10-06,Male
AW00026780,2037-01-01,M
AW00026781,1957-04-11,F
AW00026782,1940-10-22,M
NASAW00026783,1946-07-17,F
AW00026784,1948-06-22,F
AW00026785,1958-12-26,M
AW00026786,1952-01-25,Male
AW00026787,1940-11-07,Male
AW00026788,1949-02-01,F
NASAW00026789,1940-05-23,M
AW00026790,1963-01-04,M
AW00026791,1955-10-01,Male
AW00026792,1961-02-24,Female
AW00026793,1944-07-04,F
AW00026794,1957-07-23,Female
AW00026795,1958-01-04,F
AW00026796,1949-05-29,Female
AW00026797,1955-09-20,F
AW00026798,1941-12-08,Female
AW00026799,1953-04-14,M
AW00026800,1950-11-05,Male
NASAW00026801,1942-12-15,Female
NASAW00026802,1955-06-14,Male
NASAW00026803,1962-05-24,F
AW00026804,1941-04-03,M
AW00026805,1952-11-24,Female
AW00026806,1958-07-21,Male
AW00026807,1957-04-16,Female
AW00026808,1958-05-07,Male
NASAW00026809,1962-08-31,F
NASAW00026810,1949-01-05,
AW00026811,1948-03-27,
NASAW00026812,1947-08-20,Female
AW00026813,1949-07-26,F
AW00026814,1943-05-20,F
AW00026815,1942-01-06,Male
NASAW00026816,1942-07-01,Male
AW00026817,1961-03-17,M
AW00026818,1948-03-11,M
AW00026819,1954-12-25,M
AW00026820,1944-06-26,F
AW00026821,1949-02-03,M
NASAW00026822,1945-08-23,Male
NASAW00026823,1947-04-25,Female
AW00026824,1959-10-30,Female
NASAW00026825,1955-12-25,Male
AW00026826,1943-02-15,Male
NASAW00026827,1952-11-08,M
NASAW00026828,1960-11-06,Female
NASAW00026829,1941-02-15,M
NASAW00026830,1960-06-28,Male
AW00026831,1955-05-06,M
AW00026832,1957-10-01,
AW00026833,1945-11-07,F
AW00026834,1956-09-13,Male
AW00026835,1946-03-16,F
AW00026836,1956-01-31,F
AW00026837,1953-11-26,M
AW00026838,1946-10-11,M
AW00026839,1949-08-21,Female
NASAW00026840,1940-08-28,M
AW00026841,1953-03-13,F
AW00026842,1951-12-17,Female
AW00026843,1960-12-20,M
NASAW00026844,1942-08-25,M
AW00026845,1958-09-12,M
AW00026846,1951-03-11,M
NASAW00026847,1950-08-03,
AW00026848,1951-09-22,Male
AW00026849,1958-08-07,Female
AW00026850,1951-09-20,Male
NASAW00026851,1950-02-26,F
AW00026852,1958-11-29,Male
NASAW00026853,1963-10-23,Male
AW00026854,1962-11-12,Male
AW00026855,1947-01-01,Male
NASAW00026856,1948-09-07,Male
AW00026857,1941-08-30,M
AW00026858,1954-05-13,Female
AW00026859,1950-12-01,Female
AW00026860,1952-03-09,F
AW00026861,1943-04-11,M
AW00026862,1948-04-16,M
AW00026863,1951-12-25,F
NASAW00026864,1949-03-28,M
AW00026865,1945-12-03,Male
NASAW00026866,1946-08-15,M
AW00026867,1960-01-09,F
NASAW00026868,1943-09-04,M
AW00026869,1956-02-26,F
NASAW00026870,1962-07-15,Male
AW00026871,1947-10-05,M
NASAW00026872,1942-11-08,F
AW00026873,1950-12-30,F
AW00026874,1951-02-23,
AW00026875,1943-11-22,
AW00026876,1946-03-16,M
NASAW00026877,1941-08-27,F
AW00026878,1962-09-06,F
AW00026879,1945-04-26,Female
AW00026880,1940-06-24,Male
AW00026881,1948-10-23,Female
AW00026882,1950-11-11,Male
AW00026883,1945-11-11,Male
NASAW00026884,1942-01-02,F
NASAW00026885,1963-06-28,Female
NASAW00026886,1941-03-24,F
NASAW00026887,1940-05-28,F
NASAW00026888,1946-11-26,F
NASAW00026889,1941-04-04,Male
AW00026890,1951-07-09,Female
NASAW00026891,1959-10-17,
AW00026892,1940-02-04,Male
AW00026893,1954-12-17,F
AW00026894,1963-02-16,F
NASAW00026895,1959-06-12,Male
AW00026896,1942-04-29,Female
NASAW00026897,1946-06-03,M
AW00026898,1943-08-01,Male
NASAW00026899,1941-03-23,F
NASAW00026900,1944-06-04,Female
AW00026901,1957-08-10,F
AW00026902,1946-06-15,F
AW00026903,1951-10-21,Female
NASAW00026904,1945-08-06,F
AW00026905,1962-05-30,F
NASAW00026906,1951-10-28,M
AW00026907,1951-10-16,Male
AW00026908,1955-07-16,M
AW00026909,1949-03-17,Female
AW00026910,1951-04-03,Male
NASAW00026911,1947-09-29,F
AW00026912,1944-05-06,Male
NASAW00026913,1950-03-27,M
NASAW00026914,1940-01-23,M
NASAW00026915,1954-08-24,Male
AW00026916,1955-12-17,F
AW00026917,1942-06-10,Male
AW00026918,1961-08-18,Male
AW00026919,1943-08-08,F
AW00026920,1956-06-14,
AW00026921,1954-03-13,Male
AW00026922,1946-05-02,
AW00026923,1948-05-06,Male
NASAW00026924,1957-03-14,F
AW00026925,1956-07-14,F
AW00026926,1946-04-15,F
AW00026927,1947-11-29,F
AW00026928,1954-03-11,M
NASAW00026929,1948-01-28,M
AW00026930,1954-09-25,Female
NASAW00026931,1940-11-27,F
AW00026932,1948-09-28,F
AW00026933,1962-03-29,M
AW00026934,1943-12-11,Female
NASAW00026935,1941-03-17,
AW00026936,1957-09-17,F
AW00026937,1941-07-17,Male
AW00026938,1956-12-17,M
AW00026939,1955-06-12,M
AW00026940,1942-04-23,M
AW00026941,1951-03-22,F
NASAW00026942,1954-02-07,Female
AW00026943,1952-12-07,F
AW00026944,1962-02-02,
AW00026945,1943-12-04,Female
AW00026946,1957-12-07,M
NASAW00026947,1946-06-19,M
AW00026948,1959-03-04,M
NASAW00026949,1957-12-20,F
AW00026950,1961-09-09,M
AW00026951,1952-08-21,Female
NASAW00026952,1961-01-02,F
NASAW00026953,1947-07-27,F
NASAW00026954,1946-02-08,Female
NASAW00026955,1949-12-15,Male
AW00026956,1954-04-03,F
AW00026957,1948-09-28,
AW00026958,1956-04-06,Female
AW00026959,1963-12-02,M
AW00026960,1948-02-08,M
AW00026961,1955-06-10,
NASAW00026962,1955-07-24,Female
AW00026963,1956-01-16,Female
AW00026964,1959-02-17,Female
AW00026965,1944-02-20,M
NASAW00026966,1955-06-27,Male
AW00026967,1959-04-16,F
AW00026968,1945-06-20,M
AW00026969,1947-06-28,Male
NASAW00026970,1957-04-09,M
AW00026971,1960-10-19,Male
AW00026972,1947-08-03,F
AW00026973,1955-04-29,Male
NASAW00026974,1958-08-25,F
NASAW00026975,1950-01-20,F
AW00026976,1959-06-21,Female
AW00026977,1942-01-31,M
AW00026978,1951-11-22,F
AW00026979,1959-06-21,Female
AW00026980,1950-07-02,Male
AW00026981,1947-11-18,Male
NASAW00026982,1957-10-18,Male
NASAW00026983,1947-11-12,F
AW00026984,1948-01-30,Female
NASAW00026985,1958-07-06,M
NASAW00026986,1962-02-25,M
AW00026987,1960-08-21,Female
NASAW00026988,1951-01-18,M
AW00026989,1951-09-19,Female
AW00026990,1959-11-30,Male
AW00026991,1950-10-18,F
AW00026992,1940-04-30,Male
AW00026993,1958-09-16,F
AW00026994,1949-02-12,F
AW00026995,1960-10-25,Male
AW00026996,1954-04-10,Male
NASAW00026997,1958-06-01,Male
AW00026998,1944-07-15,M
AW00026999,1954-11-06,Male
AW00027000,1946-06-17,M
AW00027001,1949-08-08,Female
AW00027002,1961-11-22,
AW00027003,2031-01-01,F
AW00027004,1954-09-19,M
AW00027005,1951-10-12,Female
AW00027006,1959-11-20,Female
AW00027007,1940-04-05,
AW00027008,1961-09-29,F
AW00027009,1943-08-14,M
AW00027010,1957-11-01,M
NASAW00027011,1944-10-15,Female
NASAW00027012,1948-09-06,F
AW00027013,1947-05-10,M
AW00027014,1954-08-09,Male
AW00027015,1943-11-04,F
NASAW00027016,1955-09-18,Male
NASAW00027017,1961-01-07,F
AW00027018,1963-09-03,Male
AW00027019,1953-11-10,Female
AW00027020,1955-03-08,Female
NASAW00027021,1960-02-09,M
AW00027022,1958-07-25,Female
NASAW00027023,1955-09-28,Male
AW00027024,1962-11-12,Male
NASAW00027025,1955-08-05,F
AW00027026,1956-06-04,F
NASAW00027027,1963-07-12,F
NASAW00027028,1944-09-13,Female
NASAW00027029,1956-07-02,Male
NASAW00027030,1945-09-10,Female
AW00027031,1946-06-22,Male
AW00027032,1943-04-01,F
AW00027033,1953-11-11,F
AW00027034,1946-01-11,Male
AW00027035,1942-09-01,F
AW00027036,1945-02-27,F
AW00027037,1957-10-14,Male
AW00027038,1943-01-20,Male
NASAW00027039,1962-08-30,F
AW00027040,1961-01-02,M
NASAW00027041,1947-09-08,Male
AW00027042,1957-01-28,Female
AW00027043,1961-01-26,Male
AW00027044,1961-08-10,Male
NASAW00027045,1950-01-19,M
AW00027046,1949-10-20,M
NASAW00027047,1955-02-07,M
AW00027048,1960-04-09,Female
NASAW00027049,1963-12-08,F
AW00027050,1953-11-29,Female
AW00027051,1946-03-21,Female
AW00027052,1957-10-18,Female
AW00027053,1945-07-11,Female
NASAW00027054,1952-09-22,M
AW00027055,1959-12-24,M
AW00027056,1957-01-10,F
AW00027057,1953-04-29,F
AW00027058,1948-07-15,F
AW00027059,1942-03-12,Female
AW00027060,1961-04-17,Female
AW00027061,1941-07-18,F
AW00027062,1944-06-20,M
AW00027063,1945-01-02,Female
AW00027064,1954-01-17,Female
AW00027065,1948-08-18,M
AW00027066,1940-04-02,M
AW00027067,1943-06-27,Female
NASAW00027068,1962-11-17,M
AW00027069,1945-05-03,M
AW00027070,1948-05-26,F
NASAW00027071,1954-10-23,M
AW00027072,1960-09-30,F
AW00027073,1955-11-05,F
NASAW00027074,1963-02-21,Female
NASAW00027075,1950-04-14,F
NASAW00027076,1941-06-08,Male
AW00027077,1947-03-01,F
NASAW00027078,1953-09-29,M
NASAW00027079,1954-08-09,Male
AW00027080,1962-12-22,F
AW00027081,1940-06-16,
AW00027082,1945-12-20,Male
AW00027083,1947-11-09,Female
AW00027084,1945-12-17,M
NASAW00027085,1956-03-12,Female
AW00027086,1953-10-02,Male
NASAW00027087,1952-08-28,Female
AW00027088,1955-01-09,Female
AW00027089,1961-06-17,Female
NASAW00027090,1948-08-01,Male
NASAW00027091,1958-03-04,M
AW00027092,1955-05-25,M
AW00027093,1947-04-08,Male
AW00027094,1953-07-31,M
AW00027095,1949-10-21,M
AW00027096,1949-02-19,F
NASAW00027097,1962-08-08,Male
NASAW00027098,1960-12-15,Female
AW00027099,1961-02-07,Male
AW00027100,1954-05-02,Male
AW00027101,1955-08-11,Male
AW00027102,1955-04-20,M
AW00027103,1958-06-04,Male
NASAW00027104,1963-06-21,Female
NASAW00027105,1960-05-07,F
NASAW00027106,1952-05-18,Female
AW00027107,1943-04-03,Male
AW00027108,1951-03-28,
NASAW00027109,1961-06-21,Male
NASAW00027110,1950-06-08,Male
NASAW00027111,1941-01-05,M
AW00027112,1958-01-21,F
NASAW00027113,1960-10-06,M
AW00027114,1947-11-20,Female
AW00027115,1953-09-21,Female
NASAW00027116,1948-04-28,Female
AW00027117,1959-05-16,Male
AW00027118,1950-07-11,Female
NASAW00027119,1961-04-24,Male
AW00027120,1940-07-06,Male
NASAW00027121,1956-05-15,M
NASAW00027122,1945-10-26,Female
AW00027123,1943-09-04,M
AW00027124,1943-02-24,M
AW00027125,1959-06-08,F
AW00027126,1955-12-15,Male
AW00027127,1957-02-11,Female
AW00027128,1946-04-24,Female
AW00027129,1958-04-24,Male
AW00027130,1961-09-03,Male
AW00027131,1949-09-23,M
AW00027132,1946-03-25,F
AW00027133,1951-05-03,Male
AW00027134,1947-01-22,Female
AW00027135,1962-12-04,F
NASAW00027136,1941-07-20,F
AW00027137,1950-04-27,Male
AW00027138,1952-12-08,M
NASAW00027139,1960-03-12,M
NASAW00027140,1963-10-27,M
AW00027141,1956-07-25,Female
AW00027142,1953-03-30,Male
NASAW00027143,1947-09-14,
AW00027144,1946-11-26,Male
NASAW00027145,1956-03-29,Female
AW00027146,1944-05-19,Female
AW00027147,1957-08-31,Male
AW00027148,1959-02-04,Male
AW00027149,1940-11-11,M
AW00027150,1962-02-08,Male
NASAW00027151,1949-03-09,Male
AW00027152,1959-04-14,F
AW00027153,1956-08-02,Female
NASAW00027154,1956-08-09,F
AW00027155,1948-04-11,F
AW00027156,1942-04-05,Male
AW00027157,1954-10-11,Male
AW00027158,1940-01-07,F
NASAW00027159,2037-01-01,Male
AW00027160,1942-02-22,Female
AW00027161,1958-08-29,M
NASAW00027162,1943-09-02,F
AW00027163,1953-12-11,F
NASAW00027164,1942-01-09,Male
NASAW00027165,1960-01-26,M
NASAW00027166,1947-12-25,Female
AW00027167,1941-09-14,M
AW00027168,1958-12-16,F
AW00027169,1940-08-31,M
AW00027170,1961-02-08,M
AW00027171,1943-02-13,M
NASAW00027172,1954-06-26,
NASAW00027173,1940-03-14,Male
AW00027174,1946-01-08,F
AW00027175,1947-04-11,Male
AW00027176,1940-02-05,Female
NASAW00027177,1954-08-05,Female
NASAW00027178,1951-07-26,F
AW00027179,1949-02-08,Male
NASAW00027180,1945-01-28,Female
AW00027181,1957-07-11,F
NASAW00027182,1955-07-02,Female
AW00027183,1942-08-04,Female
AW00027184,1952-11-26,F
AW00027185,1944-08-17,F
NASAW00027186,1955-11-08,M
NASAW00027187,1961-07-26,Male
AW00027188,1944-07-17,M
NASAW00027189,1952-11-02,
AW00027190,1962-08-27,M
AW00027191,1961-09-08,Female
NASAW00027192,1943-06-16,Female
AW00027193,1946-12-03,M
AW00027194,1956-10-29,F
NASAW00027195,1949-09-19,Male
AW00027196,1960-12-22,Female
AW00027197,1948-03-17,
AW00027198,1942-12-26,Female
AW00027199,1942-02-23,Female
AW00027200,1948-08-11,F
AW00027201,1955-01-06,M
AW00027202,1944-04-16,F
AW00027203,1950-03-04,Male
AW00027204,1943-04-07,F
AW00027205,1955-05-01,Female
NASAW00027206,1950-08-24,Male
AW00027207,1954-06-05,Male
AW00027208,1953-06-06,Male
NASAW00027209,1960-01-07,F
AW00027210,1955-02-17,M
AW00027211,1953-12-24,M
NASAW00027212,1944-11-14,F
AW00027213,1952-06-21,M
NASAW00027214,1946-04-11,Male
NASAW00027215,1943-01-13,M
AW00027216,1954-10-18,Male
AW00027217,1953-12-29,Male
AW00027218,1945-12-14,M
NASAW00027219,1941-11-21,M
AW00027220,1943-12-24,
NASAW00027221,1952-02-05,F
AW00027222,1958-11-10,M
AW00027223,1961-08-25,M
AW00027224,1944-02-27,F
AW00027225,1959-06-17,Female
AW00027226,1959-04-21,Male
NASAW00027227,1963-07-05,Male
AW00027228,1953-12-09,M
NASAW00027229,1944-02-18,F
NASAW00027230,1949-02-04,Male
AW00027231,1941-04-19,Male
NASAW00027232,1950-10-09,Male
AW00027233,1958-11-02,Male
NASAW00027234,1942-01-04,M
AW00027235,1956-02-25,Female
AW00027236,1961-06-30,M
AW00027237,1941-12-31,M
AW00027238,1953-09-05,Female
AW00027239,1952-09-18,F
AW00027240,1958-10-07,F
AW00027241,1941-05-13,Male
AW00027242,1961-03-20,M
AW00027243,1944-02-13,M
NASAW00027244,1948-03-27,F
NASAW00027245,1948-12-17,F
AW00027246,1947-01-28,F
NASAW00027247,1944-08-05,Male
AW00027248,1955-04-19,Male
NASAW00027249,1947-04-04,Female
NASAW00027250,1961-06-21,Male
AW00027251,1954-03-27,Female
NASAW00027252,1960-02-25,M
AW00027253,1941-08-25,M
AW00027254,1941-03-06,F
AW00027255,1946-12-16,M
AW00027256,1956-05-06,Female
AW00027257,1948-06-23,Male
AW00027258,1943-08-05,Male
AW00027259,1951-05-25,F
AW00027260,1940-04-03,Male
NASAW00027261,1943-05-22,Female
AW00027262,1948-01-14,M
AW00027263,1948-02-28,F
AW00027264,1961-10-14,Female
NASAW00027265,1960-12-24,Female
AW00027266,1945-10-12,Female
AW00027267,1943-07-18,Female
NASAW00027268,1959-01-29,Female
AW00027269,1951-03-30,M
NASAW00027270,1957-02-02,Male
AW00027271,1963-12-14,M
NASAW00027272,1946-05-12,Male
NASAW00027273,1945-01-04,Male
AW00027274,1947-11-10,M
NASAW00027275,1952-12-31,Male
AW00027276,1948-06-06,M
NASAW00027277,1945-06-07,M
AW00027278,1961-09-10,
AW00027279,1951-03-04,Female
AW00027280,1959-09-12,F
NASAW00027281,1953-02-26,Male
AW00027282,1963-04-08,M
AW00027283,1952-04-23,Male
AW00027284,1953-08-30,Female
AW00027285,1950-08-11,F
NASAW00027286,1947-08-13,F
AW00027287,1960-05-15,Male
AW00027288,1951-02-24,Female
AW00027289,1959-10-31,F
AW00027290,1949-08-26,Male
AW00027291,1941-08-14,Male
NASAW00027292,1963-06-07,Female
AW00027293,1949-10-06,Female
AW00027294,1957-04-01,F
AW00027295,1954-08-20,F
AW00027296,1960-03-12,M
AW00027297,1944-07-02,F
AW00027298,1950-03-23,Female
NASAW00027299,1950-03-28,M
AW00027300,1948-01-19,Male
AW00027301,1951-10-19,Female
AW00027302,1944-12-16,
AW00027303,1951-01-19,M
AW00027304,1956-04-10,Female
AW00027305,1957-02-27,M
NASAW00027306,1963-12-12,Female
AW00027307,1963-03-09,F
AW00027308,1943-02-21,Female
AW00027309,1960-06-23,Male
AW00027310,1946-10-23,Female
AW00027311,1959-04-03,Male
AW00027312,1942-03-19,Male
AW00027313,1956-10-05,M
AW00027314,1949-07-15,Female
AW00027315,1952-11-06,Female
AW00027316,1949-05-02,M
NASAW00027317,1961-05-17,Male
AW00027318,1948-08-21,M
NASAW00027319,1955-03-04,F
AW00027320,1948-01-04,M
AW00027321,1952-04-01,M
AW00027322,1958-09-05,F
AW00027323,1960-09-15,Female
AW00027324,1961-01-13,M
NASAW00027325,1952-12-09,Female
NASAW00027326,1959-03-28,Female
NASAW00027327,1955-04-23,F
AW00027328,1949-01-26,M
NASAW00027329,1961-07-03,M
NASAW00027330,1946-12-05,
AW00027331,1962-10-29,Female
AW00027332,1961-08-06,Female
AW00027333,1944-03-16,F
AW00027334,1960-09-06,M
AW00027335,1947-08-05,M
AW00027336,1952-04-10,Female
AW00027337,1956-10-08,M
NASAW00027338,1944-10-30,F
AW00027339,1954-04-13,M
NASAW00027340,1940-12-17,F
NASAW00027341,1955-09-02,M
AW00027342,1959-03-18,Male
NASAW00027343,1959-04-20,M
AW00027344,1942-11-01,Male
AW00027345,1954-12-13,Female
AW00027346,1949-02-15,M
AW00027347,1958-03-19,Female
AW00027348,1944-09-06,M
AW00027349,1942-05-07,Male
AW00027350,1954-12-22,F
NASAW00027351,1954-08-31,Male
NASAW00027352,1945-10-25,F
AW00027353,1956-02-10,Male
AW00027354,1945-05-02,F
AW00027355,1942-05-30,Male
NASAW00027356,1955-08-17,F
NASAW00027357,1943-01-30,M
AW00027358,1959-12-13,M
AW00027359,1942-01-30,Male
NASAW00027360,1953-12-29,Male
NASAW00027361,1958-11-04,Male
AW00027362,1940-08-06,Male
AW00027363,1956-12-16,F
AW00027364,1943-11-11,Female
AW00027365,1959-08-23,M
AW00027366,1946-05-12,M
AW00027367,1962-02-02,M
AW00027368,1958-03-01,Male
AW00027369,1963-10-28,Female
NASAW00027370,1954-09-05,Female
NASAW00027371,1954-01-13,M
NASAW00027372,1958-02-22,F
NASAW00027373,1943-10-21,Female
AW00027374,1944-06-16,Female
AW00027375,1954-03-24,Male
AW00027376,1946-02-11,F
AW00027377,1942-02-25,Male
AW00027378,1950-04-26,Female
AW00027379,1942-10-25,Male
AW00027380,1962-03-26,M
NASAW00027381,1962-01-03,Male
NASAW00027382,1963-05-11,Male
AW00027383,1961-08-02,Female
NASAW00027384,1943-07-11,F
AW00027385,1956-07-08,F
AW00027386,1953-09-12,Female
AW00027387,1946-01-14,M
NASAW00027388,1960-04-17,M
NASAW00027389,1947-08-24,M
NASAW00027390,1948-03-21,Male
AW00027391,1945-12-25,M
NASAW00027392,1960-03-21,Female
AW00027393,1946-06-11,M
AW00027394,1954-05-30,Male
AW00027395,1946-06-16,
AW00027396,1943-07-22,F
AW00027397,1955-11-05,Female
AW00027398,1947-09-29,M
AW00027399,1958-10-19,Female
NASAW00027400,1953-06-16,Male
AW00027401,1944-08-27,Female
NASAW00027402,1948-08-13,F
AW00027403,1947-05-30,Male
AW00027404,1943-12-21,Male
AW00027405,1951-10-31,F
AW00027406,1960-05-09,Male
NASAW00027407,1963-12-02,Male
AW00027408,1945-07-25,Female
AW00027409,1958-04-22,Female
NASAW00027410,1962-01-02,Female
AW00027411,1952-12-20,F
AW00027412,1955-07-29,F
NASAW00027413,1956-06-14,F
AW00027414,1959-02-04,M
AW00027415,1952-06-09,M
NASAW00027416,1955-09-03,F
AW00027417,1953-10-04,Male
NASAW00027418,1957-10-09,M
AW00027419,1952-11-01,F
AW00027420,1949-10-10,Male
AW00027421,1952-01-03,
AW00027422,1962-10-25,F
AW00027423,1942-08-10,M
AW00027424,1946-04-21,Male
AW00027425,1941-05-06,Male
AW00027426,1955-12-10,Female
NASAW00027427,1952-04-06,Female
AW00027428,1948-03-20,Female
NASAW00027429,1945-08-28,Male
AW00027430,1953-09-11,F
NASAW00027431,1944-11-15,Male
AW00027432,1940-06-30,M
NASAW00027433,1944-10-25,Male
AW00027434,1952-09-15,M
AW00027435,1949-06-21,F
AW00027436,1953-08-18,Male
AW00027437,1943-02-08,M
NASAW00027438,1945-02-12,Male
AW00027439,1944-12-04,Male
NASAW00027440,1950-05-08,F
AW00027441,1944-12-21,Female
AW00027442,1955-11-18,Female
AW00027443,1951-09-07,Male
AW00027444,1952-08-07,Female
AW00027445,1955-02-12,F
AW00027446,1958-04-10,F
AW00027447,1956-09-02,M
AW00027448,1948-05-01,Male
NASAW00027449,1940-05-09,Female
NASAW00027450,1941-04-29,Female
NASAW00027451,1952-01-24,Female
NASAW00027452,1961-10-04,F
AW00027453,1940-05-04,Male
NASAW00027454,1942-05-04,Male
NASAW00027455,1959-01-13,F
AW00027456,1948-08-05,Male
NASAW00027457,1960-03-13,Male
AW00027458,1958-08-11,M
NASAW00027459,1953-08-20,Male
AW00027460,1955-11-24,Male
AW00027461,1945-08-29,Female
NASAW00027462,1951-12-31,M
AW00027463,1955-07-23,M
AW00027464,1960-02-22,Female
AW00027465,1954-12-20,F
AW00027466,1963-10-04,Female
NASAW00027467,1955-09-28,M
AW00027468,1945-05-24,M
AW00027469,1955-03-16,Male
NASAW00027470,1955-01-11,Female
NASAW00027471,1946-01-23,Female
AW00027472,1952-02-12,M
AW00027473,1947-06-18,M
NASAW00027474,1949-12-04,F
AW00027475,1942-02-02,Male
AW00027476,1960-06-09,F
AW00027477,1958-09-27,Male
AW00027478,1956-06-09,M
AW00027479,1957-04-18,Male
NASAW00027480,1949-05-01,Male
NASAW00027481,1953-10-07,F
AW00027482,1958-10-23,
AW00027483,1943-02-16,M
AW00027484,1957-11-19,Female
AW00027485,1946-06-19,M
AW00027486,1945-07-13,Male
NASAW00027487,1953-09-22,F
AW00027488,1947-02-04,Male
AW00027489,1943-02-02,F
AW00027490,2040-01-01,F
AW00027491,1954-10-21,F
AW00027492,1963-12-26,Female
AW00027493,1941-12-29,Female
NASAW00027494,1958-11-25,Female
AW00027495,1960-04-23,F
AW00027496,1958-12-30,Male
NASAW00027497,1941-09-23,Male
AW00027498,1947-09-23,F
NASAW00027499,1961-11-26,Female
AW00027500,1962-12-15,F
AW00027501,1951-08-22,F
AW00027502,1952-08-16,Female
AW00027503,1946-03-08,Female
AW00027504,1947-12-21,Male
AW00027505,1945-08-23,Female
AW00027506,1962-10-11,Female
NASAW00027507,1944-04-25,F
NASAW00027508,1961-10-15,M
AW00027509,1946-02-11,Female
AW00027510,1963-10-24,F
AW00027511,1945-09-07,Female
AW00027512,2031-01-01,M
NASAW00027513,1952-11-21,F
AW00027514,1961-12-29,M
AW00027515,1959-09-12,Male
NASAW00027516,1945-01-10,
AW00027517,1950-01-28,Male
NASAW00027518,1959-05-26,M
AW00027519,1954-12-21,Female
AW00027520,1955-06-20,F
AW00027521,1955-01-04,Male
AW00027522,1954-04-28,Female
AW00027523,1945-12-19,M
AW00027524,1953-01-12,Female
AW00027525,1955-11-12,Female
AW00027526,1951-08-30,F
AW00027527,1956-01-22,Male
NASAW00027528,1944-03-09,Female
NASAW00027529,1958-11-16,
AW00027530,1954-11-25,M
AW00027531,1954-09-12,F
AW00027532,1944-12-10,M
AW00027533,1961-01-05,F
NASAW00027534,1942-11-13,Male
AW00027535,1957-01-09,F
NASAW00027536,1962-05-12,F
NASAW00027537,1952-11-01,Female
AW00027538,1941-06-08,M
AW00027539,1949-02-09,M
AW00027540,1947-08-20,M
NASAW00027541,1960-03-28,M
NASAW00027542,1959-01-28,M
AW00027543,1947-01-27,Male
AW00027544,1953-10-22,F
AW00027545,1945-04-26,Male
AW00027546,1944-08-19,Male
AW00027547,1957-05-31,Male
AW00027548,1943-01-19,Male
AW00027549,1950-08-11,Female
AW00027550,1941-05-24,Female
AW00027551,1946-05-30,Female
AW00027552,1955-03-26,
NASAW00027553,1955-05-10,M
AW00027554,1952-09-17,F
AW00027555,1952-02-15,Female
AW00027556,1945-12-16,M
AW00027557,1941-03-07,F
AW00027558,1960-05-15,Male
NASAW00027559,1961-07-03,Female
AW00027560,1954-07-31,F
AW00027561,1950-07-24,F
AW00027562,1963-11-28,F
NASAW00027563,1955-08-06,Female
AW00027564,1948-08-18,Male
NASAW00027565,1942-05-10,F
NASAW00027566,1958-12-16,Male
AW00027567,1958-08-21,Female
AW00027568,1961-05-03,Female
AW00027569,1949-08-10,M
AW00027570,1943-05-17,F
AW00027571,1963-04-15,Male
AW00027572,1945-09-28,Female
NASAW00027573,1948-12-16,Male
AW00027574,1949-03-09,Male
AW00027575,1945-08-06,Male
AW00027576,1961-07-17,M
NASAW00027577,1948-02-03,Male
AW00027578,1956-09-19,Female
AW00027579,1958-12-14,F
AW00027580,1962-06-26,Male
AW00027581,1951-08-04,F
AW00027582,1953-10-14,
AW00027583,1945-06-14,M
AW00027584,1951-11-28,F
NASAW00027585,1954-10-01,Female
AW00027586,1941-11-18,F
AW00027587,1955-10-16,M
NASAW00027588,1947-06-05,F
AW00027589,1954-07-02,F
AW00027590,1950-06-13,M
NASAW00027591,1945-06-03,M
NASAW00027592,1953-08-05,F
NASAW00027593,1956-02-02,Female
AW00027594,1952-02-25,M
NASAW00027595,1960-09-14,
NASAW00027596,1957-02-09,Female
AW00027597,1941-07-11,M
NASAW00027598,1957-04-10,F
AW00027599,1944-06-14,M
AW00027600,1947-03-05,Male
AW00027601,1951-04-25,Male
AW00027602,1946-07-29,M
AW00027603,1944-09-15,
AW00027604,1949-08-13,M
NASAW00027605,1940-01-31,M
AW00027606,1948-10-17,Female
NASAW00027607,1962-12-24,Male
NASAW00027608,1955-10-09,F
AW00027609,1951-06-22,M
AW00027610,1951-03-20,F
NASAW00027611,1946-06-12,Female
AW00027612,1953-07-12,Female
AW00027613,1941-02-05,F
NASAW00027614,1956-07-21,F
AW00027615,1953-05-31,F
AW00027616,1957-03-12,Male
AW00027617,1959-07-14,F
NASAW00027618,1952-03-03,Male
NASAW00027619,1961-03-27,M
AW00027620,1954-05-16,F
NASAW00027621,1955-10-19,Male
AW00027622,1944-11-07,M
AW00027623,1961-11-26,Male
NASAW00027624,1950-08-31,Female
NASAW00027625,1960-12-22,F
NASAW00027626,1952-03-29,F
NASAW00027627,1960-11-23,M
NASAW00027628,1958-07-05,M
AW00027629,1958-03-11,Male
AW00027630,1958-04-11,F
AW00027631,1954-01-25,Female
AW00027632,1950-04-06,M
AW00027633,1945-05-29,Male
AW00027634,1948-12-29,F
AW00027635,1949-11-18,
AW00027636,1943-10-11,F
AW00027637,1957-02-16,M
NASAW00027638,1941-11-11,Female
AW00027639,1948-07-24,F
AW00027640,1957-03-10,M
AW00027641,1953-11-21,M
AW00027642,1953-06-30,Male
AW00027643,1945-01-28,M
NASAW00027644,1962-10-13,F
NASAW00027645,1963-05-24,M
NASAW00027646,1961-03-18,Female
AW00027647,1948-01-10,Male
NASAW00027648,1961-07-12,F
AW00027649,1960-05-07,Male
NASAW00027650,1940-11-30,F
AW00027651,1958-12-17,F
AW00027652,1943-06-16,F
NASAW00027653,1949-09-18,F
AW00027654,1955-05-20,M
AW00027655,1946-04-26,Female
AW00027656,1958-07-26,Female
AW00027657,1943-11-26,Female
AW00027658,1961-08-04,F
AW00027659,1942-08-23,Male
AW00027660,1958-08-11,F
NASAW00027661,1950-03-12,Female
AW00027662,1957-02-23,F
AW00027663,1952-04-26,Female
AW00027664,1959-01-18,Female
NASAW00027665,1944-05-07,Female
AW00027666,1962-10-13,Male
AW00027667,1945-12-30,Female
AW00027668,1942-04-06,F
AW00027669,1963-09-27,F
AW00027670,1947-06-30,M
AW00027671,1950-07-29,Female
AW00027672,1940-05-24,M
AW00027673,1954-09-10,F
AW00027674,1943-01-24,F
AW00027675,1946-08-22,M
AW00027676,1952-12-24,M
AW00027677,1961-06-11,Female
NASAW00027678,1953-06-12,F
NASAW00027679,1942-02-26,Male
AW00027680,1949-11-13,M
NASAW00027681,1940-07-23,F
NASAW00027682,1962-03-18,F
AW00027683,1954-11-16,Male
AW00027684,1953-03-10,Female
AW00027685,1963-07-05,F
AW00027686,1963-12-05,M
AW00027687,1948-10-17,M
AW00027688,1941-12-04,Female
AW00027689,1949-01-09,F
AW00027690,1957-09-26,M
AW00027691,1946-01-06,M
AW00027692,1946-07-10,Male
AW00027693,1957-08-10,M
AW00027694,1956-05-19,F
NASAW00027695,1944-05-19,M
AW00027696,1943-09-20,M
AW00027697,1961-12-26,Male
AW00027698,1952-06-07,F
AW00027699,1946-12-15,M
AW00027700,1962-06-11,M
AW00027701,1940-05-16,Female
NASAW00027702,1944-02-29,M
AW00027703,1959-01-08,Male
NASAW00027704,1951-09-16,M
AW00027705,1948-06-14,Male
AW00027706,1963-07-31,Male
NASAW00027707,1957-12-13,Female
AW00027708,1949-10-21,F
AW00027709,1941-11-26,M
AW00027710,1940-06-13,F
AW00027711,1947-11-18,M
NASAW00027712,1953-11-23,Male
AW00027713,1940-04-15,Female
NASAW00027714,1941-04-10,F
NASAW00027715,1949-07-15,Male
NASAW00027716,1955-01-13,Female
AW00027717,1942-12-11,M
NASAW00027718,1962-01-26,F
AW00027719,1940-10-07,F
AW00027720,1962-10-20,M
AW00027721,1946-01-29,Female
NASAW00027722,1944-11-30,Male
AW00027723,1959-04-07,Male
AW00027724,1953-04-10,M
AW00027725,1961-06-06,Male
NASAW00027726,1956-01-02,M
AW00027727,1943-12-17,M
AW00027728,1954-12-27,M
AW00027729,1940-02-25,M
AW00027730,1949-05-21,M
AW00027731,1949-10-10,Male
AW00027732,1955-01-19,M
NASAW00027733,1955-06-27,Male
AW00027734,1960-03-21,Female
NASAW00027735,1948-03-31,M
AW00027736,1958-05-19,M
AW00027737,1959-12-30,Male
NASAW00027738,1940-03-13,F
AW00027739,1958-11-06,M
AW00027740,1943-11-30,M
AW00027741,1948-03-18,Female
AW00027742,1944-11-29,Female
AW00027743,1940-02-05,Male
NASAW00027744,1948-02-05,M
AW00027745,1944-10-09,M
NASAW00027746,1960-11-24,Female
AW00027747,1949-03-06,Male
AW00027748,1960-01-15,M
NASAW00027749,1963-04-16,Female
NASAW00027750,1959-02-28,M
NASAW00027751,1962-02-26,F
NASAW00027752,1942-09-19,F
AW00027753,1960-01-19,Male
NASAW00027754,1942-07-10,F
AW00027755,1948-02-08,M
AW00027756,1942-08-28,F
AW00027757,1942-07-29,M
NASAW00027758,1949-07-15,Female
AW00027759,1942-05-03,Female
AW00027760,1951-12-10,Male
AW00027761,1956-07-25,
AW00027762,1946-11-29,F
AW00027763,1961-12-09,F
AW00027764,1953-12-25,Female
NASAW00027765,1948-09-21,M
AW00027766,1947-08-15,M
AW00027767,1955-02-08,F
AW00027768,1941-08-05,Male
NASAW00027769,1960-10-06,M
AW00027770,1956-04-12,Male
AW00027771,1948-04-06,Male
AW00027772,1963-05-20,Female
AW00027773,1947-08-17,M
AW00027774,1943-11-20,Male
AW00027775,1940-06-21,M
AW00027776,1941-05-19,Female
NASAW00027777,1959-11-05,Male
AW00027778,1948-01-27,Female
AW00027779,1961-10-13,Female
AW00027780,1956-11-20,Female
AW00027781,1954-09-29,M
NASAW00027782,1956-11-23,F
NASAW00027783,1946-07-21,Male
NASAW00027784,1948-09-01,Male
NASAW00027785,1963-08-31,Female
AW00027786,1960-11-02,Female
AW00027787,1952-06-22,F
AW00027788,1954-06-13,Female
AW00027789,1953-11-05,F
NASAW00027790,1958-01-16,Female
AW00027791,1944-07-12,Male
NASAW00027792,1946-08-26,Male
NASAW00027793,1954-04-25,Male
AW00027794,1962-07-20,M
AW00027795,1949-02-25,Male
AW00027796,1947-10-31,Female
AW00027797,1956-12-01,Male
AW00027798,1949-11-20,M
AW00027799,1963-11-16,F
AW00027800,1960-02-16,F
NASAW00027801,1942-10-20,Male
NASAW00027802,1949-10-29,Female
NASAW00027803,1952-05-13,
AW00027804,1949-11-12,F
AW00027805,1941-04-26,Male
AW00027806,1945-11-14,
AW00027807,1950-08-19,Male
AW00027808,1954-08-29,M
AW00027809,1942-06-18,Male
NASAW00027810,1947-09-29,Male
AW00027811,1956-05-24,Male
AW00027812,1958-11-25,Male
AW00027813,1940-12-17,Female
NASAW00027814,1950-10-31,F
AW00027815,1959-07-03,M
NASAW00027816,1944-03-12,M
NASAW00027817,1960-03-16,Male
AW00027818,1947-09-17,F
NASAW00027819,2032-01-01,F
AW00027820,1941-05-30,Female
NASAW00027821,1940-02-17,M
AW00027822,1953-10-30,Male
AW00027823,1962-08-05,Male
AW00027824,1956-11-15,F
AW00027825,1952-12-08,
AW00027826,1952-07-23,F
AW00027827,1947-12-23,Female
AW00027828,1956-07-21,Female
AW00027829,1953-05-20,
NASAW00027830,1963-12-10,F
NASAW00027831,1958-05-23,
AW00027832,1963-05-04,Male
AW00027833,1958-02-08,Male
AW00027834,1951-05-14,F
AW00027835,1960-11-18,Male
AW00027836,1949-05-23,
AW00027837,1951-08-27,F
AW00027838,1947-10-05,Female
AW00027839,1954-08-21,F
NASAW00027840,1953-04-03,M
AW00027841,1947-04-03,F
NASAW00027842,1949-07-14,M
AW00027843,1940-01-12,Male
NASAW00027844,1946-12-29,Female
AW00027845,1957-06-12,Female
NASAW00027846,1945-04-04,M
NASAW00027847,1962-02-21,F
AW00027848,1952-07-05,Female
NASAW00027849,1951-02-25,M
NASAW00027850,1958-06-21,Female
AW00027851,1951-12-18,Female
NASAW00027852,1949-06-28,Female
NASAW00027853,1962-01-18,F
AW00027854,1951-02-24,Female
AW00027855,1941-07-19,F
AW00027856,1962-01-08,
AW00027857,1946-02-01,Female
AW00027858,1941-10-08,
AW00027859,1960-08-17,F
AW00027860,1954-12-08,F
AW00027861,1961-07-26,M
NASAW00027862,1960-05-19,F
AW00027863,1956-08-11,Male
NASAW00027864,1952-01-18,F
AW00027865,1940-01-30,
AW00027866,1960-02-22,
NASAW00027867,1940-05-01,Male
NASAW00027868,1947-05-02,F
NASAW00027869,1962-08-05,Male
AW00027870,1942-01-17,Female
NASAW00027871,1940-09-22,Male
AW00027872,1950-03-16,M
AW00027873,1953-09-01,Female
AW00027874,1941-11-10,M
NASAW00027875,1962-02-17,Female
NASAW00027876,1962-06-14,M
AW00027877,1940-04-11,Male
AW00027878,1958-03-03,Male
NASAW00027879,1960-04-17,Female
AW00027880,1957-06-15,
AW00027881,1943-01-24,Female
NASAW00027882,1941-12-03,Male
AW00027883,1962-02-15,M
NASAW00027884,1959-02-16,Male
NASAW00027885,1959-12-19,F
AW00027886,1956-05-01,Female
AW00027887,1949-06-03,Female
AW00027888,1959-06-19,
AW00027889,1959-08-21,Female
AW00027890,1946-08-31,F
AW00027891,1951-12-22,M
NASAW00027892,1941-05-01,Female
NASAW00027893,1958-11-30,F
NASAW00027894,1945-11-17,M
AW00027895,1960-02-06,M
AW00027896,1941-10-07,Female
NASAW00027897,1940-07-06,M
AW00027898,1942-03-09,Female
AW00027899,1941-02-06,F
NASAW00027900,1947-09-19,F
AW00027901,1950-03-29,M
AW00027902,1954-10-17,M
AW00027903,1963-06-02,Female
AW00027904,1960-07-16,Male
AW00027905,1945-04-27,F
NASAW00027906,1947-10-04,F
NASAW00027907,1955-01-30,F
NASAW00027908,1962-08-31,Male
AW00027909,1962-03-01,Male
NASAW00027910,1959-08-06,Male
NASAW00027911,1940-09-13,F
NASAW00027912,1941-12-15,Female
NASAW00027913,1950-01-12,M
AW00027914,1956-01-22,Female
AW00027915,1961-04-17,Female
NASAW00027916,1950-06-21,Male
AW00027917,1953-04-24,Female
AW00027918,1957-01-06,M
AW00027919,1961-02-16,F
AW00027920,1952-01-24,
AW00027921,1952-03-28,Male
AW00027922,1942-01-17,Female
NASAW00027923,1952-06-27,Female
AW00027924,1957-12-29,
NASAW00027925,1956-12-29,M
AW00027926,1945-12-09,Male
NASAW00027927,1954-11-05,Female
AW00027928,1951-07-27,M
NASAW00027929,1942-07-05,
AW00027930,1954-07-28,Male
NASAW00027931,1940-10-04,F
AW00027932,1947-06-06,Male
NASAW00027933,1959-07-03,Male
AW00027934,1948-08-09,M
AW00027935,1948-09-09,F
NASAW00027936,1950-01-01,F
AW00027937,1962-06-30,Male
AW00027938,1948-12-31,M
AW00027939,1955-09-10,Male
NASAW00027940,1948-10-21,Female
AW00027941,1962-09-15,F
AW00027942,1943-05-01,Female
NASAW00027943,1960-04-14,Male
AW00027944,1944-09-16,M
AW00027945,1956-02-05,F
NASAW00027946,1955-07-27,Male
AW00027947,1963-07-22,M
AW00027948,1953-09-24,M
AW00027949,1953-07-13,M
AW00027950,1956-11-29,Male
AW00027951,1953-07-18,F
NASAW00027952,1963-11-04,Female
AW00027953,1953-03-01,Male
AW00027954,1951-09-13,F
NASAW00027955,1945-01-05,Male
AW00027956,1959-01-14,Female
AW00027957,1960-01-02,M
AW00027958,1955-11-08,Male
NASAW00027959,1952-06-12,Male
NASAW00027960,1953-07-08,Female
NASAW00027961,1962-10-29,Male
AW00027962,1946-10-12,M
AW00027963,2029-01-01,F
NASAW00027964,1963-02-22,Female
AW00027965,1957-03-04,F
AW00027966,1944-10-07,M
AW00027967,1943-04-22,M
AW00027968,1943-05-12,F
NASAW00027969,1954-11-08,F
NASAW00027970,1959-11-28,Female
AW00027971,1944-03-02,F
AW00027972,1950-07-02,F
NASAW00027973,1957-07-18,Male
AW00027974,1950-11-15,Male
AW00027975,1949-09-30,Female
AW00027976,1943-09-06,F
NASAW00027977,1951-07-09,Male
AW00027978,1941-06-19,F
AW00027979,1948-02-24,Female
NASAW00027980,1958-08-23,
NASAW00027981,1946-10-22,Male
AW00027982,1947-03-12,Male
AW00027983,1956-12-16,F
NASAW00027984,1943-12-08,Female
AW00027985,1958-05-21,M
AW00027986,1941-12-25,M
AW00027987,1940-09-14,
AW00027988,1949-11-06,M
AW00027989,1954-05-13,Female
NASAW00027990,1949-07-20,F
AW00027991,1954-09-01,Male
AW00027992,1948-03-25,F
AW00027993,1949-08-15,Female
NASAW00027994,1945-12-30,Male
AW00027995,1951-11-29,F
AW00027996,1963-10-21,Male
AW00027997,1944-04-17,F
AW00027998,1953-03-19,M
AW00027999,1956-07-06,Male
NASAW00028000,1953-08-18,F
AW00028001,1961-11-23,M
AW00028002,1963-08-15,M
AW00028003,1940-05-22,M
AW00028004,1950-11-29,Male
AW00028005,1954-04-01,Male
AW00028006,1963-09-03,M
NASAW00028007,1940-10-03,M
AW00028008,1957-06-03,F
AW00028009,1956-07-04,Male
AW00028010,1940-01-17,M
AW00028011,1950-11-30,F
AW00028012,1957-02-28,M
NASAW00028013,1944-04-05,M
AW00028014,1943-06-16,
AW00028015,1947-08-05,M
AW00028016,1944-10-08,F
AW00028017,1945-10-13,Female
NASAW00028018,1948-03-18,Female
NASAW00028019,1958-04-02,Female
AW00028020,1957-06-19,M
AW00028021,1953-06-27,Male
AW00028022,1950-08-29,F
AW00028023,1962-10-24,M
AW00028024,1952-09-18,Female
AW00028025,1948-09-04,Female
AW00028026,1949-07-17,Male
AW00028027,1963-06-19,M
AW00028028,1940-07-24,
NASAW00028029,1953-01-20,Male
NASAW00028030,1960-01-25,M
AW00028031,1954-05-03,
AW00028032,1941-11-21,Female
NASAW00028033,1940-07-23,Female
NASAW00028034,1958-08-12,F
AW00028035,1944-05-27,F
NASAW00028036,1941-07-15,M
AW00028037,1962-04-30,Female
AW00028038,1952-01-08,Female
NASAW00028039,1943-01-08,
NASAW00028040,1942-09-06,F
AW00028041,1944-11-02,Female
AW00028042,1955-11-11,Male
AW00028043,1951-05-26,Male
NASAW00028044,1960-02-08,F
AW00028045,1940-04-09,Male
NASAW00028046,1944-05-23,Female
AW00028047,1947-04-20,Male
AW00028048,1953-02-01,F
AW00028049,1955-04-08,F
NASAW00028050,1954-01-23,Female
AW00028051,1963-05-22,Male
AW00028052,1950-03-20,F
AW00028053,1957-01-27,F
NASAW00028054,1952-09-07,Female
NASAW00028055,1946-06-13,M
AW00028056,1957-01-03,M
AW00028057,1957-01-23,M
NASAW00028058,1950-09-23,Female
AW00028059,1942-07-22,F
NASAW00028060,1951-04-08,F
AW00028061,1957-08-24,Female
AW00028062,1943-10-02,M
NASAW00028063,1959-08-19,F
NASAW00028064,1941-10-13,F
AW00028065,1950-04-28,Male
AW00028066,1942-04-28,M
AW00028067,1957-08-25,M
AW00028068,1943-05-28,Female
NASAW00028069,1961-05-22,Female
AW00028070,1948-07-07,Female
AW00028071,1947-03-19,F
AW00028072,1940-03-13,F
NASAW00028073,1947-02-05,Female
NASAW00028074,1960-09-22,Female
AW00028075,1952-07-11,F
NASAW00028076,1961-11-10,M
NASAW00028077,1949-04-06,Female
NASAW00028078,1963-03-25,Female
NASAW00028079,1959-05-13,M
AW00028080,1941-11-08,Male
AW00028081,1944-09-05,Male
AW00028082,1963-10-06,Male
AW00028083,1951-09-24,Female
AW00028084,1950-07-07,F
NASAW00028085,1949-11-12,Male
NASAW00028086,1962-04-16,
AW00028087,1956-10-27,M
AW00028088,1951-05-23,Male
NASAW00028089,1954-04-13,M
AW00028090,1963-03-07,F
AW00028091,1949-08-11,F
AW00028092,1948-12-23,M
NASAW00028093,1960-08-16,M
NASAW00028094,1945-04-13,F
NASAW00028095,1952-09-12,Male
AW00028096,1958-06-08,Female
NASAW00028097,1959-08-07,M
AW00028098,1957-09-08,Male
NASAW00028099,1941-09-19,M
AW00028100,1954-08-08,Female
NASAW00028101,1960-04-01,
AW00028102,1953-07-06,M
NASAW00028103,1955-01-03,
NASAW00028104,1963-05-03,Male
AW00028105,1958-04-06,Male
AW00028106,1945-08-10,F
NASAW00028107,1957-12-03,Female
AW00028108,1946-02-23,Female
NASAW00028109,1947-01-14,F
NASAW00028110,1944-12-26,Female
NASAW00028111,1952-12-15,F
AW00028112,1943-07-18,Female
NASAW00028113,1953-05-08,F
AW00028114,1951-07-28,Male
AW00028115,1963-12-01,F
NASAW00028116,1958-02-01,Female
AW00028117,1962-05-09,M
AW00028118,1944-09-19,Female
NASAW00028119,1951-04-21,Male
AW00028120,1953-12-06,Male
AW00028121,1945-03-09,F
AW00028122,1950-04-08,Female
AW00028123,1961-01-16,Female
AW00028124,1959-06-12,Male
AW00028125,1943-03-21,F
AW00028126,1952-12-22,Male
AW00028127,1943-10-20,Female
AW00028128,1961-07-27,Female
AW00028129,1961-09-24,M
NASAW00028130,1958-10-09,M
AW00028131,1947-03-22,F
NASAW00028132,1963-04-04,Male
AW00028133,1962-04-18,Male
AW00028134,1941-12-05,
AW00028135,1953-10-07,F
AW00028136,1956-07-21,Female
AW00028137,1948-03-23,Female
NASAW00028138,1956-11-28,M
AW00028139,1943-11-18,M
AW00028140,1949-08-03,F
AW00028141,1962-08-15,F
AW00028142,1947-09-13,Female
AW00028143,1954-05-03,F
AW00028144,1960-06-07,Male
AW00028145,1947-07-25,Male
AW00028146,1943-12-21,Male
NASAW00028147,1951-04-23,Male
AW00028148,1958-08-10,M
NASAW00028149,1949-11-01,M
AW00028150,1944-08-30,Male
AW00028151,1954-05-30,F
NASAW00028152,1956-09-12,Male
AW00028153,1948-01-15,F
NASAW00028154,1957-11-25,F
AW00028155,1944-05-28,Female
NASAW00028156,1942-11-22,M
AW00028157,2029-01-01,Male
AW00028158,1954-07-18,M
AW00028159,1952-04-22,M
AW00028160,1952-08-06,Female
NASAW00028161,1961-07-04,F
NASAW00028162,1957-01-16,Male
AW00028163,1941-01-15,F
NASAW00028164,1951-01-01,F
AW00028165,1956-04-23,Male
AW00028166,1949-06-29,M
NASAW00028167,1945-04-12,Male
AW00028168,1954-01-16,F
AW00028169,1947-05-27,F
NASAW00028170,1951-07-31,F
AW00028171,1941-10-03,M
AW00028172,1958-10-23,Male
AW00028173,1941-12-03,Female
AW00028174,1955-06-10,F
AW00028175,1947-11-24,F
AW00028176,1940-04-10,F
NASAW00028177,1963-10-21,Male
AW00028178,1945-12-21,F
AW00028179,1956-12-15,M
AW00028180,1942-07-07,F
AW00028181,2036-01-01,F
NASAW00028182,1956-06-28,M
AW00028183,1957-03-29,F
AW00028184,1951-06-25,Female
NASAW00028185,1958-01-09,M
AW00028186,1953-05-19,Male
NASAW00028187,1957-02-26,Male
NASAW00028188,1948-04-26,Male
AW00028189,1963-10-11,F
AW00028190,1962-01-22,M
NASAW00028191,1959-05-28,Female
NASAW00028192,1948-03-23,Female
AW00028193,1943-05-12,Male
AW00028194,1957-11-04,M
NASAW00028195,1942-11-15,M
NASAW00028196,1961-12-19,Male
NASAW00028197,1954-02-03,Male
AW00028198,1952-11-05,M
AW00028199,1941-08-10,M
NASAW00028200,1945-09-02,F
AW00028201,1951-09-01,F
AW00028202,1943-09-13,F
NASAW00028203,1963-02-24,
AW00028204,1951-06-02,M
NASAW00028205,1959-11-18,M
AW00028206,1945-12-22,Female
AW00028207,1961-01-05,Female
AW00028208,1945-03-12,Female
AW00028209,1954-01-27,M
AW00028210,1950-09-02,M
AW00028211,1957-07-21,Male
NASAW00028212,1944-09-03,Female
AW00028213,1957-06-16,Male
NASAW00028214,1942-10-13,
AW00028215,1941-04-05,F
AW00028216,1941-02-13,Female
AW00028217,1940-03-29,Female
NASAW00028218,1957-06-29,Male
AW00028219,1961-02-15,Male
AW00028220,1941-02-10,F
NASAW00028221,1954-10-16,M
AW00028222,1947-06-18,Female
NASAW00028223,1958-04-21,Female
AW00028224,1950-06-08,Male
AW00028225,1956-10-29,Female
AW00028226,1951-07-29,M
AW00028227,1941-05-07,Male
AW00028228,1951-01-04,F
NASAW00028229,1957-06-10,M
AW00028230,1945-10-04,Male
AW00028231,1961-09-05,F
NASAW00028232,1949-09-22,
AW00028233,1948-10-11,M
NASAW00028234,1940-09-23,F
AW00028235,1953-10-12,M
AW00028236,1941-09-03,Male
NASAW00028237,1949-07-21,M
AW00028238,1940-01-14,
AW00028239,1959-01-18,F
AW00028240,1943-02-14,F
AW00028241,1946-11-27,Female
AW00028242,1944-05-06,F
AW00028243,1954-02-20,F
AW00028244,1942-10-22,Male
NASAW00028245,1945-02-07,Male
AW00028246,1954-07-07,Female
AW00028247,1950-02-08,F
AW00028248,1961-10-04,M
AW00028249,1952-09-18,M
NASAW00028250,1955-10-12,F
AW00028251,1948-06-04,F
AW00028252,1945-02-14,Female
AW00028253,1959-12-19,Female
AW00028254,1942-03-08,M
AW00028255,1958-05-26,F
AW00028256,1951-09-24,Female
AW00028257,1956-07-17,Female
AW00028258,1952-05-21,F
AW00028259,1948-10-24,F
AW00028260,1941-04-25,M
NASAW00028261,1952-05-06,Male
AW00028262,1948-07-13,Female
AW00028263,1962-05-01,
AW00028264,1955-11-21,Female
AW00028265,1955-12-21,Female
AW00028266,1959-03-30,Male
AW00028267,1961-02-01,Female
AW00028268,1951-08-19,M
AW00028269,1948-03-05,M
AW00028270,1945-08-11,Male
AW00028271,1941-08-16,M
NASAW00028272,1946-03-11,M
NASAW00028273,1942-02-13,Male
NASAW00028274,1954-08-12,M
NASAW00028275,1940-12-22,Female
AW00028276,1948-01-24,F
AW00028277,1949-07-28,F
AW00028278,1955-05-29,F
AW00028279,1963-03-29,Female
AW00028280,1960-05-02,F
AW00028281,1946-01-28,F
NASAW00028282,1961-03-06,M
AW00028283,1959-06-12,M
NASAW00028284,1947-09-10,F
NASAW00028285,1951-03-10,M
AW00028286,1945-05-11,Female
NASAW00028287,1943-12-07,Female
AW00028288,1958-11-02,F
AW00028289,1961-01-16,F
AW00028290,1953-03-06,M
AW00028291,1949-07-15,M
NASAW00028292,1960-02-19,
NASAW00028293,1948-04-28,Female
NASAW00028294,1962-09-27,M
AW00028295,1940-10-02,F
AW00028296,1957-11-18,Male
NASAW00028297,1961-10-18,F
AW00028298,1940-04-12,F
NASAW00028299,1948-04-23,Female
NASAW00028300,1946-07-10,F
AW00028301,1956-05-01,Male
NASAW00028302,1940-03-15,M
AW00028303,1957-11-15,Male
NASAW00028304,1960-01-06,M
NASAW00028305,1950-03-03,F
NASAW00028306,1941-01-28,
AW00028307,1941-01-22,Male
AW00028308,1952-07-01,F
AW00028309,1950-09-18,M
NASAW00028310,1956-05-03,M
NASAW00028311,1943-05-30,M
AW00028312,1956-03-30,F
NASAW00028313,1959-05-30,
NASAW00028314,1961-03-24,M
NASAW00028315,1953-08-16,Female
AW00028316,1944-12-23,F
NASAW00028317,1944-09-27,M
AW00028318,1949-05-17,F
NASAW00028319,1963-01-05,Male
NASAW00028320,1940-02-21,M
AW00028321,1947-03-14,Female
NASAW00028322,1941-02-28,M
AW00028323,1944-02-07,F
NASAW00028324,1960-09-21,Female
AW00028325,1957-02-05,F
AW00028326,1951-02-06,Male
NASAW00028327,1952-05-26,F
AW00028328,1944-11-30,M
AW00028329,1958-07-27,Male
NASAW00028330,1941-03-08,F
AW00028331,1952-09-30,F
AW00028332,1959-03-19,Female
NASAW00028333,1944-01-28,M
AW00028334,1955-09-11,M
AW00028335,1942-10-15,F
AW00028336,1955-06-19,Male
AW00028337,1942-02-06,F
AW00028338,1952-04-24,Female
AW00028339,1957-09-28,Female
AW00028340,1953-08-27,Male
AW00028341,1951-06-13,M
AW00028342,1957-05-12,M
AW00028343,2039-01-01,Female
AW00028344,1963-05-12,M
AW00028345,1957-01-23,Male
AW00028346,1962-07-26,Female
AW00028347,2030-01-01,Female
NASAW00028348,1959-03-27,Female
AW00028349,1944-03-31,M
AW00028350,1947-03-18,F
AW00028351,1960-07-01,Male
AW00028352,1945-04-22,Female
AW00028353,1944-12-02,F
AW00028354,1947-02-28,Female
AW00028355,1952-06-19,M
NASAW00028356,1963-05-28,F
AW00028357,1962-12-23,
AW00028358,1940-02-23,F
AW00028359,1956-11-10,
AW00028360,1949-02-19,Male
NASAW00028361,1960-03-13,M
AW00028362,1949-01-16,Female
NASAW00028363,1956-01-07,Male
AW00028364,1940-07-25,Male
AW00028365,1950-01-15,Male
AW00028366,1960-12-17,Male
AW00028367,1941-06-24,Female
NASAW00028368,1953-08-22,Male
AW00028369,1958-02-24,F
NASAW00028370,1958-04-06,M
AW00028371,1959-10-10,Female
AW00028372,1942-01-07,Male
AW00028373,1948-07-28,Female
AW00028374,1958-06-07,F
AW00028375,1948-04-28,M
AW00028376,1957-01-11,
NASAW00028377,1955-05-05,M
NASAW00028378,1958-12-04,Female
AW00028379,1960-11-07,Female
AW00028380,1961-02-28,F
AW00028381,1962-04-22,F
NASAW00028382,1950-04-04,Male
AW00028383,1962-07-06,
AW00028384,1942-08-29,M
NASAW00028385,1953-02-08,F
NASAW00028386,1952-01-22,F
AW00028387,1959-06-18,M
AW00028388,1959-11-03,F
NASAW00028389,1944-07-24,M
AW00028390,1948-03-02,F
AW00028391,1954-05-22,Female
AW00028392,1963-11-05,Female
AW00028393,1940-06-21,M
AW00028394,1949-04-06,M
AW00028395,1954-12-30,F
NASAW00028396,1957-05-21,M
AW00028397,1957-10-27,M
AW00028398,1960-11-08,M
NASAW00028399,1962-12-23,F
NASAW00028400,1950-10-24,F
AW00028401,1958-01-20,F
AW00028402,1951-05-22,F
AW00028403,1960-05-18,Male
AW00028404,1961-08-20,Male
NASAW00028405,1959-10-03,Male
AW00028406,1954-06-19,Male
AW00028407,1945-04-26,M
AW00028408,1958-02-14,F
AW00028409,1959-02-13,Female
AW00028410,1950-11-06,Male
AW00028411,1948-06-27,Female
NASAW00028412,1951-07-18,Male
NASAW00028413,1948-01-20,F
NASAW00028414,1958-12-06,F
AW00028415,2034-01-01,Male
AW00028416,1961-10-08,F
NASAW00028417,1951-08-31,Male
AW00028418,1943-04-01,F
NASAW00028419,1952-06-30,M
AW00028420,1947-05-12,M
AW00028421,1949-07-10,
AW00028422,1955-10-03,Male
NASAW00028423,1941-05-29,Male
NASAW00028424,1948-10-12,F
AW00028425,1951-07-03,Male
AW00028426,1953-12-21,Female
AW00028427,1950-09-07,F
NASAW00028428,1945-12-29,M
NASAW00028429,1955-12-21,F
NASAW00028430,1957-05-27,F
AW00028431,1956-10-22,Male
AW00028432,1954-11-10,Female
AW00028433,1959-08-27,F
NASAW00028434,1951-02-16,F
NASAW00028435,1954-02-25,Male
AW00028436,1951-09-05,F
AW00028437,1953-11-17,M
NASAW00028438,1958-08-18,Male
AW00028439,1942-01-13,F
NASAW00028440,1954-02-21,Female
NASAW00028441,1953-07-28,F
AW00028442,1948-07-11,Male
AW00028443,1955-11-08,Female
AW00028444,1940-12-10,Male
AW00028445,1943-01-02,Male
AW00028446,1960-03-13,Female
AW00028447,1960-03-31,F
AW00028448,1940-05-31,Female
NASAW00028449,1941-04-28,M
AW00028450,1962-07-29,F
AW00028451,1962-08-17,Female
AW00028452,1962-09-07,M
NASAW00028453,1957-10-23,M
NASAW00028454,1954-02-18,M
AW00028455,1948-12-20,Female
AW00028456,1950-12-14,F
NASAW00028457,1945-08-16,Male
AW00028458,1952-08-15,Male
NASAW00028459,1960-07-05,Female
AW00028460,1959-12-22,F
AW00028461,1945-11-17,F
AW00028462,1950-03-01,F
AW00028463,1943-04-02,Male
NASAW00028464,1962-07-29,M
AW00028465,1953-04-22,Male
NASAW00028466,1952-10-22,Female
AW00028467,1944-03-11,M
AW00028468,1950-05-09,F
AW00028469,1961-07-20,F
AW00028470,1954-05-18,M
AW00028471,1949-03-20,M
NASAW00028472,1942-08-06,F
AW00028473,1951-04-01,F
AW00028474,1957-01-16,M
NASAW00028475,1940-02-14,M
AW00028476,1957-10-28,Female
NASAW00028477,1944-07-22,F
AW00028478,1950-07-29,F
AW00028479,1940-03-01,Male
NASAW00028480,1950-07-01,F
AW00028481,1963-03-03,F
NASAW00028482,1947-01-22,Female
NASAW00028483,1957-10-17,M
AW00028484,1943-12-06,Male
AW00028485,1948-10-23,Male
NASAW00028486,1943-06-14,Male
NASAW00028487,1951-04-12,Male
AW00028488,1958-12-20,F
NASAW00028489,1943-01-03,M
AW00028490,1953-06-27,F
AW00028491,1957-12-16,F
AW00028492,1946-01-05,Female
AW00028493,1963-07-08,Male
NASAW00028494,1941-12-21,Male
AW00028495,1962-11-29,F
AW00028496,1953-12-23,M
AW00028497,1943-11-18,F
NASAW00028498,1951-06-15,Female
AW00028499,1957-10-04,Female
AW00028500,1948-08-20,F
NASAW00028501,1949-06-08,Male
AW00028502,1950-10-09,M
NASAW00028503,1958-08-05,Female
NASAW00028504,1951-08-08,F
NASAW00028505,1944-04-21,Male
AW00028506,1949-03-08,Male
AW00028507,1947-01-18,Male
NASAW00028508,1945-06-03,M
AW00028509,1946-06-08,Female
AW00028510,1945-11-01,Male
NASAW00028511,1961-07-10,Male
AW00028512,1963-02-05,M
AW00028513,1951-01-04,M
NASAW00028514,1952-10-24,Female
NASAW00028515,1952-08-02,Female
NASAW00028516,1963-05-19,
NASAW00028517,1956-02-29,Male
AW00028518,1953-08-30,
AW00028519,1958-10-18,Male
NASAW00028520,1949-09-02,Female
NASAW00028521,1942-11-05,F
AW00028522,1944-11-29,Male
AW00028523,1952-05-15,Female
NASAW00028524,1948-08-20,Male
NASAW00028525,1949-12-02,M
AW00028526,1942-05-07,M
AW00028527,1957-08-27,M
AW00028528,1962-10-07,M
AW00028529,1958-04-08,M
AW00028530,1955-08-13,Female
AW00028531,1962-07-16,Male
AW00028532,1956-09-18,F
AW00028533,1944-12-11,Female
NASAW00028534,1960-04-03,M
AW00028535,1944-06-20,F
AW00028536,1958-06-11,F
AW00028537,1949-06-11,M
AW00028538,1941-08-30,M
AW00028539,1960-11-06,Female
NASAW00028540,1947-01-10,Male
NASAW00028541,1940-06-27,F
AW00028542,1954-12-19,M
AW00028543,1955-07-20,Male
AW00028544,1961-08-03,Female
AW00028545,1940-03-29,Female
AW00028546,1954-10-12,M
NASAW00028547,1950-02-01,Female
AW00028548,1941-09-21,Female
NASAW00028549,1957-10-15,M
NASAW00028550,1954-09-30,M
NASAW00028551,1943-11-02,F
NASAW00028552,1944-04-07,M
AW00028553,1957-11-18,M
NASAW00028554,1944-06-24,M
NASAW00028555,1960-07-12,Female
AW00028556,1952-10-13,F
NASAW00028557,1953-02-25,F
AW00028558,1950-02-02,M
AW00028559,1943-06-22,Female
AW00028560,1963-09-03,F
AW00028561,1941-02-24,Male
AW00028562,1941-11-25,M
AW00028563,1963-03-06,F
AW00028564,1953-11-03,Male
AW00028565,1957-04-22,M
AW00028566,1945-05-04,Female
AW00028567,1959-11-13,F
AW00028568,1949-01-12,
AW00028569,1942-03-05,Male
AW00028570,1963-03-21,F
AW00028571,1962-06-03,F
AW00028572,1949-03-17,F
AW00028573,1944-03-25,Male
AW00028574,1951-12-21,M
NASAW00028575,1947-12-22,
AW00028576,1957-02-07,Male
AW00028577,1951-11-19,Female
AW00028578,1953-02-11,M
AW00028579,1954-07-11,M
AW00028580,1944-08-12,Female
AW00028581,1949-05-02,F
AW00028582,1943-06-02,M
AW00028583,1954-04-15,Male
AW00028584,1948-12-20,Male
AW00028585,1952-05-06,Male
AW00028586,1943-06-18,Female
NASAW00028587,1945-06-06,Male
AW00028588,1962-11-24,F
AW00028589,1960-02-18,Male
AW00028590,1961-01-19,Female
AW00028591,1943-05-01,Female
AW00028592,1957-08-16,Female
NASAW00028593,1950-03-15,M
AW00028594,1960-01-02,Male
AW00028595,1961-04-18,F
AW00028596,1959-01-03,F
NASAW00028597,1955-03-16,
AW00028598,1944-12-07,F
AW00028599,1950-05-18,M
AW00028600,1954-01-04,F
AW00028601,1954-05-30,Female
NASAW00028602,1960-04-05,Female
AW00028603,1946-06-20,F
NASAW00028604,1947-02-16,Male
AW00028605,1960-08-29,F
AW00028606,1946-03-14,M
AW00028607,1944-04-16,Male
AW00028608,1946-10-05,M
AW00028609,1949-03-03,Male
NASAW00028610,1955-03-13,F
AW00028611,1956-02-04,M
AW00028612,1940-02-04,
AW00028613,2039-01-01,F
NASAW00028614,1950-12-21,
NASAW00028615,1963-05-26,Female
NASAW00028616,1950-10-22,M
AW00028617,1956-09-21,M
AW00028618,1944-03-24,M
AW00028619,1957-09-28,Female
AW00028620,1956-05-04,M
AW00028621,1958-05-25,Male
AW00028622,1950-08-25,Male
AW00028623,1956-08-09,Male
NASAW00028624,1953-02-03,Female
NASAW00028625,1962-09-28,Male
AW00028626,1950-07-27,Male
AW00028627,1949-07-26,M
AW00028628,1944-05-14,F
NASAW00028629,1948-01-24,M
AW00028630,1954-03-16,Male
NASAW00028631,1951-07-08,Male
AW00028632,1962-07-20,Female
AW00028633,1942-04-16,M
AW00028634,1962-06-07,F
AW00028635,1956-07-06,Female
NASAW00028636,1949-06-25,Male
AW00028637,1954-01-05,
AW00028638,1945-09-02,Female
AW00028639,1957-11-06,Female
AW00028640,1945-12-21,M
NASAW00028641,1959-05-31,Male
AW00028642,1963-01-10,M
AW00028643,1963-01-01,
NASAW00028644,1940-12-04,Female
AW00028645,1961-05-04,Female
NASAW00028646,1943-10-13,Male
AW00028647,1954-04-06,F
AW00028648,1958-12-11,Male
AW00028649,1956-02-17,F
AW00028650,1943-03-21,M
AW00028651,1960-06-23,Female
NASAW00028652,1952-11-12,Female
AW00028653,1956-08-23,Male
AW00028654,1943-09-29,Female
AW00028655,1947-02-05,Female
AW00028656,1947-12-28,Female
NASAW00028657,1960-11-04,F
AW00028658,1946-06-07,M
NASAW00028659,1943-10-11,M
AW00028660,1957-01-17,F
AW00028661,1959-09-04,F
AW00028662,1950-02-13,Female
AW00028663,1958-05-13,Male
NASAW00028664,1950-07-21,F
AW00028665,1946-02-19,Male
NASAW00028666,1944-01-29,M
NASAW00028667,1957-09-29,M
AW00028668,1958-11-16,F
AW00028669,1960-03-03,M
AW00028670,1941-04-27,M
NASAW00028671,1958-12-28,Male
AW00028672,1953-06-27,Male
NASAW00028673,1947-11-16,Male
NASAW00028674,1945-05-23,Male
NASAW00028675,1952-01-19,Male
AW00028676,1960-11-12,F
AW00028677,1959-04-11,F
NASAW00028678,1947-06-16,M
AW00028679,1957-08-08,Male
AW00028680,1950-02-11,Male
AW00028681,1951-07-12,M
AW00028682,1946-08-10,Female
NASAW00028683,1951-08-12,M
AW00028684,1953-09-20,F
AW00028685,1950-07-23,F
AW00028686,1953-09-10,Female
AW00028687,1948-12-03,Male
AW00028688,1953-09-24,Male
AW00028689,1948-07-16,Male
AW00028690,1956-09-29,Female
AW00028691,1952-10-30,Female
NASAW00028692,1944-06-06,Female
AW00028693,1945-12-20,Male
AW00028694,1946-07-24,Male
AW00028695,1958-05-21,M
NASAW00028696,1961-06-12,M
NASAW00028697,1940-05-14,Male
AW00028698,1946-07-30,M
AW00028699,1949-11-12,Female
AW00028700,1953-10-16,F
AW00028701,1946-05-19,M
AW00028702,1960-05-20,Male
NASAW00028703,1953-06-14,Female
NASAW00028704,1957-02-25,F
NASAW00028705,1948-07-08,Male
AW00028706,1956-11-22,Male
AW00028707,1957-08-17,Male
AW00028708,1941-11-06,M
AW00028709,1961-07-29,F
AW00028710,1955-04-21,F
AW00028711,1954-12-11,Female
AW00028712,1950-12-24,F
NASAW00028713,1953-06-23,Male
AW00028714,1955-12-12,Male
AW00028715,1957-01-04,M
AW00028716,1956-04-16,F
NASAW00028717,1949-05-08,Female
AW00028718,1942-01-13,
NASAW00028719,1963-04-24,
AW00028720,1946-12-16,Male
NASAW00028721,1954-03-08,Female
AW00028722,1954-10-30,Male
AW00028723,1954-02-26,
NASAW00028724,1963-12-05,Male
NASAW00028725,1947-08-21,Male
AW00028726,1946-01-01,F
NASAW00028727,1956-07-02,Male
AW00028728,1958-01-22,F
AW00028729,1957-05-02,M
NASAW00028730,1957-09-28,
NASAW00028731,1963-09-15,Female
NASAW00028732,1962-08-09,M
AW00028733,1948-10-07,Male
AW00028734,1953-08-28,Male
NASAW00028735,1944-02-27,Male
AW00028736,1954-04-28,Female
NASAW00028737,1953-06-17,Male
AW00028738,1940-12-23,M
AW00028739,1945-07-28,F
AW00028740,1958-12-15,
AW00028741,1955-05-18,M
NASAW00028742,1945-07-21,Female
AW00028743,1948-10-15,Female
AW00028744,1953-11-23,F
AW00028745,1950-12-08,M
AW00028746,1942-06-21,Female
NASAW00028747,1942-08-07,
NASAW00028748,1962-01-18,Male
AW00028749,1962-12-06,Female
AW00028750,1940-09-29,F
AW00028751,1948-04-01,F
AW00028752,1954-06-09,F
AW00028753,1953-02-22,Male
NASAW00028754,1946-09-02,M
NASAW00028755,1951-09-20,M
AW00028756,1942-03-07,Male
AW00028757,1958-11-13,Female
AW00028758,1947-04-21,Male
AW00028759,1954-04-25,Male
AW00028760,1960-12-07,Male
AW00028761,1958-01-10,F
AW00028762,1951-01-17,Male
AW00028763,1943-11-04,Male
NASAW00028764,1961-12-03,M
NASAW00028765,1952-04-21,Male
AW00028766,1956-02-25,F
AW00028767,1953-10-26,Male
AW00028768,2039-01-01,F
NASAW00028769,1940-09-03,M
NASAW00028770,1950-06-13,M
AW00028771,1944-12-21,F
NASAW00028772,1958-07-16,F
AW00028773,1963-06-25,M
AW00028774,1950-11-17,Female
AW00028775,1963-11-26,Female
AW00028776,1962-12-29,F
AW00028777,1952-11-30,F
AW00028778,1954-09-21,
AW00028779,1943-09-05,Male
AW00028780,1954-05-13,Female
NASAW00028781,1946-04-25,Female
AW00028782,1952-09-06,M
NASAW00028783,1957-02-17,Male
AW00028784,1941-08-24,M
AW00028785,1957-09-11,M
AW00028786,1945-02-14,F
AW00028787,1946-03-31,Male
NASAW00028788,1959-10-10,Male
AW00028789,1946-11-15,F
AW00028790,1962-06-27,F
NASAW00028791,1958-02-09,Male
AW00028792,1954-06-04,M
AW00028793,1941-10-18,F
AW00028794,1941-10-09,Female
AW00028795,1940-11-03,M
AW00028796,1963-09-25,
AW00028797,1963-08-12,M
NASAW00028798,1955-12-26,Male
AW00028799,1949-03-29,M
NASAW00028800,1950-09-19,Male
AW00028801,1941-12-03,F
AW00028802,1943-09-20,
AW00028803,1946-09-10,F
AW00028804,1952-02-23,M
AW00028805,1961-07-26,Male
NASAW00028806,1950-03-15,F
NASAW00028807,1944-08-24,M
AW00028808,1943-06-07,M
AW00028809,1950-05-01,Female
AW00028810,1942-06-13,Male
AW00028811,1961-04-08,Male
AW00028812,1953-12-10,Male
AW00028813,1948-04-17,M
AW00028814,1948-08-08,Male
NASAW00028815,1961-03-21,Male
AW00028816,1944-11-04,M
AW00028817,1947-10-12,Female
AW00028818,1943-12-06,
AW00028819,1941-07-18,F
AW00028820,1944-06-02,Female
AW00028821,1943-05-21,Female
AW00028822,1952-04-19,F
AW00028823,1954-09-03,Male
AW00028824,1960-03-08,Male
NASAW00028825,1957-11-15,F
AW00028826,1941-02-16,M
AW00028827,1963-03-31,F
NASAW00028828,1948-09-20,Female
AW00028829,1963-12-19,M
AW00028830,1952-08-19,Male
AW00028831,1956-09-16,F
AW00028832,1941-12-22,M
AW00028833,1956-04-19,Female
AW00028834,1959-08-11,Male
AW00028835,1952-10-27,Male
AW00028836,1948-05-18,M
AW00028837,1952-10-10,M
AW00028838,1960-05-07,Male
AW00028839,1946-12-20,Female
AW00028840,1948-06-29,Male
AW00028841,1949-01-07,Male
AW00028842,1940-09-26,M
NASAW00028843,1943-06-28,Male
NASAW00028844,1955-02-20,M
AW00028845,1958-01-25,
AW00028846,1951-12-08,Male
AW00028847,1962-01-20,Male
NASAW00028848,1959-10-29,Female
AW00028849,1945-01-09,M
AW00028850,1960-07-07,F
AW00028851,1941-03-13,Male
NASAW00028852,1942-02-08,Male
NASAW00028853,1954-06-12,Male
AW00028854,1958-10-09,Female
NASAW00028855,1940-06-23,M
AW00028856,1942-09-05,F
AW00028857,1954-03-06,F
AW00028858,1959-11-22,F
AW00028859,1948-01-18,M
AW00028860,1957-08-27,Female
NASAW00028861,1958-04-03,M
AW00028862,1959-05-09,Female
AW00028863,1950-04-29,M
AW00028864,1951-07-21,F
NASAW00028865,1955-05-04,Male
AW00028866,1958-07-21,Female
AW00028867,1941-11-02,
NASAW00028868,1962-12-20,
NASAW00028869,1963-09-04,M
AW00028870,1953-08-16,Male
AW00028871,1940-03-12,Male
AW00028872,1947-08-26,Female
AW00028873,1958-02-15,F
AW00028874,1963-10-04,M
AW00028875,1963-07-31,Female
NASAW00028876,1955-04-28,M
NASAW00028877,1947-05-10,M
AW00028878,1942-03-22,F
AW00028879,1944-11-01,Female
AW00028880,1958-05-17,Female
NASAW00028881,1954-10-20,M
AW00028882,1942-03-12,F
AW00028883,1960-04-02,F
AW00028884,1953-09-30,F
NASAW00028885,1955-05-28,Male
NASAW00028886,1949-03-10,Male
AW00028887,1956-11-04,F
NASAW00028888,1947-03-06,Male
AW00028889,1953-12-17,F
AW00028890,1960-02-09,F
NASAW00028891,1962-01-28,F
NASAW00028892,1949-09-03,F
NASAW00028893,1947-07-27,F
AW00028894,1947-05-30,
AW00028895,1957-02-16,F
AW00028896,1952-02-06,F
AW00028897,1945-06-02,M
AW00028898,1959-02-04,Female
AW00028899,1961-08-29,F
AW00028900,1953-02-26,M
AW00028901,1951-04-17,F
NASAW00028902,1951-11-09,Male
AW00028903,1953-12-28,M
AW00028904,1959-02-19,F
AW00028905,1949-09-12,F
AW00028906,1944-05-24,F
AW00028907,1947-01-07,M
AW00028908,1942-03-17,Male
AW00028909,1963-01-03,
AW00028910,1951-04-29,F
AW00028911,1950-08-11,M
NASAW00028912,1958-03-28,Female
NASAW00028913,1953-10-12,Female
AW00028914,1962-10-27,Male
AW00028915,1944-10-02,F
AW00028916,1957-12-26,Female
NASAW00028917,1956-10-03,M
AW00028918,1948-09-29,Male
AW00028919,1944-03-12,F
NASAW00028920,1954-01-26,
NASAW00028921,1962-04-11,Female
NASAW00028922,1949-09-20,Female
NASAW00028923,1946-01-16,F
NASAW00028924,1940-12-14,F
NASAW00028925,1955-12-12,M
NASAW00028926,1956-10-29,Female
NASAW00028927,1951-10-05,
AW00028928,1949-10-20,M
NASAW00028929,1951-02-17,M
NASAW00028930,1958-05-09,M
AW00028931,1952-04-03,Male
AW00028932,1942-10-12,Male
NASAW00028933,1953-03-15,Female
AW00028934,1945-10-05,Female
NASAW00028935,1941-12-25,F
AW00028936,1954-02-09,M
AW00028937,1963-04-05,Male
AW00028938,1945-10-27,Male
AW00028939,1949-04-18,F
AW00028940,1946-03-01,M
AW00028941,1962-02-08,Male
NASAW00028942,1948-04-12,Male
AW00028943,1961-11-11,
AW00028944,1943-01-05,M
NASAW00028945,1952-10-19,M
AW00028946,1941-03-03,Male
AW00028947,1946-08-02,M
NASAW00028948,1943-03-03,M
NASAW00028949,1947-08-19,Male
AW00028950,1953-07-13,F
NASAW00028951,1952-03-14,Female
AW00028952,1957-01-17,M
NASAW00028953,1957-01-05,F
NASAW00028954,1942-01-07,F
AW00028955,1957-05-07,F
AW00028956,1941-04-25,F
AW00028957,1963-03-02,F
AW00028958,1942-04-03,M
AW00028959,1945-08-16,M
AW00028960,1942-10-03,F
AW00028961,1946-05-04,Male
AW00028962,1941-07-15,
AW00028963,1961-03-14,Female
NASAW00028964,1943-01-17,Female
AW00028965,1952-04-10,Female
NASAW00028966,1962-06-04,Female
NASAW00028967,1947-01-10,Female
AW00028968,1942-02-19,Female
AW00028969,1948-03-16,F
AW00028970,1941-11-14,Male
AW00028971,1959-04-05,F
AW00028972,1943-10-17,M
AW00028973,1954-06-16,F
AW00028974,1952-02-07,F
NASAW00028975,1959-09-22,Female
AW00028976,1961-09-21,M
AW00028977,1945-05-18,Male
NASAW00028978,1947-11-12,F
AW00028979,1958-09-09,F
NASAW00028980,1961-01-23,Female
AW00028981,1955-08-25,Female
AW00028982,1947-09-07,M
AW00028983,1941-10-05,F
AW00028984,1951-02-05,Female
NASAW00028985,1954-05-07,Male
AW00028986,1953-04-11,Male
AW00028987,1940-08-13,F
AW00028988,1956-05-18,M
AW00028989,1948-08-14,Female
AW00028990,1952-03-10,Male
AW00028991,2035-01-01,Female
AW00028992,1962-01-16,Male
AW00028993,1952-01-06,F
AW00028994,1941-02-19,F
AW00028995,1946-12-03,Male
AW00028996,1955-01-27,Male
AW00028997,1947-03-23,M
NASAW00028998,1950-05-09,Male
AW00028999,1940-09-12,M
