cid,cntry
AW-00011000,USA
AW-00011001,United States
AW-00011002,United States
AW-00011003,Canada
AW-00011004,France
AW-00011005,Canada
AW-00011006,United States
AW-00011007,France
AW-00011008,Germany
AW-00011009,Australia
AW-00011010,US
AW-00011011,Australia
AW-00011012,Canada
AW-00011013,DE
AW-00011014,USA
AW-00011015,United Kingdom
AW-00011016,United States
AW-00011017,
AW-00011018,Australia
AW-00011019,France
AW-00011020,Canada
AW-00011021,Australia
AW-00011022,United Kingdom
AW-00011023,France
AW-00011024,Germany
AW-00011025,Australia
AW-00011026,Canada
AW-00011027,Canada
AW-00011028,Australia
AW-00011029,France
AW-00011030,France
AW-00011031,United Kingdom
AW-00011032,DE
AW-00011033,US
AW-00011034,United Kingdom
AW-00011035,Australia
AW-00011036,United Kingdom
AW-00011037,
AW-00011038,Australia
AW-00011039,Canada
AW-00011040,Australia
AW-00011041,
AW-00011042,Australia
AW-00011043,United States
AW-00011044,United Kingdom
AW-00011045,US
AW-00011046,US
AW-00011047,United Kingdom
AW-00011048,USA
AW-00011049,USA
AW-00011050,Canada
AW-00011051,Canada
AW-00011052,United Kingdom
AW-00011053,USA
AW-00011054,USA
AW-00011055,Canada
AW-00011056,Australia
AW-00011057,Canada
AW-00011058,Canada
AW-00011059,Australia
AW-00011060,United States
AW-00011061,DE
AW-00011062,
AW-00011063,France
AW-00011064,Australia
AW-00011065,Germany
AW-00011066,United States
AW-00011067,United Kingdom
AW-00011068,Australia
AW-00011069,Australia
AW-00011070,US
AW-00011071,Australia
AW-00011072,United Kingdom
AW-00011073,United Kingdom
AW-00011074,Canada
AW-00011075,USA
AW-00011076,US
AW-00011077,Australia
AW-00011078,United States
AW-00011079,USA
AW-00011080,France
AW-00011081,France
AW-00011082,Australia
AW-00011083,United Kingdom
AW-00011084,DE
AW-00011085,France
AW-00011086,Canada
AW-00011087,United Kingdom
AW-00011088,Australia
AW-00011089,Australia
AW-00011090,Australia
AW-00011091,Canada
AW-00011092,US
AW-00011093,Germany
AW-00011094,United States
AW-00011095,
AW-00011096,Australia
AW-00011097,Canada
AW-00011098,DE
AW-00011099,Canada
AW-00011100,DE
AW-00011101,Australia
AW-00011102,Canada
AW-00011103,Australia
AW-00011104,United Kingdom
AW-00011105,France
AW-00011106,Australia
AW-00011107,USA
AW-00011108,United States
AW-00011109,Australia
AW-00011110,France
AW-00011111,DE
AW-00011112,Germany
AW-00011113,Australia
AW-00011114,Canada
AW-00011115,Germany
AW-00011116,USA
AW-00011117,Germany
AW-00011118,Australia
AW-00011119,United Kingdom
AW-00011120,DE
AW-00011121,Germany
AW-00011122,DE
AW-00011123,Australia
AW-00011124,USA
AW-00011125,Australia
AW-00011126,Canada
AW-00011127,Australia
AW-00011128,United States
AW-00011129,Australia
AW-00011130,Australia
AW-00011131,Germany
AW-00011132,United States
AW-00011133,US
AW-00011134,US
AW-00011135,United States
AW-00011136,United States
AW-00011137,Australia
AW-00011138,United Kingdom
AW-00011139,France
AW-00011140,Germany
AW-00011141,United Kingdom
AW-00011142,Canada
AW-00011143,Canada
AW-00011144,US
AW-00011145,Australia
AW-00011146,Australia
AW-00011147,Australia
AW-00011148,Australia
AW-00011149,United Kingdom
AW-00011150,Australia
AW-00011151,United Kingdom
AW-00011152,United Kingdom
AW-00011153,DE
AW-00011154,Canada
AW-00011155,Germany
AW-00011156,Canada
AW-00011157,Canada
AW-00011158,Australia
AW-00011159,US
AW-00011160,USA
AW-00011161,USA
AW-00011162,France
AW-00011163,DE
AW-00011164,Australia
AW-00011165,US
AW-00011166,France
AW-00011167,Australia
AW-00011168,US
AW-00011169,Australia
AW-00011170,France
AW-00011171,Australia
AW-00011172,USA
AW-00011173,DE
AW-00011174,United Kingdom
AW-00011175,Germany
AW-00011176,United States
AW-00011177,Australia
AW-00011178,Australia
AW-00011179,Canada
AW-00011180,Germany
AW-00011181,Australia
AW-00011182,United Kingdom
AW-00011183,France
AW-00011184,France
AW-00011185,United States
AW-00011186,USA
AW-00011187,Canada
AW-00011188,
AW-00011189,France
AW-00011190,US
AW-00011191,France
AW-00011192,US
AW-00011193,US
AW-00011194,France
AW-00011195,Australia
AW-00011196,Canada
AW-00011197,United States
AW-00011198,United States
AW-00011199,US
AW-00011200,United States
AW-00011201,Germany
AW-00011202,DE
AW-00011203,United Kingdom
AW-00011204,France
AW-00011205,US
AW-00011206,United Kingdom
AW-00011207,Germany
AW-00011208,Germany
AW-00011209,Australia
AW-00011210,Australia
AW-00011211,France
AW-00011212,France
AW-00011213,Canada
AW-00011214,United Kingdom
AW-00011215,USA
AW-00011216,United States
AW-00011217,DE
AW-00011218,US
AW-00011219,DE
AW-00011220,Germany
AW-00011221,United States
AW-00011222,Canada
AW-00011223,USA
AW-00011224,France
AW-00011225,Australia
AW-00011226,France
AW-00011227,Australia
AW-00011228,Canada
AW-00011229,United States
AW-00011230,France
AW-00011231,Australia
AW-00011232,Australia
AW-00011233,Australia
AW-00011234,US
AW-00011235,United States
AW-00011236,Australia
AW-00011237,Canada
AW-00011238,DE
AW-00011239,Canada
AW-00011240,France
AW-00011241,United States
AW-00011242,Australia
AW-00011243,Australia
AW-00011244,Germany
AW-00011245,Australia
AW-00011246,
AW-00011247,United States
AW-00011248,Canada
AW-00011249,US
AW-00011250,France
AW-00011251,US
AW-00011252,Australia
AW-00011253,France
AW-00011254,United States
AW-00011255,USA
AW-00011256,France
AW-00011257,France
AW-00011258,Canada
AW-00011259,Canada
AW-00011260,USA
AW-00011261,France
AW-00011262,Canada
AW-00011263,
AW-00011264,France
AW-00011265,Australia
AW-00011266,United Kingdom
AW-00011267,Australia
AW-00011268,US
AW-00011269,Australia
AW-00011270,United States
AW-00011271,United States
AW-00011272,Australia
AW-00011273,France
AW-00011274,Germany
AW-00011275,United States
AW-00011276,US
AW-00011277,United Kingdom
AW-00011278,Germany
AW-00011279,France
AW-00011280,France
AW-00011281,DE
AW-00011282,Australia
AW-00011283,Canada
AW-00011284,DE
AW-00011285,Australia
AW-00011286,Germany
AW-00011287,France
AW-00011288,United Kingdom
AW-00011289,US
AW-00011290,United Kingdom
AW-00011291,Australia
AW-00011292,US
AW-00011293,United Kingdom
AW-00011294,Australia
AW-00011295,Germany
AW-00011296,DE
AW-00011297,Australia
AW-00011298,Australia
AW-00011299,US
AW-00011300,France
AW-00011301,Australia
AW-00011302,US
AW-00011303,United States
AW-00011304,US
AW-00011305,Australia
AW-00011306,Australia
AW-00011307,France
AW-00011308,Germany
AW-00011309,France
AW-00011310,Australia
AW-00011311,United Kingdom
AW-00011312,Germany
AW-00011313,Canada
AW-00011314,United Kingdom
AW-00011315,United Kingdom
AW-00011316,Australia
AW-00011317,United Kingdom
AW-00011318,Canada
AW-00011319,Australia
AW-00011320,Australia
AW-00011321,Australia
AW-00011322,DE
AW-00011323,United States
AW-00011324,US
AW-00011325,Australia
AW-00011326,US
AW-00011327,Canada
AW-00011328,United Kingdom
AW-00011329,Australia
AW-00011330,United Kingdom
AW-00011331,Canada
AW-00011332,United Kingdom
AW-00011333,DE
AW-00011334,Australia
AW-00011335,Canada
AW-00011336,US
AW-00011337,United Kingdom
AW-00011338,France
AW-00011339,Germany
AW-00011340,Australia
AW-00011341,France
AW-00011342,Canada
AW-00011343,Germany
AW-00011344,Australia
AW-00011345,France
AW-00011346,US
AW-00011347,DE
AW-00011348,Germany
AW-00011349,
AW-00011350,Canada
AW-00011351,United States
AW-00011352,US
AW-00011353,Australia
AW-00011354,United Kingdom
AW-00011355,United States
AW-00011356,Canada
AW-00011357,Canada
AW-00011358,United Kingdom
AW-00011359,France
AW-00011360,DE
AW-00011361,Australia
AW-00011362,United Kingdom
AW-00011363,United Kingdom
AW-00011364,United Kingdom
AW-00011365,DE
AW-00011366,Germany
AW-00011367,DE
AW-00011368,Australia
AW-00011369,Germany
AW-00011370,USA
AW-00011371,Canada
AW-00011372,United Kingdom
AW-00011373,Germany
AW-00011374,Australia
AW-00011375,France
AW-00011376,Australia
AW-00011377,US
AW-00011378,US
AW-00011379,Germany
AW-00011380,Australia
AW-00011381,DE
AW-00011382,Australia
AW-00011383,United Kingdom
AW-00011384,Australia
AW-00011385,United Kingdom
AW-00011386,USA
AW-00011387,Australia
AW-00011388,Canada
AW-00011389,Australia
AW-00011390,Germany
AW-00011391,Australia
AW-00011392,United States
AW-00011393,US
AW-00011394,Australia
AW-00011395,United Kingdom
AW-00011396,US
AW-00011397,Canada
AW-00011398,Australia
AW-00011399,United Kingdom
AW-00011400,United States
AW-00011401,Germany
AW-00011402,United States
AW-00011403,United Kingdom
AW-00011404,United States
AW-00011405,United Kingdom
AW-00011406,Australia
AW-00011407,Germany
AW-00011408,USA
AW-00011409,Australia
AW-00011410,United States
AW-00011411,France
AW-00011412,France
AW-00011413,United Kingdom
AW-00011414,USA
AW-00011415,France
AW-00011416,Canada
AW-00011417,US
AW-00011418,Australia
AW-00011419,Canada
AW-00011420,United Kingdom
AW-00011421,USA
AW-00011422,US
AW-00011423,Australia
AW-00011424,Canada
AW-00011425,
AW-00011426,United Kingdom
AW-00011427,United Kingdom
AW-00011428,DE
AW-00011429,Australia
AW-00011430,Australia
AW-00011431,Germany
AW-00011432,United States
AW-00011433,US
AW-00011434,United States
AW-00011435,Australia
AW-00011436,France
AW-00011437,Australia
AW-00011438,Canada
AW-00011439,Australia
AW-00011440,DE
AW-00011441,US
AW-00011442,France
AW-00011443,United States
AW-00011444,United Kingdom
AW-00011445,Canada
AW-00011446,United Kingdom
AW-00011447,United Kingdom
AW-00011448,
AW-00011449,DE
AW-00011450,US
AW-00011451,USA
AW-00011452,United States
AW-00011453,United States
AW-00011454,Germany
AW-00011455,Germany
AW-00011456,United Kingdom
AW-00011457,France
AW-00011458,France
AW-00011459,United States
AW-00011460,Australia
AW-00011461,Australia
AW-00011462,Australia
AW-00011463,United Kingdom
AW-00011464,Australia
AW-00011465,DE
AW-00011466,Germany
AW-00011467,United Kingdom
AW-00011468,Australia
AW-00011469,Australia
AW-00011470,Germany
AW-00011471,Canada
AW-00011472,United Kingdom
AW-00011473,Australia
AW-00011474,USA
AW-00011475,Germany
AW-00011476,Germany
AW-00011477,Australia
AW-00011478,United Kingdom
AW-00011479,DE
AW-00011480,Canada
AW-00011481,United States
AW-00011482,USA
AW-00011483,USA
AW-00011484,Canada
AW-00011485,US
AW-00011486,Canada
AW-00011487,Australia
AW-00011488,Germany
AW-00011489,France
AW-00011490,United States
AW-00011491,Canada
AW-00011492,United States
AW-00011493,Germany
AW-00011494,Canada
AW-00011495,Canada
AW-00011496,Australia
AW-00011497,Australia
AW-00011498,
AW-00011499,United States
AW-00011500,Canada
AW-00011501,United Kingdom
AW-00011502,Germany
AW-00011503,DE
AW-00011504,France
AW-00011505,Germany
AW-00011506,United States
AW-00011507,France
AW-00011508,Canada
AW-00011509,Canada
AW-00011510,US
AW-00011511,United Kingdom
AW-00011512,
AW-00011513,US
AW-00011514,US
AW-00011515,Canada
AW-00011516,France
AW-00011517,USA
AW-00011518,Australia
AW-00011519,United States
AW-00011520,Germany
AW-00011521,United States
AW-00011522,Australia
AW-00011523,US
AW-00011524,Canada
AW-00011525,DE
AW-00011526,USA
AW-00011527,Australia
AW-00011528,Australia
AW-00011529,Germany
AW-00011530,Germany
AW-00011531,Canada
AW-00011532,Canada
AW-00011533,United Kingdom
AW-00011534,US
AW-00011535,United Kingdom
AW-00011536,Germany
AW-00011537,
AW-00011538,Australia
AW-00011539,Germany
AW-00011540,US
AW-00011541,Australia
AW-00011542,Australia
AW-00011543,Germany
AW-00011544,Germany
AW-00011545,Australia
AW-00011546,DE
AW-00011547,Australia
AW-00011548,Australia
AW-00011549,United States
AW-00011550,Australia
AW-00011551,Canada
AW-00011552,
AW-00011553,United Kingdom
AW-00011554,France
AW-00011555,Australia
AW-00011556,United States
AW-00011557,DE
AW-00011558,USA
AW-00011559,DE
AW-00011560,Canada
AW-00011561,United Kingdom
AW-00011562,Australia
AW-00011563,Canada
AW-00011564,Canada
AW-00011565,Germany
AW-00011566,United Kingdom
AW-00011567,Germany
AW-00011568,USA
AW-00011569,United States
AW-00011570,Canada
AW-00011571,France
AW-00011572,France
AW-00011573,Australia
AW-00011574,Germany
AW-00011575,Canada
AW-00011576,Germany
AW-00011577,USA
AW-00011578,France
AW-00011579,Germany
AW-00011580,Australia
AW-00011581,Canada
AW-00011582,USA
AW-00011583,DE
AW-00011584,Canada
AW-00011585,DE
AW-00011586,Canada
AW-00011587,Australia
AW-00011588,Canada
AW-00011589,US
AW-00011590,United States
AW-00011591,United States
AW-00011592,United Kingdom
AW-00011593,United Kingdom
AW-00011594,Australia
AW-00011595,
AW-00011596,Australia
AW-00011597,United Kingdom
AW-00011598,Australia
AW-00011599,Australia
AW-00011600,Germany
AW-00011601,United Kingdom
AW-00011602,United States
AW-00011603,US
AW-00011604,Australia
AW-00011605,USA
AW-00011606,Australia
AW-00011607,France
AW-00011608,United Kingdom
AW-00011609,Australia
AW-00011610,Germany
AW-00011611,Canada
AW-00011612,Canada
AW-00011613,Canada
AW-00011614,United States
AW-00011615,United States
AW-00011616,US
AW-00011617,Australia
AW-00011618,Australia
AW-00011619,United States
AW-00011620,US
AW-00011621,Australia
AW-00011622,Canada
AW-00011623,United Kingdom
AW-00011624,DE
AW-00011625,United Kingdom
AW-00011626,United Kingdom
AW-00011627,Australia
AW-00011628,Canada
AW-00011629,United States
AW-00011630,DE
AW-00011631,Canada
AW-00011632,United Kingdom
AW-00011633,Australia
AW-00011634,Germany
AW-00011635,
AW-00011636,France
AW-00011637,Australia
AW-00011638,US
AW-00011639,United States
AW-00011640,United States
AW-00011641,France
AW-00011642,France
AW-00011643,United States
AW-00011644,USA
AW-00011645,USA
AW-00011646,US
AW-00011647,USA
AW-00011648,United Kingdom
AW-00011649,USA
AW-00011650,United States
AW-00011651,Australia
AW-00011652,US
AW-00011653,Australia
AW-00011654,United Kingdom
AW-00011655,Australia
AW-00011656,Germany
AW-00011657,United Kingdom
AW-00011658,United Kingdom
AW-00011659,United Kingdom
AW-00011660,United States
AW-00011661,United States
AW-00011662,Germany
AW-00011663,Australia
AW-00011664,United Kingdom
AW-00011665,Canada
AW-00011666,Australia
AW-00011667,Australia
AW-00011668,United Kingdom
AW-00011669,United States
AW-00011670,US
AW-00011671,Australia
AW-00011672,France
AW-00011673,United Kingdom
AW-00011674,United States
AW-00011675,United States
AW-00011676,USA
AW-00011677,United States
AW-00011678,Canada
AW-00011679,Canada
AW-00011680,Canada
AW-00011681,United Kingdom
AW-00011682,Australia
AW-00011683,Australia
AW-00011684,Germany
AW-00011685,Australia
AW-00011686,USA
AW-00011687,United States
AW-00011688,US
AW-00011689,Canada
AW-00011690,France
AW-00011691,US
AW-00011692,United States
AW-00011693,United Kingdom
AW-00011694,France
AW-00011695,United Kingdom
AW-00011696,Australia
AW-00011697,Australia
AW-00011698,Australia
AW-00011699,DE
AW-00011700,France
AW-00011701,US
AW-00011702,Canada
AW-00011703,Australia
AW-00011704,US
AW-00011705,US
AW-00011706,United States
AW-00011707,DE
AW-00011708,United States
AW-00011709,US
AW-00011710,Germany
AW-00011711,United States
AW-00011712,United Kingdom
AW-00011713,Canada
AW-00011714,France
AW-00011715,United Kingdom
AW-00011716,Australia
AW-00011717,Australia
AW-00011718,France
AW-00011719,United States
AW-00011720,Germany
AW-00011721,France
AW-00011722,France
AW-00011723,Australia
AW-00011724,France
AW-00011725,France
AW-00011726,Canada
AW-00011727,United States
AW-00011728,Australia
AW-00011729,France
AW-00011730,United States
AW-00011731,United States
AW-00011732,United States
AW-00011733,Australia
AW-00011734,Australia
AW-00011735,Canada
AW-00011736,France
AW-00011737,Germany
AW-00011738,DE
AW-00011739,Australia
AW-00011740,Australia
AW-00011741,United States
AW-00011742,United Kingdom
AW-00011743,Canada
AW-00011744,United States
AW-00011745,Germany
AW-00011746,Australia
AW-00011747,Germany
AW-00011748,United States
AW-00011749,Canada
AW-00011750,Canada
AW-00011751,Australia
AW-00011752,US
AW-00011753,
AW-00011754,US
AW-00011755,DE
AW-00011756,Germany
AW-00011757,Australia
AW-00011758,Australia
AW-00011759,United Kingdom
AW-00011760,USA
AW-00011761,Australia
AW-00011762,Canada
AW-00011763,Australia
AW-00011764,USA
AW-00011765,France
AW-00011766,Germany
AW-00011767,DE
AW-00011768,DE
AW-00011769,Canada
AW-00011770,United States
AW-00011771,United Kingdom
AW-00011772,Germany
AW-00011773,Australia
AW-00011774,Canada
AW-00011775,Australia
AW-00011776,Germany
AW-00011777,United Kingdom
AW-00011778,US
AW-00011779,Australia
AW-00011780,United States
AW-00011781,Germany
AW-00011782,United States
AW-00011783,United States
AW-00011784,Canada
AW-00011785,Australia
AW-00011786,United States
AW-00011787,United States
AW-00011788,Australia
AW-00011789,Australia
AW-00011790,United States
AW-00011791,DE
AW-00011792,USA
AW-00011793,Australia
AW-00011794,France
AW-00011795,United States
AW-00011796,DE
AW-00011797,United Kingdom
AW-00011798,Australia
AW-00011799,United Kingdom
AW-00011800,United Kingdom
AW-00011801,US
AW-00011802,Australia
AW-00011803,Australia
AW-00011804,US
AW-00011805,Australia
AW-00011806,Australia
AW-00011807,Australia
AW-00011808,Canada
AW-00011809,Australia
AW-00011810,DE
AW-00011811,United States
AW-00011812,US
AW-00011813,US
AW-00011814,Germany
AW-00011815,United States
AW-00011816,Australia
AW-00011817,Australia
AW-00011818,France
AW-00011819,United States
AW-00011820,
AW-00011821,USA
AW-00011822,USA
AW-00011823,France
AW-00011824,United Kingdom
AW-00011825,France
AW-00011826,United Kingdom
AW-00011827,United Kingdom
AW-00011828,US
AW-00011829,Canada
AW-00011830,United States
AW-00011831,Germany
AW-00011832,Canada
AW-00011833,France
AW-00011834,Canada
AW-00011835,Australia
AW-00011836,United Kingdom
AW-00011837,France
AW-00011838,United States
AW-00011839,Australia
AW-00011840,USA
AW-00011841,United States
AW-00011842,Canada
AW-00011843,Australia
AW-00011844,United Kingdom
AW-00011845,Germany
AW-00011846,Germany
AW-00011847,US
AW-00011848,United States
AW-00011849,US
AW-00011850,Canada
AW-00011851,Germany
AW-00011852,Germany
AW-00011853,Australia
AW-00011854,United States
AW-00011855,DE
AW-00011856,Canada
AW-00011857,United Kingdom
AW-00011858,Australia
AW-00011859,Germany
AW-00011860,US
AW-00011861,France
AW-00011862,France
AW-00011863,
AW-00011864,Australia
AW-00011865,US
AW-00011866,Australia
AW-00011867,Australia
AW-00011868,United States
AW-00011869,US
AW-00011870,Australia
AW-00011871,France
AW-00011872,France
AW-00011873,United States
AW-00011874,United States
AW-00011875,US
AW-00011876,United States
AW-00011877,United Kingdom
AW-00011878,Australia
AW-00011879,Australia
AW-00011880,USA
AW-00011881,US
AW-00011882,Australia
AW-00011883,Germany
AW-00011884,Canada
AW-00011885,USA
AW-00011886,USA
AW-00011887,United Kingdom
AW-00011888,Australia
AW-00011889,Germany
AW-00011890,Australia
AW-00011891,France
AW-00011892,United States
AW-00011893,Canada
AW-00011894,
AW-00011895,Canada
AW-00011896,Germany
AW-00011897,United Kingdom
AW-00011898,United States
AW-00011899,Canada
AW-00011900,Canada
AW-00011901,Germany
AW-00011902,Canada
AW-00011903,Australia
AW-00011904,United States
AW-00011905,USA
AW-00011906,United States
AW-00011907,France
AW-00011908,United States
AW-00011909,DE
AW-00011910,US
AW-00011911,United States
AW-00011912,USA
AW-00011913,Germany
AW-00011914,USA
AW-00011915,Australia
AW-00011916,Australia
AW-00011917,Australia
AW-00011918,Germany
AW-00011919,Canada
AW-00011920,Australia
AW-00011921,US
AW-00011922,Australia
AW-00011923,Canada
AW-00011924,Australia
AW-00011925,US
AW-00011926,Australia
AW-00011927,France
AW-00011928,Canada
AW-00011929,Canada
AW-00011930,Australia
AW-00011931,United Kingdom
AW-00011932,Germany
AW-00011933,United States
AW-00011934,Germany
AW-00011935,US
AW-00011936,Germany
AW-00011937,Australia
AW-00011938,Australia
AW-00011939,DE
AW-00011940,Canada
AW-00011941,Australia
AW-00011942,Canada
AW-00011943,Australia
AW-00011944,Germany
AW-00011945,Australia
AW-00011946,Australia
AW-00011947,Germany
AW-00011948,United States
AW-00011949,France
AW-00011950,Canada
AW-00011951,Germany
AW-00011952,Australia
AW-00011953,Germany
AW-00011954,US
AW-00011955,United Kingdom
AW-00011956,United States
AW-00011957,US
AW-00011958,United Kingdom
AW-00011959,United States
AW-00011960,Germany
AW-00011961,United States
AW-00011962,France
AW-00011963,Australia
AW-00011964,United Kingdom
AW-00011965,
AW-00011966,United Kingdom
AW-00011967,
AW-00011968,Canada
AW-00011969,France
AW-00011970,DE
AW-00011971,United States
AW-00011972,Germany
AW-00011973,United States
AW-00011974,United Kingdom
AW-00011975,France
AW-00011976,Germany
AW-00011977,Australia
AW-00011978,Germany
AW-00011979,USA
AW-00011980,United States
AW-00011981,USA
AW-00011982,France
AW-00011983,Australia
AW-00011984,Germany
AW-00011985,Germany
AW-00011986,Australia
AW-00011987,DE
AW-00011988,USA
AW-00011989,US
AW-00011990,Canada
AW-00011991,Australia
AW-00011992,Australia
AW-00011993,DE
AW-00011994,Germany
AW-00011995,USA
AW-00011996,Germany
AW-00011997,France
AW-00011998,Australia
AW-00011999,Australia
AW-00012000,Germany
AW-00012001,United States
AW-00012002,Australia
AW-00012003,France
AW-00012004,US
AW-00012005,Canada
AW-00012006,Australia
AW-00012007,Canada
AW-00012008,Australia
AW-00012009,France
AW-00012010,France
AW-00012011,Germany
AW-00012012,United Kingdom
AW-00012013,USA
AW-00012014,United States
AW-00012015,Australia
AW-00012016,Canada
AW-00012017,Germany
AW-00012018,Australia
AW-00012019,United Kingdom
AW-00012020,Australia
AW-00012021,United Kingdom
AW-00012022,Canada
AW-00012023,France
AW-00012024,Canada
AW-00012025,Australia
AW-00012026,United States
AW-00012027,United Kingdom
AW-00012028,Australia
AW-00012029,France
AW-00012030,United Kingdom
AW-00012031,Australia
AW-00012032,Australia
AW-00012033,France
AW-00012034,Germany
AW-00012035,United States
AW-00012036,United Kingdom
AW-00012037,Australia
AW-00012038,United States
AW-00012039,United Kingdom
AW-00012040,Australia
AW-00012041,Australia
AW-00012042,Australia
AW-00012043,USA
AW-00012044,
AW-00012045,
AW-00012046,United Kingdom
AW-00012047,Germany
AW-00012048,US
AW-00012049,Australia
AW-00012050,United Kingdom
AW-00012051,United States
AW-00012052,United States
AW-00012053,United States
AW-00012054,Australia
AW-00012055,US
AW-00012056,Australia
AW-00012057,US
AW-00012058,USA
AW-00012059,Germany
AW-00012060,United States
AW-00012061,Australia
AW-00012062,Germany
AW-00012063,France
AW-00012064,Australia
AW-00012065,Australia
AW-00012066,Canada
AW-00012067,Australia
AW-00012068,USA
AW-00012069,Canada
AW-00012070,Germany
AW-00012071,Australia
AW-00012072,Canada
AW-00012073,DE
AW-00012074,United Kingdom
AW-00012075,
AW-00012076,United States
AW-00012077,France
AW-00012078,United States
AW-00012079,DE
AW-00012080,Australia
AW-00012081,Canada
AW-00012082,DE
AW-00012083,Germany
AW-00012084,United States
AW-00012085,United States
AW-00012086,United Kingdom
AW-00012087,United States
AW-00012088,Australia
AW-00012089,USA
AW-00012090,US
AW-00012091,US
AW-00012092,DE
AW-00012093,DE
AW-00012094,Canada
AW-00012095,United States
AW-00012096,USA
AW-00012097,Australia
AW-00012098,Germany
AW-00012099,Australia
AW-00012100,United Kingdom
AW-00012101,France
AW-00012102,France
AW-00012103,France
AW-00012104,USA
AW-00012105,Germany
AW-00012106,Australia
AW-00012107,USA
AW-00012108,Germany
AW-00012109,Australia
AW-00012110,United States
AW-00012111,DE
AW-00012112,US
AW-00012113,USA
AW-00012114,United States
AW-00012115,Australia
AW-00012116,United Kingdom
AW-00012117,France
AW-00012118,United Kingdom
AW-00012119,Germany
AW-00012120,Australia
AW-00012121,Germany
AW-00012122,Australia
AW-00012123,Canada
AW-00012124,United Kingdom
AW-00012125,United Kingdom
AW-00012126,France
AW-00012127,Germany
AW-00012128,Australia
AW-00012129,United Kingdom
AW-00012130,
AW-00012131,Canada
AW-00012132,Canada
AW-00012133,Canada
AW-00012134,United Kingdom
AW-00012135,United States
AW-00012136,USA
AW-00012137,Germany
AW-00012138,Germany
AW-00012139,DE
AW-00012140,United Kingdom
AW-00012141,United States
AW-00012142,United Kingdom
AW-00012143,US
AW-00012144,Canada
AW-00012145,Canada
AW-00012146,USA
AW-00012147,USA
AW-00012148,Germany
AW-00012149,Australia
AW-00012150,Canada
AW-00012151,United Kingdom
AW-00012152,Australia
AW-00012153,DE
AW-00012154,United States
AW-00012155,Australia
AW-00012156,Australia
AW-00012157,
AW-00012158,United Kingdom
AW-00012159,USA
AW-00012160,France
AW-00012161,United States
AW-00012162,DE
AW-00012163,France
AW-00012164,United States
AW-00012165,Australia
AW-00012166,United Kingdom
AW-00012167,Australia
AW-00012168,Australia
AW-00012169,France
AW-00012170,United States
AW-00012171,United Kingdom
AW-00012172,Canada
AW-00012173,France
AW-00012174,US
AW-00012175,Germany
AW-00012176,Australia
AW-00012177,Germany
AW-00012178,US
AW-00012179,France
AW-00012180,Australia
AW-00012181,US
AW-00012182,Canada
AW-00012183,Australia
AW-00012184,Germany
AW-00012185,United Kingdom
AW-00012186,Australia
AW-00012187,France
AW-00012188,Australia
AW-00012189,DE
AW-00012190,Australia
AW-00012191,USA
AW-00012192,Australia
AW-00012193,Australia
AW-00012194,Germany
AW-00012195,Australia
AW-00012196,Australia
AW-00012197,Australia
AW-00012198,United Kingdom
AW-00012199,US
AW-00012200,Germany
AW-00012201,France
AW-00012202,United States
AW-00012203,United Kingdom
AW-00012204,United States
AW-00012205,DE
AW-00012206,United States
AW-00012207,Canada
AW-00012208,
AW-00012209,Australia
AW-00012210,France
AW-00012211,United Kingdom
AW-00012212,Australia
AW-00012213,Canada
AW-00012214,France
AW-00012215,Australia
AW-00012216,US
AW-00012217,Australia
AW-00012218,France
AW-00012219,Germany
AW-00012220,Germany
AW-00012221,Australia
AW-00012222,Australia
AW-00012223,US
AW-00012224,United Kingdom
AW-00012225,France
AW-00012226,US
AW-00012227,Germany
AW-00012228,Australia
AW-00012229,Canada
AW-00012230,United States
AW-00012231,United Kingdom
AW-00012232,US
AW-00012233,DE
AW-00012234,US
AW-00012235,Australia
AW-00012236,France
AW-00012237,US
AW-00012238,Australia
AW-00012239,Australia
AW-00012240,United Kingdom
AW-00012241,Canada
AW-00012242,France
AW-00012243,Germany
AW-00012244,US
AW-00012245,Australia
AW-00012246,United Kingdom
AW-00012247,France
AW-00012248,United States
AW-00012249,United Kingdom
AW-00012250,Australia
AW-00012251,USA
AW-00012252,US
AW-00012253,USA
AW-00012254,Australia
AW-00012255,France
AW-00012256,Germany
AW-00012257,USA
AW-00012258,United Kingdom
AW-00012259,Germany
AW-00012260,Australia
AW-00012261,Australia
AW-00012262,United States
AW-00012263,France
AW-00012264,United States
AW-00012265,Canada
AW-00012266,France
AW-00012267,France
AW-00012268,United States
AW-00012269,USA
AW-00012270,DE
AW-00012271,Australia
AW-00012272,USA
AW-00012273,DE
AW-00012274,Canada
AW-00012275,Australia
AW-00012276,Australia
AW-00012277,France
AW-00012278,US
AW-00012279,Canada
AW-00012280,Germany
AW-00012281,Canada
AW-00012282,Australia
AW-00012283,Canada
AW-00012284,Canada
AW-00012285,United Kingdom
AW-00012286,France
AW-00012287,Canada
AW-00012288,France
AW-00012289,France
AW-00012290,France
AW-00012291,USA
AW-00012292,Canada
AW-00012293,
AW-00012294,United Kingdom
AW-00012295,United States
AW-00012296,US
AW-00012297,Australia
AW-00012298,Australia
AW-00012299,Canada
AW-00012300,France
AW-00012301,United Kingdom
AW-00012302,Canada
AW-00012303,Canada
AW-00012304,Australia
AW-00012305,United States
AW-00012306,Australia
AW-00012307,United States
AW-00012308,
AW-00012309,Canada
AW-00012310,US
AW-00012311,Australia
AW-00012312,
AW-00012313,United Kingdom
AW-00012314,Canada
AW-00012315,United Kingdom
AW-00012316,United States
AW-00012317,Canada
AW-00012318,United States
AW-00012319,US
AW-00012320,United Kingdom
AW-00012321,Australia
AW-00012322,Australia
AW-00012323,US
AW-00012324,United Kingdom
AW-00012325,France
AW-00012326,Canada
AW-00012327,United States
AW-00012328,United Kingdom
AW-00012329,US
AW-00012330,US
AW-00012331,France
AW-00012332,Germany
AW-00012333,France
AW-00012334,Germany
AW-00012335,United Kingdom
AW-00012336,United States
AW-00012337,Australia
AW-00012338,US
AW-00012339,Australia
AW-00012340,Australia
AW-00012341,France
AW-00012342,Australia
AW-00012343,Australia
AW-00012344,Australia
AW-00012345,United Kingdom
AW-00012346,Australia
AW-00012347,DE
AW-00012348,Australia
AW-00012349,Australia
AW-00012350,Canada
AW-00012351,Canada
AW-00012352,DE
AW-00012353,France
AW-00012354,Australia
AW-00012355,United Kingdom
AW-00012356,Australia
AW-00012357,Germany
AW-00012358,Germany
AW-00012359,United States
AW-00012360,United Kingdom
AW-00012361,Canada
AW-00012362,United Kingdom
AW-00012363,United Kingdom
AW-00012364,Australia
AW-00012365,United States
AW-00012366,France
AW-00012367,United States
AW-00012368,Australia
AW-00012369,Canada
AW-00012370,United States
AW-00012371,Canada
AW-00012372,DE
AW-00012373,Australia
AW-00012374,USA
AW-00012375,Australia
AW-00012376,United Kingdom
AW-00012377,France
AW-00012378,United States
AW-00012379,USA
AW-00012380,Australia
AW-00012381,United States
AW-00012382,France
AW-00012383,France
AW-00012384,Canada
AW-00012385,Australia
AW-00012386,USA
AW-00012387,DE
AW-00012388,Germany
AW-00012389,Australia
AW-00012390,United States
AW-00012391,Australia
AW-00012392,Australia
AW-00012393,USA
AW-00012394,France
AW-00012395,Germany
AW-00012396,United Kingdom
AW-00012397,Canada
AW-00012398,France
AW-00012399,US
AW-00012400,US
AW-00012401,Australia
AW-00012402,Canada
AW-00012403,Germany
AW-00012404,Australia
AW-00012405,France
AW-00012406,United Kingdom
AW-00012407,United States
AW-00012408,Canada
AW-00012409,US
AW-00012410,Australia
AW-00012411,Germany
AW-00012412,Germany
AW-00012413,Australia
AW-00012414,US
AW-00012415,Canada
AW-00012416,United Kingdom
AW-00012417,France
AW-00012418,Australia
AW-00012419,United Kingdom
AW-00012420,USA
AW-00012421,Germany
AW-00012422,Australia
AW-00012423,Germany
AW-00012424,US
AW-00012425,United Kingdom
AW-00012426,Australia
AW-00012427,United Kingdom
AW-00012428,United States
AW-00012429,United States
AW-00012430,United Kingdom
AW-00012431,United Kingdom
AW-00012432,Canada
AW-00012433,Australia
AW-00012434,
AW-00012435,United States
AW-00012436,Canada
AW-00012437,United Kingdom
AW-00012438,DE
AW-00012439,Australia
AW-00012440,Australia
AW-00012441,Australia
AW-00012442,United Kingdom
AW-00012443,France
AW-00012444,US
AW-00012445,United Kingdom
AW-00012446,USA
AW-00012447,Germany
AW-00012448,Canada
AW-00012449,Australia
AW-00012450,United States
AW-00012451,Australia
AW-00012452,United States
AW-00012453,United Kingdom
AW-00012454,Australia
AW-00012455,US
AW-00012456,France
AW-00012457,Australia
AW-00012458,Canada
AW-00012459,France
AW-00012460,DE
AW-00012461,Australia
AW-00012462,United Kingdom
AW-00012463,
AW-00012464,France
AW-00012465,France
AW-00012466,Australia
AW-00012467,Australia
AW-00012468,Australia
AW-00012469,Germany
AW-00012470,DE
AW-00012471,Australia
AW-00012472,Canada
AW-00012473,US
AW-00012474,Australia
AW-00012475,France
AW-00012476,Australia
AW-00012477,Australia
AW-00012478,Germany
AW-00012479,USA
AW-00012480,Australia
AW-00012481,Canada
AW-00012482,France
AW-00012483,Australia
AW-00012484,DE
AW-00012485,USA
AW-00012486,Australia
AW-00012487,DE
AW-00012488,United States
AW-00012489,Canada
AW-00012490,France
AW-00012491,Australia
AW-00012492,Canada
AW-00012493,Australia
AW-00012494,Australia
AW-00012495,United Kingdom
AW-00012496,USA
AW-00012497,United States
AW-00012498,France
AW-00012499,Australia
AW-00012500,Australia
AW-00012501,Australia
AW-00012502,USA
AW-00012503,United Kingdom
AW-00012504,Australia
AW-00012505,Germany
AW-00012506,USA
AW-00012507,Australia
AW-00012508,Canada
AW-00012509,Canada
AW-00012510,Canada
AW-00012511,Canada
AW-00012512,US
AW-00012513,United States
AW-00012514,Australia
AW-00012515,Australia
AW-00012516,United Kingdom
AW-00012517,Germany
AW-00012518,
AW-00012519,Australia
AW-00012520,United States
AW-00012521,Australia
AW-00012522,United Kingdom
AW-00012523,Germany
AW-00012524,United Kingdom
AW-00012525,Germany
AW-00012526,
AW-00012527,United States
AW-00012528,Australia
AW-00012529,DE
AW-00012530,France
AW-00012531,France
AW-00012532,USA
AW-00012533,
AW-00012534,United States
AW-00012535,United States
AW-00012536,Germany
AW-00012537,US
AW-00012538,United Kingdom
AW-00012539,Australia
AW-00012540,United States
AW-00012541,
AW-00012542,United Kingdom
AW-00012543,Australia
AW-00012544,Australia
AW-00012545,United Kingdom
AW-00012546,United States
AW-00012547,Germany
AW-00012548,US
AW-00012549,United Kingdom
AW-00012550,Australia
AW-00012551,France
AW-00012552,Germany
AW-00012553,France
AW-00012554,USA
AW-00012555,France
AW-00012556,Australia
AW-00012557,Australia
AW-00012558,Australia
AW-00012559,Canada
AW-00012560,US
AW-00012561,Australia
AW-00012562,US
AW-00012563,United States
AW-00012564,US
AW-00012565,US
AW-00012566,Australia
AW-00012567,Canada
AW-00012568,United Kingdom
AW-00012569,United States
AW-00012570,United Kingdom
AW-00012571,Canada
AW-00012572,Germany
AW-00012573,USA
AW-00012574,France
AW-00012575,Australia
AW-00012576,Germany
AW-00012577,France
AW-00012578,US
AW-00012579,Canada
AW-00012580,DE
AW-00012581,United States
AW-00012582,United Kingdom
AW-00012583,Australia
AW-00012584,Australia
AW-00012585,Australia
AW-00012586,Australia
AW-00012587,United Kingdom
AW-00012588,USA
AW-00012589,Germany
AW-00012590,Germany
AW-00012591,United States
AW-00012592,United States
AW-00012593,US
AW-00012594,Canada
AW-00012595,USA
AW-00012596,United States
AW-00012597,Canada
AW-00012598,Australia
AW-00012599,Australia
AW-00012600,Germany
AW-00012601,DE
AW-00012602,Australia
AW-00012603,Canada
AW-00012604,Australia
AW-00012605,France
AW-00012606,USA
AW-00012607,Germany
AW-00012608,United Kingdom
AW-00012609,France
AW-00012610,USA
AW-00012611,Canada
AW-00012612,Canada
AW-00012613,Australia
AW-00012614,France
AW-00012615,United States
AW-00012616,United States
AW-00012617,United States
AW-00012618,Germany
AW-00012619,Australia
AW-00012620,United Kingdom
AW-00012621,Australia
AW-00012622,Canada
AW-00012623,USA
AW-00012624,Canada
AW-00012625,United Kingdom
AW-00012626,Canada
AW-00012627,Australia
AW-00012628,Germany
AW-00012629,United States
AW-00012630,USA
AW-00012631,DE
AW-00012632,Australia
AW-00012633,United States
AW-00012634,Canada
AW-00012635,USA
AW-00012636,Australia
AW-00012637,Germany
AW-00012638,United Kingdom
AW-00012639,Australia
AW-00012640,Australia
AW-00012641,USA
AW-00012642,Australia
AW-00012643,Germany
AW-00012644,US
AW-00012645,United Kingdom
AW-00012646,Canada
AW-00012647,Canada
AW-00012648,Canada
AW-00012649,Australia
AW-00012650,France
AW-00012651,France
AW-00012652,France
AW-00012653,United States
AW-00012654,Australia
AW-00012655,Australia
AW-00012656,Australia
AW-00012657,United States
AW-00012658,United States
AW-00012659,United States
AW-00012660,Canada
AW-00012661,Germany
AW-00012662,United Kingdom
AW-00012663,United Kingdom
AW-00012664,United States
AW-00012665,USA
AW-00012666,Australia
AW-00012667,DE
AW-00012668,France
AW-00012669,Canada
AW-00012670,France
AW-00012671,US
AW-00012672,United States
AW-00012673,Australia
AW-00012674,Australia
AW-00012675,France
AW-00012676,Australia
AW-00012677,USA
AW-00012678,US
AW-00012679,Germany
AW-00012680,Germany
AW-00012681,Australia
AW-00012682,United Kingdom
AW-00012683,Australia
AW-00012684,DE
AW-00012685,United States
AW-00012686,Australia
AW-00012687,Australia
AW-00012688,Australia
AW-00012689,Australia
AW-00012690,France
AW-00012691,
AW-00012692,Australia
AW-00012693,United Kingdom
AW-00012694,USA
AW-00012695,Australia
AW-00012696,Australia
AW-00012697,Canada
AW-00012698,Australia
AW-00012699,Australia
AW-00012700,France
AW-00012701,Australia
AW-00012702,DE
AW-00012703,Germany
AW-00012704,United Kingdom
AW-00012705,France
AW-00012706,Canada
AW-00012707,United States
AW-00012708,France
AW-00012709,United Kingdom
AW-00012710,Australia
AW-00012711,Australia
AW-00012712,Australia
AW-00012713,Australia
AW-00012714,Australia
AW-00012715,Germany
AW-00012716,Canada
AW-00012717,Germany
AW-00012718,Australia
AW-00012719,France
AW-00012720,Australia
AW-00012721,Canada
AW-00012722,United States
AW-00012723,Germany
AW-00012724,Australia
AW-00012725,Canada
AW-00012726,US
AW-00012727,Australia
AW-00012728,United Kingdom
AW-00012729,United Kingdom
AW-00012730,United Kingdom
AW-00012731,United Kingdom
AW-00012732,
AW-00012733,United Kingdom
AW-00012734,Canada
AW-00012735,France
AW-00012736,Canada
AW-00012737,USA
AW-00012738,United Kingdom
AW-00012739,Australia
AW-00012740,Australia
AW-00012741,France
AW-00012742,Australia
AW-00012743,Germany
AW-00012744,US
AW-00012745,Australia
AW-00012746,USA
AW-00012747,Germany
AW-00012748,USA
AW-00012749,Canada
AW-00012750,Australia
AW-00012751,Australia
AW-00012752,United States
AW-00012753,Canada
AW-00012754,United Kingdom
AW-00012755,Australia
AW-00012756,France
AW-00012757,Australia
AW-00012758,France
AW-00012759,United Kingdom
AW-00012760,Germany
AW-00012761,US
AW-00012762,Australia
AW-00012763,DE
AW-00012764,Canada
AW-00012765,United States
AW-00012766,Germany
AW-00012767,Canada
AW-00012768,Canada
AW-00012769,DE
AW-00012770,Australia
AW-00012771,Germany
AW-00012772,Australia
AW-00012773,US
AW-00012774,USA
AW-00012775,
AW-00012776,
AW-00012777,DE
AW-00012778,DE
AW-00012779,Australia
AW-00012780,Germany
AW-00012781,Australia
AW-00012782,France
AW-00012783,Germany
AW-00012784,United Kingdom
AW-00012785,Canada
AW-00012786,Australia
AW-00012787,United Kingdom
AW-00012788,France
AW-00012789,United Kingdom
AW-00012790,Canada
AW-00012791,Australia
AW-00012792,Canada
AW-00012793,US
AW-00012794,Canada
AW-00012795,Germany
AW-00012796,USA
AW-00012797,Australia
AW-00012798,Australia
AW-00012799,France
AW-00012800,USA
AW-00012801,United States
AW-00012802,Canada
AW-00012803,Canada
AW-00012804,Australia
AW-00012805,Australia
AW-00012806,United States
AW-00012807,USA
AW-00012808,Australia
AW-00012809,France
AW-00012810,Australia
AW-00012811,Germany
AW-00012812,Canada
AW-00012813,United Kingdom
AW-00012814,Australia
AW-00012815,USA
AW-00012816,France
AW-00012817,United States
AW-00012818,France
AW-00012819,DE
AW-00012820,France
AW-00012821,Germany
AW-00012822,United States
AW-00012823,Germany
AW-00012824,Canada
AW-00012825,US
AW-00012826,Australia
AW-00012827,Australia
AW-00012828,United States
AW-00012829,United States
AW-00012830,Canada
AW-00012831,Canada
AW-00012832,Canada
AW-00012833,DE
AW-00012834,Canada
AW-00012835,Canada
AW-00012836,United Kingdom
AW-00012837,Germany
AW-00012838,United States
AW-00012839,Australia
AW-00012840,Germany
AW-00012841,Australia
AW-00012842,Australia
AW-00012843,Canada
AW-00012844,United Kingdom
AW-00012845,Australia
AW-00012846,Canada
AW-00012847,USA
AW-00012848,Germany
AW-00012849,Canada
AW-00012850,Germany
AW-00012851,Australia
AW-00012852,DE
AW-00012853,Germany
AW-00012854,United States
AW-00012855,USA
AW-00012856,United States
AW-00012857,Germany
AW-00012858,Canada
AW-00012859,
AW-00012860,United States
AW-00012861,Germany
AW-00012862,France
AW-00012863,France
AW-00012864,Germany
AW-00012865,Germany
AW-00012866,US
AW-00012867,United States
AW-00012868,Australia
AW-00012869,Australia
AW-00012870,France
AW-00012871,Australia
AW-00012872,DE
AW-00012873,Canada
AW-00012874,US
AW-00012875,United States
AW-00012876,Australia
AW-00012877,Canada
AW-00012878,United States
AW-00012879,US
AW-00012880,France
AW-00012881,United Kingdom
AW-00012882,Germany
AW-00012883,
AW-00012884,Australia
AW-00012885,United Kingdom
AW-00012886,France
AW-00012887,Canada
AW-00012888,United Kingdom
AW-00012889,Australia
AW-00012890,Australia
AW-00012891,Germany
AW-00012892,US
AW-00012893,United States
AW-00012894,Canada
AW-00012895,United Kingdom
AW-00012896,Australia
AW-00012897,
AW-00012898,Australia
AW-00012899,Germany
AW-00012900,United States
AW-00012901,Canada
AW-00012902,Canada
AW-00012903,Australia
AW-00012904,DE
AW-00012905,Germany
AW-00012906,USA
AW-00012907,Germany
AW-00012908,United Kingdom
AW-00012909,Australia
AW-00012910,United States
AW-00012911,United Kingdom
AW-00012912,US
AW-00012913,Australia
AW-00012914,
AW-00012915,France
AW-00012916,Australia
AW-00012917,United Kingdom
AW-00012918,Canada
AW-00012919,Australia
AW-00012920,France
AW-00012921,USA
AW-00012922,Germany
AW-00012923,United States
AW-00012924,Canada
AW-00012925,Canada
AW-00012926,United Kingdom
AW-00012927,Germany
AW-00012928,USA
AW-00012929,US
AW-00012930,France
AW-00012931,Australia
AW-00012932,Canada
AW-00012933,
AW-00012934,US
AW-00012935,DE
AW-00012936,Canada
AW-00012937,United States
AW-00012938,France
AW-00012939,United States
AW-00012940,Australia
AW-00012941,Australia
AW-00012942,United States
AW-00012943,DE
AW-00012944,Germany
AW-00012945,US
AW-00012946,United States
AW-00012947,United Kingdom
AW-00012948,France
AW-00012949,Canada
AW-00012950,United States
AW-00012951,United States
AW-00012952,Australia
AW-00012953,Canada
AW-00012954,Australia
AW-00012955,US
AW-00012956,Australia
AW-00012957,Germany
AW-00012958,USA
AW-00012959,United States
AW-00012960,Canada
AW-00012961,United States
AW-00012962,DE
AW-00012963,United States
AW-00012964,Canada
AW-00012965,DE
AW-00012966,Canada
AW-00012967,Australia
AW-00012968,Australia
AW-00012969,France
AW-00012970,United States
AW-00012971,Australia
AW-00012972,Australia
AW-00012973,United States
AW-00012974,United Kingdom
AW-00012975,Canada
AW-00012976,
AW-00012977,Australia
AW-00012978,DE
AW-00012979,USA
AW-00012980,
AW-00012981,US
AW-00012982,Canada
AW-00012983,Germany
AW-00012984,USA
AW-00012985,Germany
AW-00012986,Germany
AW-00012987,DE
AW-00012988,DE
AW-00012989,Australia
AW-00012990,US
AW-00012991,France
AW-00012992,US
AW-00012993,Australia
AW-00012994,United States
AW-00012995,Canada
AW-00012996,United States
AW-00012997,Canada
AW-00012998,DE
AW-00012999,
AW-00013000,Australia
AW-00013001,United Kingdom
AW-00013002,Canada
AW-00013003,Australia
AW-00013004,Australia
AW-00013005,United Kingdom
AW-00013006,Canada
AW-00013007,USA
AW-00013008,United Kingdom
AW-00013009,Australia
AW-00013010,United States
AW-00013011,United Kingdom
AW-00013012,Canada
AW-00013013,Germany
AW-00013014,Canada
AW-00013015,Canada
AW-00013016,Australia
AW-00013017,Germany
AW-00013018,Germany
AW-00013019,Germany
AW-00013020,Australia
AW-00013021,Australia
AW-00013022,United Kingdom
AW-00013023,Canada
AW-00013024,Australia
AW-00013025,Australia
AW-00013026,Germany
AW-00013027,France
AW-00013028,Germany
AW-00013029,
AW-00013030,US
AW-00013031,United Kingdom
AW-00013032,Australia
AW-00013033,Australia
AW-00013034,Australia
AW-00013035,US
AW-00013036,
AW-00013037,Germany
AW-00013038,USA
AW-00013039,Canada
AW-00013040,Australia
AW-00013041,Germany
AW-00013042,Canada
AW-00013043,Australia
AW-00013044,DE
AW-00013045,United Kingdom
AW-00013046,Australia
AW-00013047,Germany
AW-00013048,United Kingdom
AW-00013049,France
AW-00013050,Australia
AW-00013051,Germany
AW-00013052,Germany
AW-00013053,Germany
AW-00013054,USA
AW-00013055,USA
AW-00013056,Germany
AW-00013057,Australia
AW-00013058,USA
AW-00013059,United Kingdom
AW-00013060,
AW-00013061,
AW-00013062,Canada
AW-00013063,Germany
AW-00013064,Australia
AW-00013065,Australia
AW-00013066,United Kingdom
AW-00013067,Canada
AW-00013068,United Kingdom
AW-00013069,Germany
AW-00013070,United Kingdom
AW-00013071,Canada
AW-00013072,US
AW-00013073,Canada
AW-00013074,USA
AW-00013075,France
AW-00013076,USA
AW-00013077,United Kingdom
AW-00013078,Germany
AW-00013079,Canada
AW-00013080,France
AW-00013081,United Kingdom
AW-00013082,US
AW-00013083,United States
AW-00013084,Germany
AW-00013085,Australia
AW-00013086,Canada
AW-00013087,France
AW-00013088,Germany
AW-00013089,Australia
AW-00013090,United States
AW-00013091,United Kingdom
AW-00013092,United States
AW-00013093,Australia
AW-00013094,DE
AW-00013095,Canada
AW-00013096,Australia
AW-00013097,Australia
AW-00013098,
AW-00013099,Australia
AW-00013100,USA
AW-00013101,United States
AW-00013102,Germany
AW-00013103,DE
AW-00013104,Canada
AW-00013105,Canada
AW-00013106,Australia
AW-00013107,USA
AW-00013108,Germany
AW-00013109,Germany
AW-00013110,USA
AW-00013111,
AW-00013112,United Kingdom
AW-00013113,Australia
AW-00013114,Australia
AW-00013115,Canada
AW-00013116,Australia
AW-00013117,Australia
AW-00013118,USA
AW-00013119,France
AW-00013120,Australia
AW-00013121,Australia
AW-00013122,Canada
AW-00013123,USA
AW-00013124,Germany
AW-00013125,Canada
AW-00013126,USA
AW-00013127,United Kingdom
AW-00013128,DE
AW-00013129,Australia
AW-00013130,Canada
AW-00013131,Australia
AW-00013132,United States
AW-00013133,France
AW-00013134,Australia
AW-00013135,Australia
AW-00013136,US
AW-00013137,United States
AW-00013138,Australia
AW-00013139,US
AW-00013140,Australia
AW-00013141,Germany
AW-00013142,United Kingdom
AW-00013143,France
AW-00013144,Germany
AW-00013145,United States
AW-00013146,
AW-00013147,Australia
AW-00013148,Australia
AW-00013149,DE
AW-00013150,Australia
AW-00013151,United Kingdom
AW-00013152,United States
AW-00013153,Australia
AW-00013154,Canada
AW-00013155,US
AW-00013156,USA
AW-00013157,USA
AW-00013158,Germany
AW-00013159,Australia
AW-00013160,DE
AW-00013161,Australia
AW-00013162,Canada
AW-00013163,United Kingdom
AW-00013164,USA
AW-00013165,
AW-00013166,France
AW-00013167,United Kingdom
AW-00013168,Germany
AW-00013169,United Kingdom
AW-00013170,United Kingdom
AW-00013171,DE
AW-00013172,Australia
AW-00013173,Canada
AW-00013174,USA
AW-00013175,France
AW-00013176,DE
AW-00013177,United Kingdom
AW-00013178,USA
AW-00013179,Canada
AW-00013180,Canada
AW-00013181,United States
AW-00013182,US
AW-00013183,United States
AW-00013184,Australia
AW-00013185,France
AW-00013186,United States
AW-00013187,Australia
AW-00013188,Australia
AW-00013189,DE
AW-00013190,United Kingdom
AW-00013191,Canada
AW-00013192,Germany
AW-00013193,
AW-00013194,Australia
AW-00013195,Canada
AW-00013196,United Kingdom
AW-00013197,United Kingdom
AW-00013198,United States
AW-00013199,Germany
AW-00013200,USA
AW-00013201,Canada
AW-00013202,France
AW-00013203,France
AW-00013204,Germany
AW-00013205,Australia
AW-00013206,Canada
AW-00013207,Australia
AW-00013208,United States
AW-00013209,Australia
AW-00013210,Australia
AW-00013211,Australia
AW-00013212,Australia
AW-00013213,US
AW-00013214,United Kingdom
AW-00013215,Australia
AW-00013216,Germany
AW-00013217,
AW-00013218,Australia
AW-00013219,France
AW-00013220,Australia
AW-00013221,France
AW-00013222,Canada
AW-00013223,United States
AW-00013224,France
AW-00013225,France
AW-00013226,Australia
AW-00013227,Canada
AW-00013228,USA
AW-00013229,US
AW-00013230,United Kingdom
AW-00013231,United States
AW-00013232,USA
AW-00013233,Canada
AW-00013234,United States
AW-00013235,Canada
AW-00013236,Canada
AW-00013237,France
AW-00013238,Germany
AW-00013239,Canada
AW-00013240,Australia
AW-00013241,DE
AW-00013242,Australia
AW-00013243,USA
AW-00013244,Australia
AW-00013245,France
AW-00013246,United Kingdom
AW-00013247,Australia
AW-00013248,
AW-00013249,Australia
AW-00013250,United Kingdom
AW-00013251,France
AW-00013252,Australia
AW-00013253,DE
AW-00013254,DE
AW-00013255,Australia
AW-00013256,USA
AW-00013257,United Kingdom
AW-00013258,US
AW-00013259,Canada
AW-00013260,Australia
AW-00013261,Germany
AW-00013262,United States
AW-00013263,United Kingdom
AW-00013264,United States
AW-00013265,Australia
AW-00013266,France
AW-00013267,US
AW-00013268,United States
AW-00013269,US
AW-00013270,US
AW-00013271,United Kingdom
AW-00013272,Germany
AW-00013273,Germany
AW-00013274,Australia
AW-00013275,US
AW-00013276,United Kingdom
AW-00013277,Australia
AW-00013278,USA
AW-00013279,Australia
AW-00013280,USA
AW-00013281,Canada
AW-00013282,United States
AW-00013283,United Kingdom
AW-00013284,United States
AW-00013285,Australia
AW-00013286,France
AW-00013287,United Kingdom
AW-00013288,United States
AW-00013289,United Kingdom
AW-00013290,United Kingdom
AW-00013291,France
AW-00013292,USA
AW-00013293,United Kingdom
AW-00013294,Australia
AW-00013295,Germany
AW-00013296,Australia
AW-00013297,France
AW-00013298,Australia
AW-00013299,United States
AW-00013300,United Kingdom
AW-00013301,US
AW-00013302,Canada
AW-00013303,France
AW-00013304,France
AW-00013305,United States
AW-00013306,United States
AW-00013307,United States
AW-00013308,Canada
AW-00013309,Australia
AW-00013310,DE
AW-00013311,Germany
AW-00013312,France
AW-00013313,Australia
AW-00013314,United States
AW-00013315,
AW-00013316,France
AW-00013317,Australia
AW-00013318,Germany
AW-00013319,France
AW-00013320,DE
AW-00013321,Australia
AW-00013322,USA
AW-00013323,Canada
AW-00013324,Canada
AW-00013325,USA
AW-00013326,Australia
AW-00013327,United States
AW-00013328,Germany
AW-00013329,Germany
AW-00013330,Australia
AW-00013331,United States
AW-00013332,United States
AW-00013333,United States
AW-00013334,Australia
AW-00013335,Canada
AW-00013336,United Kingdom
AW-00013337,
AW-00013338,United States
AW-00013339,Canada
AW-00013340,USA
AW-00013341,Australia
AW-00013342,DE
AW-00013343,United Kingdom
AW-00013344,Canada
AW-00013345,United Kingdom
AW-00013346,Australia
AW-00013347,United Kingdom
AW-00013348,Australia
AW-00013349,USA
AW-00013350,Germany
AW-00013351,United Kingdom
AW-00013352,France
AW-00013353,United States
AW-00013354,USA
AW-00013355,DE
AW-00013356,Canada
AW-00013357,France
AW-00013358,Australia
AW-00013359,Australia
AW-00013360,US
AW-00013361,United Kingdom
AW-00013362,Canada
AW-00013363,Australia
AW-00013364,United Kingdom
AW-00013365,Germany
AW-00013366,Australia
AW-00013367,US
AW-00013368,Germany
AW-00013369,Australia
AW-00013370,US
AW-00013371,Canada
AW-00013372,Canada
AW-00013373,USA
AW-00013374,France
AW-00013375,US
AW-00013376,Australia
AW-00013377,France
AW-00013378,USA
AW-00013379,United Kingdom
AW-00013380,DE
AW-00013381,United States
AW-00013382,United Kingdom
AW-00013383,Australia
AW-00013384,USA
AW-00013385,France
AW-00013386,Canada
AW-00013387,US
AW-00013388,
AW-00013389,US
AW-00013390,Canada
AW-00013391,Australia
AW-00013392,United Kingdom
AW-00013393,US
AW-00013394,Germany
AW-00013395,Australia
AW-00013396,France
AW-00013397,Australia
AW-00013398,Australia
AW-00013399,Australia
AW-00013400,United States
AW-00013401,France
AW-00013402,Australia
AW-00013403,Australia
AW-00013404,Australia
AW-00013405,
AW-00013406,Germany
AW-00013407,Canada
AW-00013408,Australia
AW-00013409,France
AW-00013410,Canada
AW-00013411,Australia
AW-00013412,United States
AW-00013413,United Kingdom
AW-00013414,Canada
AW-00013415,US
AW-00013416,Canada
AW-00013417,Canada
AW-00013418,Germany
AW-00013419,Germany
AW-00013420,United States
AW-00013421,Australia
AW-00013422,Australia
AW-00013423,Germany
AW-00013424,France
AW-00013425,USA
AW-00013426,Australia
AW-00013427,Australia
AW-00013428,United Kingdom
AW-00013429,Australia
AW-00013430,Germany
AW-00013431,USA
AW-00013432,France
AW-00013433,DE
AW-00013434,Canada
AW-00013435,United Kingdom
AW-00013436,Australia
AW-00013437,United Kingdom
AW-00013438,United Kingdom
AW-00013439,United Kingdom
AW-00013440,Australia
AW-00013441,United States
AW-00013442,United States
AW-00013443,United Kingdom
AW-00013444,US
AW-00013445,Australia
AW-00013446,Canada
AW-00013447,Australia
AW-00013448,United Kingdom
AW-00013449,US
AW-00013450,Canada
AW-00013451,Australia
AW-00013452,Australia
AW-00013453,Australia
AW-00013454,Germany
AW-00013455,France
AW-00013456,US
AW-00013457,Canada
AW-00013458,United Kingdom
AW-00013459,United Kingdom
AW-00013460,Australia
AW-00013461,Germany
AW-00013462,United States
AW-00013463,DE
AW-00013464,France
AW-00013465,Australia
AW-00013466,Canada
AW-00013467,Canada
AW-00013468,United Kingdom
AW-00013469,Australia
AW-00013470,Australia
AW-00013471,Australia
AW-00013472,DE
AW-00013473,Germany
AW-00013474,Canada
AW-00013475,United States
AW-00013476,USA
AW-00013477,United Kingdom
AW-00013478,Australia
AW-00013479,Canada
AW-00013480,USA
AW-00013481,Australia
AW-00013482,USA
AW-00013483,United States
AW-00013484,Australia
AW-00013485,Australia
AW-00013486,USA
AW-00013487,United States
AW-00013488,United States
AW-00013489,France
AW-00013490,USA
AW-00013491,France
AW-00013492,France
AW-00013493,France
AW-00013494,Australia
AW-00013495,Canada
AW-00013496,US
AW-00013497,USA
AW-00013498,USA
AW-00013499,United Kingdom
AW-00013500,Germany
AW-00013501,Germany
AW-00013502,Canada
AW-00013503,France
AW-00013504,Canada
AW-00013505,Australia
AW-00013506,Australia
AW-00013507,US
AW-00013508,France
AW-00013509,Australia
AW-00013510,US
AW-00013511,Germany
AW-00013512,Canada
AW-00013513,USA
AW-00013514,Australia
AW-00013515,US
AW-00013516,USA
AW-00013517,United States
AW-00013518,US
AW-00013519,United States
AW-00013520,Canada
AW-00013521,Australia
AW-00013522,Australia
AW-00013523,Germany
AW-00013524,US
AW-00013525,Canada
AW-00013526,Germany
AW-00013527,Canada
AW-00013528,France
AW-00013529,Australia
AW-00013530,United Kingdom
AW-00013531,United Kingdom
AW-00013532,Australia
AW-00013533,United States
AW-00013534,France
AW-00013535,
AW-00013536,
AW-00013537,France
AW-00013538,US
AW-00013539,Australia
AW-00013540,Canada
AW-00013541,US
AW-00013542,United Kingdom
AW-00013543,France
AW-00013544,United Kingdom
AW-00013545,US
AW-00013546,Australia
AW-00013547,United States
AW-00013548,Australia
AW-00013549,Australia
AW-00013550,US
AW-00013551,Australia
AW-00013552,Australia
AW-00013553,Australia
AW-00013554,USA
AW-00013555,United States
AW-00013556,USA
AW-00013557,US
AW-00013558,Germany
AW-00013559,France
AW-00013560,DE
AW-00013561,Australia
AW-00013562,USA
AW-00013563,United Kingdom
AW-00013564,US
AW-00013565,United States
AW-00013566,DE
AW-00013567,United States
AW-00013568,Germany
AW-00013569,United States
AW-00013570,Australia
AW-00013571,France
AW-00013572,Australia
AW-00013573,Australia
AW-00013574,United States
AW-00013575,United Kingdom
AW-00013576,US
AW-00013577,US
AW-00013578,United Kingdom
AW-00013579,Australia
AW-00013580,DE
AW-00013581,Germany
AW-00013582,Canada
AW-00013583,France
AW-00013584,Australia
AW-00013585,Canada
AW-00013586,Australia
AW-00013587,Australia
AW-00013588,United States
AW-00013589,Australia
AW-00013590,US
AW-00013591,Germany
AW-00013592,Australia
AW-00013593,Australia
AW-00013594,France
AW-00013595,Germany
AW-00013596,United States
AW-00013597,USA
AW-00013598,Australia
AW-00013599,Canada
AW-00013600,United Kingdom
AW-00013601,United States
AW-00013602,France
AW-00013603,United Kingdom
AW-00013604,Canada
AW-00013605,Australia
AW-00013606,Australia
AW-00013607,Canada
AW-00013608,Australia
AW-00013609,Australia
AW-00013610,France
AW-00013611,France
AW-00013612,Australia
AW-00013613,Australia
AW-00013614,France
AW-00013615,United Kingdom
AW-00013616,France
AW-00013617,Canada
AW-00013618,United States
AW-00013619,United Kingdom
AW-00013620,Germany
AW-00013621,Australia
AW-00013622,United Kingdom
AW-00013623,Canada
AW-00013624,France
AW-00013625,Canada
AW-00013626,Canada
AW-00013627,France
AW-00013628,Australia
AW-00013629,
AW-00013630,
AW-00013631,Australia
AW-00013632,Australia
AW-00013633,United Kingdom
AW-00013634,Canada
AW-00013635,United States
AW-00013636,Australia
AW-00013637,Australia
AW-00013638,USA
AW-00013639,Canada
AW-00013640,United Kingdom
AW-00013641,Australia
AW-00013642,United States
AW-00013643,USA
AW-00013644,France
AW-00013645,Australia
AW-00013646,Germany
AW-00013647,Australia
AW-00013648,United Kingdom
AW-00013649,Australia
AW-00013650,United States
AW-00013651,US
AW-00013652,Canada
AW-00013653,Australia
AW-00013654,Canada
AW-00013655,Canada
AW-00013656,France
AW-00013657,Australia
AW-00013658,United Kingdom
AW-00013659,France
AW-00013660,Australia
AW-00013661,Germany
AW-00013662,Australia
AW-00013663,Australia
AW-00013664,Australia
AW-00013665,Canada
AW-00013666,USA
AW-00013667,France
AW-00013668,United States
AW-00013669,Australia
AW-00013670,United States
AW-00013671,US
AW-00013672,France
AW-00013673,Canada
AW-00013674,Germany
AW-00013675,Australia
AW-00013676,Germany
AW-00013677,US
AW-00013678,Australia
AW-00013679,United States
AW-00013680,Germany
AW-00013681,United Kingdom
AW-00013682,Australia
AW-00013683,DE
AW-00013684,United States
AW-00013685,Germany
AW-00013686,France
AW-00013687,Australia
AW-00013688,France
AW-00013689,United Kingdom
AW-00013690,United Kingdom
AW-00013691,Canada
AW-00013692,USA
AW-00013693,Canada
AW-00013694,Australia
AW-00013695,United States
AW-00013696,Germany
AW-00013697,
AW-00013698,Australia
AW-00013699,Germany
AW-00013700,Canada
AW-00013701,US
AW-00013702,Canada
AW-00013703,United States
AW-00013704,United Kingdom
AW-00013705,Australia
AW-00013706,Germany
AW-00013707,Australia
AW-00013708,DE
AW-00013709,United Kingdom
AW-00013710,Australia
AW-00013711,Australia
AW-00013712,Canada
AW-00013713,Australia
AW-00013714,United Kingdom
AW-00013715,United States
AW-00013716,United Kingdom
AW-00013717,United Kingdom
AW-00013718,France
AW-00013719,Australia
AW-00013720,Canada
AW-00013721,US
AW-00013722,Australia
AW-00013723,Australia
AW-00013724,Germany
AW-00013725,Australia
AW-00013726,USA
AW-00013727,USA
AW-00013728,Australia
AW-00013729,France
AW-00013730,United States
AW-00013731,US
AW-00013732,USA
AW-00013733,Australia
AW-00013734,US
AW-00013735,United States
AW-00013736,Australia
AW-00013737,France
AW-00013738,
AW-00013739,Australia
AW-00013740,United States
AW-00013741,Australia
AW-00013742,France
AW-00013743,United States
AW-00013744,United Kingdom
AW-00013745,United States
AW-00013746,United States
AW-00013747,DE
AW-00013748,France
AW-00013749,Canada
AW-00013750,United Kingdom
AW-00013751,US
AW-00013752,France
AW-00013753,Australia
AW-00013754,USA
AW-00013755,Canada
AW-00013756,United Kingdom
AW-00013757,Canada
AW-00013758,United Kingdom
AW-00013759,Australia
AW-00013760,Australia
AW-00013761,Australia
AW-00013762,Canada
AW-00013763,Germany
AW-00013764,DE
AW-00013765,DE
AW-00013766,Canada
AW-00013767,Canada
AW-00013768,US
AW-00013769,
AW-00013770,US
AW-00013771,Canada
AW-00013772,Canada
AW-00013773,Australia
AW-00013774,France
AW-00013775,Australia
AW-00013776,United States
AW-00013777,Australia
AW-00013778,Canada
AW-00013779,Australia
AW-00013780,US
AW-00013781,US
AW-00013782,Australia
AW-00013783,United Kingdom
AW-00013784,USA
AW-00013785,United Kingdom
AW-00013786,Australia
AW-00013787,France
AW-00013788,US
AW-00013789,Germany
AW-00013790,Canada
AW-00013791,United States
AW-00013792,Australia
AW-00013793,Australia
AW-00013794,USA
AW-00013795,United States
AW-00013796,United States
AW-00013797,United Kingdom
AW-00013798,Canada
AW-00013799,France
AW-00013800,Australia
AW-00013801,Australia
AW-00013802,USA
AW-00013803,Australia
AW-00013804,France
AW-00013805,Canada
AW-00013806,Australia
AW-00013807,Australia
AW-00013808,USA
AW-00013809,United States
AW-00013810,DE
AW-00013811,Canada
AW-00013812,Canada
AW-00013813,US
AW-00013814,US
AW-00013815,USA
AW-00013816,Australia
AW-00013817,
AW-00013818,Australia
AW-00013819,Canada
AW-00013820,Canada
AW-00013821,United States
AW-00013822,Australia
AW-00013823,United States
AW-00013824,Australia
AW-00013825,Germany
AW-00013826,United States
AW-00013827,Canada
AW-00013828,France
AW-00013829,Canada
AW-00013830,
AW-00013831,Germany
AW-00013832,USA
AW-00013833,DE
AW-00013834,Australia
AW-00013835,
AW-00013836,United Kingdom
AW-00013837,
AW-00013838,Canada
AW-00013839,United Kingdom
AW-00013840,France
AW-00013841,Germany
AW-00013842,Australia
AW-00013843,United Kingdom
AW-00013844,France
AW-00013845,Germany
AW-00013846,France
AW-00013847,Germany
AW-00013848,United States
AW-00013849,Australia
AW-00013850,Canada
AW-00013851,
AW-00013852,United States
AW-00013853,United Kingdom
AW-00013854,Australia
AW-00013855,Canada
AW-00013856,DE
AW-00013857,Australia
AW-00013858,United Kingdom
AW-00013859,DE
AW-00013860,Australia
AW-00013861,United States
AW-00013862,Australia
AW-00013863,Australia
AW-00013864,United Kingdom
AW-00013865,United States
AW-00013866,United Kingdom
AW-00013867,Canada
AW-00013868,Canada
AW-00013869,US
AW-00013870,United States
AW-00013871,USA
AW-00013872,France
AW-00013873,Australia
AW-00013874,France
AW-00013875,Canada
AW-00013876,USA
AW-00013877,Germany
AW-00013878,United States
AW-00013879,Canada
AW-00013880,United Kingdom
AW-00013881,United States
AW-00013882,Canada
AW-00013883,United Kingdom
AW-00013884,Canada
AW-00013885,Australia
AW-00013886,Canada
AW-00013887,Germany
AW-00013888,United States
AW-00013889,Germany
AW-00013890,United States
AW-00013891,Canada
AW-00013892,Canada
AW-00013893,Australia
AW-00013894,US
AW-00013895,United Kingdom
AW-00013896,US
AW-00013897,Australia
AW-00013898,United Kingdom
AW-00013899,US
AW-00013900,United Kingdom
AW-00013901,United States
AW-00013902,Australia
AW-00013903,US
AW-00013904,United Kingdom
AW-00013905,Canada
AW-00013906,Australia
AW-00013907,Australia
AW-00013908,United Kingdom
AW-00013909,Germany
AW-00013910,USA
AW-00013911,France
AW-00013912,France
AW-00013913,Germany
AW-00013914,Australia
AW-00013915,US
AW-00013916,France
AW-00013917,Germany
AW-00013918,DE
AW-00013919,Australia
AW-00013920,Australia
AW-00013921,France
AW-00013922,Australia
AW-00013923,France
AW-00013924,Australia
AW-00013925,Australia
AW-00013926,Australia
AW-00013927,United States
AW-00013928,United States
AW-00013929,France
AW-00013930,Australia
AW-00013931,United Kingdom
AW-00013932,US
AW-00013933,France
AW-00013934,Australia
AW-00013935,Germany
AW-00013936,Canada
AW-00013937,United States
AW-00013938,United States
AW-00013939,DE
AW-00013940,United Kingdom
AW-00013941,Germany
AW-00013942,Australia
AW-00013943,Canada
AW-00013944,Canada
AW-00013945,United Kingdom
AW-00013946,France
AW-00013947,Germany
AW-00013948,Australia
AW-00013949,Germany
AW-00013950,Australia
AW-00013951,DE
AW-00013952,United Kingdom
AW-00013953,Canada
AW-00013954,Canada
AW-00013955,DE
AW-00013956,United Kingdom
AW-00013957,US
AW-00013958,Australia
AW-00013959,France
AW-00013960,Germany
AW-00013961,Australia
AW-00013962,United States
AW-00013963,Canada
AW-00013964,United Kingdom
AW-00013965,DE
AW-00013966,United States
AW-00013967,France
AW-00013968,Canada
AW-00013969,US
AW-00013970,United States
AW-00013971,Australia
AW-00013972,Germany
AW-00013973,Australia
AW-00013974,Germany
AW-00013975,DE
AW-00013976,Germany
AW-00013977,
AW-00013978,United Kingdom
AW-00013979,DE
AW-00013980,USA
AW-00013981,Australia
AW-00013982,Germany
AW-00013983,Canada
AW-00013984,DE
AW-00013985,Australia
AW-00013986,United Kingdom
AW-00013987,Australia
AW-00013988,United Kingdom
AW-00013989,Canada
AW-00013990,USA
AW-00013991,Germany
AW-00013992,Germany
AW-00013993,Germany
AW-00013994,DE
AW-00013995,Australia
AW-00013996,Canada
AW-00013997,Australia
AW-00013998,France
AW-00013999,Canada
AW-00014000,France
AW-00014001,United Kingdom
AW-00014002,Canada
AW-00014003,Australia
AW-00014004,Australia
AW-00014005,United Kingdom
AW-00014006,DE
AW-00014007,United Kingdom
AW-00014008,France
AW-00014009,Australia
AW-00014010,United States
AW-00014011,United Kingdom
AW-00014012,Australia
AW-00014013,United Kingdom
AW-00014014,Canada
AW-00014015,US
AW-00014016,DE
AW-00014017,United States
AW-00014018,Canada
AW-00014019,Australia
AW-00014020,United States
AW-00014021,US
AW-00014022,Canada
AW-00014023,Australia
AW-00014024,Canada
AW-00014025,Germany
AW-00014026,France
AW-00014027,Germany
AW-00014028,Australia
AW-00014029,Australia
AW-00014030,USA
AW-00014031,France
AW-00014032,Canada
AW-00014033,Australia
AW-00014034,Germany
AW-00014035,United Kingdom
AW-00014036,Australia
AW-00014037,Germany
AW-00014038,Australia
AW-00014039,USA
AW-00014040,US
AW-00014041,Canada
AW-00014042,
AW-00014043,Australia
AW-00014044,United States
AW-00014045,DE
AW-00014046,Australia
AW-00014047,Australia
AW-00014048,Australia
AW-00014049,USA
AW-00014050,Australia
AW-00014051,USA
AW-00014052,United Kingdom
AW-00014053,United States
AW-00014054,France
AW-00014055,USA
AW-00014056,Australia
AW-00014057,US
AW-00014058,Australia
AW-00014059,France
AW-00014060,Canada
AW-00014061,Canada
AW-00014062,France
AW-00014063,Germany
AW-00014064,Australia
AW-00014065,
AW-00014066,Germany
AW-00014067,Germany
AW-00014068,DE
AW-00014069,Canada
AW-00014070,DE
AW-00014071,Australia
AW-00014072,Canada
AW-00014073,Germany
AW-00014074,
AW-00014075,United States
AW-00014076,United Kingdom
AW-00014077,Canada
AW-00014078,Australia
AW-00014079,Australia
AW-00014080,Australia
AW-00014081,United Kingdom
AW-00014082,USA
AW-00014083,Australia
AW-00014084,Australia
AW-00014085,Australia
AW-00014086,Australia
AW-00014087,France
AW-00014088,United Kingdom
AW-00014089,Australia
AW-00014090,Australia
AW-00014091,US
AW-00014092,France
AW-00014093,France
AW-00014094,United States
AW-00014095,Canada
AW-00014096,DE
AW-00014097,France
AW-00014098,US
AW-00014099,Germany
AW-00014100,Australia
AW-00014101,Canada
AW-00014102,Germany
AW-00014103,Australia
AW-00014104,United States
AW-00014105,United States
AW-00014106,Australia
AW-00014107,France
AW-00014108,France
AW-00014109,United States
AW-00014110,United Kingdom
AW-00014111,Germany
AW-00014112,Australia
AW-00014113,Canada
AW-00014114,USA
AW-00014115,Australia
AW-00014116,USA
AW-00014117,Australia
AW-00014118,United Kingdom
AW-00014119,Canada
AW-00014120,
AW-00014121,
AW-00014122,US
AW-00014123,Australia
AW-00014124,USA
AW-00014125,
AW-00014126,United States
AW-00014127,United States
AW-00014128,Australia
AW-00014129,Australia
AW-00014130,US
AW-00014131,United States
AW-00014132,Australia
AW-00014133,Australia
AW-00014134,DE
AW-00014135,Australia
AW-00014136,Australia
AW-00014137,France
AW-00014138,Australia
AW-00014139,Australia
AW-00014140,United Kingdom
AW-00014141,Australia
AW-00014142,United Kingdom
AW-00014143,Canada
AW-00014144,US
AW-00014145,United Kingdom
AW-00014146,United States
AW-00014147,
AW-00014148,United States
AW-00014149,France
AW-00014150,USA
AW-00014151,United Kingdom
AW-00014152,United Kingdom
AW-00014153,Australia
AW-00014154,Canada
AW-00014155,Australia
AW-00014156,Canada
AW-00014157,Germany
AW-00014158,Australia
AW-00014159,Australia
AW-00014160,Australia
AW-00014161,Germany
AW-00014162,France
AW-00014163,Germany
AW-00014164,DE
AW-00014165,United States
AW-00014166,United Kingdom
AW-00014167,United Kingdom
AW-00014168,
AW-00014169,USA
AW-00014170,United States
AW-00014171,Canada
AW-00014172,Canada
AW-00014173,US
AW-00014174,Australia
AW-00014175,Australia
AW-00014176,USA
AW-00014177,Australia
AW-00014178,United States
AW-00014179,Canada
AW-00014180,
AW-00014181,US
AW-00014182,USA
AW-00014183,France
AW-00014184,Germany
AW-00014185,Germany
AW-00014186,Germany
AW-00014187,France
AW-00014188,United States
AW-00014189,Australia
AW-00014190,Canada
AW-00014191,Australia
AW-00014192,United States
AW-00014193,United States
AW-00014194,Australia
AW-00014195,US
AW-00014196,United States
AW-00014197,USA
AW-00014198,United States
AW-00014199,France
AW-00014200,United States
AW-00014201,DE
AW-00014202,Canada
AW-00014203,Australia
AW-00014204,Australia
AW-00014205,USA
AW-00014206,Australia
AW-00014207,USA
AW-00014208,Canada
AW-00014209,France
AW-00014210,United States
AW-00014211,United Kingdom
AW-00014212,DE
AW-00014213,Australia
AW-00014214,Australia
AW-00014215,Australia
AW-00014216,Canada
AW-00014217,Australia
AW-00014218,Germany
AW-00014219,Australia
AW-00014220,US
AW-00014221,United Kingdom
AW-00014222,United States
AW-00014223,Germany
AW-00014224,Canada
AW-00014225,USA
AW-00014226,Australia
AW-00014227,United Kingdom
AW-00014228,US
AW-00014229,DE
AW-00014230,Canada
AW-00014231,
AW-00014232,
AW-00014233,France
AW-00014234,United States
AW-00014235,Australia
AW-00014236,Australia
AW-00014237,France
AW-00014238,US
AW-00014239,Canada
AW-00014240,Australia
AW-00014241,United States
AW-00014242,Canada
AW-00014243,United States
AW-00014244,United States
AW-00014245,Germany
AW-00014246,Australia
AW-00014247,Canada
AW-00014248,United Kingdom
AW-00014249,France
AW-00014250,Australia
AW-00014251,United States
AW-00014252,USA
AW-00014253,DE
AW-00014254,United Kingdom
AW-00014255,Canada
AW-00014256,Australia
AW-00014257,United States
AW-00014258,United Kingdom
AW-00014259,United Kingdom
AW-00014260,DE
AW-00014261,Australia
AW-00014262,United Kingdom
AW-00014263,United States
AW-00014264,United States
AW-00014265,France
AW-00014266,US
AW-00014267,Australia
AW-00014268,Australia
AW-00014269,
AW-00014270,Germany
AW-00014271,France
AW-00014272,United Kingdom
AW-00014273,United Kingdom
AW-00014274,USA
AW-00014275,Canada
AW-00014276,Canada
AW-00014277,United States
AW-00014278,Australia
AW-00014279,Germany
AW-00014280,Australia
AW-00014281,
AW-00014282,Australia
AW-00014283,Canada
AW-00014284,United States
AW-00014285,Germany
AW-00014286,Australia
AW-00014287,Australia
AW-00014288,USA
AW-00014289,United Kingdom
AW-00014290,United States
AW-00014291,Germany
AW-00014292,Australia
AW-00014293,Australia
AW-00014294,United Kingdom
AW-00014295,Germany
AW-00014296,DE
AW-00014297,Germany
AW-00014298,Canada
AW-00014299,United Kingdom
AW-00014300,Canada
AW-00014301,Australia
AW-00014302,United Kingdom
AW-00014303,France
AW-00014304,Canada
AW-00014305,Germany
AW-00014306,Canada
AW-00014307,United States
AW-00014308,Australia
AW-00014309,France
AW-00014310,US
AW-00014311,Canada
AW-00014312,France
AW-00014313,Australia
AW-00014314,Canada
AW-00014315,Australia
AW-00014316,United States
AW-00014317,Germany
AW-00014318,US
AW-00014319,DE
AW-00014320,Canada
AW-00014321,Canada
AW-00014322,France
AW-00014323,Canada
AW-00014324,Australia
AW-00014325,Australia
AW-00014326,USA
AW-00014327,USA
AW-00014328,Canada
AW-00014329,United States
AW-00014330,US
AW-00014331,Australia
AW-00014332,United States
AW-00014333,Germany
AW-00014334,Germany
AW-00014335,Australia
AW-00014336,United Kingdom
AW-00014337,Canada
AW-00014338,Australia
AW-00014339,Australia
AW-00014340,Australia
AW-00014341,US
AW-00014342,United Kingdom
AW-00014343,United States
AW-00014344,France
AW-00014345,France
AW-00014346,Canada
AW-00014347,US
AW-00014348,Canada
AW-00014349,Australia
AW-00014350,United States
AW-00014351,United States
AW-00014352,France
AW-00014353,Australia
AW-00014354,Canada
AW-00014355,Australia
AW-00014356,
AW-00014357,Germany
AW-00014358,Australia
AW-00014359,United States
AW-00014360,Germany
AW-00014361,Australia
AW-00014362,Australia
AW-00014363,United States
AW-00014364,USA
AW-00014365,Canada
AW-00014366,DE
AW-00014367,Australia
AW-00014368,Australia
AW-00014369,France
AW-00014370,US
AW-00014371,United Kingdom
AW-00014372,France
AW-00014373,Australia
AW-00014374,United States
AW-00014375,United States
AW-00014376,DE
AW-00014377,Australia
AW-00014378,United Kingdom
AW-00014379,Australia
AW-00014380,United Kingdom
AW-00014381,USA
AW-00014382,United Kingdom
AW-00014383,USA
AW-00014384,United States
AW-00014385,United States
AW-00014386,DE
AW-00014387,Canada
AW-00014388,USA
AW-00014389,Australia
AW-00014390,United States
AW-00014391,Australia
AW-00014392,France
AW-00014393,Germany
AW-00014394,US
AW-00014395,Australia
AW-00014396,France
AW-00014397,France
AW-00014398,Australia
AW-00014399,Germany
AW-00014400,United Kingdom
AW-00014401,Australia
AW-00014402,Canada
AW-00014403,US
AW-00014404,US
AW-00014405,France
AW-00014406,Australia
AW-00014407,Australia
AW-00014408,USA
AW-00014409,Australia
AW-00014410,Canada
AW-00014411,United Kingdom
AW-00014412,United Kingdom
AW-00014413,Australia
AW-00014414,Germany
AW-00014415,France
AW-00014416,Australia
AW-00014417,
AW-00014418,United Kingdom
AW-00014419,Germany
AW-00014420,USA
AW-00014421,Germany
AW-00014422,US
AW-00014423,US
AW-00014424,USA
AW-00014425,
AW-00014426,Australia
AW-00014427,DE
AW-00014428,Germany
AW-00014429,Australia
AW-00014430,Australia
AW-00014431,France
AW-00014432,USA
AW-00014433,United Kingdom
AW-00014434,Australia
AW-00014435,Australia
AW-00014436,Canada
AW-00014437,Australia
AW-00014438,France
AW-00014439,Australia
AW-00014440,United Kingdom
AW-00014441,Germany
AW-00014442,Australia
AW-00014443,USA
AW-00014444,Germany
AW-00014445,Australia
AW-00014446,Germany
AW-00014447,Australia
AW-00014448,United States
AW-00014449,United States
AW-00014450,France
AW-00014451,Australia
AW-00014452,Germany
AW-00014453,Australia
AW-00014454,United States
AW-00014455,Canada
AW-00014456,Australia
AW-00014457,USA
AW-00014458,United Kingdom
AW-00014459,Canada
AW-00014460,United Kingdom
AW-00014461,Canada
AW-00014462,Australia
AW-00014463,Germany
AW-00014464,Australia
AW-00014465,Germany
AW-00014466,Canada
AW-00014467,United States
AW-00014468,USA
AW-00014469,Australia
AW-00014470,Australia
AW-00014471,United States
AW-00014472,United States
AW-00014473,France
AW-00014474,DE
AW-00014475,Canada
AW-00014476,United Kingdom
AW-00014477,Australia
AW-00014478,Australia
AW-00014479,Australia
AW-00014480,Germany
AW-00014481,USA
AW-00014482,US
AW-00014483,Australia
AW-00014484,Australia
AW-00014485,United States
AW-00014486,Canada
AW-00014487,Canada
AW-00014488,Canada
AW-00014489,Canada
AW-00014490,United States
AW-00014491,USA
AW-00014492,Canada
AW-00014493,United States
AW-00014494,DE
AW-00014495,Australia
AW-00014496,Australia
AW-00014497,USA
AW-00014498,Canada
AW-00014499,United States
AW-00014500,France
AW-00014501,United States
AW-00014502,USA
AW-00014503,DE
AW-00014504,USA
AW-00014505,Germany
AW-00014506,United States
AW-00014507,Canada
AW-00014508,USA
AW-00014509,Germany
AW-00014510,France
AW-00014511,United States
AW-00014512,USA
AW-00014513,United Kingdom
AW-00014514,US
AW-00014515,US
AW-00014516,United Kingdom
AW-00014517,Canada
AW-00014518,France
AW-00014519,US
AW-00014520,Germany
AW-00014521,Australia
AW-00014522,DE
AW-00014523,Canada
AW-00014524,Australia
AW-00014525,United States
AW-00014526,Australia
AW-00014527,Australia
AW-00014528,Australia
AW-00014529,Germany
AW-00014530,Australia
AW-00014531,Canada
AW-00014532,US
AW-00014533,United Kingdom
AW-00014534,France
AW-00014535,Germany
AW-00014536,Australia
AW-00014537,Australia
AW-00014538,Germany
AW-00014539,Australia
AW-00014540,
AW-00014541,Australia
AW-00014542,Australia
AW-00014543,United States
AW-00014544,Germany
AW-00014545,Australia
AW-00014546,Australia
AW-00014547,DE
AW-00014548,Australia
AW-00014549,US
AW-00014550,USA
AW-00014551,France
AW-00014552,United States
AW-00014553,Canada
AW-00014554,Australia
AW-00014555,Australia
AW-00014556,Germany
AW-00014557,
AW-00014558,Canada
AW-00014559,United States
AW-00014560,United Kingdom
AW-00014561,DE
AW-00014562,United Kingdom
AW-00014563,France
AW-00014564,
AW-00014565,Canada
AW-00014566,Canada
AW-00014567,Germany
AW-00014568,United States
AW-00014569,France
AW-00014570,Canada
AW-00014571,USA
AW-00014572,Germany
AW-00014573,United Kingdom
AW-00014574,
AW-00014575,Australia
AW-00014576,Germany
AW-00014577,United States
AW-00014578,Canada
AW-00014579,United States
AW-00014580,Australia
AW-00014581,USA
AW-00014582,Australia
AW-00014583,Germany
AW-00014584,United Kingdom
AW-00014585,Australia
AW-00014586,United Kingdom
AW-00014587,United Kingdom
AW-00014588,Canada
AW-00014589,United Kingdom
AW-00014590,Canada
AW-00014591,Australia
AW-00014592,Australia
AW-00014593,United States
AW-00014594,United States
AW-00014595,United States
AW-00014596,Germany
AW-00014597,France
AW-00014598,France
AW-00014599,USA
AW-00014600,Germany
AW-00014601,USA
AW-00014602,Australia
AW-00014603,DE
AW-00014604,US
AW-00014605,Canada
AW-00014606,Australia
AW-00014607,France
AW-00014608,Australia
AW-00014609,United States
AW-00014610,United Kingdom
AW-00014611,Australia
AW-00014612,Australia
AW-00014613,United States
AW-00014614,United States
AW-00014615,France
AW-00014616,Australia
AW-00014617,Australia
AW-00014618,Australia
AW-00014619,
AW-00014620,Australia
AW-00014621,United Kingdom
AW-00014622,Canada
AW-00014623,Canada
AW-00014624,Germany
AW-00014625,Australia
AW-00014626,Australia
AW-00014627,
AW-00014628,Canada
AW-00014629,Canada
AW-00014630,United States
AW-00014631,France
AW-00014632,DE
AW-00014633,Australia
AW-00014634,Australia
AW-00014635,Australia
AW-00014636,France
AW-00014637,United Kingdom
AW-00014638,France
AW-00014639,Australia
AW-00014640,France
AW-00014641,Australia
AW-00014642,United Kingdom
AW-00014643,USA
AW-00014644,Australia
AW-00014645,Germany
AW-00014646,United Kingdom
AW-00014647,Australia
AW-00014648,France
AW-00014649,DE
AW-00014650,Canada
AW-00014651,Germany
AW-00014652,France
AW-00014653,Canada
AW-00014654,Australia
AW-00014655,USA
AW-00014656,Canada
AW-00014657,US
AW-00014658,Australia
AW-00014659,Australia
AW-00014660,Australia
AW-00014661,US
AW-00014662,Germany
AW-00014663,
AW-00014664,Australia
AW-00014665,Australia
AW-00014666,France
AW-00014667,United Kingdom
AW-00014668,United States
AW-00014669,USA
AW-00014670,Germany
AW-00014671,United Kingdom
AW-00014672,Australia
AW-00014673,Australia
AW-00014674,Australia
AW-00014675,France
AW-00014676,
AW-00014677,Australia
AW-00014678,Australia
AW-00014679,Canada
AW-00014680,United Kingdom
AW-00014681,United Kingdom
AW-00014682,US
AW-00014683,Australia
AW-00014684,Germany
AW-00014685,France
AW-00014686,Canada
AW-00014687,Australia
AW-00014688,DE
AW-00014689,Australia
AW-00014690,Canada
AW-00014691,US
AW-00014692,United States
AW-00014693,Canada
AW-00014694,United Kingdom
AW-00014695,United States
AW-00014696,United States
AW-00014697,Canada
AW-00014698,Germany
AW-00014699,United Kingdom
AW-00014700,United Kingdom
AW-00014701,United States
AW-00014702,France
AW-00014703,France
AW-00014704,Canada
AW-00014705,US
AW-00014706,Canada
AW-00014707,France
AW-00014708,Germany
AW-00014709,United Kingdom
AW-00014710,Australia
AW-00014711,Australia
AW-00014712,United States
AW-00014713,United Kingdom
AW-00014714,France
AW-00014715,Australia
AW-00014716,United Kingdom
AW-00014717,Australia
AW-00014718,USA
AW-00014719,Canada
AW-00014720,United States
AW-00014721,US
AW-00014722,Germany
AW-00014723,France
AW-00014724,Australia
AW-00014725,Germany
AW-00014726,Australia
AW-00014727,United Kingdom
AW-00014728,Canada
AW-00014729,United Kingdom
AW-00014730,US
AW-00014731,United Kingdom
AW-00014732,Australia
AW-00014733,United Kingdom
AW-00014734,United States
AW-00014735,Australia
AW-00014736,
AW-00014737,Australia
AW-00014738,United States
AW-00014739,United States
AW-00014740,Australia
AW-00014741,DE
AW-00014742,United Kingdom
AW-00014743,United States
AW-00014744,France
AW-00014745,Canada
AW-00014746,Australia
AW-00014747,United Kingdom
AW-00014748,Australia
AW-00014749,
AW-00014750,Australia
AW-00014751,United Kingdom
AW-00014752,Australia
AW-00014753,Australia
AW-00014754,Australia
AW-00014755,United Kingdom
AW-00014756,Australia
AW-00014757,Germany
AW-00014758,Germany
AW-00014759,Canada
AW-00014760,Australia
AW-00014761,Australia
AW-00014762,United Kingdom
AW-00014763,United Kingdom
AW-00014764,United Kingdom
AW-00014765,Canada
AW-00014766,Germany
AW-00014767,Canada
AW-00014768,Australia
AW-00014769,Germany
AW-00014770,Germany
AW-00014771,Germany
AW-00014772,
AW-00014773,France
AW-00014774,Australia
AW-00014775,Australia
AW-00014776,United States
AW-00014777,DE
AW-00014778,United States
AW-00014779,United States
AW-00014780,United Kingdom
AW-00014781,France
AW-00014782,United States
AW-00014783,Australia
AW-00014784,Australia
AW-00014785,Australia
AW-00014786,Germany
AW-00014787,United Kingdom
AW-00014788,United States
AW-00014789,Germany
AW-00014790,United States
AW-00014791,Canada
AW-00014792,Australia
AW-00014793,France
AW-00014794,Canada
AW-00014795,Australia
AW-00014796,Australia
AW-00014797,United Kingdom
AW-00014798,France
AW-00014799,France
AW-00014800,Canada
AW-00014801,Australia
AW-00014802,Germany
AW-00014803,United States
AW-00014804,United Kingdom
AW-00014805,Australia
AW-00014806,United Kingdom
AW-00014807,DE
AW-00014808,USA
AW-00014809,Australia
AW-00014810,
AW-00014811,US
AW-00014812,Australia
AW-00014813,United States
AW-00014814,Australia
AW-00014815,Australia
AW-00014816,Germany
AW-00014817,Australia
AW-00014818,Canada
AW-00014819,United Kingdom
AW-00014820,Canada
AW-00014821,Australia
AW-00014822,Canada
AW-00014823,Australia
AW-00014824,United States
AW-00014825,Canada
AW-00014826,Australia
AW-00014827,DE
AW-00014828,Germany
AW-00014829,United Kingdom
AW-00014830,Australia
AW-00014831,France
AW-00014832,Germany
AW-00014833,United Kingdom
AW-00014834,Canada
AW-00014835,United States
AW-00014836,USA
AW-00014837,United States
AW-00014838,United Kingdom
AW-00014839,Australia
AW-00014840,DE
AW-00014841,United States
AW-00014842,Australia
AW-00014843,United Kingdom
AW-00014844,US
AW-00014845,France
AW-00014846,Canada
AW-00014847,France
AW-00014848,France
AW-00014849,United States
AW-00014850,USA
AW-00014851,Germany
AW-00014852,Canada
AW-00014853,United States
AW-00014854,Australia
AW-00014855,Germany
AW-00014856,Australia
AW-00014857,Australia
AW-00014858,Canada
AW-00014859,USA
AW-00014860,USA
AW-00014861,Australia
AW-00014862,United Kingdom
AW-00014863,France
AW-00014864,United Kingdom
AW-00014865,United States
AW-00014866,US
AW-00014867,US
AW-00014868,Australia
AW-00014869,Australia
AW-00014870,France
AW-00014871,United States
AW-00014872,DE
AW-00014873,Canada
AW-00014874,Australia
AW-00014875,Canada
AW-00014876,France
AW-00014877,Germany
AW-00014878,Australia
AW-00014879,USA
AW-00014880,USA
AW-00014881,France
AW-00014882,Germany
AW-00014883,Australia
AW-00014884,Canada
AW-00014885,Australia
AW-00014886,
AW-00014887,France
AW-00014888,Australia
AW-00014889,Germany
AW-00014890,Canada
AW-00014891,Germany
AW-00014892,US
AW-00014893,
AW-00014894,DE
AW-00014895,Canada
AW-00014896,France
AW-00014897,Germany
AW-00014898,Canada
AW-00014899,United Kingdom
AW-00014900,Germany
AW-00014901,United Kingdom
AW-00014902,Australia
AW-00014903,United States
AW-00014904,Australia
AW-00014905,USA
AW-00014906,United Kingdom
AW-00014907,United States
AW-00014908,United Kingdom
AW-00014909,Australia
AW-00014910,Australia
AW-00014911,United Kingdom
AW-00014912,United States
AW-00014913,Germany
AW-00014914,Germany
AW-00014915,Australia
AW-00014916,Australia
AW-00014917,Australia
AW-00014918,US
AW-00014919,US
AW-00014920,Germany
AW-00014921,Australia
AW-00014922,United States
AW-00014923,Australia
AW-00014924,United States
AW-00014925,Canada
AW-00014926,Australia
AW-00014927,Australia
AW-00014928,Germany
AW-00014929,USA
AW-00014930,USA
AW-00014931,Australia
AW-00014932,Canada
AW-00014933,DE
AW-00014934,United States
AW-00014935,United Kingdom
AW-00014936,France
AW-00014937,Canada
AW-00014938,United Kingdom
AW-00014939,France
AW-00014940,United Kingdom
AW-00014941,Germany
AW-00014942,United States
AW-00014943,United States
AW-00014944,US
AW-00014945,Canada
AW-00014946,France
AW-00014947,France
AW-00014948,Australia
AW-00014949,Canada
AW-00014950,United Kingdom
AW-00014951,USA
AW-00014952,USA
AW-00014953,Australia
AW-00014954,
AW-00014955,Australia
AW-00014956,France
AW-00014957,United Kingdom
AW-00014958,
AW-00014959,United Kingdom
AW-00014960,United States
AW-00014961,United States
AW-00014962,DE
AW-00014963,USA
AW-00014964,United Kingdom
AW-00014965,Australia
AW-00014966,USA
AW-00014967,Germany
AW-00014968,Australia
AW-00014969,Canada
AW-00014970,Canada
AW-00014971,United Kingdom
AW-00014972,US
AW-00014973,Australia
AW-00014974,United Kingdom
AW-00014975,United States
AW-00014976,DE
AW-00014977,France
AW-00014978,United Kingdom
AW-00014979,Canada
AW-00014980,United Kingdom
AW-00014981,Germany
AW-00014982,USA
AW-00014983,Australia
AW-00014984,Australia
AW-00014985,
AW-00014986,US
AW-00014987,DE
AW-00014988,Australia
AW-00014989,Germany
AW-00014990,Australia
AW-00014991,United States
AW-00014992,Australia
AW-00014993,Germany
AW-00014994,Australia
AW-00014995,United States
AW-00014996,Australia
AW-00014997,Canada
AW-00014998,United States
AW-00014999,Canada
AW-00015000,Canada
AW-00015001,Canada
AW-00015002,Australia
AW-00015003,United Kingdom
AW-00015004,Germany
AW-00015005,United Kingdom
AW-00015006,Australia
AW-00015007,
AW-00015008,Canada
AW-00015009,France
AW-00015010,United Kingdom
AW-00015011,DE
AW-00015012,Germany
AW-00015013,Australia
AW-00015014,Canada
AW-00015015,Australia
AW-00015016,Australia
AW-00015017,USA
AW-00015018,Canada
AW-00015019,Canada
AW-00015020,US
AW-00015021,US
AW-00015022,
AW-00015023,Germany
AW-00015024,Canada
AW-00015025,United Kingdom
AW-00015026,Australia
AW-00015027,United Kingdom
AW-00015028,DE
AW-00015029,United Kingdom
AW-00015030,France
AW-00015031,Australia
AW-00015032,France
AW-00015033,Canada
AW-00015034,France
AW-00015035,USA
AW-00015036,Germany
AW-00015037,Canada
AW-00015038,US
AW-00015039,United States
AW-00015040,United States
AW-00015041,USA
AW-00015042,France
AW-00015043,United Kingdom
AW-00015044,Canada
AW-00015045,DE
AW-00015046,Australia
AW-00015047,France
AW-00015048,United States
AW-00015049,Canada
AW-00015050,United Kingdom
AW-00015051,United Kingdom
AW-00015052,Australia
AW-00015053,Australia
AW-00015054,USA
AW-00015055,Germany
AW-00015056,Canada
AW-00015057,Australia
AW-00015058,United Kingdom
AW-00015059,Germany
AW-00015060,Canada
AW-00015061,Germany
AW-00015062,US
AW-00015063,USA
AW-00015064,Australia
AW-00015065,Australia
AW-00015066,Australia
AW-00015067,Australia
AW-00015068,France
AW-00015069,Australia
AW-00015070,Australia
AW-00015071,Australia
AW-00015072,France
AW-00015073,US
AW-00015074,Australia
AW-00015075,Australia
AW-00015076,Germany
AW-00015077,US
AW-00015078,Canada
AW-00015079,France
AW-00015080,Germany
AW-00015081,DE
AW-00015082,Australia
AW-00015083,Canada
AW-00015084,United States
AW-00015085,Canada
AW-00015086,Germany
AW-00015087,Canada
AW-00015088,France
AW-00015089,Canada
AW-00015090,Canada
AW-00015091,US
AW-00015092,Canada
AW-00015093,Australia
AW-00015094,United States
AW-00015095,Germany
AW-00015096,US
AW-00015097,United Kingdom
AW-00015098,US
AW-00015099,United States
AW-00015100,Australia
AW-00015101,Germany
AW-00015102,USA
AW-00015103,Australia
AW-00015104,DE
AW-00015105,United States
AW-00015106,United States
AW-00015107,Germany
AW-00015108,DE
AW-00015109,Australia
AW-00015110,France
AW-00015111,Australia
AW-00015112,
AW-00015113,Canada
AW-00015114,United Kingdom
AW-00015115,US
AW-00015116,Germany
AW-00015117,France
AW-00015118,Germany
AW-00015119,USA
AW-00015120,US
AW-00015121,Canada
AW-00015122,Canada
AW-00015123,Canada
AW-00015124,Australia
AW-00015125,Australia
AW-00015126,DE
AW-00015127,Canada
AW-00015128,France
AW-00015129,United Kingdom
AW-00015130,United Kingdom
AW-00015131,Canada
AW-00015132,Australia
AW-00015133,United Kingdom
AW-00015134,United Kingdom
AW-00015135,France
AW-00015136,United States
AW-00015137,United Kingdom
AW-00015138,United States
AW-00015139,Germany
AW-00015140,DE
AW-00015141,Australia
AW-00015142,United States
AW-00015143,United Kingdom
AW-00015144,Australia
AW-00015145,France
AW-00015146,Canada
AW-00015147,Canada
AW-00015148,Australia
AW-00015149,Australia
AW-00015150,France
AW-00015151,Australia
AW-00015152,
AW-00015153,US
AW-00015154,Canada
AW-00015155,United Kingdom
AW-00015156,Australia
AW-00015157,Australia
AW-00015158,Australia
AW-00015159,France
AW-00015160,
AW-00015161,Australia
AW-00015162,United States
AW-00015163,United Kingdom
AW-00015164,DE
AW-00015165,France
AW-00015166,USA
AW-00015167,France
AW-00015168,Australia
AW-00015169,Germany
AW-00015170,France
AW-00015171,US
AW-00015172,United States
AW-00015173,United Kingdom
AW-00015174,France
AW-00015175,Australia
AW-00015176,USA
AW-00015177,Germany
AW-00015178,Australia
AW-00015179,Australia
AW-00015180,Canada
AW-00015181,France
AW-00015182,Australia
AW-00015183,United States
AW-00015184,Canada
AW-00015185,Australia
AW-00015186,France
AW-00015187,DE
AW-00015188,United States
AW-00015189,Australia
AW-00015190,Canada
AW-00015191,DE
AW-00015192,Canada
AW-00015193,
AW-00015194,Australia
AW-00015195,Canada
AW-00015196,Canada
AW-00015197,Australia
AW-00015198,US
AW-00015199,Germany
AW-00015200,United Kingdom
AW-00015201,Germany
AW-00015202,Canada
AW-00015203,United Kingdom
AW-00015204,United Kingdom
AW-00015205,US
AW-00015206,United States
AW-00015207,Canada
AW-00015208,United Kingdom
AW-00015209,United Kingdom
AW-00015210,
AW-00015211,United Kingdom
AW-00015212,United Kingdom
AW-00015213,France
AW-00015214,Australia
AW-00015215,Australia
AW-00015216,Australia
AW-00015217,US
AW-00015218,United States
AW-00015219,US
AW-00015220,France
AW-00015221,Australia
AW-00015222,Australia
AW-00015223,Canada
AW-00015224,
AW-00015225,Australia
AW-00015226,United Kingdom
AW-00015227,United States
AW-00015228,Australia
AW-00015229,Canada
AW-00015230,France
AW-00015231,United States
AW-00015232,Germany
AW-00015233,Australia
AW-00015234,Canada
AW-00015235,United States
AW-00015236,United Kingdom
AW-00015237,Australia
AW-00015238,Australia
AW-00015239,DE
AW-00015240,Australia
AW-00015241,DE
AW-00015242,Australia
AW-00015243,United Kingdom
AW-00015244,Canada
AW-00015245,United States
AW-00015246,DE
AW-00015247,United Kingdom
AW-00015248,Australia
AW-00015249,United States
AW-00015250,Canada
AW-00015251,Australia
AW-00015252,France
AW-00015253,Australia
AW-00015254,Germany
AW-00015255,Canada
AW-00015256,Australia
AW-00015257,Canada
AW-00015258,Australia
AW-00015259,United Kingdom
AW-00015260,Australia
AW-00015261,Germany
AW-00015262,France
AW-00015263,United States
AW-00015264,
AW-00015265,Australia
AW-00015266,France
AW-00015267,Germany
AW-00015268,Australia
AW-00015269,United States
AW-00015270,Australia
AW-00015271,Australia
AW-00015272,United States
AW-00015273,France
AW-00015274,Australia
AW-00015275,United Kingdom
AW-00015276,USA
AW-00015277,Australia
AW-00015278,DE
AW-00015279,Australia
AW-00015280,United States
AW-00015281,US
AW-00015282,Australia
AW-00015283,United States
AW-00015284,Australia
AW-00015285,Canada
AW-00015286,Australia
AW-00015287,United Kingdom
AW-00015288,Australia
AW-00015289,Australia
AW-00015290,Germany
AW-00015291,Germany
AW-00015292,DE
AW-00015293,Germany
AW-00015294,USA
AW-00015295,Germany
AW-00015296,Canada
AW-00015297,
AW-00015298,United States
AW-00015299,Australia
AW-00015300,Australia
AW-00015301,USA
AW-00015302,Germany
AW-00015303,Canada
AW-00015304,Germany
AW-00015305,United States
AW-00015306,United States
AW-00015307,Australia
AW-00015308,Australia
AW-00015309,Germany
AW-00015310,Australia
AW-00015311,France
AW-00015312,Germany
AW-00015313,France
AW-00015314,United States
AW-00015315,Canada
AW-00015316,Australia
AW-00015317,United Kingdom
AW-00015318,
AW-00015319,Germany
AW-00015320,United States
AW-00015321,Canada
AW-00015322,United States
AW-00015323,Germany
AW-00015324,United Kingdom
AW-00015325,France
AW-00015326,
AW-00015327,Canada
AW-00015328,France
AW-00015329,Australia
AW-00015330,Canada
AW-00015331,Germany
AW-00015332,Canada
AW-00015333,United Kingdom
AW-00015334,Germany
AW-00015335,United Kingdom
AW-00015336,France
AW-00015337,Australia
AW-00015338,United States
AW-00015339,United Kingdom
AW-00015340,US
AW-00015341,Germany
AW-00015342,Australia
AW-00015343,USA
AW-00015344,DE
AW-00015345,
AW-00015346,Canada
AW-00015347,Australia
AW-00015348,Germany
AW-00015349,Germany
AW-00015350,United States
AW-00015351,United Kingdom
AW-00015352,DE
AW-00015353,United States
AW-00015354,Australia
AW-00015355,United Kingdom
AW-00015356,Canada
AW-00015357,Australia
AW-00015358,Australia
AW-00015359,Germany
AW-00015360,DE
AW-00015361,Australia
AW-00015362,USA
AW-00015363,United States
AW-00015364,France
AW-00015365,USA
AW-00015366,Germany
AW-00015367,Australia
AW-00015368,Germany
AW-00015369,Australia
AW-00015370,Australia
AW-00015371,Australia
AW-00015372,United Kingdom
AW-00015373,Australia
AW-00015374,DE
AW-00015375,Germany
AW-00015376,Germany
AW-00015377,Germany
AW-00015378,United States
AW-00015379,United States
AW-00015380,Australia
AW-00015381,Canada
AW-00015382,United States
AW-00015383,Australia
AW-00015384,France
AW-00015385,United States
AW-00015386,United States
AW-00015387,United Kingdom
AW-00015388,DE
AW-00015389,DE
AW-00015390,France
AW-00015391,United States
AW-00015392,France
AW-00015393,Australia
AW-00015394,United Kingdom
AW-00015395,United Kingdom
AW-00015396,Australia
AW-00015397,France
AW-00015398,Australia
AW-00015399,DE
AW-00015400,Australia
AW-00015401,Canada
AW-00015402,Australia
AW-00015403,Australia
AW-00015404,Australia
AW-00015405,Australia
AW-00015406,Australia
AW-00015407,United Kingdom
AW-00015408,
AW-00015409,United Kingdom
AW-00015410,United Kingdom
AW-00015411,USA
AW-00015412,Germany
AW-00015413,France
AW-00015414,France
AW-00015415,DE
AW-00015416,Canada
AW-00015417,Australia
AW-00015418,Australia
AW-00015419,France
AW-00015420,United States
AW-00015421,US
AW-00015422,Canada
AW-00015423,Australia
AW-00015424,United States
AW-00015425,DE
AW-00015426,Canada
AW-00015427,USA
AW-00015428,United Kingdom
AW-00015429,United Kingdom
AW-00015430,France
AW-00015431,United Kingdom
AW-00015432,Germany
AW-00015433,France
AW-00015434,Australia
AW-00015435,United Kingdom
AW-00015436,United States
AW-00015437,Germany
AW-00015438,Australia
AW-00015439,Australia
AW-00015440,United Kingdom
AW-00015441,Australia
AW-00015442,Germany
AW-00015443,DE
AW-00015444,Canada
AW-00015445,Canada
AW-00015446,US
AW-00015447,Australia
AW-00015448,Canada
AW-00015449,Germany
AW-00015450,France
AW-00015451,Australia
AW-00015452,United States
AW-00015453,Canada
AW-00015454,
AW-00015455,France
AW-00015456,Germany
AW-00015457,Australia
AW-00015458,US
AW-00015459,DE
AW-00015460,Germany
AW-00015461,US
AW-00015462,United States
AW-00015463,United States
AW-00015464,France
AW-00015465,United States
AW-00015466,United States
AW-00015467,US
AW-00015468,United Kingdom
AW-00015469,Germany
AW-00015470,
AW-00015471,Canada
AW-00015472,DE
AW-00015473,Germany
AW-00015474,Germany
AW-00015475,Canada
AW-00015476,Canada
AW-00015477,United States
AW-00015478,Canada
AW-00015479,France
AW-00015480,United Kingdom
AW-00015481,Australia
AW-00015482,US
AW-00015483,Germany
AW-00015484,DE
AW-00015485,United Kingdom
AW-00015486,France
AW-00015487,Germany
AW-00015488,Germany
AW-00015489,Australia
AW-00015490,United States
AW-00015491,
AW-00015492,USA
AW-00015493,DE
AW-00015494,Canada
AW-00015495,Germany
AW-00015496,Australia
AW-00015497,France
AW-00015498,Canada
AW-00015499,Australia
AW-00015500,United States
AW-00015501,United States
AW-00015502,United States
AW-00015503,US
AW-00015504,Germany
AW-00015505,Canada
AW-00015506,Canada
AW-00015507,Canada
AW-00015508,Australia
AW-00015509,Canada
AW-00015510,United States
AW-00015511,Australia
AW-00015512,Canada
AW-00015513,United States
AW-00015514,France
AW-00015515,United Kingdom
AW-00015516,France
AW-00015517,Australia
AW-00015518,United States
AW-00015519,Germany
AW-00015520,Canada
AW-00015521,US
AW-00015522,Australia
AW-00015523,US
AW-00015524,Canada
AW-00015525,Canada
AW-00015526,Australia
AW-00015527,France
AW-00015528,DE
AW-00015529,Australia
AW-00015530,Canada
AW-00015531,France
AW-00015532,United Kingdom
AW-00015533,Canada
AW-00015534,United Kingdom
AW-00015535,
AW-00015536,United Kingdom
AW-00015537,Canada
AW-00015538,Canada
AW-00015539,USA
AW-00015540,United States
AW-00015541,United Kingdom
AW-00015542,Australia
AW-00015543,France
AW-00015544,Canada
AW-00015545,United Kingdom
AW-00015546,Australia
AW-00015547,Germany
AW-00015548,Australia
AW-00015549,Australia
AW-00015550,Germany
AW-00015551,France
AW-00015552,Canada
AW-00015553,Germany
AW-00015554,DE
AW-00015555,DE
AW-00015556,DE
AW-00015557,Canada
AW-00015558,United States
AW-00015559,United States
AW-00015560,Germany
AW-00015561,Australia
AW-00015562,Germany
AW-00015563,United States
AW-00015564,United Kingdom
AW-00015565,United States
AW-00015566,Australia
AW-00015567,Australia
AW-00015568,Australia
AW-00015569,DE
AW-00015570,Australia
AW-00015571,Australia
AW-00015572,Canada
AW-00015573,DE
AW-00015574,US
AW-00015575,Australia
AW-00015576,
AW-00015577,Germany
AW-00015578,US
AW-00015579,US
AW-00015580,Australia
AW-00015581,Canada
AW-00015582,USA
AW-00015583,Australia
AW-00015584,Australia
AW-00015585,United States
AW-00015586,Canada
AW-00015587,United Kingdom
AW-00015588,DE
AW-00015589,United States
AW-00015590,US
AW-00015591,Australia
AW-00015592,US
AW-00015593,Australia
AW-00015594,United Kingdom
AW-00015595,United States
AW-00015596,United Kingdom
AW-00015597,Australia
AW-00015598,USA
AW-00015599,Australia
AW-00015600,Australia
AW-00015601,Australia
AW-00015602,Australia
AW-00015603,Germany
AW-00015604,France
AW-00015605,France
AW-00015606,France
AW-00015607,United States
AW-00015608,France
AW-00015609,Canada
AW-00015610,Canada
AW-00015611,United Kingdom
AW-00015612,France
AW-00015613,Australia
AW-00015614,
AW-00015615,
AW-00015616,
AW-00015617,Canada
AW-00015618,DE
AW-00015619,Canada
AW-00015620,United States
AW-00015621,Australia
AW-00015622,USA
AW-00015623,Australia
AW-00015624,France
AW-00015625,United Kingdom
AW-00015626,France
AW-00015627,US
AW-00015628,United Kingdom
AW-00015629,Germany
AW-00015630,United States
AW-00015631,Australia
AW-00015632,USA
AW-00015633,Germany
AW-00015634,US
AW-00015635,DE
AW-00015636,Australia
AW-00015637,US
AW-00015638,Australia
AW-00015639,United States
AW-00015640,Canada
AW-00015641,United Kingdom
AW-00015642,United States
AW-00015643,France
AW-00015644,Australia
AW-00015645,Canada
AW-00015646,Australia
AW-00015647,Australia
AW-00015648,Canada
AW-00015649,Canada
AW-00015650,United Kingdom
AW-00015651,Australia
AW-00015652,France
AW-00015653,Australia
AW-00015654,DE
AW-00015655,US
AW-00015656,Canada
AW-00015657,Germany
AW-00015658,United States
AW-00015659,Australia
AW-00015660,Germany
AW-00015661,Australia
AW-00015662,Canada
AW-00015663,Germany
AW-00015664,Australia
AW-00015665,United States
AW-00015666,Canada
AW-00015667,United Kingdom
AW-00015668,USA
AW-00015669,USA
AW-00015670,United Kingdom
AW-00015671,USA
AW-00015672,France
AW-00015673,United Kingdom
AW-00015674,Germany
AW-00015675,Australia
AW-00015676,United States
AW-00015677,US
AW-00015678,United Kingdom
AW-00015679,USA
AW-00015680,Australia
AW-00015681,Germany
AW-00015682,United States
AW-00015683,Canada
AW-00015684,Australia
AW-00015685,Australia
AW-00015686,United Kingdom
AW-00015687,USA
AW-00015688,USA
AW-00015689,Germany
AW-00015690,USA
AW-00015691,Australia
AW-00015692,Australia
AW-00015693,Canada
AW-00015694,USA
AW-00015695,Australia
AW-00015696,US
AW-00015697,Australia
AW-00015698,United States
AW-00015699,United States
AW-00015700,Canada
AW-00015701,DE
AW-00015702,Germany
AW-00015703,Australia
AW-00015704,United States
AW-00015705,United Kingdom
AW-00015706,Canada
AW-00015707,US
AW-00015708,Germany
AW-00015709,United Kingdom
AW-00015710,USA
AW-00015711,Canada
AW-00015712,United States
AW-00015713,
AW-00015714,Germany
AW-00015715,Canada
AW-00015716,United States
AW-00015717,United States
AW-00015718,France
AW-00015719,Canada
AW-00015720,United Kingdom
AW-00015721,Australia
AW-00015722,Australia
AW-00015723,United States
AW-00015724,United States
AW-00015725,DE
AW-00015726,France
AW-00015727,US
AW-00015728,Australia
AW-00015729,Australia
AW-00015730,Australia
AW-00015731,United Kingdom
AW-00015732,Australia
AW-00015733,US
AW-00015734,Canada
AW-00015735,Canada
AW-00015736,Canada
AW-00015737,
AW-00015738,Canada
AW-00015739,Australia
AW-00015740,Canada
AW-00015741,Australia
AW-00015742,France
AW-00015743,Canada
AW-00015744,United States
AW-00015745,DE
AW-00015746,US
AW-00015747,France
AW-00015748,Canada
AW-00015749,Canada
AW-00015750,United States
AW-00015751,Canada
AW-00015752,Australia
AW-00015753,Australia
AW-00015754,United States
AW-00015755,DE
AW-00015756,Canada
AW-00015757,United Kingdom
AW-00015758,DE
AW-00015759,Canada
AW-00015760,Australia
AW-00015761,United States
AW-00015762,Australia
AW-00015763,Canada
AW-00015764,Australia
AW-00015765,USA
AW-00015766,United Kingdom
AW-00015767,Germany
AW-00015768,Germany
AW-00015769,Australia
AW-00015770,United Kingdom
AW-00015771,
AW-00015772,United States
AW-00015773,USA
AW-00015774,United Kingdom
AW-00015775,France
AW-00015776,United States
AW-00015777,United States
AW-00015778,United States
AW-00015779,Canada
AW-00015780,Australia
AW-00015781,Australia
AW-00015782,
AW-00015783,United Kingdom
AW-00015784,US
AW-00015785,Australia
AW-00015786,Australia
AW-00015787,Germany
AW-00015788,US
AW-00015789,United States
AW-00015790,Canada
AW-00015791,United Kingdom
AW-00015792,Australia
AW-00015793,DE
AW-00015794,Australia
AW-00015795,Germany
AW-00015796,United States
AW-00015797,Australia
AW-00015798,Australia
AW-00015799,Germany
AW-00015800,Canada
AW-00015801,USA
AW-00015802,Canada
AW-00015803,Australia
AW-00015804,Canada
AW-00015805,Germany
AW-00015806,Germany
AW-00015807,Canada
AW-00015808,United States
AW-00015809,US
AW-00015810,DE
AW-00015811,France
AW-00015812,Australia
AW-00015813,Australia
AW-00015814,France
AW-00015815,Australia
AW-00015816,
AW-00015817,Canada
AW-00015818,Australia
AW-00015819,United States
AW-00015820,
AW-00015821,Canada
AW-00015822,United States
AW-00015823,France
AW-00015824,France
AW-00015825,Australia
AW-00015826,Australia
AW-00015827,France
AW-00015828,USA
AW-00015829,United States
AW-00015830,USA
AW-00015831,Canada
AW-00015832,Germany
AW-00015833,Australia
AW-00015834,US
AW-00015835,United Kingdom
AW-00015836,United Kingdom
AW-00015837,USA
AW-00015838,Australia
AW-00015839,United States
AW-00015840,United States
AW-00015841,DE
AW-00015842,United Kingdom
AW-00015843,USA
AW-00015844,DE
AW-00015845,United Kingdom
AW-00015846,United States
AW-00015847,United Kingdom
AW-00015848,United States
AW-00015849,Australia
AW-00015850,Canada
AW-00015851,USA
AW-00015852,Australia
AW-00015853,Australia
AW-00015854,Australia
AW-00015855,United Kingdom
AW-00015856,Canada
AW-00015857,France
AW-00015858,United States
AW-00015859,Germany
AW-00015860,United Kingdom
AW-00015861,United States
AW-00015862,Australia
AW-00015863,France
AW-00015864,US
AW-00015865,United Kingdom
AW-00015866,United Kingdom
AW-00015867,Australia
AW-00015868,Canada
AW-00015869,Australia
AW-00015870,US
AW-00015871,Canada
AW-00015872,France
AW-00015873,Australia
AW-00015874,US
AW-00015875,US
AW-00015876,Australia
AW-00015877,US
AW-00015878,France
AW-00015879,DE
AW-00015880,Australia
AW-00015881,France
AW-00015882,Canada
AW-00015883,Germany
AW-00015884,USA
AW-00015885,United States
AW-00015886,United Kingdom
AW-00015887,United Kingdom
AW-00015888,Australia
AW-00015889,Germany
AW-00015890,United States
AW-00015891,DE
AW-00015892,DE
AW-00015893,DE
AW-00015894,Australia
AW-00015895,Canada
AW-00015896,Australia
AW-00015897,United States
AW-00015898,United States
AW-00015899,USA
AW-00015900,United Kingdom
AW-00015901,USA
AW-00015902,United Kingdom
AW-00015903,
AW-00015904,Canada
AW-00015905,Australia
AW-00015906,Australia
AW-00015907,Germany
AW-00015908,Canada
AW-00015909,United Kingdom
AW-00015910,United Kingdom
AW-00015911,Canada
AW-00015912,USA
AW-00015913,Germany
AW-00015914,US
AW-00015915,Germany
AW-00015916,United States
AW-00015917,Canada
AW-00015918,Australia
AW-00015919,Canada
AW-00015920,United States
AW-00015921,US
AW-00015922,US
AW-00015923,Australia
AW-00015924,Australia
AW-00015925,US
AW-00015926,Germany
AW-00015927,Australia
AW-00015928,United States
AW-00015929,United States
AW-00015930,Australia
AW-00015931,DE
AW-00015932,Australia
AW-00015933,Germany
AW-00015934,USA
AW-00015935,Canada
AW-00015936,Australia
AW-00015937,USA
AW-00015938,Germany
AW-00015939,United Kingdom
AW-00015940,Australia
AW-00015941,Australia
AW-00015942,Canada
AW-00015943,Canada
AW-00015944,Australia
AW-00015945,France
AW-00015946,Australia
AW-00015947,United States
AW-00015948,France
AW-00015949,
AW-00015950,US
AW-00015951,France
AW-00015952,United States
AW-00015953,United States
AW-00015954,Australia
AW-00015955,Canada
AW-00015956,United Kingdom
AW-00015957,USA
AW-00015958,Australia
AW-00015959,DE
AW-00015960,Australia
AW-00015961,United Kingdom
AW-00015962,
AW-00015963,United Kingdom
AW-00015964,DE
AW-00015965,Canada
AW-00015966,US
AW-00015967,Germany
AW-00015968,Germany
AW-00015969,United States
AW-00015970,Australia
AW-00015971,United States
AW-00015972,Australia
AW-00015973,Australia
AW-00015974,United Kingdom
AW-00015975,US
AW-00015976,Germany
AW-00015977,US
AW-00015978,United States
AW-00015979,USA
AW-00015980,US
AW-00015981,Australia
AW-00015982,Canada
AW-00015983,United Kingdom
AW-00015984,United States
AW-00015985,Australia
AW-00015986,Australia
AW-00015987,France
AW-00015988,Australia
AW-00015989,Australia
AW-00015990,Australia
AW-00015991,United States
AW-00015992,Australia
AW-00015993,DE
AW-00015994,United States
AW-00015995,France
AW-00015996,
AW-00015997,USA
AW-00015998,Germany
AW-00015999,Canada
AW-00016000,United States
AW-00016001,Germany
AW-00016002,Australia
AW-00016003,Canada
AW-00016004,Australia
AW-00016005,Australia
AW-00016006,Canada
AW-00016007,Canada
AW-00016008,US
AW-00016009,Australia
AW-00016010,USA
AW-00016011,US
AW-00016012,Germany
AW-00016013,United Kingdom
AW-00016014,US
AW-00016015,France
AW-00016016,Canada
AW-00016017,DE
AW-00016018,United States
AW-00016019,Canada
AW-00016020,US
AW-00016021,United Kingdom
AW-00016022,United Kingdom
AW-00016023,Australia
AW-00016024,USA
AW-00016025,United Kingdom
AW-00016026,Australia
AW-00016027,USA
AW-00016028,Australia
AW-00016029,United States
AW-00016030,Australia
AW-00016031,France
AW-00016032,France
AW-00016033,United Kingdom
AW-00016034,Australia
AW-00016035,Australia
AW-00016036,Canada
AW-00016037,Germany
AW-00016038,France
AW-00016039,France
AW-00016040,France
AW-00016041,Australia
AW-00016042,Australia
AW-00016043,United States
AW-00016044,USA
AW-00016045,Germany
AW-00016046,US
AW-00016047,France
AW-00016048,Germany
AW-00016049,Australia
AW-00016050,United States
AW-00016051,Canada
AW-00016052,Australia
AW-00016053,DE
AW-00016054,France
AW-00016055,Germany
AW-00016056,Germany
AW-00016057,Australia
AW-00016058,Australia
AW-00016059,United States
AW-00016060,Australia
AW-00016061,USA
AW-00016062,
AW-00016063,United States
AW-00016064,United Kingdom
AW-00016065,United States
AW-00016066,United States
AW-00016067,Germany
AW-00016068,Australia
AW-00016069,Germany
AW-00016070,Canada
AW-00016071,United States
AW-00016072,Canada
AW-00016073,United States
AW-00016074,United Kingdom
AW-00016075,Germany
AW-00016076,France
AW-00016077,United Kingdom
AW-00016078,Australia
AW-00016079,DE
AW-00016080,France
AW-00016081,
AW-00016082,Australia
AW-00016083,Germany
AW-00016084,Australia
AW-00016085,US
AW-00016086,France
AW-00016087,
AW-00016088,United States
AW-00016089,France
AW-00016090,Australia
AW-00016091,USA
AW-00016092,Australia
AW-00016093,Canada
AW-00016094,US
AW-00016095,US
AW-00016096,United Kingdom
AW-00016097,USA
AW-00016098,France
AW-00016099,USA
AW-00016100,United States
AW-00016101,Australia
AW-00016102,Canada
AW-00016103,Australia
AW-00016104,Australia
AW-00016105,United States
AW-00016106,Australia
AW-00016107,Australia
AW-00016108,US
AW-00016109,France
AW-00016110,Australia
AW-00016111,Australia
AW-00016112,Australia
AW-00016113,France
AW-00016114,Canada
AW-00016115,Canada
AW-00016116,United Kingdom
AW-00016117,DE
AW-00016118,Australia
AW-00016119,Canada
AW-00016120,Canada
AW-00016121,Canada
AW-00016122,Australia
AW-00016123,Germany
AW-00016124,Australia
AW-00016125,Australia
AW-00016126,Germany
AW-00016127,Canada
AW-00016128,France
AW-00016129,US
AW-00016130,
AW-00016131,USA
AW-00016132,Canada
AW-00016133,Australia
AW-00016134,Canada
AW-00016135,Australia
AW-00016136,US
AW-00016137,United States
AW-00016138,United Kingdom
AW-00016139,France
AW-00016140,Australia
AW-00016141,USA
AW-00016142,Canada
AW-00016143,Germany
AW-00016144,United States
AW-00016145,DE
AW-00016146,United States
AW-00016147,US
AW-00016148,Australia
AW-00016149,DE
AW-00016150,France
AW-00016151,DE
AW-00016152,United States
AW-00016153,Australia
AW-00016154,Australia
AW-00016155,Germany
AW-00016156,United Kingdom
AW-00016157,United States
AW-00016158,United Kingdom
AW-00016159,France
AW-00016160,Germany
AW-00016161,Canada
AW-00016162,Canada
AW-00016163,US
AW-00016164,Canada
AW-00016165,
AW-00016166,Germany
AW-00016167,Canada
AW-00016168,Australia
AW-00016169,United States
AW-00016170,Germany
AW-00016171,France
AW-00016172,Canada
AW-00016173,United States
AW-00016174,United States
AW-00016175,United States
AW-00016176,United Kingdom
AW-00016177,United States
AW-00016178,
AW-00016179,Canada
AW-00016180,Australia
AW-00016181,Australia
AW-00016182,US
AW-00016183,France
AW-00016184,United Kingdom
AW-00016185,United Kingdom
AW-00016186,Canada
AW-00016187,Canada
AW-00016188,Germany
AW-00016189,DE
AW-00016190,US
AW-00016191,DE
AW-00016192,DE
AW-00016193,United Kingdom
AW-00016194,USA
AW-00016195,Australia
AW-00016196,Australia
AW-00016197,United States
AW-00016198,Australia
AW-00016199,Canada
AW-00016200,USA
AW-00016201,United Kingdom
AW-00016202,United States
AW-00016203,Australia
AW-00016204,DE
AW-00016205,United States
AW-00016206,United States
AW-00016207,USA
AW-00016208,United States
AW-00016209,France
AW-00016210,Australia
AW-00016211,Canada
AW-00016212,United States
AW-00016213,Australia
AW-00016214,Canada
AW-00016215,Canada
AW-00016216,DE
AW-00016217,United Kingdom
AW-00016218,DE
AW-00016219,Australia
AW-00016220,USA
AW-00016221,
AW-00016222,Germany
AW-00016223,US
AW-00016224,US
AW-00016225,Australia
AW-00016226,United Kingdom
AW-00016227,United Kingdom
AW-00016228,Canada
AW-00016229,Australia
AW-00016230,Australia
AW-00016231,France
AW-00016232,United Kingdom
AW-00016233,France
AW-00016234,Australia
AW-00016235,Australia
AW-00016236,United States
AW-00016237,Australia
AW-00016238,United States
AW-00016239,United States
AW-00016240,Australia
AW-00016241,France
AW-00016242,US
AW-00016243,Australia
AW-00016244,France
AW-00016245,Canada
AW-00016246,United Kingdom
AW-00016247,Germany
AW-00016248,Germany
AW-00016249,Australia
AW-00016250,United Kingdom
AW-00016251,Australia
AW-00016252,France
AW-00016253,United States
AW-00016254,France
AW-00016255,DE
AW-00016256,United States
AW-00016257,United Kingdom
AW-00016258,Australia
AW-00016259,US
AW-00016260,United Kingdom
AW-00016261,US
AW-00016262,US
AW-00016263,Germany
AW-00016264,USA
AW-00016265,United States
AW-00016266,
AW-00016267,Canada
AW-00016268,USA
AW-00016269,United States
AW-00016270,France
AW-00016271,Australia
AW-00016272,Canada
AW-00016273,France
AW-00016274,Germany
AW-00016275,Australia
AW-00016276,Australia
AW-00016277,France
AW-00016278,United Kingdom
AW-00016279,DE
AW-00016280,United Kingdom
AW-00016281,France
AW-00016282,US
AW-00016283,United Kingdom
AW-00016284,Germany
AW-00016285,Australia
AW-00016286,Australia
AW-00016287,
AW-00016288,Canada
AW-00016289,Australia
AW-00016290,Canada
AW-00016291,United States
AW-00016292,Canada
AW-00016293,United Kingdom
AW-00016294,United States
AW-00016295,Australia
AW-00016296,Australia
AW-00016297,DE
AW-00016298,Australia
AW-00016299,Australia
AW-00016300,United States
AW-00016301,France
AW-00016302,Canada
AW-00016303,US
AW-00016304,
AW-00016305,Germany
AW-00016306,Canada
AW-00016307,Australia
AW-00016308,United Kingdom
AW-00016309,DE
AW-00016310,United States
AW-00016311,
AW-00016312,United Kingdom
AW-00016313,
AW-00016314,United Kingdom
AW-00016315,DE
AW-00016316,Canada
AW-00016317,Canada
AW-00016318,DE
AW-00016319,
AW-00016320,Canada
AW-00016321,United Kingdom
AW-00016322,Canada
AW-00016323,Germany
AW-00016324,Germany
AW-00016325,France
AW-00016326,France
AW-00016327,Canada
AW-00016328,USA
AW-00016329,Australia
AW-00016330,Canada
AW-00016331,United Kingdom
AW-00016332,France
AW-00016333,Australia
AW-00016334,United States
AW-00016335,Australia
AW-00016336,United Kingdom
AW-00016337,US
AW-00016338,Australia
AW-00016339,Germany
AW-00016340,USA
AW-00016341,US
AW-00016342,United States
AW-00016343,US
AW-00016344,France
AW-00016345,Australia
AW-00016346,United States
AW-00016347,
AW-00016348,DE
AW-00016349,Germany
AW-00016350,United States
AW-00016351,United Kingdom
AW-00016352,Australia
AW-00016353,United Kingdom
AW-00016354,Canada
AW-00016355,France
AW-00016356,
AW-00016357,DE
AW-00016358,DE
AW-00016359,Australia
AW-00016360,United States
AW-00016361,Canada
AW-00016362,Australia
AW-00016363,DE
AW-00016364,United States
AW-00016365,Germany
AW-00016366,Canada
AW-00016367,Germany
AW-00016368,Germany
AW-00016369,United States
AW-00016370,Australia
AW-00016371,Germany
AW-00016372,DE
AW-00016373,
AW-00016374,United Kingdom
AW-00016375,Canada
AW-00016376,France
AW-00016377,United Kingdom
AW-00016378,Canada
AW-00016379,France
AW-00016380,France
AW-00016381,Canada
AW-00016382,Canada
AW-00016383,US
AW-00016384,France
AW-00016385,United Kingdom
AW-00016386,
AW-00016387,Australia
AW-00016388,USA
AW-00016389,Canada
AW-00016390,
AW-00016391,Australia
AW-00016392,Canada
AW-00016393,DE
AW-00016394,United States
AW-00016395,Canada
AW-00016396,Australia
AW-00016397,Australia
AW-00016398,United Kingdom
AW-00016399,DE
AW-00016400,Australia
AW-00016401,Australia
AW-00016402,Canada
AW-00016403,Germany
AW-00016404,Australia
AW-00016405,Australia
AW-00016406,Australia
AW-00016407,Germany
AW-00016408,US
AW-00016409,France
AW-00016410,France
AW-00016411,United Kingdom
AW-00016412,Australia
AW-00016413,France
AW-00016414,Australia
AW-00016415,United States
AW-00016416,Australia
AW-00016417,USA
AW-00016418,
AW-00016419,Australia
AW-00016420,France
AW-00016421,Canada
AW-00016422,United States
AW-00016423,Australia
AW-00016424,United Kingdom
AW-00016425,United Kingdom
AW-00016426,
AW-00016427,United Kingdom
AW-00016428,
AW-00016429,United States
AW-00016430,Canada
AW-00016431,United States
AW-00016432,Germany
AW-00016433,France
AW-00016434,DE
AW-00016435,Germany
AW-00016436,Australia
AW-00016437,US
AW-00016438,United States
AW-00016439,United States
AW-00016440,Canada
AW-00016441,Germany
AW-00016442,Australia
AW-00016443,USA
AW-00016444,Australia
AW-00016445,France
AW-00016446,Australia
AW-00016447,United Kingdom
AW-00016448,Germany
AW-00016449,Australia
AW-00016450,United Kingdom
AW-00016451,Germany
AW-00016452,Canada
AW-00016453,Germany
AW-00016454,Germany
AW-00016455,DE
AW-00016456,Germany
AW-00016457,Germany
AW-00016458,Canada
AW-00016459,Canada
AW-00016460,United States
AW-00016461,United Kingdom
AW-00016462,United Kingdom
AW-00016463,United States
AW-00016464,DE
AW-00016465,United States
AW-00016466,Australia
AW-00016467,Australia
AW-00016468,United States
AW-00016469,USA
AW-00016470,DE
AW-00016471,Germany
AW-00016472,Canada
AW-00016473,Canada
AW-00016474,France
AW-00016475,US
AW-00016476,Germany
AW-00016477,DE
AW-00016478,United States
AW-00016479,United States
AW-00016480,Australia
AW-00016481,US
AW-00016482,Australia
AW-00016483,United Kingdom
AW-00016484,Canada
AW-00016485,United States
AW-00016486,Australia
AW-00016487,United Kingdom
AW-00016488,United States
AW-00016489,United Kingdom
AW-00016490,Australia
AW-00016491,United States
AW-00016492,Canada
AW-00016493,France
AW-00016494,Germany
AW-00016495,Canada
AW-00016496,Canada
AW-00016497,France
AW-00016498,Australia
AW-00016499,Australia
AW-00016500,United Kingdom
AW-00016501,USA
AW-00016502,United States
AW-00016503,Australia
AW-00016504,France
AW-00016505,Canada
AW-00016506,Australia
AW-00016507,Australia
AW-00016508,Canada
AW-00016509,Australia
AW-00016510,Canada
AW-00016511,United States
AW-00016512,Canada
AW-00016513,Australia
AW-00016514,United Kingdom
AW-00016515,Australia
AW-00016516,United Kingdom
AW-00016517,DE
AW-00016518,United Kingdom
AW-00016519,Canada
AW-00016520,United Kingdom
AW-00016521,Germany
AW-00016522,DE
AW-00016523,Canada
AW-00016524,USA
AW-00016525,United States
AW-00016526,
AW-00016527,Australia
AW-00016528,Australia
AW-00016529,DE
AW-00016530,United States
AW-00016531,Australia
AW-00016532,United Kingdom
AW-00016533,France
AW-00016534,Australia
AW-00016535,Australia
AW-00016536,Australia
AW-00016537,US
AW-00016538,DE
AW-00016539,Australia
AW-00016540,France
AW-00016541,Australia
AW-00016542,United States
AW-00016543,United Kingdom
AW-00016544,United States
AW-00016545,
AW-00016546,United Kingdom
AW-00016547,United Kingdom
AW-00016548,United Kingdom
AW-00016549,France
AW-00016550,Germany
AW-00016551,US
AW-00016552,United States
AW-00016553,United Kingdom
AW-00016554,France
AW-00016555,Germany
AW-00016556,Germany
AW-00016557,US
AW-00016558,United Kingdom
AW-00016559,Germany
AW-00016560,Australia
AW-00016561,Australia
AW-00016562,Australia
AW-00016563,Australia
AW-00016564,US
AW-00016565,Germany
AW-00016566,Australia
AW-00016567,France
AW-00016568,Australia
AW-00016569,United Kingdom
AW-00016570,US
AW-00016571,United Kingdom
AW-00016572,DE
AW-00016573,Canada
AW-00016574,DE
AW-00016575,US
AW-00016576,United Kingdom
AW-00016577,US
AW-00016578,Australia
AW-00016579,Germany
AW-00016580,Australia
AW-00016581,USA
AW-00016582,Australia
AW-00016583,France
AW-00016584,France
AW-00016585,Australia
AW-00016586,Germany
AW-00016587,Canada
AW-00016588,United States
AW-00016589,USA
AW-00016590,US
AW-00016591,Germany
AW-00016592,Canada
AW-00016593,Australia
AW-00016594,Australia
AW-00016595,DE
AW-00016596,United Kingdom
AW-00016597,France
AW-00016598,Canada
AW-00016599,Canada
AW-00016600,France
AW-00016601,Australia
AW-00016602,Canada
AW-00016603,USA
AW-00016604,Canada
AW-00016605,United Kingdom
AW-00016606,United Kingdom
AW-00016607,Australia
AW-00016608,United States
AW-00016609,Australia
AW-00016610,Australia
AW-00016611,United States
AW-00016612,United States
AW-00016613,Australia
AW-00016614,Canada
AW-00016615,Germany
AW-00016616,Canada
AW-00016617,Australia
AW-00016618,Canada
AW-00016619,United States
AW-00016620,France
AW-00016621,Australia
AW-00016622,US
AW-00016623,Germany
AW-00016624,United States
AW-00016625,Canada
AW-00016626,Australia
AW-00016627,Canada
AW-00016628,
AW-00016629,France
AW-00016630,Canada
AW-00016631,Australia
AW-00016632,Canada
AW-00016633,Canada
AW-00016634,
AW-00016635,US
AW-00016636,Germany
AW-00016637,United Kingdom
AW-00016638,DE
AW-00016639,DE
AW-00016640,Canada
AW-00016641,Australia
AW-00016642,Germany
AW-00016643,USA
AW-00016644,United States
AW-00016645,US
AW-00016646,France
AW-00016647,Germany
AW-00016648,US
AW-00016649,United States
AW-00016650,Canada
AW-00016651,Australia
AW-00016652,Australia
AW-00016653,Germany
AW-00016654,Canada
AW-00016655,Germany
AW-00016656,Australia
AW-00016657,Australia
AW-00016658,US
AW-00016659,United Kingdom
AW-00016660,Canada
AW-00016661,United States
AW-00016662,Germany
AW-00016663,Australia
AW-00016664,Australia
AW-00016665,Germany
AW-00016666,
AW-00016667,France
AW-00016668,United Kingdom
AW-00016669,Australia
AW-00016670,USA
AW-00016671,United Kingdom
AW-00016672,France
AW-00016673,Australia
AW-00016674,Australia
AW-00016675,Australia
AW-00016676,France
AW-00016677,Canada
AW-00016678,Germany
AW-00016679,
AW-00016680,United Kingdom
AW-00016681,Canada
AW-00016682,US
AW-00016683,United States
AW-00016684,France
AW-00016685,USA
AW-00016686,Canada
AW-00016687,US
AW-00016688,United Kingdom
AW-00016689,United States
AW-00016690,United Kingdom
AW-00016691,United States
AW-00016692,United Kingdom
AW-00016693,United Kingdom
AW-00016694,DE
AW-00016695,Germany
AW-00016696,Australia
AW-00016697,United Kingdom
AW-00016698,Australia
AW-00016699,United Kingdom
AW-00016700,United Kingdom
AW-00016701,Canada
AW-00016702,United States
AW-00016703,Australia
AW-00016704,France
AW-00016705,United States
AW-00016706,United States
AW-00016707,France
AW-00016708,Australia
AW-00016709,United Kingdom
AW-00016710,United States
AW-00016711,Canada
AW-00016712,France
AW-00016713,DE
AW-00016714,United States
AW-00016715,DE
AW-00016716,Germany
AW-00016717,Germany
AW-00016718,Australia
AW-00016719,US
AW-00016720,US
AW-00016721,Canada
AW-00016722,United Kingdom
AW-00016723,Canada
AW-00016724,USA
AW-00016725,Australia
AW-00016726,United Kingdom
AW-00016727,United States
AW-00016728,USA
AW-00016729,United States
AW-00016730,Canada
AW-00016731,United Kingdom
AW-00016732,Germany
AW-00016733,Germany
AW-00016734,United Kingdom
AW-00016735,Australia
AW-00016736,United States
AW-00016737,United States
AW-00016738,Australia
AW-00016739,USA
AW-00016740,Canada
AW-00016741,Canada
AW-00016742,Germany
AW-00016743,Australia
AW-00016744,United Kingdom
AW-00016745,United States
AW-00016746,DE
AW-00016747,Australia
AW-00016748,United States
AW-00016749,Australia
AW-00016750,Australia
AW-00016751,United Kingdom
AW-00016752,Germany
AW-00016753,USA
AW-00016754,United States
AW-00016755,United States
AW-00016756,France
AW-00016757,Australia
AW-00016758,Australia
AW-00016759,Australia
AW-00016760,France
AW-00016761,Canada
AW-00016762,United Kingdom
AW-00016763,France
AW-00016764,France
AW-00016765,Germany
AW-00016766,Australia
AW-00016767,Australia
AW-00016768,Canada
AW-00016769,Australia
AW-00016770,Australia
AW-00016771,Australia
AW-00016772,Canada
AW-00016773,Canada
AW-00016774,Canada
AW-00016775,Australia
AW-00016776,Australia
AW-00016777,United Kingdom
AW-00016778,Canada
AW-00016779,Germany
AW-00016780,United Kingdom
AW-00016781,Australia
AW-00016782,Australia
AW-00016783,Canada
AW-00016784,Australia
AW-00016785,DE
AW-00016786,DE
AW-00016787,USA
AW-00016788,Australia
AW-00016789,Australia
AW-00016790,USA
AW-00016791,
AW-00016792,Canada
AW-00016793,Germany
AW-00016794,United States
AW-00016795,USA
AW-00016796,United States
AW-00016797,France
AW-00016798,United States
AW-00016799,United States
AW-00016800,US
AW-00016801,Canada
AW-00016802,DE
AW-00016803,France
AW-00016804,United Kingdom
AW-00016805,Canada
AW-00016806,United Kingdom
AW-00016807,United Kingdom
AW-00016808,Australia
AW-00016809,France
AW-00016810,France
AW-00016811,Canada
AW-00016812,France
AW-00016813,France
AW-00016814,Canada
AW-00016815,Australia
AW-00016816,Australia
AW-00016817,Germany
AW-00016818,Germany
AW-00016819,France
AW-00016820,Australia
AW-00016821,Australia
AW-00016822,United Kingdom
AW-00016823,Canada
AW-00016824,Germany
AW-00016825,Canada
AW-00016826,Australia
AW-00016827,United States
AW-00016828,Canada
AW-00016829,United Kingdom
AW-00016830,DE
AW-00016831,France
AW-00016832,Canada
AW-00016833,United States
AW-00016834,Canada
AW-00016835,United States
AW-00016836,Australia
AW-00016837,Germany
AW-00016838,Australia
AW-00016839,Australia
AW-00016840,United States
AW-00016841,Australia
AW-00016842,Australia
AW-00016843,United States
AW-00016844,United Kingdom
AW-00016845,France
AW-00016846,Australia
AW-00016847,Germany
AW-00016848,Australia
AW-00016849,Germany
AW-00016850,Australia
AW-00016851,
AW-00016852,France
AW-00016853,US
AW-00016854,United States
AW-00016855,US
AW-00016856,United States
AW-00016857,US
AW-00016858,USA
AW-00016859,Australia
AW-00016860,Australia
AW-00016861,United States
AW-00016862,USA
AW-00016863,Australia
AW-00016864,France
AW-00016865,United Kingdom
AW-00016866,Canada
AW-00016867,Canada
AW-00016868,Canada
AW-00016869,Canada
AW-00016870,DE
AW-00016871,United States
AW-00016872,United States
AW-00016873,United Kingdom
AW-00016874,Germany
AW-00016875,Australia
AW-00016876,Germany
AW-00016877,United States
AW-00016878,Germany
AW-00016879,Australia
AW-00016880,Australia
AW-00016881,Australia
AW-00016882,United States
AW-00016883,Germany
AW-00016884,Canada
AW-00016885,France
AW-00016886,US
AW-00016887,United Kingdom
AW-00016888,France
AW-00016889,Canada
AW-00016890,
AW-00016891,Australia
AW-00016892,Canada
AW-00016893,Australia
AW-00016894,Germany
AW-00016895,Australia
AW-00016896,Australia
AW-00016897,Australia
AW-00016898,Germany
AW-00016899,United Kingdom
AW-00016900,France
AW-00016901,Canada
AW-00016902,Canada
AW-00016903,Canada
AW-00016904,DE
AW-00016905,United States
AW-00016906,
AW-00016907,Canada
AW-00016908,United States
AW-00016909,Germany
AW-00016910,Australia
AW-00016911,Australia
AW-00016912,Australia
AW-00016913,France
AW-00016914,Canada
AW-00016915,Australia
AW-00016916,Germany
AW-00016917,France
AW-00016918,USA
AW-00016919,United States
AW-00016920,Canada
AW-00016921,Canada
AW-00016922,United States
AW-00016923,United States
AW-00016924,Canada
AW-00016925,Canada
AW-00016926,Canada
AW-00016927,France
AW-00016928,USA
AW-00016929,Canada
AW-00016930,Australia
AW-00016931,France
AW-00016932,United States
AW-00016933,Germany
AW-00016934,Australia
AW-00016935,United Kingdom
AW-00016936,Australia
AW-00016937,USA
AW-00016938,Australia
AW-00016939,Australia
AW-00016940,USA
AW-00016941,United Kingdom
AW-00016942,Australia
AW-00016943,United States
AW-00016944,Canada
AW-00016945,
AW-00016946,US
AW-00016947,
AW-00016948,France
AW-00016949,US
AW-00016950,Australia
AW-00016951,Australia
AW-00016952,Canada
AW-00016953,United States
AW-00016954,United States
AW-00016955,DE
AW-00016956,Germany
AW-00016957,Australia
AW-00016958,Canada
AW-00016959,Canada
AW-00016960,US
AW-00016961,Australia
AW-00016962,France
AW-00016963,Canada
AW-00016964,Germany
AW-00016965,United States
AW-00016966,DE
AW-00016967,United Kingdom
AW-00016968,United States
AW-00016969,Australia
AW-00016970,Australia
AW-00016971,Germany
AW-00016972,United States
AW-00016973,Australia
AW-00016974,Canada
AW-00016975,Canada
AW-00016976,United States
AW-00016977,France
AW-00016978,United Kingdom
AW-00016979,Australia
AW-00016980,Germany
AW-00016981,United Kingdom
AW-00016982,US
AW-00016983,Germany
AW-00016984,
AW-00016985,United Kingdom
AW-00016986,Canada
AW-00016987,Canada
AW-00016988,Australia
AW-00016989,Germany
AW-00016990,Canada
AW-00016991,Australia
AW-00016992,United States
AW-00016993,United Kingdom
AW-00016994,USA
AW-00016995,France
AW-00016996,Germany
AW-00016997,United States
AW-00016998,Germany
AW-00016999,Australia
AW-00017000,Australia
AW-00017001,Canada
AW-00017002,Canada
AW-00017003,Canada
AW-00017004,Canada
AW-00017005,Germany
AW-00017006,Australia
AW-00017007,Australia
AW-00017008,United Kingdom
AW-00017009,Germany
AW-00017010,United Kingdom
AW-00017011,Australia
AW-00017012,United States
AW-00017013,DE
AW-00017014,USA
AW-00017015,France
AW-00017016,Canada
AW-00017017,Canada
AW-00017018,United States
AW-00017019,France
AW-00017020,US
AW-00017021,Australia
AW-00017022,United Kingdom
AW-00017023,Australia
AW-00017024,Germany
AW-00017025,Germany
AW-00017026,DE
AW-00017027,USA
AW-00017028,Canada
AW-00017029,USA
AW-00017030,
AW-00017031,USA
AW-00017032,DE
AW-00017033,Canada
AW-00017034,Australia
AW-00017035,USA
AW-00017036,Australia
AW-00017037,USA
AW-00017038,Germany
AW-00017039,Canada
AW-00017040,Canada
AW-00017041,Australia
AW-00017042,United Kingdom
AW-00017043,Australia
AW-00017044,Australia
AW-00017045,USA
AW-00017046,Germany
AW-00017047,Canada
AW-00017048,Australia
AW-00017049,USA
AW-00017050,USA
AW-00017051,United States
AW-00017052,Australia
AW-00017053,Germany
AW-00017054,France
AW-00017055,United States
AW-00017056,Australia
AW-00017057,Australia
AW-00017058,Canada
AW-00017059,Australia
AW-00017060,United States
AW-00017061,Australia
AW-00017062,Germany
AW-00017063,Canada
AW-00017064,United States
AW-00017065,Australia
AW-00017066,US
AW-00017067,Canada
AW-00017068,Australia
AW-00017069,Australia
AW-00017070,Germany
AW-00017071,United Kingdom
AW-00017072,Canada
AW-00017073,United Kingdom
AW-00017074,Australia
AW-00017075,United Kingdom
AW-00017076,Canada
AW-00017077,United Kingdom
AW-00017078,United States
AW-00017079,United States
AW-00017080,Australia
AW-00017081,Germany
AW-00017082,DE
AW-00017083,Canada
AW-00017084,Australia
AW-00017085,Canada
AW-00017086,United Kingdom
AW-00017087,Germany
AW-00017088,Canada
AW-00017089,Germany
AW-00017090,Australia
AW-00017091,France
AW-00017092,United Kingdom
AW-00017093,Canada
AW-00017094,US
AW-00017095,US
AW-00017096,United States
AW-00017097,Germany
AW-00017098,France
AW-00017099,USA
AW-00017100,
AW-00017101,Australia
AW-00017102,United Kingdom
AW-00017103,France
AW-00017104,France
AW-00017105,DE
AW-00017106,Canada
AW-00017107,Canada
AW-00017108,United Kingdom
AW-00017109,United States
AW-00017110,Australia
AW-00017111,United States
AW-00017112,United States
AW-00017113,United Kingdom
AW-00017114,France
AW-00017115,USA
AW-00017116,France
AW-00017117,Germany
AW-00017118,France
AW-00017119,United States
AW-00017120,France
AW-00017121,Australia
AW-00017122,France
AW-00017123,Australia
AW-00017124,United Kingdom
AW-00017125,US
AW-00017126,Germany
AW-00017127,Australia
AW-00017128,Germany
AW-00017129,United States
AW-00017130,United Kingdom
AW-00017131,US
AW-00017132,Australia
AW-00017133,France
AW-00017134,Australia
AW-00017135,United Kingdom
AW-00017136,Australia
AW-00017137,United Kingdom
AW-00017138,DE
AW-00017139,Canada
AW-00017140,Germany
AW-00017141,Germany
AW-00017142,DE
AW-00017143,United Kingdom
AW-00017144,Canada
AW-00017145,United States
AW-00017146,Australia
AW-00017147,US
AW-00017148,Australia
AW-00017149,DE
AW-00017150,Canada
AW-00017151,USA
AW-00017152,US
AW-00017153,France
AW-00017154,US
AW-00017155,United States
AW-00017156,Germany
AW-00017157,Germany
AW-00017158,US
AW-00017159,United Kingdom
AW-00017160,
AW-00017161,USA
AW-00017162,DE
AW-00017163,United States
AW-00017164,US
AW-00017165,Australia
AW-00017166,France
AW-00017167,United States
AW-00017168,Australia
AW-00017169,US
AW-00017170,Canada
AW-00017171,
AW-00017172,Australia
AW-00017173,Australia
AW-00017174,US
AW-00017175,Germany
AW-00017176,Australia
AW-00017177,Canada
AW-00017178,United Kingdom
AW-00017179,Canada
AW-00017180,France
AW-00017181,Germany
AW-00017182,USA
AW-00017183,Canada
AW-00017184,Australia
AW-00017185,United States
AW-00017186,United States
AW-00017187,USA
AW-00017188,Australia
AW-00017189,France
AW-00017190,Australia
AW-00017191,USA
AW-00017192,France
AW-00017193,USA
AW-00017194,Australia
AW-00017195,US
AW-00017196,Germany
AW-00017197,United States
AW-00017198,Australia
AW-00017199,Australia
AW-00017200,Australia
AW-00017201,United States
AW-00017202,Australia
AW-00017203,United Kingdom
AW-00017204,France
AW-00017205,United States
AW-00017206,France
AW-00017207,France
AW-00017208,Canada
AW-00017209,US
AW-00017210,United Kingdom
AW-00017211,United Kingdom
AW-00017212,USA
AW-00017213,Australia
AW-00017214,USA
AW-00017215,France
AW-00017216,France
AW-00017217,United States
AW-00017218,DE
AW-00017219,Canada
AW-00017220,Australia
AW-00017221,France
AW-00017222,Canada
AW-00017223,United States
AW-00017224,Australia
AW-00017225,Australia
AW-00017226,USA
AW-00017227,USA
AW-00017228,France
AW-00017229,France
AW-00017230,Australia
AW-00017231,Australia
AW-00017232,United Kingdom
AW-00017233,Australia
AW-00017234,USA
AW-00017235,France
AW-00017236,Australia
AW-00017237,Germany
AW-00017238,United Kingdom
AW-00017239,United Kingdom
AW-00017240,United Kingdom
AW-00017241,France
AW-00017242,United States
AW-00017243,Canada
AW-00017244,Australia
AW-00017245,Canada
AW-00017246,Australia
AW-00017247,United States
AW-00017248,Canada
AW-00017249,DE
AW-00017250,United Kingdom
AW-00017251,United Kingdom
AW-00017252,Australia
AW-00017253,Australia
AW-00017254,Australia
AW-00017255,Australia
AW-00017256,United Kingdom
AW-00017257,
AW-00017258,Australia
AW-00017259,Canada
AW-00017260,Germany
AW-00017261,Australia
AW-00017262,France
AW-00017263,France
AW-00017264,Germany
AW-00017265,Australia
AW-00017266,Australia
AW-00017267,United States
AW-00017268,United States
AW-00017269,DE
AW-00017270,Germany
AW-00017271,Australia
AW-00017272,United Kingdom
AW-00017273,Australia
AW-00017274,Germany
AW-00017275,Australia
AW-00017276,Australia
AW-00017277,Australia
AW-00017278,Canada
AW-00017279,US
AW-00017280,France
AW-00017281,US
AW-00017282,Australia
AW-00017283,United Kingdom
AW-00017284,Australia
AW-00017285,Canada
AW-00017286,Australia
AW-00017287,USA
AW-00017288,USA
AW-00017289,Australia
AW-00017290,France
AW-00017291,Australia
AW-00017292,Australia
AW-00017293,Australia
AW-00017294,DE
AW-00017295,Germany
AW-00017296,United Kingdom
AW-00017297,France
AW-00017298,France
AW-00017299,USA
AW-00017300,Australia
AW-00017301,United Kingdom
AW-00017302,Germany
AW-00017303,United Kingdom
AW-00017304,France
AW-00017305,United States
AW-00017306,Australia
AW-00017307,US
AW-00017308,Germany
AW-00017309,Germany
AW-00017310,Australia
AW-00017311,Germany
AW-00017312,United Kingdom
AW-00017313,USA
AW-00017314,United States
AW-00017315,United States
AW-00017316,United States
AW-00017317,Australia
AW-00017318,Germany
AW-00017319,France
AW-00017320,United Kingdom
AW-00017321,United States
AW-00017322,France
AW-00017323,DE
AW-00017324,Australia
AW-00017325,United States
AW-00017326,Germany
AW-00017327,USA
AW-00017328,France
AW-00017329,Australia
AW-00017330,United States
AW-00017331,
AW-00017332,US
AW-00017333,United States
AW-00017334,Canada
AW-00017335,Germany
AW-00017336,Germany
AW-00017337,Australia
AW-00017338,Canada
AW-00017339,United States
AW-00017340,Australia
AW-00017341,Australia
AW-00017342,United States
AW-00017343,United States
AW-00017344,United States
AW-00017345,USA
AW-00017346,Australia
AW-00017347,DE
AW-00017348,USA
AW-00017349,Germany
AW-00017350,Germany
AW-00017351,DE
AW-00017352,Australia
AW-00017353,Canada
AW-00017354,United Kingdom
AW-00017355,Canada
AW-00017356,United States
AW-00017357,United Kingdom
AW-00017358,DE
AW-00017359,Australia
AW-00017360,Australia
AW-00017361,Germany
AW-00017362,US
AW-00017363,Australia
AW-00017364,US
AW-00017365,France
AW-00017366,Australia
AW-00017367,USA
AW-00017368,United Kingdom
AW-00017369,Australia
AW-00017370,Germany
AW-00017371,United Kingdom
AW-00017372,Canada
AW-00017373,Canada
AW-00017374,Germany
AW-00017375,DE
AW-00017376,Australia
AW-00017377,United States
AW-00017378,France
AW-00017379,United Kingdom
AW-00017380,Australia
AW-00017381,United States
AW-00017382,Australia
AW-00017383,Canada
AW-00017384,US
AW-00017385,United Kingdom
AW-00017386,United States
AW-00017387,United States
AW-00017388,Canada
AW-00017389,Germany
AW-00017390,USA
AW-00017391,France
AW-00017392,DE
AW-00017393,USA
AW-00017394,Australia
AW-00017395,United States
AW-00017396,Canada
AW-00017397,Australia
AW-00017398,USA
AW-00017399,Canada
AW-00017400,DE
AW-00017401,Australia
AW-00017402,United States
AW-00017403,Germany
AW-00017404,United States
AW-00017405,Germany
AW-00017406,Germany
AW-00017407,United States
AW-00017408,US
AW-00017409,United Kingdom
AW-00017410,
AW-00017411,Australia
AW-00017412,United States
AW-00017413,France
AW-00017414,United Kingdom
AW-00017415,United States
AW-00017416,Australia
AW-00017417,Canada
AW-00017418,DE
AW-00017419,USA
AW-00017420,Australia
AW-00017421,Canada
AW-00017422,Germany
AW-00017423,Canada
AW-00017424,USA
AW-00017425,US
AW-00017426,United States
AW-00017427,US
AW-00017428,Australia
AW-00017429,Australia
AW-00017430,Australia
AW-00017431,United Kingdom
AW-00017432,United Kingdom
AW-00017433,Canada
AW-00017434,Australia
AW-00017435,Australia
AW-00017436,Germany
AW-00017437,France
AW-00017438,US
AW-00017439,Canada
AW-00017440,United Kingdom
AW-00017441,United States
AW-00017442,USA
AW-00017443,United States
AW-00017444,Germany
AW-00017445,Canada
AW-00017446,Canada
AW-00017447,Australia
AW-00017448,United Kingdom
AW-00017449,Australia
AW-00017450,Canada
AW-00017451,Germany
AW-00017452,Australia
AW-00017453,United Kingdom
AW-00017454,US
AW-00017455,Australia
AW-00017456,United States
AW-00017457,DE
AW-00017458,United States
AW-00017459,United Kingdom
AW-00017460,Australia
AW-00017461,Canada
AW-00017462,Germany
AW-00017463,United States
AW-00017464,US
AW-00017465,Australia
AW-00017466,Australia
AW-00017467,Australia
AW-00017468,France
AW-00017469,Australia
AW-00017470,France
AW-00017471,Australia
AW-00017472,USA
AW-00017473,Australia
AW-00017474,United Kingdom
AW-00017475,United States
AW-00017476,United States
AW-00017477,United Kingdom
AW-00017478,DE
AW-00017479,United Kingdom
AW-00017480,US
AW-00017481,US
AW-00017482,Australia
AW-00017483,Australia
AW-00017484,US
AW-00017485,United States
AW-00017486,France
AW-00017487,Australia
AW-00017488,Canada
AW-00017489,DE
AW-00017490,France
AW-00017491,Germany
AW-00017492,Australia
AW-00017493,United Kingdom
AW-00017494,US
AW-00017495,Germany
AW-00017496,Canada
AW-00017497,Australia
AW-00017498,United Kingdom
AW-00017499,Canada
AW-00017500,Australia
AW-00017501,United Kingdom
AW-00017502,
AW-00017503,United States
AW-00017504,USA
AW-00017505,Germany
AW-00017506,United Kingdom
AW-00017507,
AW-00017508,Australia
AW-00017509,United Kingdom
AW-00017510,United States
AW-00017511,France
AW-00017512,US
AW-00017513,Canada
AW-00017514,Canada
AW-00017515,Canada
AW-00017516,United Kingdom
AW-00017517,France
AW-00017518,Canada
AW-00017519,Australia
AW-00017520,
AW-00017521,France
AW-00017522,United Kingdom
AW-00017523,USA
AW-00017524,United Kingdom
AW-00017525,United States
AW-00017526,Germany
AW-00017527,United Kingdom
AW-00017528,Canada
AW-00017529,Australia
AW-00017530,Australia
AW-00017531,Canada
AW-00017532,Australia
AW-00017533,Australia
AW-00017534,Germany
AW-00017535,France
AW-00017536,United Kingdom
AW-00017537,Canada
AW-00017538,United Kingdom
AW-00017539,Australia
AW-00017540,United Kingdom
AW-00017541,Australia
AW-00017542,France
AW-00017543,United Kingdom
AW-00017544,USA
AW-00017545,United Kingdom
AW-00017546,France
AW-00017547,United Kingdom
AW-00017548,Canada
AW-00017549,Germany
AW-00017550,France
AW-00017551,Canada
AW-00017552,United Kingdom
AW-00017553,Canada
AW-00017554,Australia
AW-00017555,Australia
AW-00017556,United States
AW-00017557,United States
AW-00017558,Canada
AW-00017559,DE
AW-00017560,Australia
AW-00017561,France
AW-00017562,United States
AW-00017563,United Kingdom
AW-00017564,Germany
AW-00017565,US
AW-00017566,United Kingdom
AW-00017567,Canada
AW-00017568,Australia
AW-00017569,France
AW-00017570,United Kingdom
AW-00017571,United States
AW-00017572,France
AW-00017573,US
AW-00017574,United States
AW-00017575,Australia
AW-00017576,DE
AW-00017577,France
AW-00017578,France
AW-00017579,USA
AW-00017580,USA
AW-00017581,Australia
AW-00017582,Canada
AW-00017583,Australia
AW-00017584,United Kingdom
AW-00017585,Australia
AW-00017586,Australia
AW-00017587,Canada
AW-00017588,DE
AW-00017589,Australia
AW-00017590,US
AW-00017591,United States
AW-00017592,Germany
AW-00017593,Germany
AW-00017594,United States
AW-00017595,Germany
AW-00017596,United Kingdom
AW-00017597,USA
AW-00017598,Canada
AW-00017599,Australia
AW-00017600,US
AW-00017601,Germany
AW-00017602,
AW-00017603,Canada
AW-00017604,Germany
AW-00017605,France
AW-00017606,United Kingdom
AW-00017607,France
AW-00017608,Australia
AW-00017609,Australia
AW-00017610,United States
AW-00017611,Australia
AW-00017612,United Kingdom
AW-00017613,Canada
AW-00017614,United States
AW-00017615,United Kingdom
AW-00017616,
AW-00017617,USA
AW-00017618,United Kingdom
AW-00017619,United Kingdom
AW-00017620,Canada
AW-00017621,Canada
AW-00017622,Germany
AW-00017623,DE
AW-00017624,
AW-00017625,Australia
AW-00017626,US
AW-00017627,Canada
AW-00017628,United Kingdom
AW-00017629,United Kingdom
AW-00017630,Canada
AW-00017631,United Kingdom
AW-00017632,United States
AW-00017633,Germany
AW-00017634,Australia
AW-00017635,United Kingdom
AW-00017636,Australia
AW-00017637,Canada
AW-00017638,Germany
AW-00017639,United States
AW-00017640,France
AW-00017641,Germany
AW-00017642,United Kingdom
AW-00017643,Germany
AW-00017644,Germany
AW-00017645,France
AW-00017646,
AW-00017647,Canada
AW-00017648,US
AW-00017649,Australia
AW-00017650,United Kingdom
AW-00017651,DE
AW-00017652,DE
AW-00017653,Australia
AW-00017654,France
AW-00017655,US
AW-00017656,United States
AW-00017657,France
AW-00017658,Australia
AW-00017659,Australia
AW-00017660,Canada
AW-00017661,United Kingdom
AW-00017662,USA
AW-00017663,USA
AW-00017664,Australia
AW-00017665,Canada
AW-00017666,Australia
AW-00017667,Canada
AW-00017668,France
AW-00017669,Germany
AW-00017670,Australia
AW-00017671,USA
AW-00017672,United States
AW-00017673,
AW-00017674,France
AW-00017675,Canada
AW-00017676,United Kingdom
AW-00017677,France
AW-00017678,USA
AW-00017679,DE
AW-00017680,Canada
AW-00017681,Australia
AW-00017682,Canada
AW-00017683,Australia
AW-00017684,DE
AW-00017685,Canada
AW-00017686,United Kingdom
AW-00017687,Canada
AW-00017688,United Kingdom
AW-00017689,Australia
AW-00017690,France
AW-00017691,Germany
AW-00017692,US
AW-00017693,France
AW-00017694,United Kingdom
AW-00017695,Australia
AW-00017696,Germany
AW-00017697,
AW-00017698,USA
AW-00017699,France
AW-00017700,Australia
AW-00017701,Germany
AW-00017702,Germany
AW-00017703,United States
AW-00017704,Australia
AW-00017705,Germany
AW-00017706,USA
AW-00017707,Germany
AW-00017708,Australia
AW-00017709,Germany
AW-00017710,United States
AW-00017711,France
AW-00017712,USA
AW-00017713,Australia
AW-00017714,Canada
AW-00017715,Australia
AW-00017716,Germany
AW-00017717,Germany
AW-00017718,Canada
AW-00017719,Germany
AW-00017720,
AW-00017721,USA
AW-00017722,Australia
AW-00017723,Australia
AW-00017724,Australia
AW-00017725,Australia
AW-00017726,US
AW-00017727,Australia
AW-00017728,Australia
AW-00017729,Germany
AW-00017730,France
AW-00017731,Australia
AW-00017732,Australia
AW-00017733,Canada
AW-00017734,United States
AW-00017735,France
AW-00017736,United States
AW-00017737,DE
AW-00017738,DE
AW-00017739,
AW-00017740,Australia
AW-00017741,Australia
AW-00017742,Australia
AW-00017743,Australia
AW-00017744,
AW-00017745,Australia
AW-00017746,US
AW-00017747,United States
AW-00017748,United Kingdom
AW-00017749,Germany
AW-00017750,Australia
AW-00017751,Germany
AW-00017752,Canada
AW-00017753,Germany
AW-00017754,
AW-00017755,Australia
AW-00017756,United States
AW-00017757,United Kingdom
AW-00017758,Australia
AW-00017759,Canada
AW-00017760,US
AW-00017761,USA
AW-00017762,United States
AW-00017763,Germany
AW-00017764,United States
AW-00017765,United Kingdom
AW-00017766,Australia
AW-00017767,Australia
AW-00017768,United States
AW-00017769,USA
AW-00017770,Australia
AW-00017771,Germany
AW-00017772,United States
AW-00017773,US
AW-00017774,Canada
AW-00017775,US
AW-00017776,Australia
AW-00017777,Germany
AW-00017778,Germany
AW-00017779,Australia
AW-00017780,United States
AW-00017781,United Kingdom
AW-00017782,United Kingdom
AW-00017783,Germany
AW-00017784,United Kingdom
AW-00017785,USA
AW-00017786,United Kingdom
AW-00017787,Canada
AW-00017788,US
AW-00017789,France
AW-00017790,USA
AW-00017791,Australia
AW-00017792,Australia
AW-00017793,United Kingdom
AW-00017794,Australia
AW-00017795,France
AW-00017796,
AW-00017797,Canada
AW-00017798,United Kingdom
AW-00017799,Canada
AW-00017800,Germany
AW-00017801,United Kingdom
AW-00017802,Canada
AW-00017803,Australia
AW-00017804,US
AW-00017805,US
AW-00017806,US
AW-00017807,United States
AW-00017808,United Kingdom
AW-00017809,Australia
AW-00017810,United States
AW-00017811,France
AW-00017812,United Kingdom
AW-00017813,Canada
AW-00017814,
AW-00017815,United States
AW-00017816,US
AW-00017817,Australia
AW-00017818,France
AW-00017819,United States
AW-00017820,US
AW-00017821,United Kingdom
AW-00017822,USA
AW-00017823,Canada
AW-00017824,US
AW-00017825,United States
AW-00017826,United Kingdom
AW-00017827,United Kingdom
AW-00017828,Australia
AW-00017829,United Kingdom
AW-00017830,Australia
AW-00017831,DE
AW-00017832,United Kingdom
AW-00017833,United States
AW-00017834,Canada
AW-00017835,United Kingdom
AW-00017836,France
AW-00017837,Canada
AW-00017838,Australia
AW-00017839,United Kingdom
AW-00017840,United States
AW-00017841,Australia
AW-00017842,United Kingdom
AW-00017843,United States
AW-00017844,United States
AW-00017845,United States
AW-00017846,US
AW-00017847,Canada
AW-00017848,United States
AW-00017849,Canada
AW-00017850,USA
AW-00017851,Germany
AW-00017852,United States
AW-00017853,USA
AW-00017854,Australia
AW-00017855,Australia
AW-00017856,United Kingdom
AW-00017857,United Kingdom
AW-00017858,US
AW-00017859,Australia
AW-00017860,
AW-00017861,DE
AW-00017862,United States
AW-00017863,Australia
AW-00017864,USA
AW-00017865,DE
AW-00017866,United Kingdom
AW-00017867,United Kingdom
AW-00017868,US
AW-00017869,Australia
AW-00017870,Canada
AW-00017871,United Kingdom
AW-00017872,France
AW-00017873,Canada
AW-00017874,France
AW-00017875,Australia
AW-00017876,US
AW-00017877,
AW-00017878,Australia
AW-00017879,Australia
AW-00017880,Australia
AW-00017881,France
AW-00017882,Australia
AW-00017883,USA
AW-00017884,Australia
AW-00017885,United States
AW-00017886,Australia
AW-00017887,Australia
AW-00017888,Australia
AW-00017889,Australia
AW-00017890,United Kingdom
AW-00017891,Australia
AW-00017892,France
AW-00017893,United Kingdom
AW-00017894,Canada
AW-00017895,Australia
AW-00017896,Canada
AW-00017897,DE
AW-00017898,Canada
AW-00017899,
AW-00017900,Germany
AW-00017901,DE
AW-00017902,Australia
AW-00017903,United Kingdom
AW-00017904,DE
AW-00017905,DE
AW-00017906,US
AW-00017907,Australia
AW-00017908,United States
AW-00017909,France
AW-00017910,Australia
AW-00017911,France
AW-00017912,France
AW-00017913,France
AW-00017914,Germany
AW-00017915,Australia
AW-00017916,US
AW-00017917,Canada
AW-00017918,Australia
AW-00017919,Canada
AW-00017920,United Kingdom
AW-00017921,Germany
AW-00017922,USA
AW-00017923,Germany
AW-00017924,US
AW-00017925,Australia
AW-00017926,United States
AW-00017927,Australia
AW-00017928,United Kingdom
AW-00017929,US
AW-00017930,Australia
AW-00017931,United Kingdom
AW-00017932,USA
AW-00017933,US
AW-00017934,Canada
AW-00017935,Germany
AW-00017936,Australia
AW-00017937,DE
AW-00017938,DE
AW-00017939,Australia
AW-00017940,Germany
AW-00017941,United States
AW-00017942,United States
AW-00017943,Australia
AW-00017944,France
AW-00017945,France
AW-00017946,Germany
AW-00017947,
AW-00017948,United States
AW-00017949,United States
AW-00017950,United States
AW-00017951,Australia
AW-00017952,Canada
AW-00017953,Australia
AW-00017954,United States
AW-00017955,US
AW-00017956,Germany
AW-00017957,United Kingdom
AW-00017958,US
AW-00017959,United Kingdom
AW-00017960,Germany
AW-00017961,United States
AW-00017962,United Kingdom
AW-00017963,Canada
AW-00017964,Canada
AW-00017965,Australia
AW-00017966,France
AW-00017967,Australia
AW-00017968,United Kingdom
AW-00017969,Canada
AW-00017970,DE
AW-00017971,Canada
AW-00017972,United Kingdom
AW-00017973,Australia
AW-00017974,United Kingdom
AW-00017975,DE
AW-00017976,United States
AW-00017977,Australia
AW-00017978,United Kingdom
AW-00017979,Germany
AW-00017980,France
AW-00017981,France
AW-00017982,USA
AW-00017983,Germany
AW-00017984,DE
AW-00017985,USA
AW-00017986,United Kingdom
AW-00017987,Germany
AW-00017988,DE
AW-00017989,Canada
AW-00017990,Australia
AW-00017991,Canada
AW-00017992,Germany
AW-00017993,United States
AW-00017994,United Kingdom
AW-00017995,Canada
AW-00017996,United Kingdom
AW-00017997,Australia
AW-00017998,Australia
AW-00017999,United Kingdom
AW-00018000,USA
AW-00018001,Australia
AW-00018002,Australia
AW-00018003,Australia
AW-00018004,United States
AW-00018005,Germany
AW-00018006,Canada
AW-00018007,Australia
AW-00018008,Canada
AW-00018009,Australia
AW-00018010,Canada
AW-00018011,United Kingdom
AW-00018012,Australia
AW-00018013,DE
AW-00018014,Australia
AW-00018015,US
AW-00018016,USA
AW-00018017,United States
AW-00018018,Australia
AW-00018019,Canada
AW-00018020,Australia
AW-00018021,USA
AW-00018022,Australia
AW-00018023,USA
AW-00018024,Australia
AW-00018025,USA
AW-00018026,USA
AW-00018027,Australia
AW-00018028,United Kingdom
AW-00018029,Australia
AW-00018030,Australia
AW-00018031,Australia
AW-00018032,Australia
AW-00018033,Canada
AW-00018034,USA
AW-00018035,Australia
AW-00018036,DE
AW-00018037,Germany
AW-00018038,Canada
AW-00018039,Canada
AW-00018040,France
AW-00018041,US
AW-00018042,Australia
AW-00018043,France
AW-00018044,Australia
AW-00018045,Australia
AW-00018046,Australia
AW-00018047,France
AW-00018048,Australia
AW-00018049,United Kingdom
AW-00018050,USA
AW-00018051,Australia
AW-00018052,US
AW-00018053,Australia
AW-00018054,Germany
AW-00018055,United States
AW-00018056,United States
AW-00018057,Australia
AW-00018058,France
AW-00018059,Canada
AW-00018060,Germany
AW-00018061,USA
AW-00018062,Australia
AW-00018063,United States
AW-00018064,Canada
AW-00018065,Germany
AW-00018066,United States
AW-00018067,Germany
AW-00018068,United Kingdom
AW-00018069,United States
AW-00018070,Australia
AW-00018071,Germany
AW-00018072,France
AW-00018073,
AW-00018074,DE
AW-00018075,United Kingdom
AW-00018076,Australia
AW-00018077,Germany
AW-00018078,Australia
AW-00018079,Germany
AW-00018080,United States
AW-00018081,DE
AW-00018082,Australia
AW-00018083,USA
AW-00018084,United Kingdom
AW-00018085,United States
AW-00018086,Australia
AW-00018087,Australia
AW-00018088,United Kingdom
AW-00018089,USA
AW-00018090,United States
AW-00018091,Germany
AW-00018092,United Kingdom
AW-00018093,Germany
AW-00018094,United States
AW-00018095,Australia
AW-00018096,Australia
AW-00018097,USA
AW-00018098,United Kingdom
AW-00018099,Canada
AW-00018100,Australia
AW-00018101,United States
AW-00018102,Australia
AW-00018103,Germany
AW-00018104,United Kingdom
AW-00018105,United States
AW-00018106,Australia
AW-00018107,Australia
AW-00018108,USA
AW-00018109,Canada
AW-00018110,US
AW-00018111,France
AW-00018112,US
AW-00018113,
AW-00018114,France
AW-00018115,Germany
AW-00018116,Australia
AW-00018117,United States
AW-00018118,United Kingdom
AW-00018119,DE
AW-00018120,US
AW-00018121,United States
AW-00018122,United Kingdom
AW-00018123,Australia
AW-00018124,United States
AW-00018125,United Kingdom
AW-00018126,Canada
AW-00018127,Australia
AW-00018128,Germany
AW-00018129,
AW-00018130,Australia
AW-00018131,United Kingdom
AW-00018132,USA
AW-00018133,US
AW-00018134,United States
AW-00018135,Australia
AW-00018136,Canada
AW-00018137,Australia
AW-00018138,United States
AW-00018139,
AW-00018140,Australia
AW-00018141,Canada
AW-00018142,United States
AW-00018143,United Kingdom
AW-00018144,United Kingdom
AW-00018145,United Kingdom
AW-00018146,United States
AW-00018147,Canada
AW-00018148,US
AW-00018149,US
AW-00018150,United States
AW-00018151,United States
AW-00018152,Australia
AW-00018153,DE
AW-00018154,Canada
AW-00018155,DE
AW-00018156,Australia
AW-00018157,Germany
AW-00018158,Australia
AW-00018159,Canada
AW-00018160,Australia
AW-00018161,Australia
AW-00018162,France
AW-00018163,Canada
AW-00018164,France
AW-00018165,Australia
AW-00018166,France
AW-00018167,United Kingdom
AW-00018168,United States
AW-00018169,Australia
AW-00018170,France
AW-00018171,US
AW-00018172,United Kingdom
AW-00018173,Australia
AW-00018174,Canada
AW-00018175,United Kingdom
AW-00018176,Australia
AW-00018177,
AW-00018178,United Kingdom
AW-00018179,USA
AW-00018180,Canada
AW-00018181,Germany
AW-00018182,Canada
AW-00018183,US
AW-00018184,USA
AW-00018185,US
AW-00018186,Australia
AW-00018187,France
AW-00018188,Australia
AW-00018189,United States
AW-00018190,United Kingdom
AW-00018191,USA
AW-00018192,Australia
AW-00018193,Australia
AW-00018194,US
AW-00018195,Canada
AW-00018196,Germany
AW-00018197,Australia
AW-00018198,United Kingdom
AW-00018199,Canada
AW-00018200,US
AW-00018201,US
AW-00018202,Australia
AW-00018203,Australia
AW-00018204,Australia
AW-00018205,United Kingdom
AW-00018206,Australia
AW-00018207,USA
AW-00018208,Germany
AW-00018209,France
AW-00018210,Australia
AW-00018211,Germany
AW-00018212,Germany
AW-00018213,France
AW-00018214,Canada
AW-00018215,US
AW-00018216,United Kingdom
AW-00018217,Australia
AW-00018218,United Kingdom
AW-00018219,
AW-00018220,United States
AW-00018221,United Kingdom
AW-00018222,Canada
AW-00018223,Australia
AW-00018224,United Kingdom
AW-00018225,United States
AW-00018226,United Kingdom
AW-00018227,US
AW-00018228,United States
AW-00018229,Canada
AW-00018230,Germany
AW-00018231,
AW-00018232,United States
AW-00018233,Australia
AW-00018234,United Kingdom
AW-00018235,Australia
AW-00018236,DE
AW-00018237,Germany
AW-00018238,Australia
AW-00018239,Germany
AW-00018240,Australia
AW-00018241,Australia
AW-00018242,US
AW-00018243,Australia
AW-00018244,Australia
AW-00018245,DE
AW-00018246,United Kingdom
AW-00018247,USA
AW-00018248,Canada
AW-00018249,United Kingdom
AW-00018250,Australia
AW-00018251,USA
AW-00018252,
AW-00018253,Australia
AW-00018254,United Kingdom
AW-00018255,United States
AW-00018256,Germany
AW-00018257,France
AW-00018258,United States
AW-00018259,United States
AW-00018260,Germany
AW-00018261,
AW-00018262,United Kingdom
AW-00018263,USA
AW-00018264,United States
AW-00018265,US
AW-00018266,United Kingdom
AW-00018267,United States
AW-00018268,United States
AW-00018269,United States
AW-00018270,Australia
AW-00018271,United Kingdom
AW-00018272,France
AW-00018273,Germany
AW-00018274,Australia
AW-00018275,Australia
AW-00018276,Germany
AW-00018277,US
AW-00018278,US
AW-00018279,US
AW-00018280,Canada
AW-00018281,Canada
AW-00018282,United States
AW-00018283,USA
AW-00018284,Australia
AW-00018285,USA
AW-00018286,Australia
AW-00018287,France
AW-00018288,US
AW-00018289,DE
AW-00018290,USA
AW-00018291,Germany
AW-00018292,Australia
AW-00018293,Australia
AW-00018294,USA
AW-00018295,United States
AW-00018296,USA
AW-00018297,Germany
AW-00018298,Australia
AW-00018299,
AW-00018300,United Kingdom
AW-00018301,Australia
AW-00018302,Australia
AW-00018303,US
AW-00018304,Germany
AW-00018305,Australia
AW-00018306,Australia
AW-00018307,United States
AW-00018308,France
AW-00018309,US
AW-00018310,Australia
AW-00018311,Canada
AW-00018312,France
AW-00018313,Australia
AW-00018314,USA
AW-00018315,Australia
AW-00018316,Canada
AW-00018317,DE
AW-00018318,United States
AW-00018319,United States
AW-00018320,Australia
AW-00018321,Australia
AW-00018322,Australia
AW-00018323,DE
AW-00018324,Canada
AW-00018325,United Kingdom
AW-00018326,
AW-00018327,United States
AW-00018328,France
AW-00018329,Australia
AW-00018330,Germany
AW-00018331,Germany
AW-00018332,United States
AW-00018333,Canada
AW-00018334,USA
AW-00018335,Germany
AW-00018336,United Kingdom
AW-00018337,Australia
AW-00018338,US
AW-00018339,
AW-00018340,Germany
AW-00018341,Canada
AW-00018342,Canada
AW-00018343,DE
AW-00018344,United Kingdom
AW-00018345,United States
AW-00018346,DE
AW-00018347,Canada
AW-00018348,USA
AW-00018349,United Kingdom
AW-00018350,Canada
AW-00018351,Australia
AW-00018352,Germany
AW-00018353,Canada
AW-00018354,United States
AW-00018355,Germany
AW-00018356,United Kingdom
AW-00018357,France
AW-00018358,US
AW-00018359,France
AW-00018360,Australia
AW-00018361,Canada
AW-00018362,Germany
AW-00018363,Australia
AW-00018364,USA
AW-00018365,US
AW-00018366,France
AW-00018367,Australia
AW-00018368,Australia
AW-00018369,US
AW-00018370,Australia
AW-00018371,Australia
AW-00018372,France
AW-00018373,USA
AW-00018374,Australia
AW-00018375,Germany
AW-00018376,Australia
AW-00018377,USA
AW-00018378,DE
AW-00018379,Australia
AW-00018380,Australia
AW-00018381,Australia
AW-00018382,Australia
AW-00018383,USA
AW-00018384,Australia
AW-00018385,United States
AW-00018386,United Kingdom
AW-00018387,DE
AW-00018388,Canada
AW-00018389,France
AW-00018390,Australia
AW-00018391,DE
AW-00018392,United States
AW-00018393,Australia
AW-00018394,Australia
AW-00018395,Australia
AW-00018396,Canada
AW-00018397,Germany
AW-00018398,United States
AW-00018399,United States
AW-00018400,United States
AW-00018401,Australia
AW-00018402,France
AW-00018403,
AW-00018404,Australia
AW-00018405,DE
AW-00018406,Australia
AW-00018407,United States
AW-00018408,United Kingdom
AW-00018409,United Kingdom
AW-00018410,Canada
AW-00018411,United Kingdom
AW-00018412,Germany
AW-00018413,Canada
AW-00018414,United States
AW-00018415,Germany
AW-00018416,France
AW-00018417,US
AW-00018418,Germany
AW-00018419,Australia
AW-00018420,United States
AW-00018421,France
AW-00018422,Australia
AW-00018423,United Kingdom
AW-00018424,Germany
AW-00018425,
AW-00018426,France
AW-00018427,United Kingdom
AW-00018428,United States
AW-00018429,USA
AW-00018430,US
AW-00018431,DE
AW-00018432,France
AW-00018433,Canada
AW-00018434,Australia
AW-00018435,USA
AW-00018436,United Kingdom
AW-00018437,Canada
AW-00018438,Australia
AW-00018439,Canada
AW-00018440,Australia
AW-00018441,USA
AW-00018442,Australia
AW-00018443,France
AW-00018444,DE
AW-00018445,Australia
AW-00018446,Canada
AW-00018447,United Kingdom
AW-00018448,Australia
AW-00018449,France
AW-00018450,France
AW-00018451,Australia
AW-00018452,Australia
AW-00018453,United Kingdom
AW-00018454,United Kingdom
AW-00018455,Germany
AW-00018456,USA
AW-00018457,Australia
AW-00018458,United Kingdom
AW-00018459,DE
AW-00018460,Australia
AW-00018461,Canada
AW-00018462,DE
AW-00018463,United Kingdom
AW-00018464,Australia
AW-00018465,Canada
AW-00018466,Australia
AW-00018467,United Kingdom
AW-00018468,Australia
AW-00018469,Germany
AW-00018470,France
AW-00018471,Australia
AW-00018472,US
AW-00018473,USA
AW-00018474,France
AW-00018475,Canada
AW-00018476,US
AW-00018477,Australia
AW-00018478,Australia
AW-00018479,United Kingdom
AW-00018480,Australia
AW-00018481,Canada
AW-00018482,United Kingdom
AW-00018483,USA
AW-00018484,United States
AW-00018485,Australia
AW-00018486,Germany
AW-00018487,France
AW-00018488,Australia
AW-00018489,United States
AW-00018490,United States
AW-00018491,United Kingdom
AW-00018492,United Kingdom
AW-00018493,Germany
AW-00018494,United Kingdom
AW-00018495,US
AW-00018496,France
AW-00018497,USA
AW-00018498,Germany
AW-00018499,USA
AW-00018500,USA
AW-00018501,Germany
AW-00018502,Australia
AW-00018503,DE
AW-00018504,United States
AW-00018505,USA
AW-00018506,Canada
AW-00018507,Germany
AW-00018508,Australia
AW-00018509,Australia
AW-00018510,United Kingdom
AW-00018511,United Kingdom
AW-00018512,Australia
AW-00018513,Australia
AW-00018514,United Kingdom
AW-00018515,United States
AW-00018516,United States
AW-00018517,DE
AW-00018518,United Kingdom
AW-00018519,Australia
AW-00018520,Germany
AW-00018521,United Kingdom
AW-00018522,Australia
AW-00018523,Germany
AW-00018524,Australia
AW-00018525,USA
AW-00018526,DE
AW-00018527,Germany
AW-00018528,Australia
AW-00018529,United States
AW-00018530,Canada
AW-00018531,United States
AW-00018532,Australia
AW-00018533,Canada
AW-00018534,USA
AW-00018535,United Kingdom
AW-00018536,United Kingdom
AW-00018537,United States
AW-00018538,USA
AW-00018539,United States
AW-00018540,US
AW-00018541,USA
AW-00018542,Canada
AW-00018543,France
AW-00018544,United States
AW-00018545,Australia
AW-00018546,United Kingdom
AW-00018547,Canada
AW-00018548,Germany
AW-00018549,
AW-00018550,Australia
AW-00018551,France
AW-00018552,USA
AW-00018553,DE
AW-00018554,Australia
AW-00018555,Australia
AW-00018556,Australia
AW-00018557,United States
AW-00018558,DE
AW-00018559,US
AW-00018560,United States
AW-00018561,US
AW-00018562,United Kingdom
AW-00018563,United States
AW-00018564,United Kingdom
AW-00018565,Australia
AW-00018566,Germany
AW-00018567,USA
AW-00018568,Canada
AW-00018569,United Kingdom
AW-00018570,United Kingdom
AW-00018571,Australia
AW-00018572,United Kingdom
AW-00018573,United States
AW-00018574,Canada
AW-00018575,United States
AW-00018576,Australia
AW-00018577,Canada
AW-00018578,Canada
AW-00018579,United States
AW-00018580,France
AW-00018581,United States
AW-00018582,Canada
AW-00018583,Australia
AW-00018584,United States
AW-00018585,Canada
AW-00018586,France
AW-00018587,USA
AW-00018588,Australia
AW-00018589,United Kingdom
AW-00018590,Canada
AW-00018591,US
AW-00018592,Australia
AW-00018593,Canada
AW-00018594,Australia
AW-00018595,United Kingdom
AW-00018596,Australia
AW-00018597,Australia
AW-00018598,France
AW-00018599,Canada
AW-00018600,Australia
AW-00018601,US
AW-00018602,United Kingdom
AW-00018603,Australia
AW-00018604,Canada
AW-00018605,Australia
AW-00018606,United States
AW-00018607,DE
AW-00018608,United Kingdom
AW-00018609,Canada
AW-00018610,Germany
AW-00018611,USA
AW-00018612,United Kingdom
AW-00018613,United States
AW-00018614,France
AW-00018615,DE
AW-00018616,Canada
AW-00018617,United States
AW-00018618,US
AW-00018619,USA
AW-00018620,United States
AW-00018621,France
AW-00018622,United Kingdom
AW-00018623,Australia
AW-00018624,France
AW-00018625,Australia
AW-00018626,United States
AW-00018627,Canada
AW-00018628,Australia
AW-00018629,Australia
AW-00018630,Germany
AW-00018631,Australia
AW-00018632,United States
AW-00018633,Australia
AW-00018634,Australia
AW-00018635,Australia
AW-00018636,Australia
AW-00018637,USA
AW-00018638,Australia
AW-00018639,US
AW-00018640,Australia
AW-00018641,Canada
AW-00018642,USA
AW-00018643,Australia
AW-00018644,Canada
AW-00018645,France
AW-00018646,
AW-00018647,USA
AW-00018648,France
AW-00018649,United Kingdom
AW-00018650,United States
AW-00018651,US
AW-00018652,France
AW-00018653,Australia
AW-00018654,United Kingdom
AW-00018655,United Kingdom
AW-00018656,Canada
AW-00018657,Germany
AW-00018658,France
AW-00018659,United Kingdom
AW-00018660,Australia
AW-00018661,Germany
AW-00018662,Germany
AW-00018663,Canada
AW-00018664,Australia
AW-00018665,Germany
AW-00018666,United Kingdom
AW-00018667,Canada
AW-00018668,Canada
AW-00018669,US
AW-00018670,United Kingdom
AW-00018671,United States
AW-00018672,USA
AW-00018673,United Kingdom
AW-00018674,Australia
AW-00018675,Australia
AW-00018676,USA
AW-00018677,United Kingdom
AW-00018678,Germany
AW-00018679,USA
AW-00018680,Germany
AW-00018681,United States
AW-00018682,France
AW-00018683,Canada
AW-00018684,Australia
AW-00018685,Australia
AW-00018686,DE
AW-00018687,France
AW-00018688,Germany
AW-00018689,Australia
AW-00018690,Australia
AW-00018691,DE
AW-00018692,United States
AW-00018693,Australia
AW-00018694,Canada
AW-00018695,DE
AW-00018696,United States
AW-00018697,Germany
AW-00018698,Germany
AW-00018699,United Kingdom
AW-00018700,DE
AW-00018701,
AW-00018702,Australia
AW-00018703,Canada
AW-00018704,United States
AW-00018705,DE
AW-00018706,Australia
AW-00018707,Canada
AW-00018708,Germany
AW-00018709,Canada
AW-00018710,United Kingdom
AW-00018711,United Kingdom
AW-00018712,US
AW-00018713,Germany
AW-00018714,United Kingdom
AW-00018715,United Kingdom
AW-00018716,DE
AW-00018717,United States
AW-00018718,Australia
AW-00018719,United States
AW-00018720,United Kingdom
AW-00018721,Australia
AW-00018722,Australia
AW-00018723,DE
AW-00018724,Australia
AW-00018725,United Kingdom
AW-00018726,Germany
AW-00018727,France
AW-00018728,Canada
AW-00018729,United States
AW-00018730,United Kingdom
AW-00018731,Australia
AW-00018732,United Kingdom
AW-00018733,Germany
AW-00018734,Germany
AW-00018735,United States
AW-00018736,Germany
AW-00018737,USA
AW-00018738,Australia
AW-00018739,United Kingdom
AW-00018740,Canada
AW-00018741,Canada
AW-00018742,United States
AW-00018743,Australia
AW-00018744,United Kingdom
AW-00018745,United States
AW-00018746,Australia
AW-00018747,Australia
AW-00018748,United States
AW-00018749,Germany
AW-00018750,Canada
AW-00018751,Australia
AW-00018752,USA
AW-00018753,United Kingdom
AW-00018754,US
AW-00018755,Australia
AW-00018756,United States
AW-00018757,United States
AW-00018758,Australia
AW-00018759,DE
AW-00018760,Australia
AW-00018761,USA
AW-00018762,Germany
AW-00018763,United Kingdom
AW-00018764,DE
AW-00018765,United States
AW-00018766,Australia
AW-00018767,
AW-00018768,United Kingdom
AW-00018769,France
AW-00018770,Canada
AW-00018771,France
AW-00018772,Canada
AW-00018773,US
AW-00018774,United Kingdom
AW-00018775,United Kingdom
AW-00018776,USA
AW-00018777,Germany
AW-00018778,United Kingdom
AW-00018779,US
AW-00018780,Germany
AW-00018781,Canada
AW-00018782,Australia
AW-00018783,France
AW-00018784,United States
AW-00018785,Germany
AW-00018786,France
AW-00018787,USA
AW-00018788,
AW-00018789,Australia
AW-00018790,Australia
AW-00018791,United Kingdom
AW-00018792,Canada
AW-00018793,USA
AW-00018794,Canada
AW-00018795,Australia
AW-00018796,
AW-00018797,Australia
AW-00018798,Canada
AW-00018799,United Kingdom
AW-00018800,Germany
AW-00018801,France
AW-00018802,United Kingdom
AW-00018803,France
AW-00018804,United Kingdom
AW-00018805,United States
AW-00018806,Germany
AW-00018807,Australia
AW-00018808,Australia
AW-00018809,Canada
AW-00018810,France
AW-00018811,US
AW-00018812,Australia
AW-00018813,Germany
AW-00018814,United States
AW-00018815,Australia
AW-00018816,United States
AW-00018817,DE
AW-00018818,United Kingdom
AW-00018819,Australia
AW-00018820,United States
AW-00018821,Canada
AW-00018822,Canada
AW-00018823,Australia
AW-00018824,Canada
AW-00018825,DE
AW-00018826,Germany
AW-00018827,Canada
AW-00018828,United States
AW-00018829,Germany
AW-00018830,France
AW-00018831,Australia
AW-00018832,Australia
AW-00018833,France
AW-00018834,
AW-00018835,United States
AW-00018836,Canada
AW-00018837,Canada
AW-00018838,United Kingdom
AW-00018839,United States
AW-00018840,
AW-00018841,France
AW-00018842,France
AW-00018843,France
AW-00018844,Canada
AW-00018845,United States
AW-00018846,Canada
AW-00018847,United States
AW-00018848,Australia
AW-00018849,United States
AW-00018850,Australia
AW-00018851,Australia
AW-00018852,United Kingdom
AW-00018853,Australia
AW-00018854,
AW-00018855,United Kingdom
AW-00018856,Australia
AW-00018857,
AW-00018858,Canada
AW-00018859,Australia
AW-00018860,Germany
AW-00018861,
AW-00018862,United Kingdom
AW-00018863,United Kingdom
AW-00018864,United States
AW-00018865,France
AW-00018866,France
AW-00018867,Australia
AW-00018868,France
AW-00018869,USA
AW-00018870,Germany
AW-00018871,United States
AW-00018872,Canada
AW-00018873,United Kingdom
AW-00018874,United Kingdom
AW-00018875,Canada
AW-00018876,Germany
AW-00018877,United States
AW-00018878,Germany
AW-00018879,United Kingdom
AW-00018880,Canada
AW-00018881,United Kingdom
AW-00018882,United States
AW-00018883,Germany
AW-00018884,Canada
AW-00018885,Australia
AW-00018886,United Kingdom
AW-00018887,United States
AW-00018888,Germany
AW-00018889,Australia
AW-00018890,Australia
AW-00018891,United States
AW-00018892,Canada
AW-00018893,DE
AW-00018894,Australia
AW-00018895,United Kingdom
AW-00018896,USA
AW-00018897,Australia
AW-00018898,Australia
AW-00018899,United Kingdom
AW-00018900,Australia
AW-00018901,Australia
AW-00018902,France
AW-00018903,Germany
AW-00018904,USA
AW-00018905,United Kingdom
AW-00018906,USA
AW-00018907,France
AW-00018908,United States
AW-00018909,Germany
AW-00018910,Australia
AW-00018911,United States
AW-00018912,United Kingdom
AW-00018913,United Kingdom
AW-00018914,Germany
AW-00018915,France
AW-00018916,United States
AW-00018917,Australia
AW-00018918,United Kingdom
AW-00018919,USA
AW-00018920,Australia
AW-00018921,US
AW-00018922,Australia
AW-00018923,DE
AW-00018924,Canada
AW-00018925,Canada
AW-00018926,USA
AW-00018927,USA
AW-00018928,US
AW-00018929,Australia
AW-00018930,Canada
AW-00018931,Germany
AW-00018932,France
AW-00018933,United States
AW-00018934,France
AW-00018935,Australia
AW-00018936,Australia
AW-00018937,United Kingdom
AW-00018938,United Kingdom
AW-00018939,France
AW-00018940,Australia
AW-00018941,Germany
AW-00018942,Australia
AW-00018943,France
AW-00018944,Canada
AW-00018945,Germany
AW-00018946,United States
AW-00018947,US
AW-00018948,Australia
AW-00018949,Australia
AW-00018950,Canada
AW-00018951,Canada
AW-00018952,Germany
AW-00018953,United States
AW-00018954,Australia
AW-00018955,Australia
AW-00018956,
AW-00018957,Germany
AW-00018958,Australia
AW-00018959,United Kingdom
AW-00018960,Canada
AW-00018961,Canada
AW-00018962,Canada
AW-00018963,United States
AW-00018964,Australia
AW-00018965,France
AW-00018966,Australia
AW-00018967,Germany
AW-00018968,Australia
AW-00018969,Australia
AW-00018970,Canada
AW-00018971,Australia
AW-00018972,US
AW-00018973,USA
AW-00018974,France
AW-00018975,United Kingdom
AW-00018976,United Kingdom
AW-00018977,United Kingdom
AW-00018978,Canada
AW-00018979,France
AW-00018980,United Kingdom
AW-00018981,Australia
AW-00018982,Germany
AW-00018983,Canada
AW-00018984,Australia
AW-00018985,United Kingdom
AW-00018986,United Kingdom
AW-00018987,United States
AW-00018988,Australia
AW-00018989,France
AW-00018990,Australia
AW-00018991,Canada
AW-00018992,USA
AW-00018993,USA
AW-00018994,Canada
AW-00018995,Canada
AW-00018996,Australia
AW-00018997,United States
AW-00018998,France
AW-00018999,Canada
AW-00019000,Germany
AW-00019001,France
AW-00019002,United Kingdom
AW-00019003,Australia
AW-00019004,France
AW-00019005,USA
AW-00019006,Germany
AW-00019007,Germany
AW-00019008,Germany
AW-00019009,USA
AW-00019010,United Kingdom
AW-00019011,Australia
AW-00019012,Germany
AW-00019013,DE
AW-00019014,United States
AW-00019015,United States
AW-00019016,Australia
AW-00019017,France
AW-00019018,DE
AW-00019019,USA
AW-00019020,Australia
AW-00019021,Australia
AW-00019022,Australia
AW-00019023,Australia
AW-00019024,France
AW-00019025,United States
AW-00019026,
AW-00019027,Australia
AW-00019028,Germany
AW-00019029,Canada
AW-00019030,Australia
AW-00019031,Canada
AW-00019032,Australia
AW-00019033,Germany
AW-00019034,United Kingdom
AW-00019035,United States
AW-00019036,Australia
AW-00019037,Germany
AW-00019038,Australia
AW-00019039,US
AW-00019040,Australia
AW-00019041,Germany
AW-00019042,France
AW-00019043,United States
AW-00019044,Canada
AW-00019045,United States
AW-00019046,Australia
AW-00019047,France
AW-00019048,US
AW-00019049,Australia
AW-00019050,United States
AW-00019051,Australia
AW-00019052,Australia
AW-00019053,United Kingdom
AW-00019054,Australia
AW-00019055,United States
AW-00019056,United Kingdom
AW-00019057,Australia
AW-00019058,US
AW-00019059,Australia
AW-00019060,Canada
AW-00019061,DE
AW-00019062,Australia
AW-00019063,Canada
AW-00019064,United Kingdom
AW-00019065,USA
AW-00019066,Australia
AW-00019067,DE
AW-00019068,Australia
AW-00019069,United States
AW-00019070,Canada
AW-00019071,Australia
AW-00019072,
AW-00019073,Australia
AW-00019074,Australia
AW-00019075,
AW-00019076,United States
AW-00019077,Australia
AW-00019078,United States
AW-00019079,USA
AW-00019080,USA
AW-00019081,France
AW-00019082,Canada
AW-00019083,France
AW-00019084,DE
AW-00019085,United Kingdom
AW-00019086,Australia
AW-00019087,United Kingdom
AW-00019088,United Kingdom
AW-00019089,United States
AW-00019090,Canada
AW-00019091,United States
AW-00019092,France
AW-00019093,United Kingdom
AW-00019094,United Kingdom
AW-00019095,France
AW-00019096,United States
AW-00019097,Germany
AW-00019098,United States
AW-00019099,Australia
AW-00019100,Canada
AW-00019101,Australia
AW-00019102,DE
AW-00019103,United Kingdom
AW-00019104,Canada
AW-00019105,United States
AW-00019106,USA
AW-00019107,United Kingdom
AW-00019108,United Kingdom
AW-00019109,Australia
AW-00019110,Canada
AW-00019111,Canada
AW-00019112,Australia
AW-00019113,Australia
AW-00019114,United Kingdom
AW-00019115,Canada
AW-00019116,France
AW-00019117,France
AW-00019118,US
AW-00019119,United Kingdom
AW-00019120,Canada
AW-00019121,France
AW-00019122,DE
AW-00019123,Germany
AW-00019124,Australia
AW-00019125,Australia
AW-00019126,DE
AW-00019127,Australia
AW-00019128,France
AW-00019129,US
AW-00019130,
AW-00019131,Canada
AW-00019132,Germany
AW-00019133,USA
AW-00019134,United Kingdom
AW-00019135,Canada
AW-00019136,US
AW-00019137,United Kingdom
AW-00019138,Australia
AW-00019139,DE
AW-00019140,Australia
AW-00019141,USA
AW-00019142,United Kingdom
AW-00019143,Australia
AW-00019144,Australia
AW-00019145,United States
AW-00019146,DE
AW-00019147,US
AW-00019148,
AW-00019149,Australia
AW-00019150,USA
AW-00019151,Canada
AW-00019152,Germany
AW-00019153,US
AW-00019154,Canada
AW-00019155,United Kingdom
AW-00019156,Canada
AW-00019157,France
AW-00019158,Australia
AW-00019159,Canada
AW-00019160,Australia
AW-00019161,France
AW-00019162,
AW-00019163,Australia
AW-00019164,United Kingdom
AW-00019165,United States
AW-00019166,United Kingdom
AW-00019167,DE
AW-00019168,Australia
AW-00019169,US
AW-00019170,Canada
AW-00019171,Australia
AW-00019172,
AW-00019173,Australia
AW-00019174,United States
AW-00019175,France
AW-00019176,
AW-00019177,Australia
AW-00019178,Canada
AW-00019179,US
AW-00019180,United States
AW-00019181,Australia
AW-00019182,United States
AW-00019183,USA
AW-00019184,Canada
AW-00019185,United Kingdom
AW-00019186,United States
AW-00019187,United Kingdom
AW-00019188,Canada
AW-00019189,Germany
AW-00019190,Canada
AW-00019191,Australia
AW-00019192,Australia
AW-00019193,Germany
AW-00019194,United States
AW-00019195,Germany
AW-00019196,United Kingdom
AW-00019197,France
AW-00019198,Australia
AW-00019199,Australia
AW-00019200,
AW-00019201,US
AW-00019202,Canada
AW-00019203,Australia
AW-00019204,Germany
AW-00019205,Canada
AW-00019206,Australia
AW-00019207,Australia
AW-00019208,US
AW-00019209,Australia
AW-00019210,Australia
AW-00019211,France
AW-00019212,Germany
AW-00019213,United States
AW-00019214,United States
AW-00019215,France
AW-00019216,United States
AW-00019217,US
AW-00019218,Australia
AW-00019219,United States
AW-00019220,United States
AW-00019221,United States
AW-00019222,Germany
AW-00019223,USA
AW-00019224,US
AW-00019225,Australia
AW-00019226,United Kingdom
AW-00019227,United States
AW-00019228,Germany
AW-00019229,France
AW-00019230,
AW-00019231,USA
AW-00019232,Australia
AW-00019233,USA
AW-00019234,United Kingdom
AW-00019235,Australia
AW-00019236,France
AW-00019237,United Kingdom
AW-00019238,Canada
AW-00019239,Canada
AW-00019240,US
AW-00019241,US
AW-00019242,France
AW-00019243,France
AW-00019244,United Kingdom
AW-00019245,United Kingdom
AW-00019246,Germany
AW-00019247,Germany
AW-00019248,Germany
AW-00019249,Australia
AW-00019250,Australia
AW-00019251,Australia
AW-00019252,Germany
AW-00019253,Australia
AW-00019254,France
AW-00019255,United States
AW-00019256,Canada
AW-00019257,DE
AW-00019258,United Kingdom
AW-00019259,France
AW-00019260,Canada
AW-00019261,DE
AW-00019262,Canada
AW-00019263,France
AW-00019264,Canada
AW-00019265,Germany
AW-00019266,France
AW-00019267,USA
AW-00019268,United Kingdom
AW-00019269,France
AW-00019270,Australia
AW-00019271,US
AW-00019272,Australia
AW-00019273,Canada
AW-00019274,Australia
AW-00019275,United Kingdom
AW-00019276,Germany
AW-00019277,Germany
AW-00019278,Germany
AW-00019279,Australia
AW-00019280,Germany
AW-00019281,Germany
AW-00019282,US
AW-00019283,USA
AW-00019284,Canada
AW-00019285,United Kingdom
AW-00019286,United Kingdom
AW-00019287,Canada
AW-00019288,France
AW-00019289,US
AW-00019290,United Kingdom
AW-00019291,Australia
AW-00019292,Australia
AW-00019293,Germany
AW-00019294,Australia
AW-00019295,Canada
AW-00019296,Canada
AW-00019297,DE
AW-00019298,Germany
AW-00019299,France
AW-00019300,Canada
AW-00019301,Australia
AW-00019302,Australia
AW-00019303,United States
AW-00019304,Australia
AW-00019305,United States
AW-00019306,United States
AW-00019307,USA
AW-00019308,Germany
AW-00019309,United States
AW-00019310,Australia
AW-00019311,US
AW-00019312,Canada
AW-00019313,DE
AW-00019314,Australia
AW-00019315,United Kingdom
AW-00019316,France
AW-00019317,United Kingdom
AW-00019318,United Kingdom
AW-00019319,
AW-00019320,United States
AW-00019321,Australia
AW-00019322,Australia
AW-00019323,United States
AW-00019324,Australia
AW-00019325,Australia
AW-00019326,Canada
AW-00019327,Germany
AW-00019328,US
AW-00019329,United Kingdom
AW-00019330,Canada
AW-00019331,Canada
AW-00019332,USA
AW-00019333,United States
AW-00019334,Australia
AW-00019335,France
AW-00019336,DE
AW-00019337,US
AW-00019338,United States
AW-00019339,Canada
AW-00019340,DE
AW-00019341,
AW-00019342,USA
AW-00019343,United States
AW-00019344,Canada
AW-00019345,Germany
AW-00019346,Germany
AW-00019347,United States
AW-00019348,US
AW-00019349,France
AW-00019350,Germany
AW-00019351,Australia
AW-00019352,United States
AW-00019353,Canada
AW-00019354,Germany
AW-00019355,United Kingdom
AW-00019356,Australia
AW-00019357,United Kingdom
AW-00019358,France
AW-00019359,Australia
AW-00019360,Australia
AW-00019361,Germany
AW-00019362,Canada
AW-00019363,
AW-00019364,Australia
AW-00019365,Germany
AW-00019366,France
AW-00019367,Canada
AW-00019368,DE
AW-00019369,US
AW-00019370,Canada
AW-00019371,Australia
AW-00019372,France
AW-00019373,Canada
AW-00019374,Australia
AW-00019375,US
AW-00019376,United States
AW-00019377,Canada
AW-00019378,Germany
AW-00019379,France
AW-00019380,Australia
AW-00019381,USA
AW-00019382,United Kingdom
AW-00019383,Australia
AW-00019384,United Kingdom
AW-00019385,Germany
AW-00019386,Germany
AW-00019387,Canada
AW-00019388,Australia
AW-00019389,Canada
AW-00019390,Australia
AW-00019391,Canada
AW-00019392,DE
AW-00019393,United Kingdom
AW-00019394,US
AW-00019395,United States
AW-00019396,Australia
AW-00019397,Australia
AW-00019398,Canada
AW-00019399,Germany
AW-00019400,Australia
AW-00019401,Canada
AW-00019402,Germany
AW-00019403,Canada
AW-00019404,US
AW-00019405,Canada
AW-00019406,United Kingdom
AW-00019407,United States
AW-00019408,United States
AW-00019409,France
AW-00019410,Australia
AW-00019411,
AW-00019412,United Kingdom
AW-00019413,Canada
AW-00019414,United Kingdom
AW-00019415,United States
AW-00019416,Australia
AW-00019417,US
AW-00019418,Australia
AW-00019419,Canada
AW-00019420,DE
AW-00019421,Australia
AW-00019422,Australia
AW-00019423,USA
AW-00019424,Canada
AW-00019425,United Kingdom
AW-00019426,DE
AW-00019427,Australia
AW-00019428,US
AW-00019429,Australia
AW-00019430,France
AW-00019431,Australia
AW-00019432,
AW-00019433,Australia
AW-00019434,Australia
AW-00019435,Germany
AW-00019436,Canada
AW-00019437,Australia
AW-00019438,Canada
AW-00019439,France
AW-00019440,US
AW-00019441,Australia
AW-00019442,United States
AW-00019443,Germany
AW-00019444,Australia
AW-00019445,United Kingdom
AW-00019446,Australia
AW-00019447,Australia
AW-00019448,Australia
AW-00019449,Australia
AW-00019450,Australia
AW-00019451,Australia
AW-00019452,Canada
AW-00019453,Germany
AW-00019454,Canada
AW-00019455,United States
AW-00019456,
AW-00019457,Australia
AW-00019458,Australia
AW-00019459,United Kingdom
AW-00019460,US
AW-00019461,France
AW-00019462,United Kingdom
AW-00019463,Australia
AW-00019464,Canada
AW-00019465,Australia
AW-00019466,Germany
AW-00019467,United Kingdom
AW-00019468,United States
AW-00019469,Australia
AW-00019470,Australia
AW-00019471,Australia
AW-00019472,
AW-00019473,France
AW-00019474,Canada
AW-00019475,United Kingdom
AW-00019476,US
AW-00019477,United Kingdom
AW-00019478,USA
AW-00019479,Germany
AW-00019480,Australia
AW-00019481,Canada
AW-00019482,Germany
AW-00019483,US
AW-00019484,Germany
AW-00019485,Germany
AW-00019486,United Kingdom
AW-00019487,Canada
AW-00019488,USA
AW-00019489,DE
AW-00019490,United States
AW-00019491,Canada
AW-00019492,Australia
AW-00019493,Australia
AW-00019494,Canada
AW-00019495,Canada
AW-00019496,Canada
AW-00019497,United Kingdom
AW-00019498,United States
AW-00019499,United States
AW-00019500,United Kingdom
AW-00019501,US
AW-00019502,Canada
AW-00019503,United Kingdom
AW-00019504,United Kingdom
AW-00019505,DE
AW-00019506,USA
AW-00019507,United States
AW-00019508,United States
AW-00019509,Canada
AW-00019510,Australia
AW-00019511,Australia
AW-00019512,USA
AW-00019513,Germany
AW-00019514,Canada
AW-00019515,DE
AW-00019516,Australia
AW-00019517,United Kingdom
AW-00019518,France
AW-00019519,United Kingdom
AW-00019520,Canada
AW-00019521,US
AW-00019522,Germany
AW-00019523,DE
AW-00019524,United States
AW-00019525,Australia
AW-00019526,France
AW-00019527,Germany
AW-00019528,Australia
AW-00019529,United Kingdom
AW-00019530,United States
AW-00019531,Australia
AW-00019532,United States
AW-00019533,Australia
AW-00019534,Australia
AW-00019535,United States
AW-00019536,Australia
AW-00019537,Australia
AW-00019538,Canada
AW-00019539,France
AW-00019540,Germany
AW-00019541,Germany
AW-00019542,Germany
AW-00019543,Germany
AW-00019544,Australia
AW-00019545,Australia
AW-00019546,Australia
AW-00019547,United Kingdom
AW-00019548,United States
AW-00019549,Germany
AW-00019550,United Kingdom
AW-00019551,
AW-00019552,Australia
AW-00019553,Australia
AW-00019554,DE
AW-00019555,United Kingdom
AW-00019556,United States
AW-00019557,France
AW-00019558,Australia
AW-00019559,Germany
AW-00019560,United Kingdom
AW-00019561,United States
AW-00019562,United Kingdom
AW-00019563,France
AW-00019564,United Kingdom
AW-00019565,United Kingdom
AW-00019566,Canada
AW-00019567,Canada
AW-00019568,United States
AW-00019569,Germany
AW-00019570,US
AW-00019571,Australia
AW-00019572,US
AW-00019573,Australia
AW-00019574,USA
AW-00019575,Australia
AW-00019576,US
AW-00019577,US
AW-00019578,United Kingdom
AW-00019579,Canada
AW-00019580,Canada
AW-00019581,Australia
AW-00019582,Australia
AW-00019583,France
AW-00019584,Germany
AW-00019585,Canada
AW-00019586,France
AW-00019587,France
AW-00019588,United Kingdom
AW-00019589,Germany
AW-00019590,Canada
AW-00019591,Germany
AW-00019592,United States
AW-00019593,DE
AW-00019594,Canada
AW-00019595,DE
AW-00019596,Australia
AW-00019597,United States
AW-00019598,Canada
AW-00019599,US
AW-00019600,USA
AW-00019601,Australia
AW-00019602,Germany
AW-00019603,Canada
AW-00019604,France
AW-00019605,United States
AW-00019606,Australia
AW-00019607,DE
AW-00019608,Australia
AW-00019609,United Kingdom
AW-00019610,United Kingdom
AW-00019611,France
AW-00019612,United States
AW-00019613,Australia
AW-00019614,US
AW-00019615,Australia
AW-00019616,United Kingdom
AW-00019617,Canada
AW-00019618,France
AW-00019619,Germany
AW-00019620,Australia
AW-00019621,United Kingdom
AW-00019622,United States
AW-00019623,Australia
AW-00019624,Australia
AW-00019625,Canada
AW-00019626,USA
AW-00019627,Australia
AW-00019628,
AW-00019629,Australia
AW-00019630,Australia
AW-00019631,Germany
AW-00019632,Australia
AW-00019633,
AW-00019634,Australia
AW-00019635,United Kingdom
AW-00019636,Australia
AW-00019637,France
AW-00019638,DE
AW-00019639,Germany
AW-00019640,USA
AW-00019641,Canada
AW-00019642,Germany
AW-00019643,France
AW-00019644,Germany
AW-00019645,United Kingdom
AW-00019646,Germany
AW-00019647,United Kingdom
AW-00019648,Australia
AW-00019649,DE
AW-00019650,Australia
AW-00019651,United Kingdom
AW-00019652,US
AW-00019653,Germany
AW-00019654,France
AW-00019655,Germany
AW-00019656,Canada
AW-00019657,US
AW-00019658,Australia
AW-00019659,Canada
AW-00019660,Canada
AW-00019661,USA
AW-00019662,France
AW-00019663,United States
AW-00019664,France
AW-00019665,Australia
AW-00019666,DE
AW-00019667,United States
AW-00019668,US
AW-00019669,Canada
AW-00019670,Australia
AW-00019671,United Kingdom
AW-00019672,France
AW-00019673,Canada
AW-00019674,Canada
AW-00019675,France
AW-00019676,USA
AW-00019677,Australia
AW-00019678,Germany
AW-00019679,USA
AW-00019680,Canada
AW-00019681,USA
AW-00019682,France
AW-00019683,Australia
AW-00019684,USA
AW-00019685,Australia
AW-00019686,Australia
AW-00019687,United States
AW-00019688,US
AW-00019689,United States
AW-00019690,Germany
AW-00019691,Australia
AW-00019692,US
AW-00019693,Australia
AW-00019694,US
AW-00019695,Germany
AW-00019696,
AW-00019697,US
AW-00019698,United Kingdom
AW-00019699,
AW-00019700,France
AW-00019701,Australia
AW-00019702,Canada
AW-00019703,France
AW-00019704,United Kingdom
AW-00019705,France
AW-00019706,United Kingdom
AW-00019707,Australia
AW-00019708,Australia
AW-00019709,Germany
AW-00019710,Germany
AW-00019711,United Kingdom
AW-00019712,Canada
AW-00019713,Germany
AW-00019714,Canada
AW-00019715,
AW-00019716,United Kingdom
AW-00019717,Australia
AW-00019718,United States
AW-00019719,United States
AW-00019720,Germany
AW-00019721,Australia
AW-00019722,US
AW-00019723,Canada
AW-00019724,United States
AW-00019725,Canada
AW-00019726,Canada
AW-00019727,
AW-00019728,France
AW-00019729,USA
AW-00019730,United Kingdom
AW-00019731,Canada
AW-00019732,USA
AW-00019733,USA
AW-00019734,Canada
AW-00019735,Australia
AW-00019736,United States
AW-00019737,Australia
AW-00019738,France
AW-00019739,
AW-00019740,USA
AW-00019741,Australia
AW-00019742,DE
AW-00019743,Australia
AW-00019744,United Kingdom
AW-00019745,France
AW-00019746,Canada
AW-00019747,United Kingdom
AW-00019748,Australia
AW-00019749,USA
AW-00019750,Canada
AW-00019751,France
AW-00019752,Australia
AW-00019753,Australia
AW-00019754,Australia
AW-00019755,
AW-00019756,Germany
AW-00019757,Australia
AW-00019758,United Kingdom
AW-00019759,US
AW-00019760,DE
AW-00019761,Australia
AW-00019762,
AW-00019763,United States
AW-00019764,
AW-00019765,DE
AW-00019766,Germany
AW-00019767,Australia
AW-00019768,United States
AW-00019769,United Kingdom
AW-00019770,Canada
AW-00019771,United Kingdom
AW-00019772,United States
AW-00019773,USA
AW-00019774,Canada
AW-00019775,Australia
AW-00019776,Australia
AW-00019777,Canada
AW-00019778,United Kingdom
AW-00019779,Canada
AW-00019780,Germany
AW-00019781,US
AW-00019782,Australia
AW-00019783,Canada
AW-00019784,United States
AW-00019785,France
AW-00019786,France
AW-00019787,Canada
AW-00019788,Canada
AW-00019789,France
AW-00019790,Australia
AW-00019791,US
AW-00019792,United States
AW-00019793,Canada
AW-00019794,United States
AW-00019795,Australia
AW-00019796,United States
AW-00019797,United Kingdom
AW-00019798,Germany
AW-00019799,Germany
AW-00019800,Australia
AW-00019801,Germany
AW-00019802,Canada
AW-00019803,Australia
AW-00019804,DE
AW-00019805,Canada
AW-00019806,Australia
AW-00019807,United Kingdom
AW-00019808,USA
AW-00019809,Germany
AW-00019810,Australia
AW-00019811,France
AW-00019812,Australia
AW-00019813,Australia
AW-00019814,Germany
AW-00019815,United Kingdom
AW-00019816,United States
AW-00019817,US
AW-00019818,
AW-00019819,Germany
AW-00019820,Germany
AW-00019821,Canada
AW-00019822,Canada
AW-00019823,
AW-00019824,US
AW-00019825,Australia
AW-00019826,United Kingdom
AW-00019827,Australia
AW-00019828,Australia
AW-00019829,Australia
AW-00019830,United States
AW-00019831,Australia
AW-00019832,Australia
AW-00019833,US
AW-00019834,United States
AW-00019835,United States
AW-00019836,United Kingdom
AW-00019837,Australia
AW-00019838,Germany
AW-00019839,US
AW-00019840,France
AW-00019841,France
AW-00019842,Australia
AW-00019843,Canada
AW-00019844,Germany
AW-00019845,Canada
AW-00019846,Australia
AW-00019847,DE
AW-00019848,Germany
AW-00019849,Canada
AW-00019850,DE
AW-00019851,Australia
AW-00019852,Australia
AW-00019853,United States
AW-00019854,France
AW-00019855,Australia
AW-00019856,US
AW-00019857,
AW-00019858,Germany
AW-00019859,France
AW-00019860,USA
AW-00019861,Germany
AW-00019862,Germany
AW-00019863,US
AW-00019864,United States
AW-00019865,Australia
AW-00019866,Australia
AW-00019867,US
AW-00019868,Australia
AW-00019869,
AW-00019870,DE
AW-00019871,United States
AW-00019872,Australia
AW-00019873,France
AW-00019874,United Kingdom
AW-00019875,Australia
AW-00019876,USA
AW-00019877,United States
AW-00019878,Canada
AW-00019879,United Kingdom
AW-00019880,France
AW-00019881,United Kingdom
AW-00019882,Canada
AW-00019883,Australia
AW-00019884,Australia
AW-00019885,Australia
AW-00019886,
AW-00019887,DE
AW-00019888,Germany
AW-00019889,Australia
AW-00019890,Australia
AW-00019891,Australia
AW-00019892,Australia
AW-00019893,United States
AW-00019894,United States
AW-00019895,Australia
AW-00019896,US
AW-00019897,Australia
AW-00019898,Germany
AW-00019899,Canada
AW-00019900,France
AW-00019901,France
AW-00019902,United States
AW-00019903,United Kingdom
AW-00019904,United States
AW-00019905,France
AW-00019906,Australia
AW-00019907,Australia
AW-00019908,Germany
AW-00019909,Canada
AW-00019910,Germany
AW-00019911,US
AW-00019912,Australia
AW-00019913,France
AW-00019914,Australia
AW-00019915,USA
AW-00019916,
AW-00019917,Australia
AW-00019918,Australia
AW-00019919,United Kingdom
AW-00019920,United States
AW-00019921,Germany
AW-00019922,United States
AW-00019923,United States
AW-00019924,Australia
AW-00019925,Canada
AW-00019926,United States
AW-00019927,United Kingdom
AW-00019928,France
AW-00019929,France
AW-00019930,Germany
AW-00019931,USA
AW-00019932,US
AW-00019933,United Kingdom
AW-00019934,Germany
AW-00019935,Canada
AW-00019936,France
AW-00019937,Australia
AW-00019938,France
AW-00019939,US
AW-00019940,Australia
AW-00019941,Australia
AW-00019942,Australia
AW-00019943,Australia
AW-00019944,United States
AW-00019945,United States
AW-00019946,Australia
AW-00019947,US
AW-00019948,United States
AW-00019949,
AW-00019950,United States
AW-00019951,USA
AW-00019952,USA
AW-00019953,Germany
AW-00019954,Australia
AW-00019955,France
AW-00019956,United Kingdom
AW-00019957,US
AW-00019958,Australia
AW-00019959,Germany
AW-00019960,United States
AW-00019961,United States
AW-00019962,DE
AW-00019963,Canada
AW-00019964,Canada
AW-00019965,US
AW-00019966,Canada
AW-00019967,Germany
AW-00019968,Canada
AW-00019969,DE
AW-00019970,DE
AW-00019971,Canada
AW-00019972,USA
AW-00019973,Australia
AW-00019974,France
AW-00019975,United States
AW-00019976,Canada
AW-00019977,US
AW-00019978,Australia
AW-00019979,France
AW-00019980,United States
AW-00019981,DE
AW-00019982,United Kingdom
AW-00019983,Germany
AW-00019984,Australia
AW-00019985,United Kingdom
AW-00019986,United Kingdom
AW-00019987,US
AW-00019988,United States
AW-00019989,Australia
AW-00019990,
AW-00019991,United Kingdom
AW-00019992,Germany
AW-00019993,Canada
AW-00019994,United Kingdom
AW-00019995,United Kingdom
AW-00019996,United States
AW-00019997,Australia
AW-00019998,Germany
AW-00019999,United Kingdom
AW-00020000,Germany
AW-00020001,Canada
AW-00020002,Germany
AW-00020003,Australia
AW-00020004,United Kingdom
AW-00020005,United Kingdom
AW-00020006,Canada
AW-00020007,Canada
AW-00020008,United Kingdom
AW-00020009,France
AW-00020010,France
AW-00020011,Germany
AW-00020012,Australia
AW-00020013,Australia
AW-00020014,United States
AW-00020015,Australia
AW-00020016,United States
AW-00020017,France
AW-00020018,Germany
AW-00020019,DE
AW-00020020,Canada
AW-00020021,Australia
AW-00020022,Australia
AW-00020023,Australia
AW-00020024,Australia
AW-00020025,DE
AW-00020026,US
AW-00020027,Australia
AW-00020028,United States
AW-00020029,US
AW-00020030,Australia
AW-00020031,United States
AW-00020032,France
AW-00020033,Canada
AW-00020034,US
AW-00020035,Canada
AW-00020036,Canada
AW-00020037,Australia
AW-00020038,United Kingdom
AW-00020039,Germany
AW-00020040,
AW-00020041,United Kingdom
AW-00020042,France
AW-00020043,Australia
AW-00020044,United States
AW-00020045,Germany
AW-00020046,United States
AW-00020047,France
AW-00020048,
AW-00020049,Australia
AW-00020050,USA
AW-00020051,USA
AW-00020052,United States
AW-00020053,United Kingdom
AW-00020054,USA
AW-00020055,Australia
AW-00020056,Canada
AW-00020057,US
AW-00020058,Australia
AW-00020059,Australia
AW-00020060,DE
AW-00020061,Australia
AW-00020062,Germany
AW-00020063,USA
AW-00020064,Germany
AW-00020065,USA
AW-00020066,Canada
AW-00020067,
AW-00020068,Australia
AW-00020069,United Kingdom
AW-00020070,USA
AW-00020071,Australia
AW-00020072,Canada
AW-00020073,United States
AW-00020074,United Kingdom
AW-00020075,France
AW-00020076,
AW-00020077,Australia
AW-00020078,DE
AW-00020079,Germany
AW-00020080,US
AW-00020081,US
AW-00020082,Australia
AW-00020083,United States
AW-00020084,Canada
AW-00020085,Australia
AW-00020086,Canada
AW-00020087,Australia
AW-00020088,France
AW-00020089,France
AW-00020090,France
AW-00020091,Australia
AW-00020092,United Kingdom
AW-00020093,United States
AW-00020094,France
AW-00020095,Canada
AW-00020096,Canada
AW-00020097,USA
AW-00020098,Australia
AW-00020099,Australia
AW-00020100,Australia
AW-00020101,France
AW-00020102,
AW-00020103,USA
AW-00020104,Canada
AW-00020105,US
AW-00020106,Australia
AW-00020107,DE
AW-00020108,Australia
AW-00020109,Australia
AW-00020110,Canada
AW-00020111,Canada
AW-00020112,US
AW-00020113,
AW-00020114,United Kingdom
AW-00020115,DE
AW-00020116,France
AW-00020117,Australia
AW-00020118,US
AW-00020119,United States
AW-00020120,US
AW-00020121,United States
AW-00020122,Australia
AW-00020123,Canada
AW-00020124,Canada
AW-00020125,Australia
AW-00020126,France
AW-00020127,France
AW-00020128,US
AW-00020129,France
AW-00020130,USA
AW-00020131,Canada
AW-00020132,
AW-00020133,United States
AW-00020134,Australia
AW-00020135,Australia
AW-00020136,Australia
AW-00020137,USA
AW-00020138,Germany
AW-00020139,Germany
AW-00020140,Germany
AW-00020141,United Kingdom
AW-00020142,Canada
AW-00020143,United Kingdom
AW-00020144,Germany
AW-00020145,Canada
AW-00020146,United States
AW-00020147,Germany
AW-00020148,
AW-00020149,Canada
AW-00020150,Canada
AW-00020151,Germany
AW-00020152,USA
AW-00020153,United States
AW-00020154,United Kingdom
AW-00020155,
AW-00020156,Australia
AW-00020157,Australia
AW-00020158,Australia
AW-00020159,Canada
AW-00020160,France
AW-00020161,United Kingdom
AW-00020162,Canada
AW-00020163,Australia
AW-00020164,France
AW-00020165,France
AW-00020166,US
AW-00020167,Canada
AW-00020168,France
AW-00020169,France
AW-00020170,Australia
AW-00020171,Australia
AW-00020172,Canada
AW-00020173,Australia
AW-00020174,
AW-00020175,USA
AW-00020176,Australia
AW-00020177,United States
AW-00020178,Germany
AW-00020179,United States
AW-00020180,Germany
AW-00020181,France
AW-00020182,United States
AW-00020183,Australia
AW-00020184,Germany
AW-00020185,Canada
AW-00020186,United Kingdom
AW-00020187,Canada
AW-00020188,United Kingdom
AW-00020189,United Kingdom
AW-00020190,Canada
AW-00020191,Australia
AW-00020192,Australia
AW-00020193,United States
AW-00020194,United States
AW-00020195,Germany
AW-00020196,US
AW-00020197,United States
AW-00020198,United Kingdom
AW-00020199,DE
AW-00020200,USA
AW-00020201,United Kingdom
AW-00020202,DE
AW-00020203,US
AW-00020204,France
AW-00020205,Canada
AW-00020206,France
AW-00020207,Canada
AW-00020208,Australia
AW-00020209,France
AW-00020210,Australia
AW-00020211,United Kingdom
AW-00020212,Australia
AW-00020213,Canada
AW-00020214,Germany
AW-00020215,DE
AW-00020216,Australia
AW-00020217,Australia
AW-00020218,Australia
AW-00020219,Australia
AW-00020220,Australia
AW-00020221,Australia
AW-00020222,United States
AW-00020223,France
AW-00020224,France
AW-00020225,United Kingdom
AW-00020226,Australia
AW-00020227,Germany
AW-00020228,
AW-00020229,France
AW-00020230,United Kingdom
AW-00020231,Australia
AW-00020232,United States
AW-00020233,US
AW-00020234,Canada
AW-00020235,Germany
AW-00020236,United States
AW-00020237,Australia
AW-00020238,Australia
AW-00020239,Australia
AW-00020240,Australia
AW-00020241,United States
AW-00020242,Australia
AW-00020243,Australia
AW-00020244,Canada
AW-00020245,Germany
AW-00020246,DE
AW-00020247,Germany
AW-00020248,Australia
AW-00020249,United States
AW-00020250,USA
AW-00020251,United States
AW-00020252,United Kingdom
AW-00020253,France
AW-00020254,Canada
AW-00020255,Australia
AW-00020256,Germany
AW-00020257,Canada
AW-00020258,
AW-00020259,Germany
AW-00020260,United Kingdom
AW-00020261,Germany
AW-00020262,Germany
AW-00020263,Germany
AW-00020264,Australia
AW-00020265,United States
AW-00020266,United States
AW-00020267,Australia
AW-00020268,Australia
AW-00020269,Canada
AW-00020270,Germany
AW-00020271,DE
AW-00020272,DE
AW-00020273,France
AW-00020274,US
AW-00020275,France
AW-00020276,United States
AW-00020277,United States
AW-00020278,Australia
AW-00020279,United Kingdom
AW-00020280,Australia
AW-00020281,DE
AW-00020282,Canada
AW-00020283,United States
AW-00020284,Germany
AW-00020285,Australia
AW-00020286,Australia
AW-00020287,France
AW-00020288,US
AW-00020289,USA
AW-00020290,US
AW-00020291,
AW-00020292,United Kingdom
AW-00020293,US
AW-00020294,Germany
AW-00020295,USA
AW-00020296,United States
AW-00020297,Australia
AW-00020298,United States
AW-00020299,United Kingdom
AW-00020300,Germany
AW-00020301,Canada
AW-00020302,DE
AW-00020303,USA
AW-00020304,DE
AW-00020305,France
AW-00020306,Germany
AW-00020307,Canada
AW-00020308,Australia
AW-00020309,France
AW-00020310,Australia
AW-00020311,Australia
AW-00020312,Germany
AW-00020313,USA
AW-00020314,United States
AW-00020315,Australia
AW-00020316,France
AW-00020317,Australia
AW-00020318,Canada
AW-00020319,Australia
AW-00020320,United States
AW-00020321,
AW-00020322,Germany
AW-00020323,Canada
AW-00020324,United States
AW-00020325,Canada
AW-00020326,France
AW-00020327,France
AW-00020328,USA
AW-00020329,France
AW-00020330,United Kingdom
AW-00020331,Australia
AW-00020332,France
AW-00020333,Australia
AW-00020334,United States
AW-00020335,Canada
AW-00020336,USA
AW-00020337,Australia
AW-00020338,France
AW-00020339,Australia
AW-00020340,Australia
AW-00020341,USA
AW-00020342,Germany
AW-00020343,United Kingdom
AW-00020344,United Kingdom
AW-00020345,Australia
AW-00020346,DE
AW-00020347,Australia
AW-00020348,Australia
AW-00020349,Canada
AW-00020350,Germany
AW-00020351,Australia
AW-00020352,Canada
AW-00020353,DE
AW-00020354,France
AW-00020355,Canada
AW-00020356,Germany
AW-00020357,United States
AW-00020358,Canada
AW-00020359,France
AW-00020360,Australia
AW-00020361,France
AW-00020362,USA
AW-00020363,Germany
AW-00020364,USA
AW-00020365,United Kingdom
AW-00020366,Australia
AW-00020367,United States
AW-00020368,France
AW-00020369,United States
AW-00020370,United States
AW-00020371,France
AW-00020372,Canada
AW-00020373,US
AW-00020374,US
AW-00020375,Germany
AW-00020376,United States
AW-00020377,Australia
AW-00020378,France
AW-00020379,Australia
AW-00020380,Australia
AW-00020381,Canada
AW-00020382,Australia
AW-00020383,United Kingdom
AW-00020384,Australia
AW-00020385,Germany
AW-00020386,United Kingdom
AW-00020387,Canada
AW-00020388,France
AW-00020389,Canada
AW-00020390,
AW-00020391,USA
AW-00020392,Australia
AW-00020393,Australia
AW-00020394,France
AW-00020395,France
AW-00020396,Australia
AW-00020397,Germany
AW-00020398,France
AW-00020399,United Kingdom
AW-00020400,United States
AW-00020401,Canada
AW-00020402,Australia
AW-00020403,Germany
AW-00020404,United States
AW-00020405,US
AW-00020406,
AW-00020407,Germany
AW-00020408,United Kingdom
AW-00020409,Germany
AW-00020410,USA
AW-00020411,United States
AW-00020412,US
AW-00020413,Canada
AW-00020414,Australia
AW-00020415,Australia
AW-00020416,United States
AW-00020417,United States
AW-00020418,USA
AW-00020419,Canada
AW-00020420,United States
AW-00020421,Australia
AW-00020422,United Kingdom
AW-00020423,
AW-00020424,Canada
AW-00020425,Australia
AW-00020426,USA
AW-00020427,Germany
AW-00020428,Germany
AW-00020429,US
AW-00020430,Australia
AW-00020431,Australia
AW-00020432,France
AW-00020433,Canada
AW-00020434,
AW-00020435,USA
AW-00020436,USA
AW-00020437,US
AW-00020438,United States
AW-00020439,Australia
AW-00020440,Germany
AW-00020441,Australia
AW-00020442,United Kingdom
AW-00020443,
AW-00020444,
AW-00020445,US
AW-00020446,Canada
AW-00020447,Australia
AW-00020448,Australia
AW-00020449,USA
AW-00020450,DE
AW-00020451,Australia
AW-00020452,United Kingdom
AW-00020453,USA
AW-00020454,Canada
AW-00020455,USA
AW-00020456,Australia
AW-00020457,USA
AW-00020458,
AW-00020459,Canada
AW-00020460,USA
AW-00020461,France
AW-00020462,DE
AW-00020463,United Kingdom
AW-00020464,US
AW-00020465,Australia
AW-00020466,United States
AW-00020467,France
AW-00020468,Germany
AW-00020469,Australia
AW-00020470,Germany
AW-00020471,Germany
AW-00020472,Canada
AW-00020473,Australia
AW-00020474,Australia
AW-00020475,Canada
AW-00020476,Canada
AW-00020477,Canada
AW-00020478,Canada
AW-00020479,Canada
AW-00020480,United Kingdom
AW-00020481,United States
AW-00020482,Australia
AW-00020483,Germany
AW-00020484,Australia
AW-00020485,US
AW-00020486,Australia
AW-00020487,Canada
AW-00020488,USA
AW-00020489,Australia
AW-00020490,Australia
AW-00020491,Australia
AW-00020492,Canada
AW-00020493,France
AW-00020494,Australia
AW-00020495,Australia
AW-00020496,Canada
AW-00020497,United States
AW-00020498,United States
AW-00020499,Australia
AW-00020500,USA
AW-00020501,United States
AW-00020502,Australia
AW-00020503,Canada
AW-00020504,Australia
AW-00020505,Australia
AW-00020506,DE
AW-00020507,Australia
AW-00020508,France
AW-00020509,Canada
AW-00020510,Australia
AW-00020511,Germany
AW-00020512,Germany
AW-00020513,United States
AW-00020514,France
AW-00020515,Canada
AW-00020516,Australia
AW-00020517,United Kingdom
AW-00020518,Canada
AW-00020519,Canada
AW-00020520,Australia
AW-00020521,United Kingdom
AW-00020522,US
AW-00020523,United States
AW-00020524,US
AW-00020525,
AW-00020526,United States
AW-00020527,United Kingdom
AW-00020528,United States
AW-00020529,United Kingdom
AW-00020530,United States
AW-00020531,Australia
AW-00020532,France
AW-00020533,France
AW-00020534,Australia
AW-00020535,France
AW-00020536,Australia
AW-00020537,Germany
AW-00020538,United States
AW-00020539,Germany
AW-00020540,United Kingdom
AW-00020541,Australia
AW-00020542,Australia
AW-00020543,USA
AW-00020544,Germany
AW-00020545,Australia
AW-00020546,France
AW-00020547,Australia
AW-00020548,United States
AW-00020549,United States
AW-00020550,United States
AW-00020551,United States
AW-00020552,United States
AW-00020553,USA
AW-00020554,United States
AW-00020555,USA
AW-00020556,US
AW-00020557,Canada
AW-00020558,Australia
AW-00020559,France
AW-00020560,United States
AW-00020561,Canada
AW-00020562,Australia
AW-00020563,United Kingdom
AW-00020564,Australia
AW-00020565,United Kingdom
AW-00020566,US
AW-00020567,United Kingdom
AW-00020568,United Kingdom
AW-00020569,United Kingdom
AW-00020570,Australia
AW-00020571,Canada
AW-00020572,France
AW-00020573,Canada
AW-00020574,USA
AW-00020575,Australia
AW-00020576,United States
AW-00020577,Canada
AW-00020578,France
AW-00020579,Australia
AW-00020580,
AW-00020581,Australia
AW-00020582,US
AW-00020583,United Kingdom
AW-00020584,US
AW-00020585,Australia
AW-00020586,Canada
AW-00020587,Canada
AW-00020588,USA
AW-00020589,Australia
AW-00020590,US
AW-00020591,US
AW-00020592,United Kingdom
AW-00020593,United States
AW-00020594,Canada
AW-00020595,United Kingdom
AW-00020596,France
AW-00020597,US
AW-00020598,Germany
AW-00020599,USA
AW-00020600,Australia
AW-00020601,France
AW-00020602,DE
AW-00020603,Germany
AW-00020604,Australia
AW-00020605,France
AW-00020606,United Kingdom
AW-00020607,USA
AW-00020608,
AW-00020609,France
AW-00020610,Germany
AW-00020611,Australia
AW-00020612,US
AW-00020613,France
AW-00020614,United Kingdom
AW-00020615,DE
AW-00020616,United States
AW-00020617,Germany
AW-00020618,Australia
AW-00020619,Australia
AW-00020620,United States
AW-00020621,United Kingdom
AW-00020622,United Kingdom
AW-00020623,United States
AW-00020624,France
AW-00020625,Canada
AW-00020626,Germany
AW-00020627,US
AW-00020628,Germany
AW-00020629,United Kingdom
AW-00020630,United States
AW-00020631,United Kingdom
AW-00020632,United Kingdom
AW-00020633,Germany
AW-00020634,France
AW-00020635,Canada
AW-00020636,Australia
AW-00020637,US
AW-00020638,US
AW-00020639,USA
AW-00020640,Germany
AW-00020641,USA
AW-00020642,Australia
AW-00020643,United States
AW-00020644,France
AW-00020645,United Kingdom
AW-00020646,Germany
AW-00020647,Canada
AW-00020648,United Kingdom
AW-00020649,Australia
AW-00020650,Australia
AW-00020651,Germany
AW-00020652,Canada
AW-00020653,United States
AW-00020654,Australia
AW-00020655,Australia
AW-00020656,US
AW-00020657,Germany
AW-00020658,Germany
AW-00020659,Australia
AW-00020660,United States
AW-00020661,Australia
AW-00020662,US
AW-00020663,Germany
AW-00020664,United States
AW-00020665,France
AW-00020666,France
AW-00020667,Australia
AW-00020668,DE
AW-00020669,DE
AW-00020670,France
AW-00020671,Australia
AW-00020672,Australia
AW-00020673,United States
AW-00020674,France
AW-00020675,USA
AW-00020676,Germany
AW-00020677,Canada
AW-00020678,France
AW-00020679,Australia
AW-00020680,Canada
AW-00020681,United Kingdom
AW-00020682,United Kingdom
AW-00020683,France
AW-00020684,France
AW-00020685,United Kingdom
AW-00020686,United States
AW-00020687,Australia
AW-00020688,Germany
AW-00020689,Germany
AW-00020690,United Kingdom
AW-00020691,Canada
AW-00020692,United States
AW-00020693,Canada
AW-00020694,US
AW-00020695,DE
AW-00020696,United States
AW-00020697,United States
AW-00020698,France
AW-00020699,DE
AW-00020700,United States
AW-00020701,United States
AW-00020702,US
AW-00020703,Australia
AW-00020704,France
AW-00020705,United States
AW-00020706,Australia
AW-00020707,Canada
AW-00020708,Australia
AW-00020709,United States
AW-00020710,Germany
AW-00020711,DE
AW-00020712,Canada
AW-00020713,United States
AW-00020714,DE
AW-00020715,Australia
AW-00020716,Australia
AW-00020717,United Kingdom
AW-00020718,Germany
AW-00020719,United States
AW-00020720,United Kingdom
AW-00020721,United States
AW-00020722,United Kingdom
AW-00020723,Germany
AW-00020724,France
AW-00020725,US
AW-00020726,Germany
AW-00020727,Australia
AW-00020728,Canada
AW-00020729,Australia
AW-00020730,Germany
AW-00020731,Australia
AW-00020732,United Kingdom
AW-00020733,US
AW-00020734,Canada
AW-00020735,Australia
AW-00020736,Canada
AW-00020737,USA
AW-00020738,United Kingdom
AW-00020739,USA
AW-00020740,United States
AW-00020741,United States
AW-00020742,USA
AW-00020743,US
AW-00020744,USA
AW-00020745,United States
AW-00020746,France
AW-00020747,DE
AW-00020748,Germany
AW-00020749,United States
AW-00020750,France
AW-00020751,
AW-00020752,Australia
AW-00020753,France
AW-00020754,United States
AW-00020755,
AW-00020756,Canada
AW-00020757,Australia
AW-00020758,USA
AW-00020759,United Kingdom
AW-00020760,Australia
AW-00020761,United States
AW-00020762,United Kingdom
AW-00020763,Australia
AW-00020764,Canada
AW-00020765,
AW-00020766,Australia
AW-00020767,Canada
AW-00020768,Canada
AW-00020769,US
AW-00020770,Canada
AW-00020771,United States
AW-00020772,Canada
AW-00020773,USA
AW-00020774,
AW-00020775,US
AW-00020776,
AW-00020777,Germany
AW-00020778,Germany
AW-00020779,Australia
AW-00020780,France
AW-00020781,United States
AW-00020782,Canada
AW-00020783,France
AW-00020784,Australia
AW-00020785,United Kingdom
AW-00020786,France
AW-00020787,Canada
AW-00020788,United Kingdom
AW-00020789,United Kingdom
AW-00020790,Australia
AW-00020791,United States
AW-00020792,USA
AW-00020793,Australia
AW-00020794,USA
AW-00020795,Australia
AW-00020796,US
AW-00020797,Canada
AW-00020798,Germany
AW-00020799,Australia
AW-00020800,United Kingdom
AW-00020801,Australia
AW-00020802,United States
AW-00020803,United States
AW-00020804,France
AW-00020805,USA
AW-00020806,Australia
AW-00020807,United Kingdom
AW-00020808,United Kingdom
AW-00020809,Australia
AW-00020810,Australia
AW-00020811,United Kingdom
AW-00020812,Canada
AW-00020813,Australia
AW-00020814,DE
AW-00020815,USA
AW-00020816,Canada
AW-00020817,DE
AW-00020818,United States
AW-00020819,US
AW-00020820,US
AW-00020821,United Kingdom
AW-00020822,
AW-00020823,United States
AW-00020824,United States
AW-00020825,Germany
AW-00020826,Canada
AW-00020827,Australia
AW-00020828,Australia
AW-00020829,Australia
AW-00020830,US
AW-00020831,Australia
AW-00020832,Australia
AW-00020833,France
AW-00020834,United Kingdom
AW-00020835,Australia
AW-00020836,Germany
AW-00020837,Canada
AW-00020838,France
AW-00020839,USA
AW-00020840,Germany
AW-00020841,United States
AW-00020842,Australia
AW-00020843,Germany
AW-00020844,Australia
AW-00020845,Australia
AW-00020846,United Kingdom
AW-00020847,
AW-00020848,United States
AW-00020849,Canada
AW-00020850,United Kingdom
AW-00020851,Australia
AW-00020852,Australia
AW-00020853,United States
AW-00020854,USA
AW-00020855,France
AW-00020856,Australia
AW-00020857,Germany
AW-00020858,United Kingdom
AW-00020859,Australia
AW-00020860,United States
AW-00020861,DE
AW-00020862,Australia
AW-00020863,Germany
AW-00020864,Australia
AW-00020865,United Kingdom
AW-00020866,United Kingdom
AW-00020867,United Kingdom
AW-00020868,Australia
AW-00020869,US
AW-00020870,United States
AW-00020871,France
AW-00020872,
AW-00020873,Canada
AW-00020874,Canada
AW-00020875,USA
AW-00020876,Canada
AW-00020877,Australia
AW-00020878,USA
AW-00020879,USA
AW-00020880,USA
AW-00020881,Canada
AW-00020882,Australia
AW-00020883,France
AW-00020884,Australia
AW-00020885,France
AW-00020886,USA
AW-00020887,US
AW-00020888,Australia
AW-00020889,Canada
AW-00020890,Australia
AW-00020891,DE
AW-00020892,France
AW-00020893,Australia
AW-00020894,United Kingdom
AW-00020895,Australia
AW-00020896,United States
AW-00020897,
AW-00020898,USA
AW-00020899,Canada
AW-00020900,United Kingdom
AW-00020901,Germany
AW-00020902,Canada
AW-00020903,United States
AW-00020904,US
AW-00020905,United States
AW-00020906,Canada
AW-00020907,United Kingdom
AW-00020908,USA
AW-00020909,US
AW-00020910,
AW-00020911,Australia
AW-00020912,
AW-00020913,Australia
AW-00020914,Canada
AW-00020915,United Kingdom
AW-00020916,France
AW-00020917,France
AW-00020918,United States
AW-00020919,
AW-00020920,Germany
AW-00020921,Australia
AW-00020922,United Kingdom
AW-00020923,Germany
AW-00020924,France
AW-00020925,France
AW-00020926,United States
AW-00020927,DE
AW-00020928,United States
AW-00020929,United Kingdom
AW-00020930,Canada
AW-00020931,Germany
AW-00020932,France
AW-00020933,France
AW-00020934,United States
AW-00020935,Canada
AW-00020936,United States
AW-00020937,United States
AW-00020938,Canada
AW-00020939,Australia
AW-00020940,United States
AW-00020941,DE
AW-00020942,United States
AW-00020943,United Kingdom
AW-00020944,US
AW-00020945,Australia
AW-00020946,DE
AW-00020947,Australia
AW-00020948,Canada
AW-00020949,United Kingdom
AW-00020950,USA
AW-00020951,Canada
AW-00020952,Canada
AW-00020953,United States
AW-00020954,France
AW-00020955,Canada
AW-00020956,France
AW-00020957,Australia
AW-00020958,US
AW-00020959,USA
AW-00020960,DE
AW-00020961,Australia
AW-00020962,USA
AW-00020963,Germany
AW-00020964,
AW-00020965,USA
AW-00020966,France
AW-00020967,Canada
AW-00020968,United States
AW-00020969,France
AW-00020970,Canada
AW-00020971,France
AW-00020972,
AW-00020973,Germany
AW-00020974,France
AW-00020975,Germany
AW-00020976,Canada
AW-00020977,United Kingdom
AW-00020978,Australia
AW-00020979,US
AW-00020980,France
AW-00020981,USA
AW-00020982,Australia
AW-00020983,France
AW-00020984,France
AW-00020985,United States
AW-00020986,United States
AW-00020987,Canada
AW-00020988,USA
AW-00020989,France
AW-00020990,Australia
AW-00020991,DE
AW-00020992,United Kingdom
AW-00020993,Australia
AW-00020994,Australia
AW-00020995,Canada
AW-00020996,Canada
AW-00020997,Australia
AW-00020998,DE
AW-00020999,Germany
AW-00021000,Australia
AW-00021001,United Kingdom
AW-00021002,United Kingdom
AW-00021003,Australia
AW-00021004,Canada
AW-00021005,United Kingdom
AW-00021006,Australia
AW-00021007,US
AW-00021008,Canada
AW-00021009,Australia
AW-00021010,
AW-00021011,France
AW-00021012,France
AW-00021013,United States
AW-00021014,Australia
AW-00021015,Australia
AW-00021016,Australia
AW-00021017,France
AW-00021018,Australia
AW-00021019,United Kingdom
AW-00021020,Canada
AW-00021021,France
AW-00021022,Australia
AW-00021023,Australia
AW-00021024,DE
AW-00021025,DE
AW-00021026,Canada
AW-00021027,Canada
AW-00021028,Canada
AW-00021029,United Kingdom
AW-00021030,Canada
AW-00021031,Germany
AW-00021032,Germany
AW-00021033,Canada
AW-00021034,Australia
AW-00021035,DE
AW-00021036,Australia
AW-00021037,United Kingdom
AW-00021038,USA
AW-00021039,Australia
AW-00021040,Australia
AW-00021041,United Kingdom
AW-00021042,Germany
AW-00021043,Australia
AW-00021044,Australia
AW-00021045,Australia
AW-00021046,Australia
AW-00021047,Germany
AW-00021048,United Kingdom
AW-00021049,United Kingdom
AW-00021050,Australia
AW-00021051,Australia
AW-00021052,Germany
AW-00021053,France
AW-00021054,Australia
AW-00021055,United Kingdom
AW-00021056,Canada
AW-00021057,
AW-00021058,US
AW-00021059,
AW-00021060,Australia
AW-00021061,Australia
AW-00021062,Australia
AW-00021063,United States
AW-00021064,United Kingdom
AW-00021065,Australia
AW-00021066,United States
AW-00021067,United States
AW-00021068,Australia
AW-00021069,Australia
AW-00021070,USA
AW-00021071,Australia
AW-00021072,France
AW-00021073,Australia
AW-00021074,France
AW-00021075,DE
AW-00021076,United States
AW-00021077,US
AW-00021078,United States
AW-00021079,DE
AW-00021080,United Kingdom
AW-00021081,Australia
AW-00021082,Australia
AW-00021083,United Kingdom
AW-00021084,United Kingdom
AW-00021085,Australia
AW-00021086,Australia
AW-00021087,DE
AW-00021088,Germany
AW-00021089,France
AW-00021090,Australia
AW-00021091,United States
AW-00021092,France
AW-00021093,Australia
AW-00021094,France
AW-00021095,France
AW-00021096,France
AW-00021097,France
AW-00021098,Germany
AW-00021099,United States
AW-00021100,USA
AW-00021101,US
AW-00021102,France
AW-00021103,Germany
AW-00021104,DE
AW-00021105,United Kingdom
AW-00021106,Germany
AW-00021107,United States
AW-00021108,Canada
AW-00021109,Canada
AW-00021110,United Kingdom
AW-00021111,United Kingdom
AW-00021112,Australia
AW-00021113,United States
AW-00021114,US
AW-00021115,
AW-00021116,Germany
AW-00021117,United States
AW-00021118,Canada
AW-00021119,US
AW-00021120,Australia
AW-00021121,Germany
AW-00021122,Canada
AW-00021123,Germany
AW-00021124,United Kingdom
AW-00021125,Australia
AW-00021126,Canada
AW-00021127,Australia
AW-00021128,United Kingdom
AW-00021129,United States
AW-00021130,United States
AW-00021131,United States
AW-00021132,Australia
AW-00021133,DE
AW-00021134,Australia
AW-00021135,United Kingdom
AW-00021136,
AW-00021137,France
AW-00021138,Germany
AW-00021139,Germany
AW-00021140,Australia
AW-00021141,Canada
AW-00021142,France
AW-00021143,Canada
AW-00021144,Australia
AW-00021145,United States
AW-00021146,France
AW-00021147,United States
AW-00021148,United States
AW-00021149,United Kingdom
AW-00021150,Australia
AW-00021151,Germany
AW-00021152,Australia
AW-00021153,Australia
AW-00021154,United Kingdom
AW-00021155,USA
AW-00021156,Germany
AW-00021157,France
AW-00021158,Australia
AW-00021159,DE
AW-00021160,Australia
AW-00021161,US
AW-00021162,United Kingdom
AW-00021163,France
AW-00021164,US
AW-00021165,United Kingdom
AW-00021166,United Kingdom
AW-00021167,USA
AW-00021168,United States
AW-00021169,Canada
AW-00021170,
AW-00021171,Canada
AW-00021172,Australia
AW-00021173,France
AW-00021174,Australia
AW-00021175,Canada
AW-00021176,United States
AW-00021177,Australia
AW-00021178,Australia
AW-00021179,US
AW-00021180,France
AW-00021181,France
AW-00021182,US
AW-00021183,Australia
AW-00021184,United Kingdom
AW-00021185,Australia
AW-00021186,US
AW-00021187,Canada
AW-00021188,Canada
AW-00021189,DE
AW-00021190,USA
AW-00021191,Australia
AW-00021192,DE
AW-00021193,Australia
AW-00021194,
AW-00021195,Australia
AW-00021196,US
AW-00021197,Australia
AW-00021198,United States
AW-00021199,Germany
AW-00021200,Germany
AW-00021201,Australia
AW-00021202,United Kingdom
AW-00021203,Germany
AW-00021204,Australia
AW-00021205,United States
AW-00021206,Canada
AW-00021207,United Kingdom
AW-00021208,DE
AW-00021209,Australia
AW-00021210,United Kingdom
AW-00021211,Australia
AW-00021212,US
AW-00021213,US
AW-00021214,US
AW-00021215,United Kingdom
AW-00021216,Canada
AW-00021217,Australia
AW-00021218,US
AW-00021219,Germany
AW-00021220,Australia
AW-00021221,Australia
AW-00021222,United States
AW-00021223,Germany
AW-00021224,USA
AW-00021225,Germany
AW-00021226,US
AW-00021227,
AW-00021228,Germany
AW-00021229,Australia
AW-00021230,Australia
AW-00021231,Australia
AW-00021232,United Kingdom
AW-00021233,United States
AW-00021234,Germany
AW-00021235,France
AW-00021236,United Kingdom
AW-00021237,United Kingdom
AW-00021238,Germany
AW-00021239,United Kingdom
AW-00021240,Canada
AW-00021241,DE
AW-00021242,France
AW-00021243,
AW-00021244,Germany
AW-00021245,Canada
AW-00021246,Australia
AW-00021247,Australia
AW-00021248,US
AW-00021249,United Kingdom
AW-00021250,Canada
AW-00021251,United Kingdom
AW-00021252,
AW-00021253,Germany
AW-00021254,US
AW-00021255,Canada
AW-00021256,Australia
AW-00021257,United Kingdom
AW-00021258,United States
AW-00021259,Australia
AW-00021260,Canada
AW-00021261,DE
AW-00021262,
AW-00021263,Australia
AW-00021264,Australia
AW-00021265,Canada
AW-00021266,United Kingdom
AW-00021267,Australia
AW-00021268,Australia
AW-00021269,France
AW-00021270,United Kingdom
AW-00021271,Germany
AW-00021272,Australia
AW-00021273,US
AW-00021274,Canada
AW-00021275,Australia
AW-00021276,US
AW-00021277,
AW-00021278,Australia
AW-00021279,United Kingdom
AW-00021280,Australia
AW-00021281,Australia
AW-00021282,United Kingdom
AW-00021283,United States
AW-00021284,United Kingdom
AW-00021285,Canada
AW-00021286,Australia
AW-00021287,Canada
AW-00021288,
AW-00021289,Germany
AW-00021290,United Kingdom
AW-00021291,United Kingdom
AW-00021292,France
AW-00021293,US
AW-00021294,Australia
AW-00021295,United States
AW-00021296,Australia
AW-00021297,US
AW-00021298,United States
AW-00021299,Canada
AW-00021300,Australia
AW-00021301,Australia
AW-00021302,United Kingdom
AW-00021303,Australia
AW-00021304,US
AW-00021305,United States
AW-00021306,Canada
AW-00021307,Germany
AW-00021308,Germany
AW-00021309,United States
AW-00021310,France
AW-00021311,United States
AW-00021312,United States
AW-00021313,France
AW-00021314,United Kingdom
AW-00021315,US
AW-00021316,Australia
AW-00021317,Canada
AW-00021318,Australia
AW-00021319,Australia
AW-00021320,United Kingdom
AW-00021321,France
AW-00021322,France
AW-00021323,US
AW-00021324,United Kingdom
AW-00021325,US
AW-00021326,Canada
AW-00021327,DE
AW-00021328,Australia
AW-00021329,Australia
AW-00021330,USA
AW-00021331,Australia
AW-00021332,Australia
AW-00021333,USA
AW-00021334,United States
AW-00021335,United Kingdom
AW-00021336,France
AW-00021337,Australia
AW-00021338,United States
AW-00021339,Australia
AW-00021340,France
AW-00021341,United Kingdom
AW-00021342,USA
AW-00021343,Germany
AW-00021344,Canada
AW-00021345,Australia
AW-00021346,France
AW-00021347,Australia
AW-00021348,Canada
AW-00021349,United Kingdom
AW-00021350,DE
AW-00021351,Canada
AW-00021352,United States
AW-00021353,France
AW-00021354,France
AW-00021355,US
AW-00021356,US
AW-00021357,Canada
AW-00021358,Germany
AW-00021359,Australia
AW-00021360,France
AW-00021361,Canada
AW-00021362,
AW-00021363,France
AW-00021364,Australia
AW-00021365,Australia
AW-00021366,Australia
AW-00021367,DE
AW-00021368,United States
AW-00021369,Germany
AW-00021370,United Kingdom
AW-00021371,Germany
AW-00021372,Australia
AW-00021373,United States
AW-00021374,Australia
AW-00021375,United States
AW-00021376,Germany
AW-00021377,Canada
AW-00021378,Australia
AW-00021379,United States
AW-00021380,United Kingdom
AW-00021381,France
AW-00021382,United States
AW-00021383,Australia
AW-00021384,France
AW-00021385,Germany
AW-00021386,United States
AW-00021387,Canada
AW-00021388,United States
AW-00021389,Australia
AW-00021390,Australia
AW-00021391,France
AW-00021392,Australia
AW-00021393,Australia
AW-00021394,United Kingdom
AW-00021395,France
AW-00021396,Canada
AW-00021397,
AW-00021398,US
AW-00021399,France
AW-00021400,Canada
AW-00021401,Australia
AW-00021402,DE
AW-00021403,Australia
AW-00021404,Australia
AW-00021405,Canada
AW-00021406,US
AW-00021407,Germany
AW-00021408,Australia
AW-00021409,US
AW-00021410,Germany
AW-00021411,Canada
AW-00021412,Canada
AW-00021413,
AW-00021414,United States
AW-00021415,Australia
AW-00021416,Australia
AW-00021417,Canada
AW-00021418,Canada
AW-00021419,
AW-00021420,United States
AW-00021421,United Kingdom
AW-00021422,Canada
AW-00021423,Australia
AW-00021424,France
AW-00021425,US
AW-00021426,DE
AW-00021427,United States
AW-00021428,United States
AW-00021429,Canada
AW-00021430,United Kingdom
AW-00021431,France
AW-00021432,Germany
AW-00021433,Australia
AW-00021434,Australia
AW-00021435,
AW-00021436,Canada
AW-00021437,USA
AW-00021438,US
AW-00021439,United Kingdom
AW-00021440,
AW-00021441,United States
AW-00021442,Australia
AW-00021443,Canada
AW-00021444,US
AW-00021445,DE
AW-00021446,Canada
AW-00021447,France
AW-00021448,Canada
AW-00021449,Australia
AW-00021450,Australia
AW-00021451,Australia
AW-00021452,Germany
AW-00021453,Australia
AW-00021454,Canada
AW-00021455,Australia
AW-00021456,United Kingdom
AW-00021457,Germany
AW-00021458,Australia
AW-00021459,Germany
AW-00021460,Australia
AW-00021461,Australia
AW-00021462,France
AW-00021463,United States
AW-00021464,US
AW-00021465,US
AW-00021466,Australia
AW-00021467,Australia
AW-00021468,Australia
AW-00021469,Australia
AW-00021470,
AW-00021471,US
AW-00021472,Germany
AW-00021473,Australia
AW-00021474,Canada
AW-00021475,Germany
AW-00021476,Australia
AW-00021477,Canada
AW-00021478,Australia
AW-00021479,Canada
AW-00021480,France
AW-00021481,United States
AW-00021482,
AW-00021483,Canada
AW-00021484,United Kingdom
AW-00021485,Australia
AW-00021486,Germany
AW-00021487,France
AW-00021488,Canada
AW-00021489,Australia
AW-00021490,Australia
AW-00021491,Canada
AW-00021492,Canada
AW-00021493,Australia
AW-00021494,Germany
AW-00021495,
AW-00021496,Canada
AW-00021497,Australia
AW-00021498,United Kingdom
AW-00021499,Australia
AW-00021500,Australia
AW-00021501,Germany
AW-00021502,France
AW-00021503,United Kingdom
AW-00021504,Canada
AW-00021505,United Kingdom
AW-00021506,
AW-00021507,US
AW-00021508,US
AW-00021509,France
AW-00021510,Canada
AW-00021511,France
AW-00021512,France
AW-00021513,France
AW-00021514,Canada
AW-00021515,Australia
AW-00021516,DE
AW-00021517,Germany
AW-00021518,Australia
AW-00021519,Australia
AW-00021520,United States
AW-00021521,Australia
AW-00021522,Australia
AW-00021523,Canada
AW-00021524,United Kingdom
AW-00021525,USA
AW-00021526,Germany
AW-00021527,United States
AW-00021528,Australia
AW-00021529,Germany
AW-00021530,United Kingdom
AW-00021531,France
AW-00021532,United Kingdom
AW-00021533,Germany
AW-00021534,Australia
AW-00021535,France
AW-00021536,Australia
AW-00021537,France
AW-00021538,United States
AW-00021539,DE
AW-00021540,USA
AW-00021541,Australia
AW-00021542,France
AW-00021543,USA
AW-00021544,USA
AW-00021545,Germany
AW-00021546,United States
AW-00021547,Germany
AW-00021548,Canada
AW-00021549,Germany
AW-00021550,Canada
AW-00021551,
AW-00021552,France
AW-00021553,USA
AW-00021554,United States
AW-00021555,Australia
AW-00021556,Australia
AW-00021557,France
AW-00021558,United States
AW-00021559,Australia
AW-00021560,United States
AW-00021561,Germany
AW-00021562,France
AW-00021563,Australia
AW-00021564,Australia
AW-00021565,Australia
AW-00021566,Germany
AW-00021567,DE
AW-00021568,USA
AW-00021569,Australia
AW-00021570,Australia
AW-00021571,DE
AW-00021572,US
AW-00021573,United Kingdom
AW-00021574,
AW-00021575,Canada
AW-00021576,Australia
AW-00021577,USA
AW-00021578,USA
AW-00021579,Germany
AW-00021580,United States
AW-00021581,Australia
AW-00021582,Germany
AW-00021583,US
AW-00021584,Germany
AW-00021585,Germany
AW-00021586,Germany
AW-00021587,United Kingdom
AW-00021588,Australia
AW-00021589,France
AW-00021590,Germany
AW-00021591,Australia
AW-00021592,France
AW-00021593,United Kingdom
AW-00021594,Canada
AW-00021595,Canada
AW-00021596,United States
AW-00021597,Canada
AW-00021598,United Kingdom
AW-00021599,France
AW-00021600,Canada
AW-00021601,US
AW-00021602,France
AW-00021603,US
AW-00021604,Australia
AW-00021605,Germany
AW-00021606,
AW-00021607,United Kingdom
AW-00021608,US
AW-00021609,
AW-00021610,France
AW-00021611,United Kingdom
AW-00021612,Australia
AW-00021613,United Kingdom
AW-00021614,Germany
AW-00021615,France
AW-00021616,United Kingdom
AW-00021617,France
AW-00021618,Australia
AW-00021619,France
AW-00021620,United States
AW-00021621,United States
AW-00021622,US
AW-00021623,Australia
AW-00021624,
AW-00021625,United Kingdom
AW-00021626,Canada
AW-00021627,Australia
AW-00021628,Australia
AW-00021629,
AW-00021630,France
AW-00021631,
AW-00021632,US
AW-00021633,Australia
AW-00021634,USA
AW-00021635,France
AW-00021636,France
AW-00021637,Germany
AW-00021638,USA
AW-00021639,Australia
AW-00021640,Canada
AW-00021641,United States
AW-00021642,Germany
AW-00021643,
AW-00021644,Germany
AW-00021645,France
AW-00021646,USA
AW-00021647,DE
AW-00021648,United States
AW-00021649,Germany
AW-00021650,
AW-00021651,USA
AW-00021652,Australia
AW-00021653,United Kingdom
AW-00021654,United States
AW-00021655,Canada
AW-00021656,Australia
AW-00021657,United Kingdom
AW-00021658,Germany
AW-00021659,Australia
AW-00021660,Germany
AW-00021661,USA
AW-00021662,United Kingdom
AW-00021663,United States
AW-00021664,France
AW-00021665,United States
AW-00021666,Canada
AW-00021667,USA
AW-00021668,United States
AW-00021669,Australia
AW-00021670,Germany
AW-00021671,US
AW-00021672,United States
AW-00021673,US
AW-00021674,Australia
AW-00021675,Germany
AW-00021676,Canada
AW-00021677,United Kingdom
AW-00021678,US
AW-00021679,Germany
AW-00021680,Canada
AW-00021681,Germany
AW-00021682,France
AW-00021683,Australia
AW-00021684,US
AW-00021685,Australia
AW-00021686,Australia
AW-00021687,Australia
AW-00021688,Australia
AW-00021689,France
AW-00021690,United States
AW-00021691,France
AW-00021692,Australia
AW-00021693,Australia
AW-00021694,United States
AW-00021695,Canada
AW-00021696,
AW-00021697,Canada
AW-00021698,Canada
AW-00021699,United States
AW-00021700,Germany
AW-00021701,Germany
AW-00021702,Australia
AW-00021703,Canada
AW-00021704,USA
AW-00021705,United Kingdom
AW-00021706,United States
AW-00021707,United States
AW-00021708,United States
AW-00021709,Canada
AW-00021710,Australia
AW-00021711,Australia
AW-00021712,Australia
AW-00021713,Germany
AW-00021714,Australia
AW-00021715,Canada
AW-00021716,United States
AW-00021717,Canada
AW-00021718,Australia
AW-00021719,
AW-00021720,Canada
AW-00021721,Germany
AW-00021722,USA
AW-00021723,USA
AW-00021724,France
AW-00021725,France
AW-00021726,France
AW-00021727,United Kingdom
AW-00021728,Germany
AW-00021729,US
AW-00021730,USA
AW-00021731,United Kingdom
AW-00021732,United States
AW-00021733,Canada
AW-00021734,
AW-00021735,
AW-00021736,Canada
AW-00021737,Australia
AW-00021738,France
AW-00021739,Germany
AW-00021740,United Kingdom
AW-00021741,Australia
AW-00021742,Germany
AW-00021743,Canada
AW-00021744,France
AW-00021745,Australia
AW-00021746,Australia
AW-00021747,Australia
AW-00021748,Australia
AW-00021749,United Kingdom
AW-00021750,US
AW-00021751,Australia
AW-00021752,Australia
AW-00021753,Germany
AW-00021754,Canada
AW-00021755,US
AW-00021756,Canada
AW-00021757,
AW-00021758,Australia
AW-00021759,United Kingdom
AW-00021760,Australia
AW-00021761,Australia
AW-00021762,Australia
AW-00021763,Canada
AW-00021764,Australia
AW-00021765,France
AW-00021766,Australia
AW-00021767,Australia
AW-00021768,Germany
AW-00021769,United States
AW-00021770,DE
AW-00021771,Canada
AW-00021772,Australia
AW-00021773,US
AW-00021774,United Kingdom
AW-00021775,
AW-00021776,Germany
AW-00021777,France
AW-00021778,United Kingdom
AW-00021779,US
AW-00021780,Germany
AW-00021781,Canada
AW-00021782,Australia
AW-00021783,Australia
AW-00021784,Canada
AW-00021785,United Kingdom
AW-00021786,Germany
AW-00021787,United Kingdom
AW-00021788,
AW-00021789,United Kingdom
AW-00021790,Australia
AW-00021791,Australia
AW-00021792,Australia
AW-00021793,Australia
AW-00021794,US
AW-00021795,Canada
AW-00021796,US
AW-00021797,United States
AW-00021798,United Kingdom
AW-00021799,Canada
AW-00021800,United Kingdom
AW-00021801,France
AW-00021802,Australia
AW-00021803,United States
AW-00021804,France
AW-00021805,United States
AW-00021806,United Kingdom
AW-00021807,Germany
AW-00021808,Australia
AW-00021809,United Kingdom
AW-00021810,Canada
AW-00021811,United Kingdom
AW-00021812,DE
AW-00021813,Australia
AW-00021814,France
AW-00021815,Australia
AW-00021816,USA
AW-00021817,United States
AW-00021818,Australia
AW-00021819,United States
AW-00021820,USA
AW-00021821,USA
AW-00021822,Canada
AW-00021823,Australia
AW-00021824,US
AW-00021825,USA
AW-00021826,Australia
AW-00021827,US
AW-00021828,US
AW-00021829,United Kingdom
AW-00021830,Australia
AW-00021831,Australia
AW-00021832,United Kingdom
AW-00021833,Germany
AW-00021834,France
AW-00021835,Australia
AW-00021836,United States
AW-00021837,US
AW-00021838,United States
AW-00021839,DE
AW-00021840,United Kingdom
AW-00021841,Australia
AW-00021842,Canada
AW-00021843,Canada
AW-00021844,Germany
AW-00021845,Australia
AW-00021846,
AW-00021847,United States
AW-00021848,United States
AW-00021849,France
AW-00021850,United States
AW-00021851,Germany
AW-00021852,Australia
AW-00021853,Germany
AW-00021854,United Kingdom
AW-00021855,Australia
AW-00021856,USA
AW-00021857,France
AW-00021858,United States
AW-00021859,Canada
AW-00021860,Canada
AW-00021861,Australia
AW-00021862,France
AW-00021863,Canada
AW-00021864,USA
AW-00021865,Canada
AW-00021866,US
AW-00021867,France
AW-00021868,United Kingdom
AW-00021869,France
AW-00021870,DE
AW-00021871,France
AW-00021872,Canada
AW-00021873,Germany
AW-00021874,US
AW-00021875,USA
AW-00021876,Germany
AW-00021877,France
AW-00021878,USA
AW-00021879,Australia
AW-00021880,Germany
AW-00021881,Canada
AW-00021882,Germany
AW-00021883,Australia
AW-00021884,USA
AW-00021885,Canada
AW-00021886,
AW-00021887,United Kingdom
AW-00021888,United States
AW-00021889,United Kingdom
AW-00021890,United States
AW-00021891,United States
AW-00021892,USA
AW-00021893,United States
AW-00021894,France
AW-00021895,Australia
AW-00021896,France
AW-00021897,United Kingdom
AW-00021898,Australia
AW-00021899,Australia
AW-00021900,Canada
AW-00021901,Australia
AW-00021902,USA
AW-00021903,US
AW-00021904,United Kingdom
AW-00021905,Germany
AW-00021906,Australia
AW-00021907,USA
AW-00021908,US
AW-00021909,US
AW-00021910,United States
AW-00021911,Australia
AW-00021912,France
AW-00021913,Canada
AW-00021914,United States
AW-00021915,Germany
AW-00021916,United Kingdom
AW-00021917,
AW-00021918,Germany
AW-00021919,Canada
AW-00021920,USA
AW-00021921,Canada
AW-00021922,Australia
AW-00021923,DE
AW-00021924,USA
AW-00021925,United Kingdom
AW-00021926,Australia
AW-00021927,Germany
AW-00021928,United States
AW-00021929,Canada
AW-00021930,United States
AW-00021931,Canada
AW-00021932,Germany
AW-00021933,Germany
AW-00021934,United States
AW-00021935,Canada
AW-00021936,France
AW-00021937,DE
AW-00021938,US
AW-00021939,Australia
AW-00021940,
AW-00021941,Australia
AW-00021942,Canada
AW-00021943,United Kingdom
AW-00021944,US
AW-00021945,United Kingdom
AW-00021946,Australia
AW-00021947,Canada
AW-00021948,United Kingdom
AW-00021949,United States
AW-00021950,United Kingdom
AW-00021951,Canada
AW-00021952,Canada
AW-00021953,
AW-00021954,Canada
AW-00021955,France
AW-00021956,United States
AW-00021957,Australia
AW-00021958,Australia
AW-00021959,US
AW-00021960,Germany
AW-00021961,Germany
AW-00021962,Germany
AW-00021963,United States
AW-00021964,Australia
AW-00021965,Canada
AW-00021966,France
AW-00021967,Australia
AW-00021968,Germany
AW-00021969,Germany
AW-00021970,France
AW-00021971,Germany
AW-00021972,USA
AW-00021973,USA
AW-00021974,USA
AW-00021975,United Kingdom
AW-00021976,US
AW-00021977,
AW-00021978,United Kingdom
AW-00021979,
AW-00021980,Canada
AW-00021981,United Kingdom
AW-00021982,US
AW-00021983,Germany
AW-00021984,Australia
AW-00021985,USA
AW-00021986,Australia
AW-00021987,United States
AW-00021988,France
AW-00021989,Australia
AW-00021990,United Kingdom
AW-00021991,Germany
AW-00021992,France
AW-00021993,United Kingdom
AW-00021994,Canada
AW-00021995,Australia
AW-00021996,Australia
AW-00021997,Germany
AW-00021998,Canada
AW-00021999,USA
AW-00022000,France
AW-00022001,Canada
AW-00022002,Australia
AW-00022003,Australia
AW-00022004,United States
AW-00022005,Australia
AW-00022006,Canada
AW-00022007,United States
AW-00022008,United Kingdom
AW-00022009,United Kingdom
AW-00022010,United Kingdom
AW-00022011,
AW-00022012,Australia
AW-00022013,France
AW-00022014,Canada
AW-00022015,United States
AW-00022016,United Kingdom
AW-00022017,Australia
AW-00022018,DE
AW-00022019,US
AW-00022020,Canada
AW-00022021,United Kingdom
AW-00022022,Canada
AW-00022023,Australia
AW-00022024,Germany
AW-00022025,US
AW-00022026,DE
AW-00022027,Australia
AW-00022028,DE
AW-00022029,DE
AW-00022030,United States
AW-00022031,Australia
AW-00022032,USA
AW-00022033,United States
AW-00022034,United Kingdom
AW-00022035,Canada
AW-00022036,US
AW-00022037,Canada
AW-00022038,Australia
AW-00022039,United States
AW-00022040,Germany
AW-00022041,Australia
AW-00022042,DE
AW-00022043,France
AW-00022044,France
AW-00022045,Canada
AW-00022046,Australia
AW-00022047,United States
AW-00022048,France
AW-00022049,Australia
AW-00022050,DE
AW-00022051,US
AW-00022052,United States
AW-00022053,Canada
AW-00022054,Australia
AW-00022055,United Kingdom
AW-00022056,
AW-00022057,Australia
AW-00022058,Germany
AW-00022059,Australia
AW-00022060,Germany
AW-00022061,Canada
AW-00022062,United States
AW-00022063,Australia
AW-00022064,DE
AW-00022065,USA
AW-00022066,France
AW-00022067,Canada
AW-00022068,Australia
AW-00022069,France
AW-00022070,DE
AW-00022071,United States
AW-00022072,France
AW-00022073,Canada
AW-00022074,United States
AW-00022075,Australia
AW-00022076,United States
AW-00022077,Australia
AW-00022078,France
AW-00022079,United Kingdom
AW-00022080,France
AW-00022081,
AW-00022082,US
AW-00022083,Canada
AW-00022084,US
AW-00022085,DE
AW-00022086,Australia
AW-00022087,United States
AW-00022088,France
AW-00022089,United States
AW-00022090,Germany
AW-00022091,Australia
AW-00022092,Canada
AW-00022093,US
AW-00022094,Germany
AW-00022095,DE
AW-00022096,Canada
AW-00022097,Canada
AW-00022098,Canada
AW-00022099,United States
AW-00022100,United States
AW-00022101,France
AW-00022102,Canada
AW-00022103,US
AW-00022104,United Kingdom
AW-00022105,Australia
AW-00022106,Australia
AW-00022107,United States
AW-00022108,Australia
AW-00022109,Germany
AW-00022110,Australia
AW-00022111,United Kingdom
AW-00022112,US
AW-00022113,United States
AW-00022114,Germany
AW-00022115,Canada
AW-00022116,France
AW-00022117,USA
AW-00022118,Canada
AW-00022119,USA
AW-00022120,
AW-00022121,United States
AW-00022122,USA
AW-00022123,Australia
AW-00022124,Australia
AW-00022125,Australia
AW-00022126,United Kingdom
AW-00022127,Canada
AW-00022128,Canada
AW-00022129,Australia
AW-00022130,France
AW-00022131,Australia
AW-00022132,United Kingdom
AW-00022133,United Kingdom
AW-00022134,US
AW-00022135,Australia
AW-00022136,US
AW-00022137,US
AW-00022138,United States
AW-00022139,Canada
AW-00022140,France
AW-00022141,United Kingdom
AW-00022142,Australia
AW-00022143,United Kingdom
AW-00022144,Australia
AW-00022145,Canada
AW-00022146,
AW-00022147,Germany
AW-00022148,Germany
AW-00022149,France
AW-00022150,United Kingdom
AW-00022151,United States
AW-00022152,DE
AW-00022153,United States
AW-00022154,US
AW-00022155,Canada
AW-00022156,US
AW-00022157,Germany
AW-00022158,Canada
AW-00022159,Canada
AW-00022160,United States
AW-00022161,United Kingdom
AW-00022162,United Kingdom
AW-00022163,Australia
AW-00022164,Canada
AW-00022165,Australia
AW-00022166,Australia
AW-00022167,Australia
AW-00022168,Canada
AW-00022169,Canada
AW-00022170,Germany
AW-00022171,France
AW-00022172,Canada
AW-00022173,Australia
AW-00022174,United States
AW-00022175,Australia
AW-00022176,USA
AW-00022177,United States
AW-00022178,Australia
AW-00022179,Australia
AW-00022180,Australia
AW-00022181,United States
AW-00022182,Germany
AW-00022183,US
AW-00022184,Canada
AW-00022185,Canada
AW-00022186,Australia
AW-00022187,United Kingdom
AW-00022188,Germany
AW-00022189,United Kingdom
AW-00022190,France
AW-00022191,United States
AW-00022192,United Kingdom
AW-00022193,France
AW-00022194,United Kingdom
AW-00022195,Germany
AW-00022196,Canada
AW-00022197,DE
AW-00022198,United States
AW-00022199,USA
AW-00022200,Australia
AW-00022201,United States
AW-00022202,France
AW-00022203,DE
AW-00022204,United States
AW-00022205,France
AW-00022206,Canada
AW-00022207,United Kingdom
AW-00022208,Germany
AW-00022209,Germany
AW-00022210,Canada
AW-00022211,Germany
AW-00022212,France
AW-00022213,USA
AW-00022214,United States
AW-00022215,France
AW-00022216,United Kingdom
AW-00022217,Australia
AW-00022218,Australia
AW-00022219,USA
AW-00022220,United States
AW-00022221,USA
AW-00022222,Germany
AW-00022223,Australia
AW-00022224,United Kingdom
AW-00022225,Canada
AW-00022226,France
AW-00022227,Australia
AW-00022228,Australia
AW-00022229,Germany
AW-00022230,United States
AW-00022231,Germany
AW-00022232,Canada
AW-00022233,Australia
AW-00022234,France
AW-00022235,Australia
AW-00022236,Australia
AW-00022237,Australia
AW-00022238,USA
AW-00022239,Australia
AW-00022240,US
AW-00022241,France
AW-00022242,France
AW-00022243,Canada
AW-00022244,Canada
AW-00022245,France
AW-00022246,France
AW-00022247,
AW-00022248,Canada
AW-00022249,Canada
AW-00022250,USA
AW-00022251,United Kingdom
AW-00022252,Australia
AW-00022253,Canada
AW-00022254,United Kingdom
AW-00022255,United Kingdom
AW-00022256,Australia
AW-00022257,Canada
AW-00022258,Australia
AW-00022259,France
AW-00022260,United Kingdom
AW-00022261,United Kingdom
AW-00022262,United States
AW-00022263,DE
AW-00022264,Canada
AW-00022265,Australia
AW-00022266,Germany
AW-00022267,Australia
AW-00022268,Germany
AW-00022269,United Kingdom
AW-00022270,Australia
AW-00022271,Germany
AW-00022272,Germany
AW-00022273,United States
AW-00022274,Australia
AW-00022275,United Kingdom
AW-00022276,United States
AW-00022277,Canada
AW-00022278,US
AW-00022279,United Kingdom
AW-00022280,France
AW-00022281,US
AW-00022282,Canada
AW-00022283,Australia
AW-00022284,Australia
AW-00022285,Australia
AW-00022286,Australia
AW-00022287,Australia
AW-00022288,United States
AW-00022289,Germany
AW-00022290,USA
AW-00022291,Canada
AW-00022292,United Kingdom
AW-00022293,USA
AW-00022294,Canada
AW-00022295,France
AW-00022296,United Kingdom
AW-00022297,Australia
AW-00022298,United Kingdom
AW-00022299,Australia
AW-00022300,Canada
AW-00022301,Australia
AW-00022302,United States
AW-00022303,Germany
AW-00022304,France
AW-00022305,Australia
AW-00022306,Australia
AW-00022307,France
AW-00022308,France
AW-00022309,United Kingdom
AW-00022310,Canada
AW-00022311,USA
AW-00022312,United Kingdom
AW-00022313,Canada
AW-00022314,United States
AW-00022315,United States
AW-00022316,Australia
AW-00022317,United Kingdom
AW-00022318,United Kingdom
AW-00022319,
AW-00022320,United States
AW-00022321,Canada
AW-00022322,United Kingdom
AW-00022323,Canada
AW-00022324,US
AW-00022325,USA
AW-00022326,USA
AW-00022327,
AW-00022328,Australia
AW-00022329,Australia
AW-00022330,Australia
AW-00022331,Australia
AW-00022332,Australia
AW-00022333,Australia
AW-00022334,US
AW-00022335,Canada
AW-00022336,DE
AW-00022337,Australia
AW-00022338,United States
AW-00022339,United States
AW-00022340,DE
AW-00022341,United States
AW-00022342,Australia
AW-00022343,France
AW-00022344,United States
AW-00022345,United States
AW-00022346,Australia
AW-00022347,France
AW-00022348,United Kingdom
AW-00022349,United States
AW-00022350,Australia
AW-00022351,Australia
AW-00022352,Canada
AW-00022353,Canada
AW-00022354,US
AW-00022355,Canada
AW-00022356,Germany
AW-00022357,Australia
AW-00022358,France
AW-00022359,Australia
AW-00022360,US
AW-00022361,France
AW-00022362,United Kingdom
AW-00022363,Canada
AW-00022364,France
AW-00022365,Australia
AW-00022366,Australia
AW-00022367,Canada
AW-00022368,Canada
AW-00022369,United Kingdom
AW-00022370,US
AW-00022371,Australia
AW-00022372,France
AW-00022373,United States
AW-00022374,United States
AW-00022375,Australia
AW-00022376,France
AW-00022377,Germany
AW-00022378,United States
AW-00022379,Australia
AW-00022380,France
AW-00022381,Australia
AW-00022382,United States
AW-00022383,Canada
AW-00022384,France
AW-00022385,Australia
AW-00022386,Germany
AW-00022387,Australia
AW-00022388,Australia
AW-00022389,Australia
AW-00022390,Australia
AW-00022391,
AW-00022392,Germany
AW-00022393,USA
AW-00022394,United Kingdom
AW-00022395,United Kingdom
AW-00022396,Australia
AW-00022397,Canada
AW-00022398,Canada
AW-00022399,United States
AW-00022400,United States
AW-00022401,United Kingdom
AW-00022402,Germany
AW-00022403,Germany
AW-00022404,Germany
AW-00022405,United Kingdom
AW-00022406,DE
AW-00022407,DE
AW-00022408,United States
AW-00022409,Australia
AW-00022410,Canada
AW-00022411,France
AW-00022412,Australia
AW-00022413,Canada
AW-00022414,Australia
AW-00022415,Australia
AW-00022416,Australia
AW-00022417,Canada
AW-00022418,United Kingdom
AW-00022419,US
AW-00022420,United States
AW-00022421,United States
AW-00022422,France
AW-00022423,Australia
AW-00022424,Canada
AW-00022425,US
AW-00022426,Australia
AW-00022427,Germany
AW-00022428,DE
AW-00022429,France
AW-00022430,United States
AW-00022431,Canada
AW-00022432,United Kingdom
AW-00022433,Australia
AW-00022434,US
AW-00022435,
AW-00022436,Germany
AW-00022437,Australia
AW-00022438,Germany
AW-00022439,Canada
AW-00022440,Australia
AW-00022441,Australia
AW-00022442,Australia
AW-00022443,United States
AW-00022444,United Kingdom
AW-00022445,United States
AW-00022446,United Kingdom
AW-00022447,Australia
AW-00022448,Germany
AW-00022449,
AW-00022450,United Kingdom
AW-00022451,Canada
AW-00022452,Australia
AW-00022453,France
AW-00022454,Canada
AW-00022455,United States
AW-00022456,Australia
AW-00022457,US
AW-00022458,Australia
AW-00022459,Canada
AW-00022460,DE
AW-00022461,United States
AW-00022462,Canada
AW-00022463,Australia
AW-00022464,Australia
AW-00022465,Australia
AW-00022466,United States
AW-00022467,Australia
AW-00022468,Germany
AW-00022469,USA
AW-00022470,US
AW-00022471,Germany
AW-00022472,Australia
AW-00022473,US
AW-00022474,United Kingdom
AW-00022475,United Kingdom
AW-00022476,Canada
AW-00022477,United States
AW-00022478,Australia
AW-00022479,DE
AW-00022480,France
AW-00022481,USA
AW-00022482,
AW-00022483,United States
AW-00022484,
AW-00022485,France
AW-00022486,USA
AW-00022487,United Kingdom
AW-00022488,US
AW-00022489,Canada
AW-00022490,Germany
AW-00022491,Australia
AW-00022492,DE
AW-00022493,Australia
AW-00022494,France
AW-00022495,Australia
AW-00022496,Australia
AW-00022497,Canada
AW-00022498,United Kingdom
AW-00022499,USA
AW-00022500,Canada
AW-00022501,Germany
AW-00022502,United Kingdom
AW-00022503,Germany
AW-00022504,United States
AW-00022505,United States
AW-00022506,Canada
AW-00022507,
AW-00022508,France
AW-00022509,US
AW-00022510,United States
AW-00022511,Australia
AW-00022512,Australia
AW-00022513,Canada
AW-00022514,United States
AW-00022515,United Kingdom
AW-00022516,Canada
AW-00022517,Canada
AW-00022518,France
AW-00022519,Australia
AW-00022520,Australia
AW-00022521,France
AW-00022522,France
AW-00022523,USA
AW-00022524,Australia
AW-00022525,Canada
AW-00022526,Canada
AW-00022527,Canada
AW-00022528,Germany
AW-00022529,Germany
AW-00022530,France
AW-00022531,Germany
AW-00022532,Australia
AW-00022533,Australia
AW-00022534,Canada
AW-00022535,Canada
AW-00022536,Australia
AW-00022537,Germany
AW-00022538,France
AW-00022539,Australia
AW-00022540,Canada
AW-00022541,Australia
AW-00022542,Canada
AW-00022543,Canada
AW-00022544,United Kingdom
AW-00022545,Germany
AW-00022546,Australia
AW-00022547,US
AW-00022548,France
AW-00022549,
AW-00022550,Canada
AW-00022551,DE
AW-00022552,United States
AW-00022553,Canada
AW-00022554,
AW-00022555,USA
AW-00022556,United States
AW-00022557,United States
AW-00022558,United Kingdom
AW-00022559,Australia
AW-00022560,Canada
AW-00022561,United States
AW-00022562,Canada
AW-00022563,France
AW-00022564,United Kingdom
AW-00022565,
AW-00022566,Australia
AW-00022567,France
AW-00022568,Australia
AW-00022569,United States
AW-00022570,United Kingdom
AW-00022571,United States
AW-00022572,United Kingdom
AW-00022573,Australia
AW-00022574,United States
AW-00022575,Germany
AW-00022576,DE
AW-00022577,
AW-00022578,Canada
AW-00022579,United States
AW-00022580,France
AW-00022581,Germany
AW-00022582,USA
AW-00022583,Germany
AW-00022584,Australia
AW-00022585,Australia
AW-00022586,Germany
AW-00022587,US
AW-00022588,US
AW-00022589,United States
AW-00022590,Australia
AW-00022591,France
AW-00022592,Australia
AW-00022593,Germany
AW-00022594,Australia
AW-00022595,Australia
AW-00022596,United States
AW-00022597,Australia
AW-00022598,Australia
AW-00022599,United Kingdom
AW-00022600,Canada
AW-00022601,
AW-00022602,DE
AW-00022603,United Kingdom
AW-00022604,United Kingdom
AW-00022605,France
AW-00022606,France
AW-00022607,United Kingdom
AW-00022608,Canada
AW-00022609,Australia
AW-00022610,United Kingdom
AW-00022611,
AW-00022612,United States
AW-00022613,Australia
AW-00022614,Germany
AW-00022615,Australia
AW-00022616,France
AW-00022617,USA
AW-00022618,United States
AW-00022619,DE
AW-00022620,Australia
AW-00022621,
AW-00022622,Germany
AW-00022623,Australia
AW-00022624,France
AW-00022625,USA
AW-00022626,United Kingdom
AW-00022627,
AW-00022628,United States
AW-00022629,Canada
AW-00022630,Australia
AW-00022631,Australia
AW-00022632,US
AW-00022633,Canada
AW-00022634,France
AW-00022635,Germany
AW-00022636,Canada
AW-00022637,Australia
AW-00022638,Australia
AW-00022639,France
AW-00022640,USA
AW-00022641,Australia
AW-00022642,Australia
AW-00022643,Canada
AW-00022644,Canada
AW-00022645,United States
AW-00022646,Germany
AW-00022647,France
AW-00022648,Canada
AW-00022649,Australia
AW-00022650,Australia
AW-00022651,Australia
AW-00022652,Canada
AW-00022653,Germany
AW-00022654,Australia
AW-00022655,United Kingdom
AW-00022656,France
AW-00022657,France
AW-00022658,France
AW-00022659,Australia
AW-00022660,United States
AW-00022661,US
AW-00022662,Australia
AW-00022663,Canada
AW-00022664,Germany
AW-00022665,Australia
AW-00022666,Canada
AW-00022667,Australia
AW-00022668,Australia
AW-00022669,
AW-00022670,Germany
AW-00022671,Germany
AW-00022672,Canada
AW-00022673,US
AW-00022674,
AW-00022675,United Kingdom
AW-00022676,Germany
AW-00022677,United States
AW-00022678,Canada
AW-00022679,United States
AW-00022680,Germany
AW-00022681,USA
AW-00022682,Germany
AW-00022683,France
AW-00022684,France
AW-00022685,Canada
AW-00022686,France
AW-00022687,Canada
AW-00022688,France
AW-00022689,France
AW-00022690,Australia
AW-00022691,US
AW-00022692,Germany
AW-00022693,France
AW-00022694,United States
AW-00022695,Germany
AW-00022696,USA
AW-00022697,DE
AW-00022698,USA
AW-00022699,Canada
AW-00022700,Australia
AW-00022701,Germany
AW-00022702,USA
AW-00022703,France
AW-00022704,Australia
AW-00022705,Germany
AW-00022706,Australia
AW-00022707,United Kingdom
AW-00022708,Germany
AW-00022709,Germany
AW-00022710,France
AW-00022711,Canada
AW-00022712,France
AW-00022713,Australia
AW-00022714,United Kingdom
AW-00022715,United States
AW-00022716,United Kingdom
AW-00022717,United Kingdom
AW-00022718,Australia
AW-00022719,Canada
AW-00022720,France
AW-00022721,United States
AW-00022722,United States
AW-00022723,United Kingdom
AW-00022724,Australia
AW-00022725,Australia
AW-00022726,Canada
AW-00022727,
AW-00022728,Canada
AW-00022729,Australia
AW-00022730,Canada
AW-00022731,Germany
AW-00022732,Canada
AW-00022733,USA
AW-00022734,Australia
AW-00022735,Australia
AW-00022736,United States
AW-00022737,Australia
AW-00022738,Australia
AW-00022739,Australia
AW-00022740,US
AW-00022741,Australia
AW-00022742,Canada
AW-00022743,Australia
AW-00022744,Australia
AW-00022745,Australia
AW-00022746,United Kingdom
AW-00022747,France
AW-00022748,Australia
AW-00022749,Canada
AW-00022750,Australia
AW-00022751,Australia
AW-00022752,France
AW-00022753,Germany
AW-00022754,United States
AW-00022755,United Kingdom
AW-00022756,United States
AW-00022757,Australia
AW-00022758,Germany
AW-00022759,United States
AW-00022760,Canada
AW-00022761,Canada
AW-00022762,Australia
AW-00022763,Australia
AW-00022764,Germany
AW-00022765,France
AW-00022766,Australia
AW-00022767,United Kingdom
AW-00022768,United States
AW-00022769,Australia
AW-00022770,Canada
AW-00022771,Australia
AW-00022772,United States
AW-00022773,Germany
AW-00022774,United States
AW-00022775,Australia
AW-00022776,Australia
AW-00022777,USA
AW-00022778,United States
AW-00022779,USA
AW-00022780,France
AW-00022781,United Kingdom
AW-00022782,France
AW-00022783,Germany
AW-00022784,Canada
AW-00022785,USA
AW-00022786,United Kingdom
AW-00022787,Australia
AW-00022788,US
AW-00022789,Australia
AW-00022790,Canada
AW-00022791,US
AW-00022792,United Kingdom
AW-00022793,US
AW-00022794,
AW-00022795,United Kingdom
AW-00022796,Australia
AW-00022797,Canada
AW-00022798,USA
AW-00022799,Germany
AW-00022800,United States
AW-00022801,Canada
AW-00022802,Australia
AW-00022803,Canada
AW-00022804,Germany
AW-00022805,Canada
AW-00022806,Australia
AW-00022807,DE
AW-00022808,France
AW-00022809,United States
AW-00022810,Australia
AW-00022811,
AW-00022812,United Kingdom
AW-00022813,Australia
AW-00022814,USA
AW-00022815,Australia
AW-00022816,Germany
AW-00022817,DE
AW-00022818,Canada
AW-00022819,United Kingdom
AW-00022820,Australia
AW-00022821,Germany
AW-00022822,Australia
AW-00022823,France
AW-00022824,United Kingdom
AW-00022825,United States
AW-00022826,France
AW-00022827,France
AW-00022828,Australia
AW-00022829,Australia
AW-00022830,US
AW-00022831,Australia
AW-00022832,Australia
AW-00022833,Germany
AW-00022834,USA
AW-00022835,
AW-00022836,United States
AW-00022837,Australia
AW-00022838,DE
AW-00022839,France
AW-00022840,US
AW-00022841,
AW-00022842,
AW-00022843,Germany
AW-00022844,Australia
AW-00022845,United States
AW-00022846,United Kingdom
AW-00022847,Australia
AW-00022848,United States
AW-00022849,Germany
AW-00022850,
AW-00022851,Canada
AW-00022852,Australia
AW-00022853,Australia
AW-00022854,Germany
AW-00022855,United Kingdom
AW-00022856,Australia
AW-00022857,Australia
AW-00022858,Canada
AW-00022859,DE
AW-00022860,US
AW-00022861,France
AW-00022862,United States
AW-00022863,USA
AW-00022864,Germany
AW-00022865,Germany
AW-00022866,Australia
AW-00022867,Germany
AW-00022868,
AW-00022869,United States
AW-00022870,France
AW-00022871,DE
AW-00022872,United States
AW-00022873,United States
AW-00022874,USA
AW-00022875,Canada
AW-00022876,USA
AW-00022877,Canada
AW-00022878,Australia
AW-00022879,France
AW-00022880,United States
AW-00022881,US
AW-00022882,USA
AW-00022883,United States
AW-00022884,Canada
AW-00022885,United States
AW-00022886,Germany
AW-00022887,France
AW-00022888,Australia
AW-00022889,Australia
AW-00022890,DE
AW-00022891,United Kingdom
AW-00022892,Australia
AW-00022893,Canada
AW-00022894,Australia
AW-00022895,Canada
AW-00022896,Australia
AW-00022897,United States
AW-00022898,United States
AW-00022899,US
AW-00022900,United States
AW-00022901,Australia
AW-00022902,United Kingdom
AW-00022903,Australia
AW-00022904,USA
AW-00022905,United Kingdom
AW-00022906,USA
AW-00022907,France
AW-00022908,United Kingdom
AW-00022909,Germany
AW-00022910,United Kingdom
AW-00022911,Canada
AW-00022912,Australia
AW-00022913,Germany
AW-00022914,Australia
AW-00022915,United Kingdom
AW-00022916,France
AW-00022917,United Kingdom
AW-00022918,USA
AW-00022919,Germany
AW-00022920,United Kingdom
AW-00022921,France
AW-00022922,US
AW-00022923,DE
AW-00022924,United States
AW-00022925,United Kingdom
AW-00022926,Canada
AW-00022927,France
AW-00022928,France
AW-00022929,Australia
AW-00022930,United States
AW-00022931,Australia
AW-00022932,
AW-00022933,United Kingdom
AW-00022934,United States
AW-00022935,Australia
AW-00022936,United Kingdom
AW-00022937,USA
AW-00022938,France
AW-00022939,US
AW-00022940,Australia
AW-00022941,US
AW-00022942,Canada
AW-00022943,United Kingdom
AW-00022944,United Kingdom
AW-00022945,Australia
AW-00022946,United Kingdom
AW-00022947,United Kingdom
AW-00022948,France
AW-00022949,United States
AW-00022950,United States
AW-00022951,Australia
AW-00022952,USA
AW-00022953,USA
AW-00022954,Australia
AW-00022955,Germany
AW-00022956,United Kingdom
AW-00022957,United Kingdom
AW-00022958,Canada
AW-00022959,Australia
AW-00022960,Germany
AW-00022961,DE
AW-00022962,
AW-00022963,Australia
AW-00022964,Australia
AW-00022965,United Kingdom
AW-00022966,US
AW-00022967,Canada
AW-00022968,Canada
AW-00022969,US
AW-00022970,Canada
AW-00022971,France
AW-00022972,Canada
AW-00022973,Canada
AW-00022974,Australia
AW-00022975,Australia
AW-00022976,
AW-00022977,United States
AW-00022978,Australia
AW-00022979,United Kingdom
AW-00022980,United States
AW-00022981,Australia
AW-00022982,Canada
AW-00022983,United States
AW-00022984,
AW-00022985,Canada
AW-00022986,Germany
AW-00022987,Canada
AW-00022988,USA
AW-00022989,Australia
AW-00022990,Canada
AW-00022991,Australia
AW-00022992,Canada
AW-00022993,United Kingdom
AW-00022994,Germany
AW-00022995,Germany
AW-00022996,Canada
AW-00022997,USA
AW-00022998,United States
AW-00022999,US
AW-00023000,Germany
AW-00023001,Germany
AW-00023002,France
AW-00023003,United Kingdom
AW-00023004,United Kingdom
AW-00023005,US
AW-00023006,United Kingdom
AW-00023007,United States
AW-00023008,United Kingdom
AW-00023009,France
AW-00023010,United States
AW-00023011,France
AW-00023012,Canada
AW-00023013,United Kingdom
AW-00023014,US
AW-00023015,Australia
AW-00023016,Australia
AW-00023017,France
AW-00023018,United Kingdom
AW-00023019,Australia
AW-00023020,United States
AW-00023021,Australia
AW-00023022,US
AW-00023023,Australia
AW-00023024,United Kingdom
AW-00023025,DE
AW-00023026,Canada
AW-00023027,United Kingdom
AW-00023028,France
AW-00023029,United Kingdom
AW-00023030,Australia
AW-00023031,US
AW-00023032,Australia
AW-00023033,USA
AW-00023034,United Kingdom
AW-00023035,Australia
AW-00023036,Australia
AW-00023037,United Kingdom
AW-00023038,Germany
AW-00023039,Australia
AW-00023040,United States
AW-00023041,DE
AW-00023042,
AW-00023043,United Kingdom
AW-00023044,Australia
AW-00023045,Australia
AW-00023046,Australia
AW-00023047,
AW-00023048,Australia
AW-00023049,Germany
AW-00023050,France
AW-00023051,Canada
AW-00023052,United States
AW-00023053,Australia
AW-00023054,France
AW-00023055,Australia
AW-00023056,United Kingdom
AW-00023057,France
AW-00023058,Germany
AW-00023059,United States
AW-00023060,Australia
AW-00023061,Australia
AW-00023062,DE
AW-00023063,Australia
AW-00023064,France
AW-00023065,United States
AW-00023066,United Kingdom
AW-00023067,France
AW-00023068,Germany
AW-00023069,Australia
AW-00023070,Australia
AW-00023071,Germany
AW-00023072,United States
AW-00023073,Australia
AW-00023074,Australia
AW-00023075,US
AW-00023076,Australia
AW-00023077,France
AW-00023078,Germany
AW-00023079,US
AW-00023080,Australia
AW-00023081,Australia
AW-00023082,Australia
AW-00023083,US
AW-00023084,Australia
AW-00023085,Germany
AW-00023086,US
AW-00023087,Australia
AW-00023088,United States
AW-00023089,Canada
AW-00023090,Australia
AW-00023091,United States
AW-00023092,France
AW-00023093,Australia
AW-00023094,Canada
AW-00023095,Australia
AW-00023096,Australia
AW-00023097,France
AW-00023098,US
AW-00023099,Germany
AW-00023100,Canada
AW-00023101,Canada
AW-00023102,Australia
AW-00023103,United Kingdom
AW-00023104,Australia
AW-00023105,United Kingdom
AW-00023106,Germany
AW-00023107,DE
AW-00023108,United States
AW-00023109,United States
AW-00023110,France
AW-00023111,Australia
AW-00023112,United Kingdom
AW-00023113,United States
AW-00023114,United States
AW-00023115,United States
AW-00023116,United States
AW-00023117,Australia
AW-00023118,Australia
AW-00023119,Australia
AW-00023120,USA
AW-00023121,DE
AW-00023122,Australia
AW-00023123,Canada
AW-00023124,Canada
AW-00023125,Australia
AW-00023126,United Kingdom
AW-00023127,Australia
AW-00023128,Germany
AW-00023129,France
AW-00023130,France
AW-00023131,Australia
AW-00023132,Australia
AW-00023133,USA
AW-00023134,United States
AW-00023135,United States
AW-00023136,Germany
AW-00023137,United Kingdom
AW-00023138,United States
AW-00023139,France
AW-00023140,Canada
AW-00023141,Australia
AW-00023142,United Kingdom
AW-00023143,United States
AW-00023144,France
AW-00023145,Germany
AW-00023146,Canada
AW-00023147,Canada
AW-00023148,Australia
AW-00023149,United States
AW-00023150,Canada
AW-00023151,DE
AW-00023152,Canada
AW-00023153,US
AW-00023154,DE
AW-00023155,Australia
AW-00023156,USA
AW-00023157,US
AW-00023158,Australia
AW-00023159,DE
AW-00023160,Canada
AW-00023161,Canada
AW-00023162,Australia
AW-00023163,Australia
AW-00023164,US
AW-00023165,Canada
AW-00023166,Australia
AW-00023167,Canada
AW-00023168,Australia
AW-00023169,United Kingdom
AW-00023170,United States
AW-00023171,United States
AW-00023172,Canada
AW-00023173,US
AW-00023174,Australia
AW-00023175,Germany
AW-00023176,United States
AW-00023177,Australia
AW-00023178,Canada
AW-00023179,Canada
AW-00023180,Australia
AW-00023181,United Kingdom
AW-00023182,Australia
AW-00023183,US
AW-00023184,Canada
AW-00023185,United Kingdom
AW-00023186,DE
AW-00023187,US
AW-00023188,Germany
AW-00023189,Australia
AW-00023190,United Kingdom
AW-00023191,United Kingdom
AW-00023192,United Kingdom
AW-00023193,Australia
AW-00023194,United States
AW-00023195,France
AW-00023196,France
AW-00023197,Canada
AW-00023198,Australia
AW-00023199,USA
AW-00023200,Canada
AW-00023201,Germany
AW-00023202,Australia
AW-00023203,DE
AW-00023204,United Kingdom
AW-00023205,United Kingdom
AW-00023206,United States
AW-00023207,USA
AW-00023208,Australia
AW-00023209,United States
AW-00023210,United Kingdom
AW-00023211,US
AW-00023212,Australia
AW-00023213,USA
AW-00023214,USA
AW-00023215,Canada
AW-00023216,US
AW-00023217,Australia
AW-00023218,Germany
AW-00023219,Australia
AW-00023220,Canada
AW-00023221,DE
AW-00023222,United Kingdom
AW-00023223,United Kingdom
AW-00023224,
AW-00023225,DE
AW-00023226,
AW-00023227,Australia
AW-00023228,Australia
AW-00023229,United States
AW-00023230,USA
AW-00023231,United Kingdom
AW-00023232,United Kingdom
AW-00023233,United States
AW-00023234,United Kingdom
AW-00023235,France
AW-00023236,DE
AW-00023237,Australia
AW-00023238,Germany
AW-00023239,Australia
AW-00023240,Australia
AW-00023241,United Kingdom
AW-00023242,United Kingdom
AW-00023243,United Kingdom
AW-00023244,Canada
AW-00023245,United Kingdom
AW-00023246,United States
AW-00023247,Australia
AW-00023248,Canada
AW-00023249,Germany
AW-00023250,Australia
AW-00023251,DE
AW-00023252,
AW-00023253,Australia
AW-00023254,
AW-00023255,USA
AW-00023256,Canada
AW-00023257,Australia
AW-00023258,France
AW-00023259,Canada
AW-00023260,Canada
AW-00023261,United States
AW-00023262,France
AW-00023263,Germany
AW-00023264,USA
AW-00023265,USA
AW-00023266,France
AW-00023267,Australia
AW-00023268,Canada
AW-00023269,US
AW-00023270,Germany
AW-00023271,France
AW-00023272,Australia
AW-00023273,Germany
AW-00023274,Canada
AW-00023275,United Kingdom
AW-00023276,United Kingdom
AW-00023277,Germany
AW-00023278,United States
AW-00023279,Australia
AW-00023280,Germany
AW-00023281,Canada
AW-00023282,US
AW-00023283,US
AW-00023284,US
AW-00023285,United Kingdom
AW-00023286,Germany
AW-00023287,France
AW-00023288,DE
AW-00023289,Australia
AW-00023290,Canada
AW-00023291,Australia
AW-00023292,Canada
AW-00023293,United States
AW-00023294,France
AW-00023295,France
AW-00023296,Australia
AW-00023297,Australia
AW-00023298,Canada
AW-00023299,Canada
AW-00023300,United Kingdom
AW-00023301,
AW-00023302,Canada
AW-00023303,DE
AW-00023304,Australia
AW-00023305,United Kingdom
AW-00023306,United Kingdom
AW-00023307,Australia
AW-00023308,Germany
AW-00023309,France
AW-00023310,Germany
AW-00023311,USA
AW-00023312,Germany
AW-00023313,Canada
AW-00023314,United States
AW-00023315,Australia
AW-00023316,US
AW-00023317,Australia
AW-00023318,DE
AW-00023319,Australia
AW-00023320,France
AW-00023321,Canada
AW-00023322,USA
AW-00023323,USA
AW-00023324,DE
AW-00023325,Australia
AW-00023326,Australia
AW-00023327,Canada
AW-00023328,United Kingdom
AW-00023329,United States
AW-00023330,Canada
AW-00023331,Canada
AW-00023332,US
AW-00023333,Australia
AW-00023334,Canada
AW-00023335,France
AW-00023336,United States
AW-00023337,United Kingdom
AW-00023338,United Kingdom
AW-00023339,France
AW-00023340,Australia
AW-00023341,Canada
AW-00023342,France
AW-00023343,France
AW-00023344,United Kingdom
AW-00023345,France
AW-00023346,United States
AW-00023347,Australia
AW-00023348,Canada
AW-00023349,United States
AW-00023350,Germany
AW-00023351,Canada
AW-00023352,United Kingdom
AW-00023353,United Kingdom
AW-00023354,United Kingdom
AW-00023355,United States
AW-00023356,Australia
AW-00023357,US
AW-00023358,Germany
AW-00023359,United States
AW-00023360,Australia
AW-00023361,DE
AW-00023362,United Kingdom
AW-00023363,DE
AW-00023364,United States
AW-00023365,United Kingdom
AW-00023366,Australia
AW-00023367,Australia
AW-00023368,Australia
AW-00023369,USA
AW-00023370,Canada
AW-00023371,United Kingdom
AW-00023372,Australia
AW-00023373,United Kingdom
AW-00023374,Australia
AW-00023375,Germany
AW-00023376,Canada
AW-00023377,Australia
AW-00023378,US
AW-00023379,Canada
AW-00023380,Australia
AW-00023381,Australia
AW-00023382,USA
AW-00023383,US
AW-00023384,US
AW-00023385,US
AW-00023386,Canada
AW-00023387,United Kingdom
AW-00023388,Australia
AW-00023389,Canada
AW-00023390,United Kingdom
AW-00023391,Australia
AW-00023392,United Kingdom
AW-00023393,Australia
AW-00023394,Australia
AW-00023395,United States
AW-00023396,Australia
AW-00023397,France
AW-00023398,Germany
AW-00023399,Canada
AW-00023400,US
AW-00023401,United States
AW-00023402,US
AW-00023403,DE
AW-00023404,Germany
AW-00023405,France
AW-00023406,Germany
AW-00023407,USA
AW-00023408,United States
AW-00023409,United Kingdom
AW-00023410,DE
AW-00023411,France
AW-00023412,DE
AW-00023413,Germany
AW-00023414,Australia
AW-00023415,United States
AW-00023416,Australia
AW-00023417,US
AW-00023418,France
AW-00023419,
AW-00023420,United States
AW-00023421,
AW-00023422,Australia
AW-00023423,Australia
AW-00023424,Germany
AW-00023425,Germany
AW-00023426,Australia
AW-00023427,Germany
AW-00023428,United Kingdom
AW-00023429,United States
AW-00023430,Australia
AW-00023431,Australia
AW-00023432,Australia
AW-00023433,DE
AW-00023434,Canada
AW-00023435,Canada
AW-00023436,Australia
AW-00023437,France
AW-00023438,Canada
AW-00023439,United Kingdom
AW-00023440,France
AW-00023441,Canada
AW-00023442,France
AW-00023443,US
AW-00023444,United Kingdom
AW-00023445,US
AW-00023446,Canada
AW-00023447,
AW-00023448,Australia
AW-00023449,United States
AW-00023450,Australia
AW-00023451,USA
AW-00023452,DE
AW-00023453,Canada
AW-00023454,Australia
AW-00023455,Australia
AW-00023456,Australia
AW-00023457,Australia
AW-00023458,United States
AW-00023459,United Kingdom
AW-00023460,France
AW-00023461,Germany
AW-00023462,DE
AW-00023463,Canada
AW-00023464,Germany
AW-00023465,Australia
AW-00023466,DE
AW-00023467,Australia
AW-00023468,Canada
AW-00023469,US
AW-00023470,
AW-00023471,United States
AW-00023472,United Kingdom
AW-00023473,USA
AW-00023474,Germany
AW-00023475,Canada
AW-00023476,France
AW-00023477,United States
AW-00023478,United States
AW-00023479,Germany
AW-00023480,
AW-00023481,US
AW-00023482,
AW-00023483,United Kingdom
AW-00023484,United Kingdom
AW-00023485,DE
AW-00023486,United States
AW-00023487,Germany
AW-00023488,Canada
AW-00023489,Canada
AW-00023490,Canada
AW-00023491,United Kingdom
AW-00023492,Canada
AW-00023493,Germany
AW-00023494,Australia
AW-00023495,United Kingdom
AW-00023496,United Kingdom
AW-00023497,Germany
AW-00023498,Canada
AW-00023499,Germany
AW-00023500,Germany
AW-00023501,US
AW-00023502,United States
AW-00023503,United Kingdom
AW-00023504,United States
AW-00023505,DE
AW-00023506,Canada
AW-00023507,Australia
AW-00023508,USA
AW-00023509,Australia
AW-00023510,Australia
AW-00023511,France
AW-00023512,Australia
AW-00023513,Australia
AW-00023514,Canada
AW-00023515,France
AW-00023516,United States
AW-00023517,United States
AW-00023518,
AW-00023519,Germany
AW-00023520,Australia
AW-00023521,US
AW-00023522,US
AW-00023523,Canada
AW-00023524,United States
AW-00023525,France
AW-00023526,France
AW-00023527,United States
AW-00023528,Canada
AW-00023529,Australia
AW-00023530,Canada
AW-00023531,US
AW-00023532,DE
AW-00023533,Australia
AW-00023534,France
AW-00023535,France
AW-00023536,Canada
AW-00023537,Canada
AW-00023538,Canada
AW-00023539,United States
AW-00023540,Australia
AW-00023541,
AW-00023542,United Kingdom
AW-00023543,Germany
AW-00023544,United States
AW-00023545,United Kingdom
AW-00023546,United Kingdom
AW-00023547,Australia
AW-00023548,Germany
AW-00023549,Canada
AW-00023550,Australia
AW-00023551,Australia
AW-00023552,Germany
AW-00023553,Canada
AW-00023554,France
AW-00023555,Australia
AW-00023556,US
AW-00023557,Australia
AW-00023558,United States
AW-00023559,US
AW-00023560,Germany
AW-00023561,USA
AW-00023562,Canada
AW-00023563,DE
AW-00023564,USA
AW-00023565,Germany
AW-00023566,France
AW-00023567,Germany
AW-00023568,Canada
AW-00023569,USA
AW-00023570,
AW-00023571,Germany
AW-00023572,United States
AW-00023573,Australia
AW-00023574,Canada
AW-00023575,Germany
AW-00023576,Germany
AW-00023577,Australia
AW-00023578,United Kingdom
AW-00023579,Canada
AW-00023580,United States
AW-00023581,France
AW-00023582,DE
AW-00023583,Australia
AW-00023584,Germany
AW-00023585,Australia
AW-00023586,Canada
AW-00023587,US
AW-00023588,France
AW-00023589,US
AW-00023590,Australia
AW-00023591,France
AW-00023592,United Kingdom
AW-00023593,US
AW-00023594,Canada
AW-00023595,Australia
AW-00023596,Australia
AW-00023597,Germany
AW-00023598,Canada
AW-00023599,USA
AW-00023600,US
AW-00023601,Australia
AW-00023602,France
AW-00023603,Australia
AW-00023604,Australia
AW-00023605,United States
AW-00023606,DE
AW-00023607,Canada
AW-00023608,United States
AW-00023609,United States
AW-00023610,Australia
AW-00023611,DE
AW-00023612,Canada
AW-00023613,United States
AW-00023614,United Kingdom
AW-00023615,France
AW-00023616,Australia
AW-00023617,France
AW-00023618,France
AW-00023619,
AW-00023620,United States
AW-00023621,United States
AW-00023622,Australia
AW-00023623,United States
AW-00023624,United Kingdom
AW-00023625,Canada
AW-00023626,US
AW-00023627,France
AW-00023628,US
AW-00023629,United Kingdom
AW-00023630,USA
AW-00023631,United States
AW-00023632,United States
AW-00023633,Germany
AW-00023634,United States
AW-00023635,US
AW-00023636,USA
AW-00023637,United Kingdom
AW-00023638,Germany
AW-00023639,France
AW-00023640,France
AW-00023641,Australia
AW-00023642,USA
AW-00023643,USA
AW-00023644,United States
AW-00023645,United Kingdom
AW-00023646,Australia
AW-00023647,France
AW-00023648,Canada
AW-00023649,France
AW-00023650,DE
AW-00023651,United Kingdom
AW-00023652,USA
AW-00023653,United Kingdom
AW-00023654,Canada
AW-00023655,Canada
AW-00023656,
AW-00023657,USA
AW-00023658,Canada
AW-00023659,France
AW-00023660,United Kingdom
AW-00023661,Canada
AW-00023662,United States
AW-00023663,Australia
AW-00023664,United States
AW-00023665,France
AW-00023666,DE
AW-00023667,Australia
AW-00023668,
AW-00023669,Australia
AW-00023670,United States
AW-00023671,United Kingdom
AW-00023672,
AW-00023673,Canada
AW-00023674,United States
AW-00023675,Canada
AW-00023676,Australia
AW-00023677,Canada
AW-00023678,Australia
AW-00023679,Canada
AW-00023680,Australia
AW-00023681,United States
AW-00023682,France
AW-00023683,
AW-00023684,DE
AW-00023685,Australia
AW-00023686,Australia
AW-00023687,Canada
AW-00023688,United Kingdom
AW-00023689,Canada
AW-00023690,Canada
AW-00023691,Germany
AW-00023692,Australia
AW-00023693,Canada
AW-00023694,
AW-00023695,Canada
AW-00023696,United Kingdom
AW-00023697,Canada
AW-00023698,Australia
AW-00023699,France
AW-00023700,Canada
AW-00023701,Australia
AW-00023702,Australia
AW-00023703,France
AW-00023704,United Kingdom
AW-00023705,Australia
AW-00023706,United Kingdom
AW-00023707,Australia
AW-00023708,USA
AW-00023709,Australia
AW-00023710,Australia
AW-00023711,Australia
AW-00023712,Canada
AW-00023713,United States
AW-00023714,United Kingdom
AW-00023715,Canada
AW-00023716,DE
AW-00023717,Australia
AW-00023718,Canada
AW-00023719,Australia
AW-00023720,Germany
AW-00023721,Australia
AW-00023722,Canada
AW-00023723,Australia
AW-00023724,DE
AW-00023725,
AW-00023726,Australia
AW-00023727,France
AW-00023728,France
AW-00023729,DE
AW-00023730,Germany
AW-00023731,USA
AW-00023732,United States
AW-00023733,United Kingdom
AW-00023734,Australia
AW-00023735,
AW-00023736,United States
AW-00023737,United Kingdom
AW-00023738,France
AW-00023739,United States
AW-00023740,United States
AW-00023741,United Kingdom
AW-00023742,Australia
AW-00023743,United States
AW-00023744,United States
AW-00023745,USA
AW-00023746,US
AW-00023747,United States
AW-00023748,United States
AW-00023749,US
AW-00023750,USA
AW-00023751,DE
AW-00023752,United States
AW-00023753,Australia
AW-00023754,United Kingdom
AW-00023755,Australia
AW-00023756,Germany
AW-00023757,Australia
AW-00023758,Australia
AW-00023759,US
AW-00023760,US
AW-00023761,US
AW-00023762,Canada
AW-00023763,Australia
AW-00023764,United Kingdom
AW-00023765,
AW-00023766,Canada
AW-00023767,United States
AW-00023768,United States
AW-00023769,US
AW-00023770,Germany
AW-00023771,United Kingdom
AW-00023772,United States
AW-00023773,United States
AW-00023774,France
AW-00023775,France
AW-00023776,Canada
AW-00023777,Australia
AW-00023778,DE
AW-00023779,Canada
AW-00023780,Germany
AW-00023781,Canada
AW-00023782,Germany
AW-00023783,Canada
AW-00023784,Australia
AW-00023785,Australia
AW-00023786,France
AW-00023787,USA
AW-00023788,Germany
AW-00023789,France
AW-00023790,United States
AW-00023791,United Kingdom
AW-00023792,United States
AW-00023793,United Kingdom
AW-00023794,United Kingdom
AW-00023795,United Kingdom
AW-00023796,US
AW-00023797,France
AW-00023798,United Kingdom
AW-00023799,Australia
AW-00023800,United States
AW-00023801,US
AW-00023802,Australia
AW-00023803,United States
AW-00023804,Australia
AW-00023805,United States
AW-00023806,Australia
AW-00023807,United States
AW-00023808,Australia
AW-00023809,Australia
AW-00023810,Canada
AW-00023811,United States
AW-00023812,United Kingdom
AW-00023813,Germany
AW-00023814,Canada
AW-00023815,United States
AW-00023816,United Kingdom
AW-00023817,US
AW-00023818,Canada
AW-00023819,US
AW-00023820,Germany
AW-00023821,United Kingdom
AW-00023822,Canada
AW-00023823,Canada
AW-00023824,Germany
AW-00023825,United States
AW-00023826,Canada
AW-00023827,Canada
AW-00023828,France
AW-00023829,United States
AW-00023830,Germany
AW-00023831,United States
AW-00023832,France
AW-00023833,US
AW-00023834,Canada
AW-00023835,Australia
AW-00023836,Canada
AW-00023837,US
AW-00023838,DE
AW-00023839,United States
AW-00023840,USA
AW-00023841,United Kingdom
AW-00023842,Australia
AW-00023843,United States
AW-00023844,Canada
AW-00023845,Australia
AW-00023846,United States
AW-00023847,Australia
AW-00023848,Australia
AW-00023849,United States
AW-00023850,United Kingdom
AW-00023851,Australia
AW-00023852,United States
AW-00023853,Canada
AW-00023854,Australia
AW-00023855,United Kingdom
AW-00023856,France
AW-00023857,Germany
AW-00023858,Canada
AW-00023859,Germany
AW-00023860,Australia
AW-00023861,United Kingdom
AW-00023862,France
AW-00023863,Canada
AW-00023864,Australia
AW-00023865,United States
AW-00023866,US
AW-00023867,US
AW-00023868,United States
AW-00023869,France
AW-00023870,Australia
AW-00023871,United States
AW-00023872,Australia
AW-00023873,Australia
AW-00023874,United States
AW-00023875,Canada
AW-00023876,Canada
AW-00023877,US
AW-00023878,Australia
AW-00023879,USA
AW-00023880,
AW-00023881,USA
AW-00023882,Canada
AW-00023883,US
AW-00023884,Australia
AW-00023885,Canada
AW-00023886,United States
AW-00023887,Canada
AW-00023888,United Kingdom
AW-00023889,France
AW-00023890,Australia
AW-00023891,DE
AW-00023892,Canada
AW-00023893,Australia
AW-00023894,USA
AW-00023895,Australia
AW-00023896,United States
AW-00023897,Australia
AW-00023898,Australia
AW-00023899,Australia
AW-00023900,DE
AW-00023901,Australia
AW-00023902,Australia
AW-00023903,United States
AW-00023904,Australia
AW-00023905,United Kingdom
AW-00023906,US
AW-00023907,France
AW-00023908,Germany
AW-00023909,United States
AW-00023910,United Kingdom
AW-00023911,Germany
AW-00023912,USA
AW-00023913,Australia
AW-00023914,Germany
AW-00023915,France
AW-00023916,Australia
AW-00023917,France
AW-00023918,Canada
AW-00023919,DE
AW-00023920,France
AW-00023921,United States
AW-00023922,Australia
AW-00023923,
AW-00023924,Canada
AW-00023925,France
AW-00023926,United States
AW-00023927,Australia
AW-00023928,United States
AW-00023929,Canada
AW-00023930,US
AW-00023931,United States
AW-00023932,Canada
AW-00023933,Australia
AW-00023934,Canada
AW-00023935,Australia
AW-00023936,Australia
AW-00023937,Canada
AW-00023938,DE
AW-00023939,Australia
AW-00023940,Australia
AW-00023941,United States
AW-00023942,United Kingdom
AW-00023943,Germany
AW-00023944,Australia
AW-00023945,Germany
AW-00023946,USA
AW-00023947,US
AW-00023948,Germany
AW-00023949,France
AW-00023950,Australia
AW-00023951,Australia
AW-00023952,US
AW-00023953,Germany
AW-00023954,DE
AW-00023955,France
AW-00023956,Canada
AW-00023957,Canada
AW-00023958,
AW-00023959,Canada
AW-00023960,United Kingdom
AW-00023961,United States
AW-00023962,United States
AW-00023963,France
AW-00023964,US
AW-00023965,Australia
AW-00023966,France
AW-00023967,DE
AW-00023968,United States
AW-00023969,Australia
AW-00023970,Germany
AW-00023971,Canada
AW-00023972,United States
AW-00023973,Germany
AW-00023974,United Kingdom
AW-00023975,United Kingdom
AW-00023976,Australia
AW-00023977,Australia
AW-00023978,Australia
AW-00023979,Canada
AW-00023980,Australia
AW-00023981,United States
AW-00023982,United Kingdom
AW-00023983,United Kingdom
AW-00023984,Germany
AW-00023985,United States
AW-00023986,Germany
AW-00023987,United States
AW-00023988,Australia
AW-00023989,Australia
AW-00023990,United Kingdom
AW-00023991,Germany
AW-00023992,France
AW-00023993,France
AW-00023994,Germany
AW-00023995,Canada
AW-00023996,United States
AW-00023997,United Kingdom
AW-00023998,United States
AW-00023999,DE
AW-00024000,United Kingdom
AW-00024001,USA
AW-00024002,Canada
AW-00024003,United Kingdom
AW-00024004,France
AW-00024005,United Kingdom
AW-00024006,US
AW-00024007,France
AW-00024008,Canada
AW-00024009,Germany
AW-00024010,Canada
AW-00024011,France
AW-00024012,
AW-00024013,DE
AW-00024014,Canada
AW-00024015,Australia
AW-00024016,USA
AW-00024017,Australia
AW-00024018,
AW-00024019,DE
AW-00024020,United Kingdom
AW-00024021,Australia
AW-00024022,Canada
AW-00024023,United Kingdom
AW-00024024,France
AW-00024025,USA
AW-00024026,Australia
AW-00024027,Canada
AW-00024028,United States
AW-00024029,Germany
AW-00024030,France
AW-00024031,United States
AW-00024032,Canada
AW-00024033,United Kingdom
AW-00024034,Australia
AW-00024035,United States
AW-00024036,Australia
AW-00024037,France
AW-00024038,Canada
AW-00024039,Germany
AW-00024040,Canada
AW-00024041,France
AW-00024042,Australia
AW-00024043,United Kingdom
AW-00024044,United Kingdom
AW-00024045,United States
AW-00024046,Germany
AW-00024047,Germany
AW-00024048,Germany
AW-00024049,Australia
AW-00024050,Canada
AW-00024051,DE
AW-00024052,United States
AW-00024053,Canada
AW-00024054,France
AW-00024055,Germany
AW-00024056,Australia
AW-00024057,DE
AW-00024058,Australia
AW-00024059,United States
AW-00024060,France
AW-00024061,Australia
AW-00024062,France
AW-00024063,France
AW-00024064,Germany
AW-00024065,USA
AW-00024066,Australia
AW-00024067,Australia
AW-00024068,Canada
AW-00024069,US
AW-00024070,Germany
AW-00024071,Australia
AW-00024072,Germany
AW-00024073,France
AW-00024074,United States
AW-00024075,DE
AW-00024076,Germany
AW-00024077,Germany
AW-00024078,Australia
AW-00024079,France
AW-00024080,
AW-00024081,Australia
AW-00024082,Canada
AW-00024083,US
AW-00024084,Australia
AW-00024085,United States
AW-00024086,United States
AW-00024087,Canada
AW-00024088,Germany
AW-00024089,USA
AW-00024090,USA
AW-00024091,Germany
AW-00024092,Canada
AW-00024093,United Kingdom
AW-00024094,France
AW-00024095,USA
AW-00024096,Australia
AW-00024097,Canada
AW-00024098,Germany
AW-00024099,USA
AW-00024100,United Kingdom
AW-00024101,Australia
AW-00024102,Australia
AW-00024103,Germany
AW-00024104,Australia
AW-00024105,France
AW-00024106,United Kingdom
AW-00024107,United Kingdom
AW-00024108,France
AW-00024109,Australia
AW-00024110,Canada
AW-00024111,United States
AW-00024112,United States
AW-00024113,Australia
AW-00024114,Canada
AW-00024115,United Kingdom
AW-00024116,Germany
AW-00024117,USA
AW-00024118,United States
AW-00024119,Australia
AW-00024120,Australia
AW-00024121,France
AW-00024122,Germany
AW-00024123,Australia
AW-00024124,US
AW-00024125,USA
AW-00024126,United States
AW-00024127,France
AW-00024128,United States
AW-00024129,France
AW-00024130,Australia
AW-00024131,Australia
AW-00024132,Australia
AW-00024133,US
AW-00024134,Germany
AW-00024135,Germany
AW-00024136,DE
AW-00024137,DE
AW-00024138,France
AW-00024139,Australia
AW-00024140,Australia
AW-00024141,Australia
AW-00024142,United States
AW-00024143,US
AW-00024144,United States
AW-00024145,United States
AW-00024146,Australia
AW-00024147,Australia
AW-00024148,Germany
AW-00024149,DE
AW-00024150,United Kingdom
AW-00024151,France
AW-00024152,Canada
AW-00024153,Australia
AW-00024154,United States
AW-00024155,Canada
AW-00024156,Australia
AW-00024157,
AW-00024158,Canada
AW-00024159,France
AW-00024160,France
AW-00024161,Germany
AW-00024162,United States
AW-00024163,
AW-00024164,Canada
AW-00024165,United Kingdom
AW-00024166,Australia
AW-00024167,
AW-00024168,Australia
AW-00024169,France
AW-00024170,US
AW-00024171,
AW-00024172,United Kingdom
AW-00024173,Australia
AW-00024174,USA
AW-00024175,Australia
AW-00024176,DE
AW-00024177,US
AW-00024178,France
AW-00024179,United Kingdom
AW-00024180,United Kingdom
AW-00024181,Australia
AW-00024182,US
AW-00024183,United States
AW-00024184,Australia
AW-00024185,Canada
AW-00024186,United States
AW-00024187,Canada
AW-00024188,US
AW-00024189,Australia
AW-00024190,United Kingdom
AW-00024191,United Kingdom
AW-00024192,
AW-00024193,
AW-00024194,Australia
AW-00024195,Australia
AW-00024196,United Kingdom
AW-00024197,United Kingdom
AW-00024198,USA
AW-00024199,Canada
AW-00024200,France
AW-00024201,France
AW-00024202,Germany
AW-00024203,Germany
AW-00024204,Australia
AW-00024205,Canada
AW-00024206,Australia
AW-00024207,Australia
AW-00024208,France
AW-00024209,United Kingdom
AW-00024210,Australia
AW-00024211,Australia
AW-00024212,DE
AW-00024213,Germany
AW-00024214,France
AW-00024215,France
AW-00024216,Australia
AW-00024217,Canada
AW-00024218,United States
AW-00024219,Germany
AW-00024220,USA
AW-00024221,Canada
AW-00024222,USA
AW-00024223,France
AW-00024224,
AW-00024225,DE
AW-00024226,Canada
AW-00024227,Australia
AW-00024228,United States
AW-00024229,Canada
AW-00024230,Australia
AW-00024231,United States
AW-00024232,Australia
AW-00024233,United Kingdom
AW-00024234,Australia
AW-00024235,United Kingdom
AW-00024236,DE
AW-00024237,Australia
AW-00024238,Australia
AW-00024239,Australia
AW-00024240,United States
AW-00024241,Australia
AW-00024242,
AW-00024243,US
AW-00024244,Australia
AW-00024245,Australia
AW-00024246,Australia
AW-00024247,Germany
AW-00024248,USA
AW-00024249,Australia
AW-00024250,Australia
AW-00024251,Australia
AW-00024252,United States
AW-00024253,Canada
AW-00024254,United States
AW-00024255,Australia
AW-00024256,Australia
AW-00024257,Australia
AW-00024258,Australia
AW-00024259,Australia
AW-00024260,USA
AW-00024261,Australia
AW-00024262,Australia
AW-00024263,Australia
AW-00024264,United States
AW-00024265,Germany
AW-00024266,Canada
AW-00024267,DE
AW-00024268,Australia
AW-00024269,USA
AW-00024270,
AW-00024271,Canada
AW-00024272,Australia
AW-00024273,United States
AW-00024274,Canada
AW-00024275,Canada
AW-00024276,France
AW-00024277,United States
AW-00024278,Australia
AW-00024279,DE
AW-00024280,Australia
AW-00024281,Canada
AW-00024282,United Kingdom
AW-00024283,Australia
AW-00024284,United States
AW-00024285,Canada
AW-00024286,Australia
AW-00024287,DE
AW-00024288,France
AW-00024289,
AW-00024290,United Kingdom
AW-00024291,Canada
AW-00024292,Canada
AW-00024293,France
AW-00024294,France
AW-00024295,Australia
AW-00024296,Germany
AW-00024297,Canada
AW-00024298,France
AW-00024299,
AW-00024300,Canada
AW-00024301,USA
AW-00024302,Australia
AW-00024303,United Kingdom
AW-00024304,United States
AW-00024305,United Kingdom
AW-00024306,Canada
AW-00024307,US
AW-00024308,USA
AW-00024309,Canada
AW-00024310,Australia
AW-00024311,USA
AW-00024312,United Kingdom
AW-00024313,Germany
AW-00024314,United States
AW-00024315,Canada
AW-00024316,France
AW-00024317,Australia
AW-00024318,Canada
AW-00024319,United Kingdom
AW-00024320,USA
AW-00024321,United States
AW-00024322,Canada
AW-00024323,USA
AW-00024324,Germany
AW-00024325,Canada
AW-00024326,Australia
AW-00024327,Australia
AW-00024328,Australia
AW-00024329,France
AW-00024330,Germany
AW-00024331,DE
AW-00024332,Canada
AW-00024333,US
AW-00024334,United Kingdom
AW-00024335,France
AW-00024336,
AW-00024337,USA
AW-00024338,Australia
AW-00024339,United Kingdom
AW-00024340,Canada
AW-00024341,Germany
AW-00024342,United States
AW-00024343,Australia
AW-00024344,Germany
AW-00024345,Australia
AW-00024346,United States
AW-00024347,US
AW-00024348,Australia
AW-00024349,France
AW-00024350,DE
AW-00024351,United States
AW-00024352,Australia
AW-00024353,United Kingdom
AW-00024354,DE
AW-00024355,USA
AW-00024356,United Kingdom
AW-00024357,Australia
AW-00024358,United Kingdom
AW-00024359,US
AW-00024360,USA
AW-00024361,Australia
AW-00024362,Canada
AW-00024363,Australia
AW-00024364,United Kingdom
AW-00024365,Australia
AW-00024366,United States
AW-00024367,Germany
AW-00024368,Australia
AW-00024369,Australia
AW-00024370,Australia
AW-00024371,Canada
AW-00024372,France
AW-00024373,France
AW-00024374,France
AW-00024375,United Kingdom
AW-00024376,
AW-00024377,France
AW-00024378,Canada
AW-00024379,Australia
AW-00024380,United Kingdom
AW-00024381,
AW-00024382,Australia
AW-00024383,United Kingdom
AW-00024384,Germany
AW-00024385,United States
AW-00024386,USA
AW-00024387,USA
AW-00024388,France
AW-00024389,France
AW-00024390,Australia
AW-00024391,Australia
AW-00024392,Australia
AW-00024393,Australia
AW-00024394,France
AW-00024395,Canada
AW-00024396,US
AW-00024397,France
AW-00024398,
AW-00024399,Australia
AW-00024400,United States
AW-00024401,Germany
AW-00024402,Germany
AW-00024403,Canada
AW-00024404,France
AW-00024405,France
AW-00024406,United States
AW-00024407,Germany
AW-00024408,DE
AW-00024409,Australia
AW-00024410,Germany
AW-00024411,United Kingdom
AW-00024412,Australia
AW-00024413,
AW-00024414,Germany
AW-00024415,Germany
AW-00024416,United States
AW-00024417,DE
AW-00024418,Australia
AW-00024419,France
AW-00024420,Canada
AW-00024421,Australia
AW-00024422,United Kingdom
AW-00024423,France
AW-00024424,United States
AW-00024425,France
AW-00024426,United States
AW-00024427,United Kingdom
AW-00024428,DE
AW-00024429,Germany
AW-00024430,United States
AW-00024431,DE
AW-00024432,Canada
AW-00024433,Australia
AW-00024434,US
AW-00024435,
AW-00024436,United Kingdom
AW-00024437,US
AW-00024438,Australia
AW-00024439,Canada
AW-00024440,France
AW-00024441,United Kingdom
AW-00024442,United States
AW-00024443,United Kingdom
AW-00024444,United States
AW-00024445,Australia
AW-00024446,United States
AW-00024447,
AW-00024448,USA
AW-00024449,DE
AW-00024450,Australia
AW-00024451,United States
AW-00024452,Australia
AW-00024453,DE
AW-00024454,Australia
AW-00024455,Germany
AW-00024456,Canada
AW-00024457,United States
AW-00024458,United States
AW-00024459,United Kingdom
AW-00024460,US
AW-00024461,Australia
AW-00024462,Australia
AW-00024463,Australia
AW-00024464,
AW-00024465,DE
AW-00024466,Australia
AW-00024467,United States
AW-00024468,United States
AW-00024469,Australia
AW-00024470,Canada
AW-00024471,United Kingdom
AW-00024472,Australia
AW-00024473,Canada
AW-00024474,France
AW-00024475,USA
AW-00024476,Canada
AW-00024477,Australia
AW-00024478,Australia
AW-00024479,United Kingdom
AW-00024480,United Kingdom
AW-00024481,USA
AW-00024482,United States
AW-00024483,United States
AW-00024484,US
AW-00024485,DE
AW-00024486,United States
AW-00024487,Australia
AW-00024488,Canada
AW-00024489,France
AW-00024490,Canada
AW-00024491,France
AW-00024492,Germany
AW-00024493,France
AW-00024494,Canada
AW-00024495,Australia
AW-00024496,United States
AW-00024497,US
AW-00024498,USA
AW-00024499,France
AW-00024500,DE
AW-00024501,Canada
AW-00024502,United Kingdom
AW-00024503,France
AW-00024504,United Kingdom
AW-00024505,Canada
AW-00024506,Canada
AW-00024507,United States
AW-00024508,United States
AW-00024509,Canada
AW-00024510,Germany
AW-00024511,France
AW-00024512,Australia
AW-00024513,Australia
AW-00024514,Germany
AW-00024515,United States
AW-00024516,Australia
AW-00024517,Germany
AW-00024518,DE
AW-00024519,Canada
AW-00024520,United Kingdom
AW-00024521,Germany
AW-00024522,Australia
AW-00024523,Australia
AW-00024524,Canada
AW-00024525,United States
AW-00024526,Australia
AW-00024527,Germany
AW-00024528,Germany
AW-00024529,Canada
AW-00024530,DE
AW-00024531,Australia
AW-00024532,DE
AW-00024533,US
AW-00024534,US
AW-00024535,United Kingdom
AW-00024536,Australia
AW-00024537,Australia
AW-00024538,Australia
AW-00024539,Germany
AW-00024540,Germany
AW-00024541,Australia
AW-00024542,Germany
AW-00024543,Australia
AW-00024544,Australia
AW-00024545,United States
AW-00024546,USA
AW-00024547,USA
AW-00024548,US
AW-00024549,United Kingdom
AW-00024550,United Kingdom
AW-00024551,US
AW-00024552,Canada
AW-00024553,United Kingdom
AW-00024554,United Kingdom
AW-00024555,US
AW-00024556,Canada
AW-00024557,France
AW-00024558,Canada
AW-00024559,Australia
AW-00024560,France
AW-00024561,France
AW-00024562,United States
AW-00024563,United States
AW-00024564,Canada
AW-00024565,Germany
AW-00024566,Australia
AW-00024567,Canada
AW-00024568,
AW-00024569,DE
AW-00024570,France
AW-00024571,France
AW-00024572,USA
AW-00024573,Australia
AW-00024574,United Kingdom
AW-00024575,France
AW-00024576,DE
AW-00024577,US
AW-00024578,France
AW-00024579,France
AW-00024580,Germany
AW-00024581,USA
AW-00024582,Canada
AW-00024583,United States
AW-00024584,Australia
AW-00024585,Germany
AW-00024586,Australia
AW-00024587,USA
AW-00024588,Australia
AW-00024589,France
AW-00024590,Australia
AW-00024591,
AW-00024592,Germany
AW-00024593,France
AW-00024594,Australia
AW-00024595,United Kingdom
AW-00024596,Germany
AW-00024597,Germany
AW-00024598,Germany
AW-00024599,Australia
AW-00024600,Australia
AW-00024601,France
AW-00024602,Germany
AW-00024603,Germany
AW-00024604,Australia
AW-00024605,Canada
AW-00024606,Germany
AW-00024607,
AW-00024608,USA
AW-00024609,United Kingdom
AW-00024610,DE
AW-00024611,United States
AW-00024612,Australia
AW-00024613,Australia
AW-00024614,Germany
AW-00024615,United States
AW-00024616,United States
AW-00024617,USA
AW-00024618,Canada
AW-00024619,United States
AW-00024620,
AW-00024621,France
AW-00024622,United States
AW-00024623,United Kingdom
AW-00024624,Australia
AW-00024625,France
AW-00024626,Australia
AW-00024627,Canada
AW-00024628,France
AW-00024629,Australia
AW-00024630,Australia
AW-00024631,Germany
AW-00024632,Canada
AW-00024633,Canada
AW-00024634,Australia
AW-00024635,United Kingdom
AW-00024636,US
AW-00024637,France
AW-00024638,DE
AW-00024639,USA
AW-00024640,Germany
AW-00024641,
AW-00024642,
AW-00024643,United Kingdom
AW-00024644,USA
AW-00024645,United States
AW-00024646,France
AW-00024647,
AW-00024648,France
AW-00024649,Canada
AW-00024650,Germany
AW-00024651,United States
AW-00024652,United States
AW-00024653,United Kingdom
AW-00024654,Canada
AW-00024655,Australia
AW-00024656,Australia
AW-00024657,Canada
AW-00024658,Canada
AW-00024659,France
AW-00024660,Australia
AW-00024661,Germany
AW-00024662,Australia
AW-00024663,USA
AW-00024664,Australia
AW-00024665,Canada
AW-00024666,US
AW-00024667,United States
AW-00024668,
AW-00024669,United States
AW-00024670,United Kingdom
AW-00024671,USA
AW-00024672,Canada
AW-00024673,France
AW-00024674,Canada
AW-00024675,United Kingdom
AW-00024676,United States
AW-00024677,Australia
AW-00024678,
AW-00024679,Australia
AW-00024680,United States
AW-00024681,US
AW-00024682,US
AW-00024683,Australia
AW-00024684,United States
AW-00024685,United Kingdom
AW-00024686,USA
AW-00024687,France
AW-00024688,Australia
AW-00024689,France
AW-00024690,Australia
AW-00024691,United Kingdom
AW-00024692,France
AW-00024693,United States
AW-00024694,Germany
AW-00024695,US
AW-00024696,United States
AW-00024697,USA
AW-00024698,Canada
AW-00024699,Australia
AW-00024700,Australia
AW-00024701,Canada
AW-00024702,US
AW-00024703,United States
AW-00024704,United Kingdom
AW-00024705,Australia
AW-00024706,United Kingdom
AW-00024707,United Kingdom
AW-00024708,United States
AW-00024709,France
AW-00024710,France
AW-00024711,DE
AW-00024712,United States
AW-00024713,France
AW-00024714,France
AW-00024715,France
AW-00024716,France
AW-00024717,Australia
AW-00024718,USA
AW-00024719,DE
AW-00024720,United Kingdom
AW-00024721,Canada
AW-00024722,France
AW-00024723,Australia
AW-00024724,Australia
AW-00024725,Germany
AW-00024726,France
AW-00024727,Australia
AW-00024728,USA
AW-00024729,Canada
AW-00024730,United Kingdom
AW-00024731,USA
AW-00024732,Australia
AW-00024733,France
AW-00024734,Germany
AW-00024735,USA
AW-00024736,Australia
AW-00024737,Canada
AW-00024738,Australia
AW-00024739,Australia
AW-00024740,France
AW-00024741,Canada
AW-00024742,United States
AW-00024743,DE
AW-00024744,Germany
AW-00024745,United Kingdom
AW-00024746,Germany
AW-00024747,Germany
AW-00024748,DE
AW-00024749,Australia
AW-00024750,Germany
AW-00024751,Australia
AW-00024752,United Kingdom
AW-00024753,Canada
AW-00024754,Germany
AW-00024755,Australia
AW-00024756,USA
AW-00024757,Australia
AW-00024758,Australia
AW-00024759,United Kingdom
AW-00024760,USA
AW-00024761,United Kingdom
AW-00024762,Australia
AW-00024763,Australia
AW-00024764,DE
AW-00024765,USA
AW-00024766,United Kingdom
AW-00024767,Australia
AW-00024768,
AW-00024769,United States
AW-00024770,DE
AW-00024771,DE
AW-00024772,United Kingdom
AW-00024773,Australia
AW-00024774,Canada
AW-00024775,United Kingdom
AW-00024776,Canada
AW-00024777,Australia
AW-00024778,Canada
AW-00024779,Australia
AW-00024780,United States
AW-00024781,Germany
AW-00024782,Australia
AW-00024783,United Kingdom
AW-00024784,DE
AW-00024785,France
AW-00024786,United Kingdom
AW-00024787,United Kingdom
AW-00024788,France
AW-00024789,Australia
AW-00024790,Germany
AW-00024791,United Kingdom
AW-00024792,Canada
AW-00024793,United Kingdom
AW-00024794,Germany
AW-00024795,Australia
AW-00024796,United Kingdom
AW-00024797,US
AW-00024798,Canada
AW-00024799,United Kingdom
AW-00024800,DE
AW-00024801,Australia
AW-00024802,United Kingdom
AW-00024803,Australia
AW-00024804,US
AW-00024805,Canada
AW-00024806,Australia
AW-00024807,Canada
AW-00024808,United States
AW-00024809,France
AW-00024810,US
AW-00024811,United States
AW-00024812,Australia
AW-00024813,Australia
AW-00024814,USA
AW-00024815,Australia
AW-00024816,
AW-00024817,United Kingdom
AW-00024818,US
AW-00024819,Australia
AW-00024820,Germany
AW-00024821,Germany
AW-00024822,United Kingdom
AW-00024823,France
AW-00024824,Australia
AW-00024825,US
AW-00024826,Australia
AW-00024827,Australia
AW-00024828,Australia
AW-00024829,USA
AW-00024830,
AW-00024831,DE
AW-00024832,Australia
AW-00024833,
AW-00024834,Canada
AW-00024835,United Kingdom
AW-00024836,Germany
AW-00024837,US
AW-00024838,France
AW-00024839,Canada
AW-00024840,Australia
AW-00024841,Australia
AW-00024842,Australia
AW-00024843,
AW-00024844,United States
AW-00024845,Canada
AW-00024846,US
AW-00024847,Canada
AW-00024848,Canada
AW-00024849,United Kingdom
AW-00024850,United States
AW-00024851,Canada
AW-00024852,France
AW-00024853,Australia
AW-00024854,France
AW-00024855,DE
AW-00024856,Germany
AW-00024857,Canada
AW-00024858,United Kingdom
AW-00024859,USA
AW-00024860,Australia
AW-00024861,Germany
AW-00024862,Canada
AW-00024863,Australia
AW-00024864,Australia
AW-00024865,Germany
AW-00024866,USA
AW-00024867,Australia
AW-00024868,Canada
AW-00024869,US
AW-00024870,Germany
AW-00024871,Australia
AW-00024872,United Kingdom
AW-00024873,Germany
AW-00024874,United States
AW-00024875,Australia
AW-00024876,United Kingdom
AW-00024877,Australia
AW-00024878,United Kingdom
AW-00024879,United States
AW-00024880,DE
AW-00024881,France
AW-00024882,United States
AW-00024883,France
AW-00024884,France
AW-00024885,France
AW-00024886,Australia
AW-00024887,France
AW-00024888,US
AW-00024889,Australia
AW-00024890,Australia
AW-00024891,United States
AW-00024892,Australia
AW-00024893,Australia
AW-00024894,France
AW-00024895,United Kingdom
AW-00024896,USA
AW-00024897,DE
AW-00024898,United Kingdom
AW-00024899,France
AW-00024900,US
AW-00024901,US
AW-00024902,France
AW-00024903,Canada
AW-00024904,Australia
AW-00024905,United Kingdom
AW-00024906,Australia
AW-00024907,Australia
AW-00024908,Australia
AW-00024909,United States
AW-00024910,United Kingdom
AW-00024911,US
AW-00024912,Germany
AW-00024913,United Kingdom
AW-00024914,Australia
AW-00024915,United States
AW-00024916,Australia
AW-00024917,United Kingdom
AW-00024918,United Kingdom
AW-00024919,US
AW-00024920,Australia
AW-00024921,United States
AW-00024922,Australia
AW-00024923,United Kingdom
AW-00024924,Canada
AW-00024925,Germany
AW-00024926,Australia
AW-00024927,Canada
AW-00024928,Australia
AW-00024929,France
AW-00024930,US
AW-00024931,Canada
AW-00024932,United States
AW-00024933,Canada
AW-00024934,US
AW-00024935,Australia
AW-00024936,United Kingdom
AW-00024937,Australia
AW-00024938,Australia
AW-00024939,United States
AW-00024940,Canada
AW-00024941,Australia
AW-00024942,Australia
AW-00024943,France
AW-00024944,USA
AW-00024945,Canada
AW-00024946,USA
AW-00024947,France
AW-00024948,Australia
AW-00024949,USA
AW-00024950,Australia
AW-00024951,United States
AW-00024952,
AW-00024953,Australia
AW-00024954,United States
AW-00024955,US
AW-00024956,France
AW-00024957,Canada
AW-00024958,Australia
AW-00024959,Germany
AW-00024960,Canada
AW-00024961,United Kingdom
AW-00024962,Germany
AW-00024963,Germany
AW-00024964,US
AW-00024965,USA
AW-00024966,Canada
AW-00024967,France
AW-00024968,Canada
AW-00024969,Australia
AW-00024970,DE
AW-00024971,Australia
AW-00024972,United Kingdom
AW-00024973,
AW-00024974,Germany
AW-00024975,Australia
AW-00024976,France
AW-00024977,Australia
AW-00024978,United States
AW-00024979,Canada
AW-00024980,Australia
AW-00024981,United States
AW-00024982,France
AW-00024983,Canada
AW-00024984,Canada
AW-00024985,France
AW-00024986,United Kingdom
AW-00024987,Australia
AW-00024988,Germany
AW-00024989,United Kingdom
AW-00024990,United Kingdom
AW-00024991,USA
AW-00024992,Canada
AW-00024993,Germany
AW-00024994,United States
AW-00024995,Australia
AW-00024996,USA
AW-00024997,United States
AW-00024998,DE
AW-00024999,Australia
AW-00025000,US
AW-00025001,United Kingdom
AW-00025002,DE
AW-00025003,Canada
AW-00025004,United Kingdom
AW-00025005,Germany
AW-00025006,Germany
AW-00025007,France
AW-00025008,Australia
AW-00025009,Canada
AW-00025010,DE
AW-00025011,United States
AW-00025012,Canada
AW-00025013,Australia
AW-00025014,France
AW-00025015,
AW-00025016,Canada
AW-00025017,Australia
AW-00025018,Canada
AW-00025019,DE
AW-00025020,
AW-00025021,France
AW-00025022,Canada
AW-00025023,United States
AW-00025024,
AW-00025025,Australia
AW-00025026,United States
AW-00025027,Canada
AW-00025028,United States
AW-00025029,Germany
AW-00025030,France
AW-00025031,Canada
AW-00025032,DE
AW-00025033,France
AW-00025034,DE
AW-00025035,United States
AW-00025036,France
AW-00025037,Canada
AW-00025038,United States
AW-00025039,Germany
AW-00025040,France
AW-00025041,France
AW-00025042,United States
AW-00025043,US
AW-00025044,United States
AW-00025045,Australia
AW-00025046,US
AW-00025047,US
AW-00025048,France
AW-00025049,Canada
AW-00025050,Germany
AW-00025051,France
AW-00025052,DE
AW-00025053,United Kingdom
AW-00025054,Australia
AW-00025055,Australia
AW-00025056,USA
AW-00025057,United States
AW-00025058,Australia
AW-00025059,Australia
AW-00025060,Australia
AW-00025061,Australia
AW-00025062,Australia
AW-00025063,Australia
AW-00025064,Australia
AW-00025065,United States
AW-00025066,France
AW-00025067,US
AW-00025068,US
AW-00025069,United Kingdom
AW-00025070,United Kingdom
AW-00025071,Germany
AW-00025072,
AW-00025073,Australia
AW-00025074,Canada
AW-00025075,Canada
AW-00025076,USA
AW-00025077,United Kingdom
AW-00025078,France
AW-00025079,US
AW-00025080,United States
AW-00025081,
AW-00025082,United States
AW-00025083,Australia
AW-00025084,Australia
AW-00025085,Australia
AW-00025086,USA
AW-00025087,United States
AW-00025088,Australia
AW-00025089,Australia
AW-00025090,Australia
AW-00025091,United States
AW-00025092,Australia
AW-00025093,Canada
AW-00025094,Australia
AW-00025095,Australia
AW-00025096,Germany
AW-00025097,Canada
AW-00025098,USA
AW-00025099,Australia
AW-00025100,Australia
AW-00025101,Germany
AW-00025102,Australia
AW-00025103,
AW-00025104,Germany
AW-00025105,USA
AW-00025106,Germany
AW-00025107,United Kingdom
AW-00025108,US
AW-00025109,Australia
AW-00025110,Australia
AW-00025111,Australia
AW-00025112,Australia
AW-00025113,Canada
AW-00025114,Canada
AW-00025115,France
AW-00025116,United States
AW-00025117,USA
AW-00025118,Australia
AW-00025119,Australia
AW-00025120,Germany
AW-00025121,Australia
AW-00025122,Australia
AW-00025123,Germany
AW-00025124,France
AW-00025125,Canada
AW-00025126,Germany
AW-00025127,United Kingdom
AW-00025128,Australia
AW-00025129,US
AW-00025130,United Kingdom
AW-00025131,France
AW-00025132,Canada
AW-00025133,Australia
AW-00025134,Australia
AW-00025135,Australia
AW-00025136,DE
AW-00025137,France
AW-00025138,Canada
AW-00025139,US
AW-00025140,United Kingdom
AW-00025141,Germany
AW-00025142,Germany
AW-00025143,Australia
AW-00025144,Australia
AW-00025145,US
AW-00025146,Australia
AW-00025147,United States
AW-00025148,Australia
AW-00025149,Canada
AW-00025150,Australia
AW-00025151,Australia
AW-00025152,USA
AW-00025153,United States
AW-00025154,Australia
AW-00025155,USA
AW-00025156,USA
AW-00025157,Canada
AW-00025158,DE
AW-00025159,Germany
AW-00025160,USA
AW-00025161,Canada
AW-00025162,USA
AW-00025163,DE
AW-00025164,Australia
AW-00025165,USA
AW-00025166,United Kingdom
AW-00025167,USA
AW-00025168,United States
AW-00025169,United States
AW-00025170,Canada
AW-00025171,United Kingdom
AW-00025172,United Kingdom
AW-00025173,United Kingdom
AW-00025174,Australia
AW-00025175,Canada
AW-00025176,USA
AW-00025177,Australia
AW-00025178,Germany
AW-00025179,DE
AW-00025180,US
AW-00025181,USA
AW-00025182,DE
AW-00025183,United States
AW-00025184,France
AW-00025185,France
AW-00025186,United States
AW-00025187,Australia
AW-00025188,Canada
AW-00025189,United States
AW-00025190,Canada
AW-00025191,Australia
AW-00025192,United Kingdom
AW-00025193,United Kingdom
AW-00025194,United Kingdom
AW-00025195,Australia
AW-00025196,United States
AW-00025197,United States
AW-00025198,US
AW-00025199,Australia
AW-00025200,Australia
AW-00025201,
AW-00025202,France
AW-00025203,USA
AW-00025204,United Kingdom
AW-00025205,US
AW-00025206,Canada
AW-00025207,Germany
AW-00025208,United Kingdom
AW-00025209,USA
AW-00025210,United Kingdom
AW-00025211,Canada
AW-00025212,United States
AW-00025213,United Kingdom
AW-00025214,Australia
AW-00025215,Australia
AW-00025216,United States
AW-00025217,Germany
AW-00025218,France
AW-00025219,United Kingdom
AW-00025220,
AW-00025221,United Kingdom
AW-00025222,United States
AW-00025223,Australia
AW-00025224,United Kingdom
AW-00025225,Canada
AW-00025226,United Kingdom
AW-00025227,United States
AW-00025228,United Kingdom
AW-00025229,United States
AW-00025230,Germany
AW-00025231,France
AW-00025232,USA
AW-00025233,United Kingdom
AW-00025234,Germany
AW-00025235,United States
AW-00025236,United Kingdom
AW-00025237,United States
AW-00025238,DE
AW-00025239,United States
AW-00025240,Australia
AW-00025241,United States
AW-00025242,Australia
AW-00025243,Australia
AW-00025244,USA
AW-00025245,Canada
AW-00025246,Australia
AW-00025247,United Kingdom
AW-00025248,France
AW-00025249,Australia
AW-00025250,USA
AW-00025251,United States
AW-00025252,Australia
AW-00025253,Australia
AW-00025254,United Kingdom
AW-00025255,USA
AW-00025256,
AW-00025257,United States
AW-00025258,USA
AW-00025259,Canada
AW-00025260,Australia
AW-00025261,USA
AW-00025262,United States
AW-00025263,Australia
AW-00025264,United States
AW-00025265,USA
AW-00025266,US
AW-00025267,United Kingdom
AW-00025268,US
AW-00025269,United Kingdom
AW-00025270,Germany
AW-00025271,United States
AW-00025272,Canada
AW-00025273,Australia
AW-00025274,United Kingdom
AW-00025275,France
AW-00025276,Canada
AW-00025277,United Kingdom
AW-00025278,United Kingdom
AW-00025279,United States
AW-00025280,France
AW-00025281,Canada
AW-00025282,Germany
AW-00025283,USA
AW-00025284,United Kingdom
AW-00025285,Australia
AW-00025286,United States
AW-00025287,Canada
AW-00025288,France
AW-00025289,Australia
AW-00025290,US
AW-00025291,USA
AW-00025292,Canada
AW-00025293,US
AW-00025294,DE
AW-00025295,USA
AW-00025296,Germany
AW-00025297,USA
AW-00025298,Germany
AW-00025299,
AW-00025300,Australia
AW-00025301,US
AW-00025302,France
AW-00025303,Australia
AW-00025304,Canada
AW-00025305,Canada
AW-00025306,Australia
AW-00025307,Australia
AW-00025308,Australia
AW-00025309,DE
AW-00025310,France
AW-00025311,US
AW-00025312,United Kingdom
AW-00025313,France
AW-00025314,Canada
AW-00025315,Australia
AW-00025316,USA
AW-00025317,France
AW-00025318,US
AW-00025319,United States
AW-00025320,Germany
AW-00025321,Australia
AW-00025322,Australia
AW-00025323,France
AW-00025324,Canada
AW-00025325,Germany
AW-00025326,France
AW-00025327,United States
AW-00025328,France
AW-00025329,US
AW-00025330,United Kingdom
AW-00025331,Canada
AW-00025332,United States
AW-00025333,United Kingdom
AW-00025334,
AW-00025335,Canada
AW-00025336,France
AW-00025337,DE
AW-00025338,Australia
AW-00025339,France
AW-00025340,Germany
AW-00025341,United States
AW-00025342,United States
AW-00025343,USA
AW-00025344,DE
AW-00025345,Australia
AW-00025346,France
AW-00025347,Canada
AW-00025348,Canada
AW-00025349,Australia
AW-00025350,USA
AW-00025351,United Kingdom
AW-00025352,France
AW-00025353,US
AW-00025354,United Kingdom
AW-00025355,Canada
AW-00025356,Canada
AW-00025357,France
AW-00025358,Canada
AW-00025359,United Kingdom
AW-00025360,USA
AW-00025361,United Kingdom
AW-00025362,Australia
AW-00025363,Germany
AW-00025364,Germany
AW-00025365,Canada
AW-00025366,France
AW-00025367,Canada
AW-00025368,Australia
AW-00025369,United Kingdom
AW-00025370,USA
AW-00025371,United States
AW-00025372,US
AW-00025373,US
AW-00025374,Germany
AW-00025375,Australia
AW-00025376,Australia
AW-00025377,United States
AW-00025378,USA
AW-00025379,Australia
AW-00025380,Canada
AW-00025381,Australia
AW-00025382,
AW-00025383,United Kingdom
AW-00025384,Australia
AW-00025385,Australia
AW-00025386,Australia
AW-00025387,Canada
AW-00025388,Australia
AW-00025389,United States
AW-00025390,United States
AW-00025391,Canada
AW-00025392,Australia
AW-00025393,Australia
AW-00025394,United States
AW-00025395,United States
AW-00025396,Australia
AW-00025397,Australia
AW-00025398,United Kingdom
AW-00025399,
AW-00025400,Australia
AW-00025401,Canada
AW-00025402,Australia
AW-00025403,DE
AW-00025404,Australia
AW-00025405,Germany
AW-00025406,Australia
AW-00025407,France
AW-00025408,France
AW-00025409,USA
AW-00025410,United States
AW-00025411,United States
AW-00025412,US
AW-00025413,United Kingdom
AW-00025414,Australia
AW-00025415,Canada
AW-00025416,USA
AW-00025417,Australia
AW-00025418,Australia
AW-00025419,DE
AW-00025420,France
AW-00025421,Canada
AW-00025422,United States
AW-00025423,Australia
AW-00025424,France
AW-00025425,United Kingdom
AW-00025426,Australia
AW-00025427,France
AW-00025428,France
AW-00025429,Australia
AW-00025430,United Kingdom
AW-00025431,France
AW-00025432,Germany
AW-00025433,Australia
AW-00025434,Canada
AW-00025435,Canada
AW-00025436,Australia
AW-00025437,Germany
AW-00025438,United Kingdom
AW-00025439,USA
AW-00025440,Germany
AW-00025441,US
AW-00025442,United States
AW-00025443,Australia
AW-00025444,Australia
AW-00025445,France
AW-00025446,France
AW-00025447,United States
AW-00025448,Germany
AW-00025449,US
AW-00025450,US
AW-00025451,Australia
AW-00025452,Australia
AW-00025453,Canada
AW-00025454,Canada
AW-00025455,Australia
AW-00025456,Australia
AW-00025457,Australia
AW-00025458,Germany
AW-00025459,Germany
AW-00025460,Canada
AW-00025461,United Kingdom
AW-00025462,Germany
AW-00025463,Australia
AW-00025464,Germany
AW-00025465,US
AW-00025466,United Kingdom
AW-00025467,Australia
AW-00025468,Australia
AW-00025469,Australia
AW-00025470,US
AW-00025471,United States
AW-00025472,Australia
AW-00025473,Australia
AW-00025474,United Kingdom
AW-00025475,France
AW-00025476,United Kingdom
AW-00025477,Canada
AW-00025478,United States
AW-00025479,France
AW-00025480,Canada
AW-00025481,USA
AW-00025482,US
AW-00025483,Germany
AW-00025484,Canada
AW-00025485,United States
AW-00025486,Australia
AW-00025487,DE
AW-00025488,United States
AW-00025489,United Kingdom
AW-00025490,Australia
AW-00025491,United States
AW-00025492,France
AW-00025493,Australia
AW-00025494,France
AW-00025495,Australia
AW-00025496,Germany
AW-00025497,United States
AW-00025498,USA
AW-00025499,Australia
AW-00025500,Australia
AW-00025501,Australia
AW-00025502,Germany
AW-00025503,United States
AW-00025504,US
AW-00025505,United States
AW-00025506,Australia
AW-00025507,United Kingdom
AW-00025508,Australia
AW-00025509,DE
AW-00025510,Germany
AW-00025511,Australia
AW-00025512,Australia
AW-00025513,Australia
AW-00025514,United Kingdom
AW-00025515,Canada
AW-00025516,Canada
AW-00025517,USA
AW-00025518,United States
AW-00025519,Germany
AW-00025520,Australia
AW-00025521,US
AW-00025522,United Kingdom
AW-00025523,Australia
AW-00025524,United States
AW-00025525,Germany
AW-00025526,Australia
AW-00025527,Canada
AW-00025528,Australia
AW-00025529,USA
AW-00025530,Australia
AW-00025531,Canada
AW-00025532,United States
AW-00025533,United States
AW-00025534,
AW-00025535,Canada
AW-00025536,United Kingdom
AW-00025537,DE
AW-00025538,Australia
AW-00025539,United Kingdom
AW-00025540,United Kingdom
AW-00025541,DE
AW-00025542,United States
AW-00025543,United States
AW-00025544,United States
AW-00025545,Germany
AW-00025546,France
AW-00025547,France
AW-00025548,USA
AW-00025549,United Kingdom
AW-00025550,Australia
AW-00025551,France
AW-00025552,Australia
AW-00025553,Australia
AW-00025554,US
AW-00025555,United States
AW-00025556,US
AW-00025557,France
AW-00025558,USA
AW-00025559,Canada
AW-00025560,France
AW-00025561,Canada
AW-00025562,Australia
AW-00025563,USA
AW-00025564,United Kingdom
AW-00025565,Australia
AW-00025566,United Kingdom
AW-00025567,Australia
AW-00025568,United Kingdom
AW-00025569,United Kingdom
AW-00025570,United Kingdom
AW-00025571,Germany
AW-00025572,Canada
AW-00025573,US
AW-00025574,US
AW-00025575,Germany
AW-00025576,United States
AW-00025577,Australia
AW-00025578,DE
AW-00025579,France
AW-00025580,USA
AW-00025581,France
AW-00025582,Australia
AW-00025583,United Kingdom
AW-00025584,United States
AW-00025585,United States
AW-00025586,USA
AW-00025587,United States
AW-00025588,USA
AW-00025589,Germany
AW-00025590,United Kingdom
AW-00025591,US
AW-00025592,USA
AW-00025593,DE
AW-00025594,United States
AW-00025595,United Kingdom
AW-00025596,Australia
AW-00025597,France
AW-00025598,DE
AW-00025599,Australia
AW-00025600,United Kingdom
AW-00025601,US
AW-00025602,Canada
AW-00025603,Australia
AW-00025604,USA
AW-00025605,Australia
AW-00025606,United Kingdom
AW-00025607,United States
AW-00025608,Australia
AW-00025609,Canada
AW-00025610,United Kingdom
AW-00025611,United States
AW-00025612,Australia
AW-00025613,Australia
AW-00025614,Germany
AW-00025615,US
AW-00025616,Australia
AW-00025617,DE
AW-00025618,United Kingdom
AW-00025619,
AW-00025620,DE
AW-00025621,Canada
AW-00025622,Australia
AW-00025623,France
AW-00025624,United States
AW-00025625,United Kingdom
AW-00025626,Australia
AW-00025627,US
AW-00025628,Australia
AW-00025629,Canada
AW-00025630,United States
AW-00025631,France
AW-00025632,Canada
AW-00025633,USA
AW-00025634,Australia
AW-00025635,DE
AW-00025636,Australia
AW-00025637,US
AW-00025638,Australia
AW-00025639,France
AW-00025640,Canada
AW-00025641,Australia
AW-00025642,Australia
AW-00025643,DE
AW-00025644,Australia
AW-00025645,Germany
AW-00025646,France
AW-00025647,US
AW-00025648,United Kingdom
AW-00025649,United Kingdom
AW-00025650,Australia
AW-00025651,France
AW-00025652,USA
AW-00025653,United States
AW-00025654,France
AW-00025655,United Kingdom
AW-00025656,Canada
AW-00025657,Germany
AW-00025658,United Kingdom
AW-00025659,Canada
AW-00025660,United Kingdom
AW-00025661,Australia
AW-00025662,
AW-00025663,US
AW-00025664,France
AW-00025665,Canada
AW-00025666,United States
AW-00025667,Australia
AW-00025668,Canada
AW-00025669,DE
AW-00025670,United States
AW-00025671,Australia
AW-00025672,Australia
AW-00025673,Germany
AW-00025674,Australia
AW-00025675,United States
AW-00025676,Canada
AW-00025677,United States
AW-00025678,United States
AW-00025679,Germany
AW-00025680,Australia
AW-00025681,United States
AW-00025682,Canada
AW-00025683,USA
AW-00025684,Australia
AW-00025685,United States
AW-00025686,Germany
AW-00025687,
AW-00025688,United Kingdom
AW-00025689,United States
AW-00025690,France
AW-00025691,United States
AW-00025692,US
AW-00025693,United States
AW-00025694,United Kingdom
AW-00025695,Australia
AW-00025696,Australia
AW-00025697,Australia
AW-00025698,Australia
AW-00025699,USA
AW-00025700,United States
AW-00025701,US
AW-00025702,United Kingdom
AW-00025703,United Kingdom
AW-00025704,Australia
AW-00025705,USA
AW-00025706,Germany
AW-00025707,Australia
AW-00025708,United Kingdom
AW-00025709,
AW-00025710,Germany
AW-00025711,France
AW-00025712,Australia
AW-00025713,United Kingdom
AW-00025714,United Kingdom
AW-00025715,United Kingdom
AW-00025716,France
AW-00025717,Canada
AW-00025718,Australia
AW-00025719,United Kingdom
AW-00025720,Germany
AW-00025721,Australia
AW-00025722,United Kingdom
AW-00025723,Germany
AW-00025724,United States
AW-00025725,United States
AW-00025726,
AW-00025727,Australia
AW-00025728,United States
AW-00025729,Germany
AW-00025730,United Kingdom
AW-00025731,Australia
AW-00025732,France
AW-00025733,United Kingdom
AW-00025734,France
AW-00025735,Germany
AW-00025736,DE
AW-00025737,Canada
AW-00025738,Germany
AW-00025739,United States
AW-00025740,Canada
AW-00025741,
AW-00025742,Germany
AW-00025743,Australia
AW-00025744,Canada
AW-00025745,Australia
AW-00025746,France
AW-00025747,US
AW-00025748,Australia
AW-00025749,
AW-00025750,Canada
AW-00025751,United Kingdom
AW-00025752,Australia
AW-00025753,Germany
AW-00025754,
AW-00025755,United States
AW-00025756,Canada
AW-00025757,United Kingdom
AW-00025758,United States
AW-00025759,United States
AW-00025760,
AW-00025761,United States
AW-00025762,Australia
AW-00025763,France
AW-00025764,
AW-00025765,Australia
AW-00025766,United Kingdom
AW-00025767,Canada
AW-00025768,US
AW-00025769,Australia
AW-00025770,Canada
AW-00025771,Germany
AW-00025772,Australia
AW-00025773,DE
AW-00025774,Canada
AW-00025775,Australia
AW-00025776,Germany
AW-00025777,United Kingdom
AW-00025778,Canada
AW-00025779,Germany
AW-00025780,Canada
AW-00025781,Australia
AW-00025782,Australia
AW-00025783,US
AW-00025784,DE
AW-00025785,
AW-00025786,United States
AW-00025787,US
AW-00025788,US
AW-00025789,Canada
AW-00025790,Germany
AW-00025791,Australia
AW-00025792,Germany
AW-00025793,
AW-00025794,US
AW-00025795,United Kingdom
AW-00025796,Canada
AW-00025797,Canada
AW-00025798,France
AW-00025799,Germany
AW-00025800,Canada
AW-00025801,United States
AW-00025802,Germany
AW-00025803,
AW-00025804,United States
AW-00025805,
AW-00025806,Australia
AW-00025807,Germany
AW-00025808,France
AW-00025809,Australia
AW-00025810,Australia
AW-00025811,Australia
AW-00025812,United States
AW-00025813,Australia
AW-00025814,Germany
AW-00025815,Australia
AW-00025816,Canada
AW-00025817,
AW-00025818,Australia
AW-00025819,Canada
AW-00025820,Canada
AW-00025821,Canada
AW-00025822,DE
AW-00025823,Canada
AW-00025824,United States
AW-00025825,Germany
AW-00025826,Germany
AW-00025827,Canada
AW-00025828,United Kingdom
AW-00025829,United Kingdom
AW-00025830,United States
AW-00025831,DE
AW-00025832,Canada
AW-00025833,Australia
AW-00025834,Germany
AW-00025835,Australia
AW-00025836,USA
AW-00025837,Australia
AW-00025838,France
AW-00025839,Australia
AW-00025840,United States
AW-00025841,Canada
AW-00025842,Canada
AW-00025843,Canada
AW-00025844,France
AW-00025845,USA
AW-00025846,United Kingdom
AW-00025847,DE
AW-00025848,United States
AW-00025849,Australia
AW-00025850,United States
AW-00025851,United States
AW-00025852,Australia
AW-00025853,Australia
AW-00025854,Canada
AW-00025855,United Kingdom
AW-00025856,US
AW-00025857,United Kingdom
AW-00025858,United States
AW-00025859,
AW-00025860,DE
AW-00025861,
AW-00025862,Australia
AW-00025863,Australia
AW-00025864,United Kingdom
AW-00025865,US
AW-00025866,Australia
AW-00025867,
AW-00025868,Germany
AW-00025869,US
AW-00025870,United States
AW-00025871,United Kingdom
AW-00025872,US
AW-00025873,United States
AW-00025874,Australia
AW-00025875,United Kingdom
AW-00025876,United States
AW-00025877,Canada
AW-00025878,United States
AW-00025879,Canada
AW-00025880,United Kingdom
AW-00025881,United Kingdom
AW-00025882,Australia
AW-00025883,United Kingdom
AW-00025884,Australia
AW-00025885,Canada
AW-00025886,Germany
AW-00025887,United Kingdom
AW-00025888,Canada
AW-00025889,Canada
AW-00025890,Australia
AW-00025891,Australia
AW-00025892,France
AW-00025893,Canada
AW-00025894,Canada
AW-00025895,Canada
AW-00025896,United States
AW-00025897,France
AW-00025898,DE
AW-00025899,France
AW-00025900,Canada
AW-00025901,DE
AW-00025902,United States
AW-00025903,France
AW-00025904,US
AW-00025905,United States
AW-00025906,Australia
AW-00025907,United States
AW-00025908,Australia
AW-00025909,US
AW-00025910,Australia
AW-00025911,Australia
AW-00025912,Australia
AW-00025913,Australia
AW-00025914,Germany
AW-00025915,United States
AW-00025916,Australia
AW-00025917,United Kingdom
AW-00025918,Australia
AW-00025919,Australia
AW-00025920,DE
AW-00025921,United Kingdom
AW-00025922,United States
AW-00025923,United Kingdom
AW-00025924,Canada
AW-00025925,DE
AW-00025926,Australia
AW-00025927,United Kingdom
AW-00025928,Canada
AW-00025929,United Kingdom
AW-00025930,United Kingdom
AW-00025931,Australia
AW-00025932,Australia
AW-00025933,France
AW-00025934,Canada
AW-00025935,United Kingdom
AW-00025936,US
AW-00025937,US
AW-00025938,United States
AW-00025939,USA
AW-00025940,United Kingdom
AW-00025941,
AW-00025942,United States
AW-00025943,US
AW-00025944,United States
AW-00025945,United Kingdom
AW-00025946,Australia
AW-00025947,United States
AW-00025948,Australia
AW-00025949,Australia
AW-00025950,Australia
AW-00025951,United Kingdom
AW-00025952,Germany
AW-00025953,United States
AW-00025954,Canada
AW-00025955,United Kingdom
AW-00025956,DE
AW-00025957,Australia
AW-00025958,DE
AW-00025959,France
AW-00025960,Australia
AW-00025961,Germany
AW-00025962,France
AW-00025963,Australia
AW-00025964,Australia
AW-00025965,United States
AW-00025966,France
AW-00025967,France
AW-00025968,United States
AW-00025969,USA
AW-00025970,United States
AW-00025971,United States
AW-00025972,Canada
AW-00025973,US
AW-00025974,France
AW-00025975,Germany
AW-00025976,Canada
AW-00025977,United Kingdom
AW-00025978,Germany
AW-00025979,United Kingdom
AW-00025980,Canada
AW-00025981,US
AW-00025982,Canada
AW-00025983,United States
AW-00025984,France
AW-00025985,Canada
AW-00025986,Canada
AW-00025987,USA
AW-00025988,Canada
AW-00025989,Canada
AW-00025990,Australia
AW-00025991,Australia
AW-00025992,United Kingdom
AW-00025993,DE
AW-00025994,US
AW-00025995,US
AW-00025996,USA
AW-00025997,
AW-00025998,Germany
AW-00025999,Australia
AW-00026000,United States
AW-00026001,United Kingdom
AW-00026002,France
AW-00026003,Germany
AW-00026004,France
AW-00026005,United Kingdom
AW-00026006,United States
AW-00026007,France
AW-00026008,Canada
AW-00026009,Germany
AW-00026010,Australia
AW-00026011,DE
AW-00026012,United States
AW-00026013,United Kingdom
AW-00026014,United Kingdom
AW-00026015,United States
AW-00026016,US
AW-00026017,
AW-00026018,Germany
AW-00026019,France
AW-00026020,Germany
AW-00026021,Canada
AW-00026022,Australia
AW-00026023,
AW-00026024,Australia
AW-00026025,Germany
AW-00026026,France
AW-00026027,Canada
AW-00026028,DE
AW-00026029,DE
AW-00026030,
AW-00026031,Canada
AW-00026032,US
AW-00026033,United Kingdom
AW-00026034,United States
AW-00026035,Australia
AW-00026036,Australia
AW-00026037,Australia
AW-00026038,France
AW-00026039,Australia
AW-00026040,USA
AW-00026041,Canada
AW-00026042,United States
AW-00026043,France
AW-00026044,United States
AW-00026045,Australia
AW-00026046,Australia
AW-00026047,Australia
AW-00026048,Australia
AW-00026049,France
AW-00026050,France
AW-00026051,United Kingdom
AW-00026052,USA
AW-00026053,Australia
AW-00026054,United Kingdom
AW-00026055,Australia
AW-00026056,USA
AW-00026057,USA
AW-00026058,Australia
AW-00026059,France
AW-00026060,Australia
AW-00026061,United States
AW-00026062,United Kingdom
AW-00026063,France
AW-00026064,France
AW-00026065,Canada
AW-00026066,Canada
AW-00026067,Germany
AW-00026068,Canada
AW-00026069,Australia
AW-00026070,Australia
AW-00026071,Australia
AW-00026072,US
AW-00026073,DE
AW-00026074,United Kingdom
AW-00026075,Canada
AW-00026076,
AW-00026077,Australia
AW-00026078,Australia
AW-00026079,Australia
AW-00026080,France
AW-00026081,
AW-00026082,Australia
AW-00026083,Australia
AW-00026084,
AW-00026085,United Kingdom
AW-00026086,Canada
AW-00026087,Australia
AW-00026088,DE
AW-00026089,Australia
AW-00026090,Canada
AW-00026091,Australia
AW-00026092,Canada
AW-00026093,US
AW-00026094,United States
AW-00026095,Canada
AW-00026096,France
AW-00026097,United States
AW-00026098,United Kingdom
AW-00026099,USA
AW-00026100,Germany
AW-00026101,Germany
AW-00026102,DE
AW-00026103,United States
AW-00026104,Australia
AW-00026105,Australia
AW-00026106,Australia
AW-00026107,United States
AW-00026108,Australia
AW-00026109,Australia
AW-00026110,Germany
AW-00026111,Germany
AW-00026112,Canada
AW-00026113,United Kingdom
AW-00026114,United States
AW-00026115,United States
AW-00026116,Australia
AW-00026117,Australia
AW-00026118,Australia
AW-00026119,United Kingdom
AW-00026120,US
AW-00026121,Canada
AW-00026122,DE
AW-00026123,Germany
AW-00026124,US
AW-00026125,United Kingdom
AW-00026126,Canada
AW-00026127,United States
AW-00026128,Canada
AW-00026129,United States
AW-00026130,United Kingdom
AW-00026131,United States
AW-00026132,Canada
AW-00026133,Canada
AW-00026134,DE
AW-00026135,United Kingdom
AW-00026136,United Kingdom
AW-00026137,Australia
AW-00026138,United Kingdom
AW-00026139,Australia
AW-00026140,Australia
AW-00026141,Germany
AW-00026142,US
AW-00026143,United States
AW-00026144,US
AW-00026145,France
AW-00026146,United Kingdom
AW-00026147,Canada
AW-00026148,United Kingdom
AW-00026149,France
AW-00026150,US
AW-00026151,Australia
AW-00026152,
AW-00026153,United Kingdom
AW-00026154,Australia
AW-00026155,Canada
AW-00026156,Australia
AW-00026157,Germany
AW-00026158,United Kingdom
AW-00026159,Germany
AW-00026160,Canada
AW-00026161,Australia
AW-00026162,United Kingdom
AW-00026163,Canada
AW-00026164,United States
AW-00026165,Germany
AW-00026166,United Kingdom
AW-00026167,Germany
AW-00026168,Canada
AW-00026169,Australia
AW-00026170,
AW-00026171,Australia
AW-00026172,Australia
AW-00026173,United States
AW-00026174,United States
AW-00026175,Germany
AW-00026176,Australia
AW-00026177,United States
AW-00026178,France
AW-00026179,United States
AW-00026180,France
AW-00026181,France
AW-00026182,Australia
AW-00026183,United States
AW-00026184,Germany
AW-00026185,France
AW-00026186,DE
AW-00026187,Canada
AW-00026188,Canada
AW-00026189,Canada
AW-00026190,US
AW-00026191,Germany
AW-00026192,United Kingdom
AW-00026193,United States
AW-00026194,United States
AW-00026195,US
AW-00026196,Germany
AW-00026197,DE
AW-00026198,United Kingdom
AW-00026199,US
AW-00026200,Canada
AW-00026201,Australia
AW-00026202,United States
AW-00026203,Canada
AW-00026204,France
AW-00026205,Australia
AW-00026206,United Kingdom
AW-00026207,Canada
AW-00026208,United States
AW-00026209,Australia
AW-00026210,France
AW-00026211,France
AW-00026212,France
AW-00026213,Canada
AW-00026214,France
AW-00026215,Australia
AW-00026216,Canada
AW-00026217,United Kingdom
AW-00026218,DE
AW-00026219,USA
AW-00026220,United States
AW-00026221,Australia
AW-00026222,France
AW-00026223,Canada
AW-00026224,
AW-00026225,France
AW-00026226,Australia
AW-00026227,France
AW-00026228,USA
AW-00026229,France
AW-00026230,Canada
AW-00026231,United Kingdom
AW-00026232,France
AW-00026233,United Kingdom
AW-00026234,Australia
AW-00026235,
AW-00026236,Germany
AW-00026237,United Kingdom
AW-00026238,Australia
AW-00026239,Australia
AW-00026240,DE
AW-00026241,United States
AW-00026242,Canada
AW-00026243,United States
AW-00026244,US
AW-00026245,Canada
AW-00026246,Australia
AW-00026247,United States
AW-00026248,Germany
AW-00026249,Australia
AW-00026250,Australia
AW-00026251,USA
AW-00026252,US
AW-00026253,Australia
AW-00026254,US
AW-00026255,Australia
AW-00026256,Australia
AW-00026257,Australia
AW-00026258,France
AW-00026259,United States
AW-00026260,United States
AW-00026261,Canada
AW-00026262,United Kingdom
AW-00026263,United States
AW-00026264,United Kingdom
AW-00026265,Australia
AW-00026266,Germany
AW-00026267,USA
AW-00026268,USA
AW-00026269,France
AW-00026270,DE
AW-00026271,Australia
AW-00026272,United States
AW-00026273,United States
AW-00026274,Germany
AW-00026275,USA
AW-00026276,USA
AW-00026277,Germany
AW-00026278,France
AW-00026279,United States
AW-00026280,Canada
AW-00026281,United Kingdom
AW-00026282,United States
AW-00026283,Australia
AW-00026284,United States
AW-00026285,Australia
AW-00026286,Australia
AW-00026287,Australia
AW-00026288,United Kingdom
AW-00026289,Canada
AW-00026290,United Kingdom
AW-00026291,France
AW-00026292,France
AW-00026293,United Kingdom
AW-00026294,Australia
AW-00026295,Australia
AW-00026296,Australia
AW-00026297,USA
AW-00026298,US
AW-00026299,France
AW-00026300,DE
AW-00026301,Canada
AW-00026302,Canada
AW-00026303,Australia
AW-00026304,Germany
AW-00026305,Canada
AW-00026306,Australia
AW-00026307,United Kingdom
AW-00026308,Canada
AW-00026309,United Kingdom
AW-00026310,United States
AW-00026311,USA
AW-00026312,Germany
AW-00026313,United Kingdom
AW-00026314,Australia
AW-00026315,Australia
AW-00026316,France
AW-00026317,United States
AW-00026318,Australia
AW-00026319,US
AW-00026320,Germany
AW-00026321,United States
AW-00026322,Australia
AW-00026323,Australia
AW-00026324,Germany
AW-00026325,USA
AW-00026326,Australia
AW-00026327,Canada
AW-00026328,DE
AW-00026329,Australia
AW-00026330,Germany
AW-00026331,Canada
AW-00026332,United States
AW-00026333,Canada
AW-00026334,USA
AW-00026335,USA
AW-00026336,Australia
AW-00026337,Australia
AW-00026338,France
AW-00026339,Australia
AW-00026340,Australia
AW-00026341,France
AW-00026342,Australia
AW-00026343,United Kingdom
AW-00026344,United Kingdom
AW-00026345,USA
AW-00026346,Canada
AW-00026347,France
AW-00026348,Australia
AW-00026349,
AW-00026350,
AW-00026351,US
AW-00026352,France
AW-00026353,France
AW-00026354,United States
AW-00026355,Canada
AW-00026356,Germany
AW-00026357,Australia
AW-00026358,Canada
AW-00026359,Canada
AW-00026360,Canada
AW-00026361,Australia
AW-00026362,Canada
AW-00026363,Australia
AW-00026364,Australia
AW-00026365,Canada
AW-00026366,United States
AW-00026367,Australia
AW-00026368,France
AW-00026369,United Kingdom
AW-00026370,USA
AW-00026371,France
AW-00026372,Australia
AW-00026373,Canada
AW-00026374,Australia
AW-00026375,United Kingdom
AW-00026376,USA
AW-00026377,United Kingdom
AW-00026378,United States
AW-00026379,United Kingdom
AW-00026380,Australia
AW-00026381,Canada
AW-00026382,France
AW-00026383,United Kingdom
AW-00026384,Germany
AW-00026385,DE
AW-00026386,Canada
AW-00026387,France
AW-00026388,US
AW-00026389,Canada
AW-00026390,Australia
AW-00026391,United States
AW-00026392,United Kingdom
AW-00026393,France
AW-00026394,USA
AW-00026395,United States
AW-00026396,DE
AW-00026397,Australia
AW-00026398,United States
AW-00026399,Canada
AW-00026400,France
AW-00026401,Canada
AW-00026402,Australia
AW-00026403,Australia
AW-00026404,USA
AW-00026405,Canada
AW-00026406,Canada
AW-00026407,Australia
AW-00026408,Australia
AW-00026409,United Kingdom
AW-00026410,Canada
AW-00026411,Canada
AW-00026412,Australia
AW-00026413,Australia
AW-00026414,Canada
AW-00026415,United States
AW-00026416,Germany
AW-00026417,France
AW-00026418,Australia
AW-00026419,United Kingdom
AW-00026420,United Kingdom
AW-00026421,Australia
AW-00026422,Germany
AW-00026423,France
AW-00026424,
AW-00026425,United States
AW-00026426,DE
AW-00026427,Australia
AW-00026428,Canada
AW-00026429,DE
AW-00026430,Australia
AW-00026431,DE
AW-00026432,
AW-00026433,Australia
AW-00026434,Australia
AW-00026435,United Kingdom
AW-00026436,United Kingdom
AW-00026437,France
AW-00026438,Australia
AW-00026439,Australia
AW-00026440,United Kingdom
AW-00026441,Australia
AW-00026442,Canada
AW-00026443,Germany
AW-00026444,Australia
AW-00026445,Canada
AW-00026446,DE
AW-00026447,US
AW-00026448,Australia
AW-00026449,France
AW-00026450,USA
AW-00026451,United Kingdom
AW-00026452,Germany
AW-00026453,Germany
AW-00026454,Australia
AW-00026455,Australia
AW-00026456,France
AW-00026457,Canada
AW-00026458,USA
AW-00026459,Canada
AW-00026460,United States
AW-00026461,DE
AW-00026462,Australia
AW-00026463,United Kingdom
AW-00026464,Germany
AW-00026465,United Kingdom
AW-00026466,US
AW-00026467,Germany
AW-00026468,Australia
AW-00026469,United Kingdom
AW-00026470,France
AW-00026471,DE
AW-00026472,France
AW-00026473,Germany
AW-00026474,United States
AW-00026475,France
AW-00026476,France
AW-00026477,
AW-00026478,Australia
AW-00026479,USA
AW-00026480,United States
AW-00026481,Canada
AW-00026482,Germany
AW-00026483,Australia
AW-00026484,Canada
AW-00026485,Canada
AW-00026486,United States
AW-00026487,Germany
AW-00026488,United Kingdom
AW-00026489,Australia
AW-00026490,United Kingdom
AW-00026491,US
AW-00026492,Australia
AW-00026493,Canada
AW-00026494,Germany
AW-00026495,United States
AW-00026496,United States
AW-00026497,United States
AW-00026498,United States
AW-00026499,France
AW-00026500,DE
AW-00026501,Canada
AW-00026502,Germany
AW-00026503,Canada
AW-00026504,United Kingdom
AW-00026505,Australia
AW-00026506,USA
AW-00026507,United States
AW-00026508,DE
AW-00026509,Germany
AW-00026510,France
AW-00026511,United Kingdom
AW-00026512,Australia
AW-00026513,United States
AW-00026514,United Kingdom
AW-00026515,Canada
AW-00026516,United Kingdom
AW-00026517,Australia
AW-00026518,United States
AW-00026519,USA
AW-00026520,Australia
AW-00026521,Canada
AW-00026522,United States
AW-00026523,Australia
AW-00026524,United Kingdom
AW-00026525,France
AW-00026526,Australia
AW-00026527,Australia
AW-00026528,Australia
AW-00026529,USA
AW-00026530,US
AW-00026531,United Kingdom
AW-00026532,United Kingdom
AW-00026533,USA
AW-00026534,Australia
AW-00026535,Canada
AW-00026536,Australia
AW-00026537,Australia
AW-00026538,Australia
AW-00026539,Australia
AW-00026540,Germany
AW-00026541,DE
AW-00026542,United States
AW-00026543,United Kingdom
AW-00026544,Australia
AW-00026545,France
AW-00026546,United Kingdom
AW-00026547,USA
AW-00026548,Australia
AW-00026549,Germany
AW-00026550,DE
AW-00026551,USA
AW-00026552,
AW-00026553,United States
AW-00026554,Germany
AW-00026555,Canada
AW-00026556,Australia
AW-00026557,United Kingdom
AW-00026558,United States
AW-00026559,United Kingdom
AW-00026560,DE
AW-00026561,United Kingdom
AW-00026562,Australia
AW-00026563,US
AW-00026564,United Kingdom
AW-00026565,Canada
AW-00026566,Canada
AW-00026567,Australia
AW-00026568,United States
AW-00026569,Australia
AW-00026570,Australia
AW-00026571,France
AW-00026572,Australia
AW-00026573,DE
AW-00026574,Australia
AW-00026575,Australia
AW-00026576,Australia
AW-00026577,
AW-00026578,US
AW-00026579,United Kingdom
AW-00026580,USA
AW-00026581,DE
AW-00026582,Germany
AW-00026583,Canada
AW-00026584,Australia
AW-00026585,Australia
AW-00026586,Canada
AW-00026587,DE
AW-00026588,Australia
AW-00026589,Canada
AW-00026590,France
AW-00026591,France
AW-00026592,United Kingdom
AW-00026593,
AW-00026594,Canada
AW-00026595,Australia
AW-00026596,Canada
AW-00026597,Canada
AW-00026598,Australia
AW-00026599,Australia
AW-00026600,France
AW-00026601,United Kingdom
AW-00026602,DE
AW-00026603,Australia
AW-00026604,US
AW-00026605,Australia
AW-00026606,Canada
AW-00026607,USA
AW-00026608,United States
AW-00026609,Australia
AW-00026610,United Kingdom
AW-00026611,Germany
AW-00026612,US
AW-00026613,Australia
AW-00026614,Canada
AW-00026615,Australia
AW-00026616,Australia
AW-00026617,France
AW-00026618,Australia
AW-00026619,Germany
AW-00026620,France
AW-00026621,US
AW-00026622,Germany
AW-00026623,United States
AW-00026624,Germany
AW-00026625,United States
AW-00026626,United States
AW-00026627,Germany
AW-00026628,Australia
AW-00026629,DE
AW-00026630,Australia
AW-00026631,US
AW-00026632,United Kingdom
AW-00026633,
AW-00026634,Australia
AW-00026635,Australia
AW-00026636,Canada
AW-00026637,France
AW-00026638,USA
AW-00026639,Canada
AW-00026640,Canada
AW-00026641,Australia
AW-00026642,Australia
AW-00026643,DE
AW-00026644,
AW-00026645,France
AW-00026646,Germany
AW-00026647,United States
AW-00026648,France
AW-00026649,USA
AW-00026650,United Kingdom
AW-00026651,United Kingdom
AW-00026652,
AW-00026653,Canada
AW-00026654,United States
AW-00026655,Canada
AW-00026656,Australia
AW-00026657,United States
AW-00026658,Canada
AW-00026659,Australia
AW-00026660,Canada
AW-00026661,Germany
AW-00026662,France
AW-00026663,France
AW-00026664,Australia
AW-00026665,United Kingdom
AW-00026666,Australia
AW-00026667,Australia
AW-00026668,United States
AW-00026669,Germany
AW-00026670,United States
AW-00026671,DE
AW-00026672,US
AW-00026673,Canada
AW-00026674,United Kingdom
AW-00026675,France
AW-00026676,United States
AW-00026677,Australia
AW-00026678,Australia
AW-00026679,DE
AW-00026680,France
AW-00026681,France
AW-00026682,Canada
AW-00026683,Australia
AW-00026684,US
AW-00026685,United Kingdom
AW-00026686,Australia
AW-00026687,United Kingdom
AW-00026688,Australia
AW-00026689,USA
AW-00026690,France
AW-00026691,Australia
AW-00026692,Australia
AW-00026693,United States
AW-00026694,Australia
AW-00026695,DE
AW-00026696,France
AW-00026697,Australia
AW-00026698,Germany
AW-00026699,US
AW-00026700,United Kingdom
AW-00026701,United Kingdom
AW-00026702,United Kingdom
AW-00026703,DE
AW-00026704,
AW-00026705,USA
AW-00026706,Australia
AW-00026707,France
AW-00026708,Canada
AW-00026709,France
AW-00026710,Germany
AW-00026711,Canada
AW-00026712,DE
AW-00026713,Australia
AW-00026714,United Kingdom
AW-00026715,Canada
AW-00026716,US
AW-00026717,Germany
AW-00026718,Canada
AW-00026719,United Kingdom
AW-00026720,United Kingdom
AW-00026721,Australia
AW-00026722,Germany
AW-00026723,Australia
AW-00026724,Australia
AW-00026725,USA
AW-00026726,Australia
AW-00026727,United Kingdom
AW-00026728,Australia
AW-00026729,DE
AW-00026730,USA
AW-00026731,Australia
AW-00026732,Canada
AW-00026733,DE
AW-00026734,US
AW-00026735,Canada
AW-00026736,Canada
AW-00026737,Canada
AW-00026738,United Kingdom
AW-00026739,Australia
AW-00026740,DE
AW-00026741,Australia
AW-00026742,Australia
AW-00026743,France
AW-00026744,United States
AW-00026745,France
AW-00026746,France
AW-00026747,Australia
AW-00026748,France
AW-00026749,United States
AW-00026750,France
AW-00026751,France
AW-00026752,US
AW-00026753,France
AW-00026754,Australia
AW-00026755,Australia
AW-00026756,USA
AW-00026757,France
AW-00026758,Germany
AW-00026759,Germany
AW-00026760,United States
AW-00026761,
AW-00026762,Germany
AW-00026763,France
AW-00026764,Germany
AW-00026765,United States
AW-00026766,Australia
AW-00026767,United Kingdom
AW-00026768,Germany
AW-00026769,USA
AW-00026770,Australia
AW-00026771,United Kingdom
AW-00026772,Germany
AW-00026773,Germany
AW-00026774,Canada
AW-00026775,Germany
AW-00026776,Australia
AW-00026777,Germany
AW-00026778,Australia
AW-00026779,United Kingdom
AW-00026780,United States
AW-00026781,Canada
AW-00026782,DE
AW-00026783,USA
AW-00026784,United States
AW-00026785,United States
AW-00026786,USA
AW-00026787,Australia
AW-00026788,France
AW-00026789,Germany
AW-00026790,USA
AW-00026791,Australia
AW-00026792,France
AW-00026793,Australia
AW-00026794,France
AW-00026795,Canada
AW-00026796,France
AW-00026797,
AW-00026798,Australia
AW-00026799,Canada
AW-00026800,United Kingdom
AW-00026801,USA
AW-00026802,United Kingdom
AW-00026803,Canada
AW-00026804,Germany
AW-00026805,USA
AW-00026806,Australia
AW-00026807,Australia
AW-00026808,Canada
AW-00026809,Canada
AW-00026810,United States
AW-00026811,Australia
AW-00026812,US
AW-00026813,France
AW-00026814,Germany
AW-00026815,Canada
AW-00026816,US
AW-00026817,France
AW-00026818,United States
AW-00026819,United States
AW-00026820,Canada
AW-00026821,Canada
AW-00026822,Australia
AW-00026823,United Kingdom
AW-00026824,Germany
AW-00026825,Australia
AW-00026826,DE
AW-00026827,Australia
AW-00026828,United Kingdom
AW-00026829,United Kingdom
AW-00026830,Australia
AW-00026831,France
AW-00026832,
AW-00026833,US
AW-00026834,United States
AW-00026835,United Kingdom
AW-00026836,United Kingdom
AW-00026837,Australia
AW-00026838,Australia
AW-00026839,US
AW-00026840,France
AW-00026841,United States
AW-00026842,Australia
AW-00026843,Australia
AW-00026844,United Kingdom
AW-00026845,Australia
AW-00026846,USA
AW-00026847,United States
AW-00026848,France
AW-00026849,Canada
AW-00026850,Canada
AW-00026851,United States
AW-00026852,Germany
AW-00026853,US
AW-00026854,Germany
AW-00026855,Australia
AW-00026856,Canada
AW-00026857,Australia
AW-00026858,Australia
AW-00026859,United States
AW-00026860,France
AW-00026861,United States
AW-00026862,United States
AW-00026863,Australia
AW-00026864,Canada
AW-00026865,France
AW-00026866,Canada
AW-00026867,Canada
AW-00026868,DE
AW-00026869,United States
AW-00026870,USA
AW-00026871,United States
AW-00026872,US
AW-00026873,
AW-00026874,
AW-00026875,France
AW-00026876,Australia
AW-00026877,Australia
AW-00026878,France
AW-00026879,Germany
AW-00026880,France
AW-00026881,Canada
AW-00026882,Canada
AW-00026883,Australia
AW-00026884,
AW-00026885,Germany
AW-00026886,Australia
AW-00026887,Canada
AW-00026888,Australia
AW-00026889,United States
AW-00026890,Canada
AW-00026891,Germany
AW-00026892,DE
AW-00026893,France
AW-00026894,US
AW-00026895,United Kingdom
AW-00026896,DE
AW-00026897,Australia
AW-00026898,Canada
AW-00026899,France
AW-00026900,Australia
AW-00026901,US
AW-00026902,Canada
AW-00026903,DE
AW-00026904,United Kingdom
AW-00026905,Canada
AW-00026906,Canada
AW-00026907,Germany
AW-00026908,Australia
AW-00026909,Australia
AW-00026910,France
AW-00026911,Australia
AW-00026912,United Kingdom
AW-00026913,France
AW-00026914,Germany
AW-00026915,France
AW-00026916,DE
AW-00026917,Australia
AW-00026918,USA
AW-00026919,USA
AW-00026920,France
AW-00026921,Canada
AW-00026922,Australia
AW-00026923,Canada
AW-00026924,US
AW-00026925,USA
AW-00026926,Australia
AW-00026927,
AW-00026928,Germany
AW-00026929,United States
AW-00026930,
AW-00026931,US
AW-00026932,Australia
AW-00026933,United States
AW-00026934,DE
AW-00026935,United States
AW-00026936,Australia
AW-00026937,US
AW-00026938,US
AW-00026939,Germany
AW-00026940,Canada
AW-00026941,United Kingdom
AW-00026942,Australia
AW-00026943,United States
AW-00026944,Germany
AW-00026945,Australia
AW-00026946,USA
AW-00026947,France
AW-00026948,USA
AW-00026949,Australia
AW-00026950,
AW-00026951,Canada
AW-00026952,
AW-00026953,Australia
AW-00026954,United Kingdom
AW-00026955,USA
AW-00026956,Australia
AW-00026957,Canada
AW-00026958,USA
AW-00026959,
AW-00026960,United Kingdom
AW-00026961,United Kingdom
AW-00026962,Australia
AW-00026963,US
AW-00026964,Canada
AW-00026965,United Kingdom
AW-00026966,USA
AW-00026967,Germany
AW-00026968,United Kingdom
AW-00026969,USA
AW-00026970,Australia
AW-00026971,Australia
AW-00026972,DE
AW-00026973,Australia
AW-00026974,USA
AW-00026975,United States
AW-00026976,United Kingdom
AW-00026977,
AW-00026978,Germany
AW-00026979,Germany
AW-00026980,United States
AW-00026981,Australia
AW-00026982,Canada
AW-00026983,Canada
AW-00026984,Australia
AW-00026985,United States
AW-00026986,Canada
AW-00026987,United States
AW-00026988,US
AW-00026989,United Kingdom
AW-00026990,US
AW-00026991,France
AW-00026992,Canada
AW-00026993,United States
AW-00026994,United States
AW-00026995,Germany
AW-00026996,United Kingdom
AW-00026997,Australia
AW-00026998,Canada
AW-00026999,Germany
AW-00027000,Canada
AW-00027001,Australia
AW-00027002,France
AW-00027003,Canada
AW-00027004,France
AW-00027005,United Kingdom
AW-00027006,Australia
AW-00027007,USA
AW-00027008,Australia
AW-00027009,Germany
AW-00027010,United States
AW-00027011,USA
AW-00027012,US
AW-00027013,United Kingdom
AW-00027014,United Kingdom
AW-00027015,Australia
AW-00027016,Australia
AW-00027017,Canada
AW-00027018,United States
AW-00027019,Canada
AW-00027020,United States
AW-00027021,United Kingdom
AW-00027022,
AW-00027023,United Kingdom
AW-00027024,United States
AW-00027025,Australia
AW-00027026,Australia
AW-00027027,Australia
AW-00027028,United States
AW-00027029,Australia
AW-00027030,United Kingdom
AW-00027031,United States
AW-00027032,United States
AW-00027033,Australia
AW-00027034,Australia
AW-00027035,US
AW-00027036,
AW-00027037,Australia
AW-00027038,Australia
AW-00027039,Australia
AW-00027040,United Kingdom
AW-00027041,United Kingdom
AW-00027042,Australia
AW-00027043,France
AW-00027044,Australia
AW-00027045,Australia
AW-00027046,US
AW-00027047,USA
AW-00027048,
AW-00027049,United States
AW-00027050,France
AW-00027051,Australia
AW-00027052,United States
AW-00027053,US
AW-00027054,Canada
AW-00027055,DE
AW-00027056,Australia
AW-00027057,US
AW-00027058,US
AW-00027059,Canada
AW-00027060,Germany
AW-00027061,US
AW-00027062,Canada
AW-00027063,Canada
AW-00027064,United Kingdom
AW-00027065,United States
AW-00027066,Canada
AW-00027067,United States
AW-00027068,Canada
AW-00027069,France
AW-00027070,France
AW-00027071,United States
AW-00027072,Canada
AW-00027073,France
AW-00027074,Germany
AW-00027075,Canada
AW-00027076,Australia
AW-00027077,United States
AW-00027078,United States
AW-00027079,Australia
AW-00027080,Germany
AW-00027081,Canada
AW-00027082,United Kingdom
AW-00027083,US
AW-00027084,United States
AW-00027085,Canada
AW-00027086,France
AW-00027087,United Kingdom
AW-00027088,Australia
AW-00027089,United States
AW-00027090,USA
AW-00027091,USA
AW-00027092,United Kingdom
AW-00027093,Australia
AW-00027094,DE
AW-00027095,DE
AW-00027096,DE
AW-00027097,France
AW-00027098,Germany
AW-00027099,Canada
AW-00027100,Germany
AW-00027101,Australia
AW-00027102,United Kingdom
AW-00027103,DE
AW-00027104,United States
AW-00027105,Australia
AW-00027106,Canada
AW-00027107,US
AW-00027108,US
AW-00027109,Australia
AW-00027110,United Kingdom
AW-00027111,Australia
AW-00027112,Australia
AW-00027113,Australia
AW-00027114,France
AW-00027115,USA
AW-00027116,Australia
AW-00027117,United Kingdom
AW-00027118,US
AW-00027119,Australia
AW-00027120,Australia
AW-00027121,Germany
AW-00027122,United States
AW-00027123,France
AW-00027124,
AW-00027125,France
AW-00027126,United States
AW-00027127,United Kingdom
AW-00027128,Germany
AW-00027129,Australia
AW-00027130,Canada
AW-00027131,DE
AW-00027132,Australia
AW-00027133,US
AW-00027134,Australia
AW-00027135,United Kingdom
AW-00027136,France
AW-00027137,
AW-00027138,France
AW-00027139,Canada
AW-00027140,Australia
AW-00027141,United Kingdom
AW-00027142,France
AW-00027143,Australia
AW-00027144,Australia
AW-00027145,Germany
AW-00027146,Canada
AW-00027147,Australia
AW-00027148,France
AW-00027149,Australia
AW-00027150,Australia
AW-00027151,United States
AW-00027152,US
AW-00027153,United Kingdom
AW-00027154,Canada
AW-00027155,Australia
AW-00027156,France
AW-00027157,United States
AW-00027158,United Kingdom
AW-00027159,Australia
AW-00027160,USA
AW-00027161,US
AW-00027162,France
AW-00027163,United Kingdom
AW-00027164,France
AW-00027165,USA
AW-00027166,Germany
AW-00027167,Australia
AW-00027168,United Kingdom
AW-00027169,United States
AW-00027170,Germany
AW-00027171,USA
AW-00027172,Australia
AW-00027173,US
AW-00027174,France
AW-00027175,USA
AW-00027176,Australia
AW-00027177,DE
AW-00027178,USA
AW-00027179,United Kingdom
AW-00027180,United Kingdom
AW-00027181,United Kingdom
AW-00027182,Canada
AW-00027183,Australia
AW-00027184,US
AW-00027185,Canada
AW-00027186,United States
AW-00027187,USA
AW-00027188,United Kingdom
AW-00027189,US
AW-00027190,
AW-00027191,Germany
AW-00027192,United Kingdom
AW-00027193,Australia
AW-00027194,United States
AW-00027195,United States
AW-00027196,France
AW-00027197,Australia
AW-00027198,DE
AW-00027199,Canada
AW-00027200,Germany
AW-00027201,USA
AW-00027202,Germany
AW-00027203,DE
AW-00027204,Canada
AW-00027205,Canada
AW-00027206,Canada
AW-00027207,Canada
AW-00027208,Australia
AW-00027209,Canada
AW-00027210,Germany
AW-00027211,Australia
AW-00027212,France
AW-00027213,United States
AW-00027214,United Kingdom
AW-00027215,Canada
AW-00027216,France
AW-00027217,United States
AW-00027218,Australia
AW-00027219,Canada
AW-00027220,USA
AW-00027221,Canada
AW-00027222,
AW-00027223,Australia
AW-00027224,Canada
AW-00027225,United States
AW-00027226,United States
AW-00027227,United Kingdom
AW-00027228,United Kingdom
AW-00027229,United Kingdom
AW-00027230,Australia
AW-00027231,United Kingdom
AW-00027232,DE
AW-00027233,Australia
AW-00027234,
AW-00027235,Canada
AW-00027236,Germany
AW-00027237,Australia
AW-00027238,US
AW-00027239,Canada
AW-00027240,US
AW-00027241,United Kingdom
AW-00027242,United Kingdom
AW-00027243,France
AW-00027244,Germany
AW-00027245,Australia
AW-00027246,Canada
AW-00027247,Canada
AW-00027248,USA
AW-00027249,France
AW-00027250,DE
AW-00027251,Australia
AW-00027252,France
AW-00027253,US
AW-00027254,USA
AW-00027255,United Kingdom
AW-00027256,Germany
AW-00027257,Canada
AW-00027258,Germany
AW-00027259,United Kingdom
AW-00027260,Canada
AW-00027261,United Kingdom
AW-00027262,US
AW-00027263,Canada
AW-00027264,France
AW-00027265,Germany
AW-00027266,United States
AW-00027267,Australia
AW-00027268,US
AW-00027269,United Kingdom
AW-00027270,Canada
AW-00027271,France
AW-00027272,US
AW-00027273,Canada
AW-00027274,Australia
AW-00027275,France
AW-00027276,United States
AW-00027277,
AW-00027278,Canada
AW-00027279,DE
AW-00027280,Germany
AW-00027281,United Kingdom
AW-00027282,Canada
AW-00027283,United States
AW-00027284,Germany
AW-00027285,Canada
AW-00027286,United Kingdom
AW-00027287,France
AW-00027288,Australia
AW-00027289,Australia
AW-00027290,Australia
AW-00027291,United Kingdom
AW-00027292,USA
AW-00027293,France
AW-00027294,United States
AW-00027295,Canada
AW-00027296,United States
AW-00027297,United Kingdom
AW-00027298,Canada
AW-00027299,DE
AW-00027300,Australia
AW-00027301,USA
AW-00027302,United Kingdom
AW-00027303,DE
AW-00027304,Australia
AW-00027305,United Kingdom
AW-00027306,France
AW-00027307,Germany
AW-00027308,USA
AW-00027309,Australia
AW-00027310,Germany
AW-00027311,Australia
AW-00027312,Australia
AW-00027313,United States
AW-00027314,Canada
AW-00027315,Canada
AW-00027316,US
AW-00027317,Australia
AW-00027318,Germany
AW-00027319,Germany
AW-00027320,Germany
AW-00027321,United States
AW-00027322,DE
AW-00027323,Canada
AW-00027324,Australia
AW-00027325,United States
AW-00027326,United Kingdom
AW-00027327,Australia
AW-00027328,Australia
AW-00027329,Australia
AW-00027330,DE
AW-00027331,France
AW-00027332,United Kingdom
AW-00027333,Canada
AW-00027334,United Kingdom
AW-00027335,Germany
AW-00027336,Australia
AW-00027337,United Kingdom
AW-00027338,USA
AW-00027339,Germany
AW-00027340,Germany
AW-00027341,United Kingdom
AW-00027342,Australia
AW-00027343,Australia
AW-00027344,Australia
AW-00027345,France
AW-00027346,Australia
AW-00027347,Australia
AW-00027348,Canada
AW-00027349,Canada
AW-00027350,USA
AW-00027351,Australia
AW-00027352,Australia
AW-00027353,Australia
AW-00027354,United States
AW-00027355,France
AW-00027356,DE
AW-00027357,Australia
AW-00027358,Australia
AW-00027359,United Kingdom
AW-00027360,France
AW-00027361,Canada
AW-00027362,France
AW-00027363,USA
AW-00027364,Australia
AW-00027365,Canada
AW-00027366,Canada
AW-00027367,United States
AW-00027368,United States
AW-00027369,Australia
AW-00027370,United States
AW-00027371,France
AW-00027372,Australia
AW-00027373,Canada
AW-00027374,United States
AW-00027375,DE
AW-00027376,Australia
AW-00027377,USA
AW-00027378,United Kingdom
AW-00027379,Australia
AW-00027380,Australia
AW-00027381,USA
AW-00027382,Australia
AW-00027383,
AW-00027384,Australia
AW-00027385,Germany
AW-00027386,Australia
AW-00027387,Australia
AW-00027388,United States
AW-00027389,DE
AW-00027390,Canada
AW-00027391,Canada
AW-00027392,France
AW-00027393,France
AW-00027394,Germany
AW-00027395,United States
AW-00027396,Germany
AW-00027397,Australia
AW-00027398,Germany
AW-00027399,USA
AW-00027400,United Kingdom
AW-00027401,Australia
AW-00027402,
AW-00027403,United Kingdom
AW-00027404,Germany
AW-00027405,Australia
AW-00027406,United Kingdom
AW-00027407,Germany
AW-00027408,Australia
AW-00027409,Canada
AW-00027410,Germany
AW-00027411,United Kingdom
AW-00027412,Australia
AW-00027413,DE
AW-00027414,France
AW-00027415,Australia
AW-00027416,DE
AW-00027417,Australia
AW-00027418,USA
AW-00027419,Australia
AW-00027420,United Kingdom
AW-00027421,Australia
AW-00027422,Australia
AW-00027423,USA
AW-00027424,United States
AW-00027425,Germany
AW-00027426,Canada
AW-00027427,DE
AW-00027428,Germany
AW-00027429,USA
AW-00027430,United States
AW-00027431,Canada
AW-00027432,
AW-00027433,France
AW-00027434,France
AW-00027435,USA
AW-00027436,Germany
AW-00027437,Australia
AW-00027438,Australia
AW-00027439,Canada
AW-00027440,DE
AW-00027441,United States
AW-00027442,US
AW-00027443,Australia
AW-00027444,Australia
AW-00027445,Germany
AW-00027446,Germany
AW-00027447,France
AW-00027448,Australia
AW-00027449,Australia
AW-00027450,Canada
AW-00027451,DE
AW-00027452,Canada
AW-00027453,Germany
AW-00027454,USA
AW-00027455,US
AW-00027456,United States
AW-00027457,Germany
AW-00027458,Australia
AW-00027459,Australia
AW-00027460,Germany
AW-00027461,France
AW-00027462,Germany
AW-00027463,Australia
AW-00027464,Canada
AW-00027465,DE
AW-00027466,France
AW-00027467,Australia
AW-00027468,US
AW-00027469,DE
AW-00027470,Germany
AW-00027471,Germany
AW-00027472,Australia
AW-00027473,Australia
AW-00027474,Australia
AW-00027475,United States
AW-00027476,France
AW-00027477,Australia
AW-00027478,United Kingdom
AW-00027479,Canada
AW-00027480,United Kingdom
AW-00027481,France
AW-00027482,Australia
AW-00027483,Australia
AW-00027484,United Kingdom
AW-00027485,France
AW-00027486,Canada
AW-00027487,US
AW-00027488,
AW-00027489,Australia
AW-00027490,France
AW-00027491,Germany
AW-00027492,France
AW-00027493,United Kingdom
AW-00027494,Germany
AW-00027495,US
AW-00027496,Australia
AW-00027497,France
AW-00027498,France
AW-00027499,United States
AW-00027500,France
AW-00027501,United Kingdom
AW-00027502,United States
AW-00027503,Germany
AW-00027504,Germany
AW-00027505,Australia
AW-00027506,Germany
AW-00027507,DE
AW-00027508,US
AW-00027509,France
AW-00027510,Australia
AW-00027511,United States
AW-00027512,Australia
AW-00027513,Australia
AW-00027514,Canada
AW-00027515,Australia
AW-00027516,United Kingdom
AW-00027517,USA
AW-00027518,France
AW-00027519,Australia
AW-00027520,France
AW-00027521,Australia
AW-00027522,
AW-00027523,United States
AW-00027524,United States
AW-00027525,Germany
AW-00027526,Australia
AW-00027527,United States
AW-00027528,United Kingdom
AW-00027529,France
AW-00027530,Australia
AW-00027531,United States
AW-00027532,Australia
AW-00027533,Canada
AW-00027534,United States
AW-00027535,United Kingdom
AW-00027536,United States
AW-00027537,DE
AW-00027538,USA
AW-00027539,Australia
AW-00027540,Germany
AW-00027541,Canada
AW-00027542,Germany
AW-00027543,DE
AW-00027544,
AW-00027545,France
AW-00027546,Australia
AW-00027547,Australia
AW-00027548,Australia
AW-00027549,Canada
AW-00027550,USA
AW-00027551,USA
AW-00027552,USA
AW-00027553,Australia
AW-00027554,United Kingdom
AW-00027555,Canada
AW-00027556,Canada
AW-00027557,France
AW-00027558,US
AW-00027559,Australia
AW-00027560,France
AW-00027561,France
AW-00027562,United Kingdom
AW-00027563,USA
AW-00027564,Australia
AW-00027565,France
AW-00027566,United Kingdom
AW-00027567,United Kingdom
AW-00027568,USA
AW-00027569,Australia
AW-00027570,Australia
AW-00027571,Australia
AW-00027572,France
AW-00027573,United States
AW-00027574,Australia
AW-00027575,Germany
AW-00027576,Australia
AW-00027577,DE
AW-00027578,United Kingdom
AW-00027579,United Kingdom
AW-00027580,France
AW-00027581,
AW-00027582,Germany
AW-00027583,United Kingdom
AW-00027584,France
AW-00027585,Australia
AW-00027586,USA
AW-00027587,Canada
AW-00027588,United States
AW-00027589,United Kingdom
AW-00027590,USA
AW-00027591,United Kingdom
AW-00027592,United Kingdom
AW-00027593,Australia
AW-00027594,Australia
AW-00027595,US
AW-00027596,US
AW-00027597,Germany
AW-00027598,USA
AW-00027599,United States
AW-00027600,Canada
AW-00027601,Canada
AW-00027602,United States
AW-00027603,Australia
AW-00027604,France
AW-00027605,Canada
AW-00027606,United States
AW-00027607,DE
AW-00027608,Germany
AW-00027609,France
AW-00027610,DE
AW-00027611,US
AW-00027612,Germany
AW-00027613,Canada
AW-00027614,United States
AW-00027615,United Kingdom
AW-00027616,USA
AW-00027617,United States
AW-00027618,Australia
AW-00027619,France
AW-00027620,DE
AW-00027621,Canada
AW-00027622,Australia
AW-00027623,DE
AW-00027624,Australia
AW-00027625,Germany
AW-00027626,United States
AW-00027627,France
AW-00027628,Canada
AW-00027629,DE
AW-00027630,DE
AW-00027631,Australia
AW-00027632,Germany
AW-00027633,US
AW-00027634,Australia
AW-00027635,United States
AW-00027636,United Kingdom
AW-00027637,United Kingdom
AW-00027638,United Kingdom
AW-00027639,United States
AW-00027640,France
AW-00027641,US
AW-00027642,Australia
AW-00027643,US
AW-00027644,Canada
AW-00027645,Australia
AW-00027646,Canada
AW-00027647,Australia
AW-00027648,Canada
AW-00027649,DE
AW-00027650,Germany
AW-00027651,US
AW-00027652,Germany
AW-00027653,United States
AW-00027654,France
AW-00027655,Australia
AW-00027656,Australia
AW-00027657,DE
AW-00027658,Canada
AW-00027659,Australia
AW-00027660,US
AW-00027661,United Kingdom
AW-00027662,Australia
AW-00027663,United Kingdom
AW-00027664,Australia
AW-00027665,Australia
AW-00027666,France
AW-00027667,Canada
AW-00027668,United States
AW-00027669,United States
AW-00027670,US
AW-00027671,Canada
AW-00027672,US
AW-00027673,DE
AW-00027674,United States
AW-00027675,Germany
AW-00027676,Australia
AW-00027677,Australia
AW-00027678,Canada
AW-00027679,Australia
AW-00027680,Australia
AW-00027681,Australia
AW-00027682,USA
AW-00027683,Germany
AW-00027684,France
AW-00027685,DE
AW-00027686,Germany
AW-00027687,Australia
AW-00027688,United Kingdom
AW-00027689,DE
AW-00027690,Canada
AW-00027691,Canada
AW-00027692,Australia
AW-00027693,Australia
AW-00027694,
AW-00027695,United States
AW-00027696,Australia
AW-00027697,Germany
AW-00027698,Australia
AW-00027699,Canada
AW-00027700,Canada
AW-00027701,Canada
AW-00027702,Germany
AW-00027703,Germany
AW-00027704,USA
AW-00027705,
AW-00027706,US
AW-00027707,United Kingdom
AW-00027708,US
AW-00027709,DE
AW-00027710,Canada
AW-00027711,France
AW-00027712,France
AW-00027713,USA
AW-00027714,United States
AW-00027715,Canada
AW-00027716,DE
AW-00027717,USA
AW-00027718,Canada
AW-00027719,Canada
AW-00027720,Australia
AW-00027721,France
AW-00027722,Australia
AW-00027723,United States
AW-00027724,Canada
AW-00027725,Germany
AW-00027726,DE
AW-00027727,Canada
AW-00027728,France
AW-00027729,United States
AW-00027730,
AW-00027731,Germany
AW-00027732,US
AW-00027733,USA
AW-00027734,United Kingdom
AW-00027735,Australia
AW-00027736,Canada
AW-00027737,Australia
AW-00027738,United Kingdom
AW-00027739,Canada
AW-00027740,United States
AW-00027741,Germany
AW-00027742,Australia
AW-00027743,Australia
AW-00027744,United States
AW-00027745,Germany
AW-00027746,United States
AW-00027747,Canada
AW-00027748,Australia
AW-00027749,Australia
AW-00027750,Canada
AW-00027751,Germany
AW-00027752,France
AW-00027753,France
AW-00027754,US
AW-00027755,US
AW-00027756,Australia
AW-00027757,United Kingdom
AW-00027758,United Kingdom
AW-00027759,France
AW-00027760,Australia
AW-00027761,France
AW-00027762,United States
AW-00027763,Australia
AW-00027764,United Kingdom
AW-00027765,USA
AW-00027766,Germany
AW-00027767,France
AW-00027768,Germany
AW-00027769,United States
AW-00027770,Germany
AW-00027771,Germany
AW-00027772,Australia
AW-00027773,US
AW-00027774,Australia
AW-00027775,Australia
AW-00027776,US
AW-00027777,Australia
AW-00027778,Canada
AW-00027779,Australia
AW-00027780,USA
AW-00027781,Australia
AW-00027782,Australia
AW-00027783,US
AW-00027784,Germany
AW-00027785,United States
AW-00027786,Australia
AW-00027787,Australia
AW-00027788,France
AW-00027789,Australia
AW-00027790,Australia
AW-00027791,USA
AW-00027792,Germany
AW-00027793,Germany
AW-00027794,
AW-00027795,United Kingdom
AW-00027796,United States
AW-00027797,United Kingdom
AW-00027798,France
AW-00027799,France
AW-00027800,United States
AW-00027801,Canada
AW-00027802,United States
AW-00027803,Australia
AW-00027804,Australia
AW-00027805,United States
AW-00027806,United States
AW-00027807,US
AW-00027808,United States
AW-00027809,Canada
AW-00027810,Canada
AW-00027811,DE
AW-00027812,United Kingdom
AW-00027813,Australia
AW-00027814,Australia
AW-00027815,Australia
AW-00027816,Canada
AW-00027817,Canada
AW-00027818,Australia
AW-00027819,Australia
AW-00027820,US
AW-00027821,Canada
AW-00027822,France
AW-00027823,DE
AW-00027824,Australia
AW-00027825,United Kingdom
AW-00027826,US
AW-00027827,Australia
AW-00027828,United States
AW-00027829,United States
AW-00027830,Canada
AW-00027831,Germany
AW-00027832,US
AW-00027833,Australia
AW-00027834,
AW-00027835,Australia
AW-00027836,US
AW-00027837,DE
AW-00027838,US
AW-00027839,France
AW-00027840,Canada
AW-00027841,Australia
AW-00027842,Australia
AW-00027843,Australia
AW-00027844,Canada
AW-00027845,Australia
AW-00027846,
AW-00027847,Canada
AW-00027848,France
AW-00027849,Australia
AW-00027850,Germany
AW-00027851,France
AW-00027852,Australia
AW-00027853,United Kingdom
AW-00027854,United States
AW-00027855,Germany
AW-00027856,Canada
AW-00027857,DE
AW-00027858,Germany
AW-00027859,Germany
AW-00027860,Australia
AW-00027861,Australia
AW-00027862,Germany
AW-00027863,United Kingdom
AW-00027864,United States
AW-00027865,United States
AW-00027866,United States
AW-00027867,Australia
AW-00027868,DE
AW-00027869,United Kingdom
AW-00027870,United States
AW-00027871,Canada
AW-00027872,Australia
AW-00027873,Canada
AW-00027874,Australia
AW-00027875,Germany
AW-00027876,Australia
AW-00027877,Australia
AW-00027878,United States
AW-00027879,United Kingdom
AW-00027880,Australia
AW-00027881,Canada
AW-00027882,United Kingdom
AW-00027883,Australia
AW-00027884,Canada
AW-00027885,Germany
AW-00027886,USA
AW-00027887,USA
AW-00027888,Germany
AW-00027889,United Kingdom
AW-00027890,USA
AW-00027891,Germany
AW-00027892,Australia
AW-00027893,United Kingdom
AW-00027894,Germany
AW-00027895,United States
AW-00027896,United States
AW-00027897,Australia
AW-00027898,Germany
AW-00027899,Australia
AW-00027900,US
AW-00027901,United States
AW-00027902,United Kingdom
AW-00027903,Germany
AW-00027904,Germany
AW-00027905,Canada
AW-00027906,United Kingdom
AW-00027907,Canada
AW-00027908,Canada
AW-00027909,France
AW-00027910,France
AW-00027911,United States
AW-00027912,United Kingdom
AW-00027913,United Kingdom
AW-00027914,Australia
AW-00027915,Germany
AW-00027916,Canada
AW-00027917,Canada
AW-00027918,Canada
AW-00027919,Australia
AW-00027920,US
AW-00027921,Australia
AW-00027922,France
AW-00027923,Australia
AW-00027924,Canada
AW-00027925,France
AW-00027926,Australia
AW-00027927,Australia
AW-00027928,Canada
AW-00027929,USA
AW-00027930,Canada
AW-00027931,United States
AW-00027932,Australia
AW-00027933,United Kingdom
AW-00027934,United Kingdom
AW-00027935,United Kingdom
AW-00027936,Canada
AW-00027937,France
AW-00027938,Germany
AW-00027939,Australia
AW-00027940,Australia
AW-00027941,Australia
AW-00027942,Germany
AW-00027943,United Kingdom
AW-00027944,France
AW-00027945,United States
AW-00027946,US
AW-00027947,United Kingdom
AW-00027948,Australia
AW-00027949,Canada
AW-00027950,USA
AW-00027951,DE
AW-00027952,United Kingdom
AW-00027953,Germany
AW-00027954,Germany
AW-00027955,DE
AW-00027956,Canada
AW-00027957,France
AW-00027958,France
AW-00027959,Canada
AW-00027960,Australia
AW-00027961,DE
AW-00027962,United Kingdom
AW-00027963,Germany
AW-00027964,Australia
AW-00027965,United Kingdom
AW-00027966,United Kingdom
AW-00027967,Germany
AW-00027968,Canada
AW-00027969,Canada
AW-00027970,United Kingdom
AW-00027971,United States
AW-00027972,United Kingdom
AW-00027973,Australia
AW-00027974,United States
AW-00027975,Australia
AW-00027976,United States
AW-00027977,United Kingdom
AW-00027978,France
AW-00027979,France
AW-00027980,Canada
AW-00027981,USA
AW-00027982,US
AW-00027983,United States
AW-00027984,United Kingdom
AW-00027985,DE
AW-00027986,Australia
AW-00027987,Canada
AW-00027988,Australia
AW-00027989,DE
AW-00027990,
AW-00027991,Australia
AW-00027992,Germany
AW-00027993,Australia
AW-00027994,Canada
AW-00027995,Canada
AW-00027996,United States
AW-00027997,United Kingdom
AW-00027998,Germany
AW-00027999,
AW-00028000,United Kingdom
AW-00028001,Canada
AW-00028002,DE
AW-00028003,France
AW-00028004,Canada
AW-00028005,USA
AW-00028006,Canada
AW-00028007,DE
AW-00028008,Germany
AW-00028009,Germany
AW-00028010,Canada
AW-00028011,United States
AW-00028012,Germany
AW-00028013,Canada
AW-00028014,Canada
AW-00028015,Canada
AW-00028016,Canada
AW-00028017,DE
AW-00028018,Canada
AW-00028019,Australia
AW-00028020,Australia
AW-00028021,Australia
AW-00028022,Australia
AW-00028023,Australia
AW-00028024,USA
AW-00028025,
AW-00028026,France
AW-00028027,Canada
AW-00028028,USA
AW-00028029,US
AW-00028030,US
AW-00028031,Germany
AW-00028032,United States
AW-00028033,Australia
AW-00028034,France
AW-00028035,Germany
AW-00028036,United Kingdom
AW-00028037,United States
AW-00028038,Australia
AW-00028039,Germany
AW-00028040,United Kingdom
AW-00028041,Germany
AW-00028042,United Kingdom
AW-00028043,US
AW-00028044,Australia
AW-00028045,US
AW-00028046,United Kingdom
AW-00028047,United Kingdom
AW-00028048,United Kingdom
AW-00028049,Australia
AW-00028050,Australia
AW-00028051,Australia
AW-00028052,France
AW-00028053,USA
AW-00028054,Australia
AW-00028055,Australia
AW-00028056,United Kingdom
AW-00028057,France
AW-00028058,United Kingdom
AW-00028059,Australia
AW-00028060,US
AW-00028061,Australia
AW-00028062,United Kingdom
AW-00028063,United Kingdom
AW-00028064,Australia
AW-00028065,Australia
AW-00028066,Germany
AW-00028067,Australia
AW-00028068,United Kingdom
AW-00028069,United Kingdom
AW-00028070,Canada
AW-00028071,United States
AW-00028072,Germany
AW-00028073,United States
AW-00028074,France
AW-00028075,Canada
AW-00028076,Australia
AW-00028077,USA
AW-00028078,Australia
AW-00028079,Canada
AW-00028080,Australia
AW-00028081,United States
AW-00028082,France
AW-00028083,France
AW-00028084,France
AW-00028085,Canada
AW-00028086,Canada
AW-00028087,France
AW-00028088,United States
AW-00028089,Germany
AW-00028090,Germany
AW-00028091,Australia
AW-00028092,Germany
AW-00028093,United States
AW-00028094,Australia
AW-00028095,Germany
AW-00028096,Germany
AW-00028097,USA
AW-00028098,United Kingdom
AW-00028099,Australia
AW-00028100,Canada
AW-00028101,Canada
AW-00028102,France
AW-00028103,USA
AW-00028104,Australia
AW-00028105,DE
AW-00028106,Australia
AW-00028107,United Kingdom
AW-00028108,Australia
AW-00028109,Australia
AW-00028110,US
AW-00028111,DE
AW-00028112,Australia
AW-00028113,Australia
AW-00028114,Germany
AW-00028115,United States
AW-00028116,France
AW-00028117,Germany
AW-00028118,Australia
AW-00028119,United Kingdom
AW-00028120,DE
AW-00028121,US
AW-00028122,Canada
AW-00028123,United States
AW-00028124,Canada
AW-00028125,United Kingdom
AW-00028126,Canada
AW-00028127,Australia
AW-00028128,USA
AW-00028129,Australia
AW-00028130,USA
AW-00028131,Canada
AW-00028132,Canada
AW-00028133,
AW-00028134,Canada
AW-00028135,United Kingdom
AW-00028136,Australia
AW-00028137,United Kingdom
AW-00028138,Australia
AW-00028139,Australia
AW-00028140,United Kingdom
AW-00028141,US
AW-00028142,Canada
AW-00028143,Canada
AW-00028144,Australia
AW-00028145,Australia
AW-00028146,United States
AW-00028147,Australia
AW-00028148,Germany
AW-00028149,Canada
AW-00028150,
AW-00028151,Australia
AW-00028152,Australia
AW-00028153,Canada
AW-00028154,Australia
AW-00028155,US
AW-00028156,Australia
AW-00028157,Australia
AW-00028158,USA
AW-00028159,Australia
AW-00028160,Germany
AW-00028161,USA
AW-00028162,Australia
AW-00028163,United Kingdom
AW-00028164,United States
AW-00028165,Australia
AW-00028166,United States
AW-00028167,Australia
AW-00028168,France
AW-00028169,USA
AW-00028170,France
AW-00028171,Australia
AW-00028172,US
AW-00028173,
AW-00028174,Canada
AW-00028175,Canada
AW-00028176,Australia
AW-00028177,USA
AW-00028178,US
AW-00028179,United States
AW-00028180,Canada
AW-00028181,Australia
AW-00028182,USA
AW-00028183,US
AW-00028184,Australia
AW-00028185,Australia
AW-00028186,France
AW-00028187,Australia
AW-00028188,DE
AW-00028189,United Kingdom
AW-00028190,United States
AW-00028191,Australia
AW-00028192,United States
AW-00028193,Australia
AW-00028194,Canada
AW-00028195,Australia
AW-00028196,France
AW-00028197,United Kingdom
AW-00028198,USA
AW-00028199,France
AW-00028200,US
AW-00028201,US
AW-00028202,United Kingdom
AW-00028203,Germany
AW-00028204,United States
AW-00028205,Australia
AW-00028206,Canada
AW-00028207,France
AW-00028208,United States
AW-00028209,US
AW-00028210,Germany
AW-00028211,Germany
AW-00028212,Australia
AW-00028213,Germany
AW-00028214,Germany
AW-00028215,United Kingdom
AW-00028216,Australia
AW-00028217,Australia
AW-00028218,Australia
AW-00028219,DE
AW-00028220,Australia
AW-00028221,France
AW-00028222,France
AW-00028223,United States
AW-00028224,United Kingdom
AW-00028225,United Kingdom
AW-00028226,DE
AW-00028227,Canada
AW-00028228,United Kingdom
AW-00028229,Australia
AW-00028230,France
AW-00028231,Australia
AW-00028232,Australia
AW-00028233,Australia
AW-00028234,Australia
AW-00028235,Germany
AW-00028236,USA
AW-00028237,Australia
AW-00028238,DE
AW-00028239,DE
AW-00028240,Australia
AW-00028241,United Kingdom
AW-00028242,United Kingdom
AW-00028243,Australia
AW-00028244,Canada
AW-00028245,US
AW-00028246,France
AW-00028247,Australia
AW-00028248,USA
AW-00028249,US
AW-00028250,Germany
AW-00028251,France
AW-00028252,United Kingdom
AW-00028253,France
AW-00028254,Australia
AW-00028255,United States
AW-00028256,United States
AW-00028257,DE
AW-00028258,US
AW-00028259,United Kingdom
AW-00028260,Canada
AW-00028261,DE
AW-00028262,United States
AW-00028263,DE
AW-00028264,United States
AW-00028265,Canada
AW-00028266,France
AW-00028267,United Kingdom
AW-00028268,Australia
AW-00028269,Australia
AW-00028270,Australia
AW-00028271,Canada
AW-00028272,Australia
AW-00028273,DE
AW-00028274,Australia
AW-00028275,United States
AW-00028276,Australia
AW-00028277,Australia
AW-00028278,Australia
AW-00028279,Australia
AW-00028280,Germany
AW-00028281,Germany
AW-00028282,Australia
AW-00028283,Australia
AW-00028284,France
AW-00028285,France
AW-00028286,Canada
AW-00028287,Australia
AW-00028288,United States
AW-00028289,United Kingdom
AW-00028290,DE
AW-00028291,Australia
AW-00028292,Australia
AW-00028293,Germany
AW-00028294,DE
AW-00028295,Germany
AW-00028296,DE
AW-00028297,Germany
AW-00028298,France
AW-00028299,United Kingdom
AW-00028300,Australia
AW-00028301,Australia
AW-00028302,Australia
AW-00028303,Canada
AW-00028304,US
AW-00028305,Canada
AW-00028306,Germany
AW-00028307,France
AW-00028308,US
AW-00028309,United States
AW-00028310,Australia
AW-00028311,France
AW-00028312,US
AW-00028313,Canada
AW-00028314,Australia
AW-00028315,DE
AW-00028316,
AW-00028317,Canada
AW-00028318,Australia
AW-00028319,DE
AW-00028320,United States
AW-00028321,United States
AW-00028322,Australia
AW-00028323,Australia
AW-00028324,US
AW-00028325,
AW-00028326,United Kingdom
AW-00028327,France
AW-00028328,United States
AW-00028329,Canada
AW-00028330,
AW-00028331,United Kingdom
AW-00028332,Australia
AW-00028333,Australia
AW-00028334,United Kingdom
AW-00028335,United Kingdom
AW-00028336,France
AW-00028337,United Kingdom
AW-00028338,Canada
AW-00028339,Canada
AW-00028340,Canada
AW-00028341,DE
AW-00028342,Germany
AW-00028343,France
AW-00028344,France
AW-00028345,Canada
AW-00028346,DE
AW-00028347,Australia
AW-00028348,United Kingdom
AW-00028349,Canada
AW-00028350,France
AW-00028351,United States
AW-00028352,Canada
AW-00028353,Germany
AW-00028354,USA
AW-00028355,Canada
AW-00028356,Germany
AW-00028357,Australia
AW-00028358,Canada
AW-00028359,Australia
AW-00028360,United States
AW-00028361,Australia
AW-00028362,Canada
AW-00028363,United Kingdom
AW-00028364,US
AW-00028365,Germany
AW-00028366,Canada
AW-00028367,Canada
AW-00028368,Canada
AW-00028369,Germany
AW-00028370,Australia
AW-00028371,Canada
AW-00028372,Australia
AW-00028373,Australia
AW-00028374,United Kingdom
AW-00028375,US
AW-00028376,Australia
AW-00028377,Australia
AW-00028378,US
AW-00028379,France
AW-00028380,Australia
AW-00028381,Germany
AW-00028382,USA
AW-00028383,
AW-00028384,US
AW-00028385,United Kingdom
AW-00028386,USA
AW-00028387,Australia
AW-00028388,France
AW-00028389,Australia
AW-00028390,Germany
AW-00028391,Canada
AW-00028392,
AW-00028393,United Kingdom
AW-00028394,United Kingdom
AW-00028395,US
AW-00028396,United Kingdom
AW-00028397,Canada
AW-00028398,DE
AW-00028399,Australia
AW-00028400,United States
AW-00028401,USA
AW-00028402,Australia
AW-00028403,Australia
AW-00028404,United States
AW-00028405,Australia
AW-00028406,Germany
AW-00028407,Australia
AW-00028408,Canada
AW-00028409,United Kingdom
AW-00028410,
AW-00028411,US
AW-00028412,USA
AW-00028413,Germany
AW-00028414,USA
AW-00028415,United States
AW-00028416,United Kingdom
AW-00028417,
AW-00028418,France
AW-00028419,United States
AW-00028420,United States
AW-00028421,Germany
AW-00028422,Germany
AW-00028423,United States
AW-00028424,Canada
AW-00028425,DE
AW-00028426,Australia
AW-00028427,Germany
AW-00028428,Canada
AW-00028429,Canada
AW-00028430,United States
AW-00028431,Canada
AW-00028432,United States
AW-00028433,USA
AW-00028434,Germany
AW-00028435,United States
AW-00028436,United Kingdom
AW-00028437,Australia
AW-00028438,Germany
AW-00028439,France
AW-00028440,Canada
AW-00028441,USA
AW-00028442,United States
AW-00028443,Australia
AW-00028444,Australia
AW-00028445,France
AW-00028446,Canada
AW-00028447,United Kingdom
AW-00028448,Germany
AW-00028449,United Kingdom
AW-00028450,Australia
AW-00028451,Australia
AW-00028452,
AW-00028453,France
AW-00028454,Australia
AW-00028455,Germany
AW-00028456,Canada
AW-00028457,France
AW-00028458,Canada
AW-00028459,Germany
AW-00028460,US
AW-00028461,United States
AW-00028462,Canada
AW-00028463,United States
AW-00028464,Canada
AW-00028465,US
AW-00028466,Germany
AW-00028467,Australia
AW-00028468,United States
AW-00028469,Canada
AW-00028470,United States
AW-00028471,Canada
AW-00028472,Australia
AW-00028473,France
AW-00028474,Germany
AW-00028475,USA
AW-00028476,France
AW-00028477,DE
AW-00028478,United Kingdom
AW-00028479,United States
AW-00028480,Canada
AW-00028481,US
AW-00028482,Australia
AW-00028483,Australia
AW-00028484,United Kingdom
AW-00028485,Australia
AW-00028486,Australia
AW-00028487,Canada
AW-00028488,Germany
AW-00028489,Canada
AW-00028490,Canada
AW-00028491,Australia
AW-00028492,DE
AW-00028493,Canada
AW-00028494,United Kingdom
AW-00028495,Canada
AW-00028496,Canada
AW-00028497,United States
AW-00028498,Canada
AW-00028499,Germany
AW-00028500,Canada
AW-00028501,United Kingdom
AW-00028502,Australia
AW-00028503,Australia
AW-00028504,Canada
AW-00028505,
AW-00028506,Australia
AW-00028507,Germany
AW-00028508,US
AW-00028509,Canada
AW-00028510,Canada
AW-00028511,Australia
AW-00028512,Canada
AW-00028513,Australia
AW-00028514,United States
AW-00028515,Canada
AW-00028516,Canada
AW-00028517,Germany
AW-00028518,Germany
AW-00028519,Australia
AW-00028520,Australia
AW-00028521,DE
AW-00028522,Germany
AW-00028523,Australia
AW-00028524,United States
AW-00028525,Australia
AW-00028526,Australia
AW-00028527,Germany
AW-00028528,US
AW-00028529,Canada
AW-00028530,US
AW-00028531,United Kingdom
AW-00028532,Australia
AW-00028533,
AW-00028534,USA
AW-00028535,Canada
AW-00028536,Australia
AW-00028537,United States
AW-00028538,United Kingdom
AW-00028539,Canada
AW-00028540,France
AW-00028541,Australia
AW-00028542,USA
AW-00028543,
AW-00028544,Australia
AW-00028545,Australia
AW-00028546,France
AW-00028547,Canada
AW-00028548,USA
AW-00028549,France
AW-00028550,USA
AW-00028551,
AW-00028552,United States
AW-00028553,Australia
AW-00028554,DE
AW-00028555,France
AW-00028556,United Kingdom
AW-00028557,United Kingdom
AW-00028558,Australia
AW-00028559,USA
AW-00028560,United States
AW-00028561,United Kingdom
AW-00028562,Australia
AW-00028563,Canada
AW-00028564,Germany
AW-00028565,United States
AW-00028566,United Kingdom
AW-00028567,
AW-00028568,
AW-00028569,DE
AW-00028570,France
AW-00028571,Germany
AW-00028572,DE
AW-00028573,Canada
AW-00028574,Australia
AW-00028575,US
AW-00028576,United Kingdom
AW-00028577,Australia
AW-00028578,United States
AW-00028579,Australia
AW-00028580,Canada
AW-00028581,United Kingdom
AW-00028582,Australia
AW-00028583,Australia
AW-00028584,Australia
AW-00028585,France
AW-00028586,US
AW-00028587,United Kingdom
AW-00028588,United Kingdom
AW-00028589,United States
AW-00028590,Australia
AW-00028591,DE
AW-00028592,USA
AW-00028593,France
AW-00028594,Germany
AW-00028595,Germany
AW-00028596,Canada
AW-00028597,DE
AW-00028598,United Kingdom
AW-00028599,Germany
AW-00028600,Australia
AW-00028601,Canada
AW-00028602,France
AW-00028603,Canada
AW-00028604,United Kingdom
AW-00028605,US
AW-00028606,France
AW-00028607,Australia
AW-00028608,United States
AW-00028609,United States
AW-00028610,DE
AW-00028611,US
AW-00028612,Canada
AW-00028613,Australia
AW-00028614,Australia
AW-00028615,Germany
AW-00028616,Germany
AW-00028617,France
AW-00028618,United States
AW-00028619,Australia
AW-00028620,Canada
AW-00028621,United Kingdom
AW-00028622,DE
AW-00028623,Germany
AW-00028624,Australia
AW-00028625,Australia
AW-00028626,Canada
AW-00028627,United Kingdom
AW-00028628,United States
AW-00028629,France
AW-00028630,Australia
AW-00028631,United Kingdom
AW-00028632,Australia
AW-00028633,Australia
AW-00028634,Canada
AW-00028635,Canada
AW-00028636,Australia
AW-00028637,Australia
AW-00028638,Germany
AW-00028639,US
AW-00028640,United States
AW-00028641,United Kingdom
AW-00028642,Canada
AW-00028643,United Kingdom
AW-00028644,Australia
AW-00028645,United Kingdom
AW-00028646,Australia
AW-00028647,Australia
AW-00028648,Australia
AW-00028649,United Kingdom
AW-00028650,Australia
AW-00028651,Australia
AW-00028652,USA
AW-00028653,DE
AW-00028654,Australia
AW-00028655,Australia
AW-00028656,United Kingdom
AW-00028657,United Kingdom
AW-00028658,Australia
AW-00028659,
AW-00028660,USA
AW-00028661,United Kingdom
AW-00028662,France
AW-00028663,Canada
AW-00028664,Australia
AW-00028665,United States
AW-00028666,Australia
AW-00028667,United Kingdom
AW-00028668,US
AW-00028669,USA
AW-00028670,DE
AW-00028671,Germany
AW-00028672,Australia
AW-00028673,US
AW-00028674,Canada
AW-00028675,Australia
AW-00028676,US
AW-00028677,France
AW-00028678,US
AW-00028679,United States
AW-00028680,United States
AW-00028681,United States
AW-00028682,Germany
AW-00028683,United Kingdom
AW-00028684,Australia
AW-00028685,Australia
AW-00028686,United Kingdom
AW-00028687,United Kingdom
AW-00028688,Germany
AW-00028689,
AW-00028690,Germany
AW-00028691,Canada
AW-00028692,United Kingdom
AW-00028693,United Kingdom
AW-00028694,Canada
AW-00028695,United Kingdom
AW-00028696,Australia
AW-00028697,Canada
AW-00028698,Australia
AW-00028699,Germany
AW-00028700,Australia
AW-00028701,France
AW-00028702,USA
AW-00028703,Canada
AW-00028704,Australia
AW-00028705,USA
AW-00028706,Australia
AW-00028707,DE
AW-00028708,United States
AW-00028709,Australia
AW-00028710,Germany
AW-00028711,United States
AW-00028712,France
AW-00028713,United States
AW-00028714,Australia
AW-00028715,Canada
AW-00028716,United States
AW-00028717,USA
AW-00028718,United States
AW-00028719,United States
AW-00028720,United States
AW-00028721,United Kingdom
AW-00028722,United States
AW-00028723,Australia
AW-00028724,United Kingdom
AW-00028725,United States
AW-00028726,DE
AW-00028727,Germany
AW-00028728,United States
AW-00028729,Germany
AW-00028730,United States
AW-00028731,Australia
AW-00028732,United Kingdom
AW-00028733,Australia
AW-00028734,Australia
AW-00028735,Canada
AW-00028736,United Kingdom
AW-00028737,France
AW-00028738,Canada
AW-00028739,United States
AW-00028740,USA
AW-00028741,US
AW-00028742,Australia
AW-00028743,Canada
AW-00028744,Australia
AW-00028745,Australia
AW-00028746,Australia
AW-00028747,Australia
AW-00028748,Australia
AW-00028749,Australia
AW-00028750,United States
AW-00028751,United Kingdom
AW-00028752,United Kingdom
AW-00028753,Australia
AW-00028754,Germany
AW-00028755,Australia
AW-00028756,France
AW-00028757,United Kingdom
AW-00028758,France
AW-00028759,Germany
AW-00028760,Australia
AW-00028761,Canada
AW-00028762,United Kingdom
AW-00028763,USA
AW-00028764,Canada
AW-00028765,
AW-00028766,France
AW-00028767,Germany
AW-00028768,Canada
AW-00028769,United Kingdom
AW-00028770,Australia
AW-00028771,DE
AW-00028772,Canada
AW-00028773,Germany
AW-00028774,USA
AW-00028775,Germany
AW-00028776,Australia
AW-00028777,Germany
AW-00028778,Australia
AW-00028779,Canada
AW-00028780,United Kingdom
AW-00028781,Australia
AW-00028782,Australia
AW-00028783,United States
AW-00028784,Australia
AW-00028785,United Kingdom
AW-00028786,France
AW-00028787,United States
AW-00028788,United Kingdom
AW-00028789,Germany
AW-00028790,Canada
AW-00028791,Australia
AW-00028792,United Kingdom
AW-00028793,Australia
AW-00028794,Australia
AW-00028795,Australia
AW-00028796,United States
AW-00028797,France
AW-00028798,Canada
AW-00028799,
AW-00028800,Australia
AW-00028801,DE
AW-00028802,United States
AW-00028803,DE
AW-00028804,US
AW-00028805,Australia
AW-00028806,Canada
AW-00028807,France
AW-00028808,United States
AW-00028809,United States
AW-00028810,Australia
AW-00028811,France
AW-00028812,United Kingdom
AW-00028813,DE
AW-00028814,Australia
AW-00028815,Australia
AW-00028816,US
AW-00028817,Germany
AW-00028818,Canada
AW-00028819,DE
AW-00028820,
AW-00028821,Australia
AW-00028822,Australia
AW-00028823,Australia
AW-00028824,Australia
AW-00028825,USA
AW-00028826,United Kingdom
AW-00028827,United Kingdom
AW-00028828,Australia
AW-00028829,United Kingdom
AW-00028830,Canada
AW-00028831,US
AW-00028832,Australia
AW-00028833,Germany
AW-00028834,United States
AW-00028835,Australia
AW-00028836,USA
AW-00028837,Australia
AW-00028838,United States
AW-00028839,
AW-00028840,Australia
AW-00028841,Australia
AW-00028842,Canada
AW-00028843,United Kingdom
AW-00028844,United States
AW-00028845,DE
AW-00028846,Canada
AW-00028847,United States
AW-00028848,Canada
AW-00028849,United Kingdom
AW-00028850,United States
AW-00028851,Germany
AW-00028852,USA
AW-00028853,Australia
AW-00028854,United States
AW-00028855,Germany
AW-00028856,Canada
AW-00028857,DE
AW-00028858,Germany
AW-00028859,Australia
AW-00028860,USA
AW-00028861,United States
AW-00028862,United Kingdom
AW-00028863,Australia
AW-00028864,United Kingdom
AW-00028865,United Kingdom
AW-00028866,France
AW-00028867,Australia
AW-00028868,Australia
AW-00028869,France
AW-00028870,Australia
AW-00028871,United States
AW-00028872,Canada
AW-00028873,Australia
AW-00028874,Australia
AW-00028875,Australia
AW-00028876,United States
AW-00028877,USA
AW-00028878,France
AW-00028879,Germany
AW-00028880,Canada
AW-00028881,France
AW-00028882,Australia
AW-00028883,United Kingdom
AW-00028884,Australia
AW-00028885,United Kingdom
AW-00028886,Germany
AW-00028887,United Kingdom
AW-00028888,France
AW-00028889,Australia
AW-00028890,United Kingdom
AW-00028891,Germany
AW-00028892,United States
AW-00028893,Germany
AW-00028894,United States
AW-00028895,Germany
AW-00028896,DE
AW-00028897,United Kingdom
AW-00028898,France
AW-00028899,France
AW-00028900,United Kingdom
AW-00028901,Germany
AW-00028902,United Kingdom
AW-00028903,DE
AW-00028904,United Kingdom
AW-00028905,United Kingdom
AW-00028906,Australia
AW-00028907,Germany
AW-00028908,United States
AW-00028909,DE
AW-00028910,Australia
AW-00028911,Australia
AW-00028912,United States
AW-00028913,United States
AW-00028914,US
AW-00028915,Canada
AW-00028916,Germany
AW-00028917,United Kingdom
AW-00028918,USA
AW-00028919,US
AW-00028920,United Kingdom
AW-00028921,Canada
AW-00028922,Canada
AW-00028923,United States
AW-00028924,Australia
AW-00028925,Australia
AW-00028926,United Kingdom
AW-00028927,Australia
AW-00028928,United States
AW-00028929,Australia
AW-00028930,Australia
AW-00028931,United Kingdom
AW-00028932,United States
AW-00028933,
AW-00028934,Australia
AW-00028935,France
AW-00028936,Australia
AW-00028937,Canada
AW-00028938,Australia
AW-00028939,Germany
AW-00028940,France
AW-00028941,Australia
AW-00028942,Canada
AW-00028943,US
AW-00028944,United Kingdom
AW-00028945,Canada
AW-00028946,USA
AW-00028947,United States
AW-00028948,Australia
AW-00028949,Germany
AW-00028950,Australia
AW-00028951,United States
AW-00028952,Australia
AW-00028953,DE
AW-00028954,USA
AW-00028955,Germany
AW-00028956,Australia
AW-00028957,Australia
AW-00028958,Australia
AW-00028959,Canada
AW-00028960,United Kingdom
AW-00028961,France
AW-00028962,United Kingdom
AW-00028963,Australia
AW-00028964,Australia
AW-00028965,France
AW-00028966,France
AW-00028967,United States
AW-00028968,Germany
AW-00028969,United States
AW-00028970,United States
AW-00028971,Australia
AW-00028972,Australia
AW-00028973,Australia
AW-00028974,United Kingdom
AW-00028975,France
AW-00028976,Australia
AW-00028977,US
AW-00028978,Canada
AW-00028979,Australia
AW-00028980,USA
AW-00028981,US
AW-00028982,USA
AW-00028983,Canada
AW-00028984,Germany
AW-00028985,USA
AW-00028986,United States
AW-00028987,France
AW-00028988,US
AW-00028989,Germany
AW-00028990,United Kingdom
AW-00028991,Australia
AW-00028992,Australia
AW-00028993,USA
AW-00028994,DE
AW-00028995,Australia
AW-00028996,Canada
AW-00028997,United States
AW-00028998,United States
AW-00028999,United Kingdom
