cst_id,cst_key,cst_firstname,cst_lastname,cst_marital_status,cst_gndr,cst_create_date
23446,AW00023446,Curtis,Ruiz,M,M,2019-12-14
24876,AW00024876,Seth,Diaz,S,M,2022-01-08
13607,AW00013607,Julio,Bennett,S,F,2021-03-24
13693,AW00013693,Seth,Ruiz,M,F,2023-07-09
15628,AW00015628,Lauren,Huang,S,M,2020-03-11
23437,AW00023437,Seth,Johnson,M,F,2021-01-14
24376,AW00024376, Chloe,Bennett,M,M,2019-07-29
11714,AW00011714,Chloe,Sanchez,S,M,2024-01-23
26846,AW00026846,Eugene ,Walker,,M,2021-04-11
17241,AW00017241,Jon,Jenkins,M,F,2020-03-20
21760,AW00021760,Lauren,Perez,M,F,2022-06-13
28978,AW00028978,Destiny,Johnson,M,F,2020-01-31
24913,AW00024913,Chloe,Ward,S,M,2024-11-19
22255,AW00022255,Shannon,Jenkins,M,M,2024-05-29
22201,AW00022201,Curtis,Torres,S,M,2019-03-21
14008,AW00014008, Sydney,Wood,M,M,2020-08-14
16014,AW00016014,Luke,Carlson,M,M,2020-07-06
24246,AW00024246,Jordan,Zhu,M,M,2024-02-28
26336,AW00026336,Ruben,Torres ,M,F,2020-04-29
22667,AW00022667,Ian,Zhu,S,F,2019-01-20
12400,AW00012400,Seth,Gray,S,M,2021-09-01
16946,AW00016946,Shannon,Johnson,M,M,2022-04-19
14019,AW00014019,Elizabeth,Young,S,F,2022-05-15
18547,AW00018547,Chloe ,Gray,M,F,2021-03-03
16944,AW00016944,Lauren,Torres,M,M,2019-09-25
12678,AW00012678,Janet,Bennett,S,F,2024-11-25
20668,AW00020668,Clarence,Yang,M,F,2025-03-20
28617,AW00028617,Christy,Alvarez,M,M,2024-09-02
15961,AW00015961,Lauren,Watson,S,M,2024-04-27
15297,AW00015297,Curtis,Alvarez,M,F,2023-02-26
26759,AW00026759,Eugene,Lu,S,M,2020-11-18
20055,AW00020055,Julio,Jenkins,S,F,2023-02-20
17505,AW00017505,Ruben,Hill,S,M,2025-07-04
19984,AW00019984,Clarence, Bennett,M,F,2025-07-18
24981,AW00024981,Jacquelyn,Gray,M,F,2021-11-21
28356,AW00028356,Jacquelyn,Diaz,S,F,2019-02-23
11962,AW00011962,Destiny ,Yang,S,M,2024-04-15
16219,AW00016219,Rob,Johnson,S,F,2019-09-06
15252,AW00015252,Elizabeth,Perez,S,M,2022-06-13
25549,AW00025549,Clarence,Yang,M,F,2022-08-29
16057,AW00016057,Ruben,Watson,S,F,2019-05-20
22365,AW00022365,Janet,Diaz,M,M,2023-02-21
18140,AW00018140,Julio,Zhu,M,F,2019-05-12
24307,AW00024307,Elizabeth,Hill,,F,2024-07-04
14264,AW00014264,Janet,Wood,S,M,2020-01-09
18324,AW00018324,Curtis,Ward ,M,M,2020-10-04
24565,AW00024565,Wyatt,Carlson,S,M,2020-01-28
22235,AW00022235,Wyatt,Mehta,M,F,2022-12-13
11798,AW00011798,Janet,Ruiz,M,M,2021-07-24
12066,AW00012066,Seth,Bennett,M,F,2021-02-16
20803,AW00020803,Janet,Torres,M,F,2025-07-05
22371,AW00022371,Curtis,Zhu,M,M,2021-04-24
18572,AW00018572,Jordan,Mehta,M,M,2019-10-06
12174,AW00012174,Christy,Johnson,S,M,2021-11-02
17755,AW00017755,Luke,Suarez,S,F,2024-07-04
19999,AW00019999,Christy,Lu,M,M,2025-04-26
22112,AW00022112,Chloe,Lu,M,M,2021-09-21
20243,AW00020243,Ian,Johnson,M,F,2023-12-14
27027,AW00027027,Jon,Perez,M,F,2019-08-14
19356,AW00019356,Ethan,Jenkins,S,M,2025-04-21
11141,AW00011141,Russell,Jenkins,M,M,2024-05-04
25620,AW00025620,Jon,Verhoff,M,M,2025-05-28
20493,AW00020493,Christy,Diaz,M,F,2023-10-17
16696,AW00016696,Luke,Huang,S,M,2025-03-15
17263,AW00017263,Janet,Watson,M,M,2024-08-24
26345,AW00026345,Jordan,Carlson,S,M,2021-07-11
28037,AW00028037,Destiny,Huang,M,F,2019-05-14
12800,AW00012800,Luke,Walker,S,M,2021-06-18
13097,AW00013097,Julio,Ruiz,S,F,2021-01-08
19449,AW00019449,Luke,Jenkins,M,F,2023-01-28
16794,AW00016794,Rob,Hill ,S,F,2023-05-26
16892,AW00016892,Jordan,Carlson,M,M,2024-06-21
23874,AW00023874,Eugene,Diaz,M,F,2019-12-15
11131,AW00011131,Clarence,Jenkins,M,M,2024-09-03
24306,AW00024306,Jordan,Suarez,S,M,2023-07-28
17546,AW00017546,Marco,Mehta,S,F,2025-05-01
21264,AW00021264,Julio,Alvarez,S,F,2025-04-27
15407,AW00015407,Jacquelyn,Alvarez,M,M,2020-01-30
14559,AW00014559,Janet,Alvarez,S,F,2021-03-06
28060,AW00028060,Christy, Ross,M,F,2019-10-12
14528,AW00014528,Eugene ,Diaz,S,M,2021-12-06
28937,AW00028937,Marco,Gray,M,M,2020-12-16
17629,AW00017629,Jacquelyn,Torres,S,F,2022-12-18
18343,AW00018343,Jacquelyn,Yang,S,F,2022-12-02
28647,AW00028647,Sydney,Mehta,M,F,2020-09-02
11113,AW00011113,Curtis,Carlson,M,F,2025-01-13
21521,AW00021521,Russell,Suarez,S,M,2024-12-12
25693,AW00025693,Jon,Jenkins,M,F,2020-12-29
17777,AW00017777,Chloe, Yang,M,F,2020-02-25
26337,AW00026337,Curtis,Lu,S,F,2024-07-02
28398,AW00028398, Shannon,Gray,S,M,2020-12-02
27417,AW00027417,Julio, Mehta,S,M,2020-06-20
20048,AW00020048,Shannon,Huang,S,M,2020-03-07
14067,AW00014067,Janet,Ruiz,M,M,2020-10-27
15455,AW00015455,Chloe,Carlson,S,F,2021-12-08
16354,AW00016354,Ruben,Carlson,S,M,2022-08-22
14064,AW00014064,Chloe,Carlson,S,F,2021-01-27
13140,AW00013140,Christy,Johnson,S,M,2020-12-11
23567,AW00023567,Jacquelyn,Ruiz,,F,2020-02-27
12895,AW00012895,Chloe,Bennett,M,F,2020-09-30
15907,AW00015907,Janet,Verhoff,M,M,2023-12-27
16844,AW00016844,Luke,Gray,,F,2023-10-21
14540,AW00014540, Destiny,Perez,M,M,2025-02-20
17309,AW00017309,Julio,Mehta,S,M,2019-08-01
12380,AW00012380,Jacquelyn,Mehta,M,F,2025-02-23
26528,AW00026528,Luke,Diaz,M,F,2021-08-16
12538,AW00012538,Jon,Walker,M,F,2020-01-05
13656,AW00013656,Rob,Jenkins,S,M,2023-06-20
22783,AW00022783,Chloe,Suarez,M,M,2024-01-30
21836,AW00021836,Elizabeth,Bennett,,M,2025-05-27
26377,AW00026377,Russell,Young,M,F,2021-01-09
19435,AW00019435,Julio,Walker,M,M,2024-09-19
12228,AW00012228,Julio,Gray,M,F,2022-07-03
12742,AW00012742,Russell,Torres,S,F,2025-05-23
15234,AW00015234,Destiny,Huang,M,M,2024-05-15
17584,AW00017584,Ian,Alvarez,S,F,2022-03-23
12553,AW00012553,Clarence,Ross,S,M,2024-03-09
21175,AW00021175,Ian,Suarez,S,M,2022-05-27
15735,AW00015735,Julio,Wood,M,M,2024-04-15
21496,AW00021496,Ian,Bennett,,F,2019-04-06
13207,AW00013207,Clarence,Diaz,S,F,2023-04-12
25404,AW00025404,Wyatt,Alvarez,S,M,2024-01-29
17557,AW00017557,Ethan,Mehta,S,F,2023-05-09
28274,AW00028274,Janet ,Mehta,M,M,2025-04-05
15119,AW00015119,Ian,Gray,S,M,2020-12-01
21260,AW00021260,Jordan,Yang,S,M,2019-06-01
17540,AW00017540,Shannon,Diaz,S,M,2019-06-01
14542,AW00014542,Seth,Watson,S,M,2023-06-26
28019,AW00028019,Seth,Jenkins,M,F,2019-04-19
26721,AW00026721,Shannon,Verhoff,M,M,2019-01-27
27723,AW00027723,Seth,Yang,S,M,2021-08-10
14103,AW00014103,Seth,Johnson,M,M,2024-04-24
25105,AW00025105,Marco,Huang,,F,2020-04-14
18759,AW00018759,Christy,Watson,M,M,2023-05-22
22308,AW00022308,Curtis,Bennett,M,M,2021-10-01
21730,AW00021730,Christy,Young,S,M,2025-03-09
18069,AW00018069,Destiny,Sanchez,,,2023-01-07
21961,AW00021961,Seth,Ross,M,M,2024-06-20
25483,AW00025483,Ethan,Verhoff,M,M,2022-11-01
13654,AW00013654,Jacquelyn,Walker,S,F,2020-09-09
28579,AW00028579,Lauren ,Ruiz,S,M,2019-04-05
22242,AW00022242,Wyatt,Verhoff,M,F,2019-09-10
25267,AW00025267,Jacquelyn,Suarez,S,M,2021-03-28
28077,AW00028077,Marco,Verhoff,M,F,2025-07-06
12090,AW00012090,Destiny,Jenkins,M,M,2025-04-25
11147,AW00011147,Marco,Zhu,S,F,2020-05-04
24361,AW00024361,Julio,Zhu,S,M,2022-09-18
14943,AW00014943,Lauren,Young,,M,2021-03-13
16976,AW00016976,Jon,Ross,S,F,2022-09-29
22108,AW00022108,Curtis,Torres,S,M,2021-11-26
27288,AW00027288,Ian,Diaz,M,F,2023-12-13
19808,AW00019808,Shannon,Gray,S,F,2019-02-08
22157,AW00022157,Rob,Mehta,M,F,2025-02-13
26934,AW00026934,Eugene,Diaz,M,F,2022-06-19
27537,AW00027537,Ian,Zhu,M,F,2022-11-08
20384,AW00020384,Clarence,Alvarez,M,M,2019-03-01
27036,AW00027036,Julio,Bennett,S,F,2025-03-11
14043,AW00014043,Curtis,Verhoff,S,F,2024-11-01
20380,AW00020380,Ethan,Watson,S,F,2025-07-20
18587,AW00018587,Sydney,Perez,M,F,2024-04-20
13019,AW00013019,Ruben,Ross,S,M,2021-09-10
22286,AW00022286,Jordan,Walker,M,F,2019-05-28
13620,AW00013620,Sydney, Ross,S,M,2025-07-25
13540,AW00013540,Wyatt ,Perez,S,F,2022-01-27
13367,AW00013367,Sydney,Jenkins,M,M,2019-04-25
21653,AW00021653,Curtis,Yang,M,F,2022-05-05
26106,AW00026106,Shannon,Ward,M,M,2020-10-04
17915,AW00017915,Janet,Huang,S,F,2023-04-29
28747,AW00028747,Julio,Walker,M,F,2024-12-28
28092,AW00028092,Jacquelyn,Young,M,M,2019-01-01
18002,AW00018002,Ethan,Lu,S,M,2019-10-13
16330,AW00016330,Destiny,Carlson,M,F,2020-05-07
14507,AW00014507,Russell,Gray,S,F,2023-06-05
22550,AW00022550,Chloe,Wood,M,M,2023-01-14
27652,AW00027652,Ian,Lu,S,F,2020-08-20
12022,AW00012022,Clarence , Huang,S,F,2024-11-16
28241,AW00028241,Christy,Jenkins,M,F,2019-08-30
22071,AW00022071,Ethan,Perez,M,F,2023-04-15
11070,AW00011070,Russell,Bennett,M,M,2020-04-03
16779,AW00016779,Julio,Walker ,M,M,2024-03-02
28825,AW00028825,Christy,Diaz,S,F,2020-12-01
12012,AW00012012,Jacquelyn,Ward,M,F,2019-11-18
21931,AW00021931,Seth,Carlson,M,M,2023-11-01
24351,AW00024351,Ian,Yang,M,M,2022-05-08
14694,AW00014694,Janet,Johnson,M,F,2021-01-30
17798,AW00017798,Sydney,Watson,S,F,2023-10-02
16040,AW00016040,Marco,Ross,S,F,2023-08-01
22186,AW00022186,Shannon,Ross,S,M,2024-10-13
14055,AW00014055,Christy,Mehta,S,M,2023-03-10
16984,AW00016984,Ruben,Ross,M,M,2024-10-19
15703,AW00015703,Sydney,Torres,S,M,2021-04-30
17469,AW00017469,Shannon,Suarez,M,M,2019-08-25
18272,AW00018272,Janet,Ward,S,F,2024-11-21
11561,AW00011561,Jacquelyn,Bennett,S,F,2022-11-27
27039,AW00027039,Eugene,Ruiz,M,F,2019-08-26
25481,AW00025481,Clarence,Diaz,S,F,2025-05-15
13512,AW00013512,Ethan,Ruiz ,M,M,2022-04-11
15314,AW00015314,Shannon,Mehta,M,F,2024-08-28
23038,AW00023038,Christy,Watson,M,F,2020-10-01
28332,AW00028332,Ethan,Ward,M,F,2022-10-06
16681,AW00016681,Luke,Walker,M,M,2021-10-29
19558,AW00019558,Rob,Zhu,S,M,2025-04-05
27160,AW00027160,Jon,Zhu,S,F,2025-04-16
21735,AW00021735,Elizabeth,Huang,M,F,2024-07-02
12603,AW00012603,Destiny,Ross,S,F,2024-04-01
26139,AW00026139,Ruben, Huang,S,M,2023-08-08
18564,AW00018564,Russell,Suarez,S,F,2024-03-28
21150,AW00021150,Marco,Huang,M,F,2024-07-05
25854,AW00025854, Ian,Carlson,S,M,2024-12-06
24163,AW00024163,Chloe,Perez,M,M,2024-12-13
17904,AW00017904,Seth,Sanchez,M,F,2024-07-19
26561,AW00026561,Destiny, Lu,S,M,2022-12-12
20644,AW00020644,Luke,Gray,M,M,2022-08-21
16855,AW00016855,Chloe,Torres,S,F,2024-01-02
14726,AW00014726,Jacquelyn,Gray,M,M,2024-08-18
17114,AW00017114,Destiny,Huang,M,M,2020-05-31
19602,AW00019602,Jon,Young ,S,F,2021-11-12
17443,AW00017443,Ethan,Lu ,M,M,2022-12-06
25282,AW00025282,Sydney,Gray,M,F,2020-03-18
28979,AW00028979,Ethan ,Perez,S,F,2024-03-28
16583,AW00016583,Jordan,Young,M,F,2024-12-06
22374,AW00022374,Ruben,Suarez,M,F,2022-06-29
20152,AW00020152,Julio,Huang,M,M,2024-11-15
21227,AW00021227,Curtis,Diaz,S,M,2020-07-30
20575,AW00020575,Jordan,Sanchez,M,M,2023-05-12
18508,AW00018508,Curtis,Johnson,S,M,2024-12-05
17366,AW00017366,Jordan,Torres ,S,M,2020-12-29
22521,AW00022521,Jordan,Wood,M,M,2023-09-17
26244,AW00026244,Sydney,Carlson,S,F,2024-11-19
28176,AW00028176,Janet,Watson,S,F,2021-12-23
19848,AW00019848,Ian,Walker,S,F,2025-07-06
25796,AW00025796,Ruben,Johnson,M,F,2019-08-15
20437,AW00020437,Lauren,Sanchez,M,M,2023-10-31
26230,AW00026230,Janet,Perez,M,F,2019-01-27
12321,AW00012321,Sydney,Yang,S,F,2019-08-18
21581,AW00021581,Shannon,Lu,S,M,2024-01-25
18456,AW00018456, Ruben,Zhu,M,M,2020-12-10
17909,AW00017909,Clarence,Mehta,M,M,2022-07-05
20412,AW00020412,Jon,Ward,S,F,2019-07-24
19280,AW00019280,Elizabeth,Walker,S,F,2023-03-02
11662,AW00011662,Russell,Torres,S,M,2023-06-04
11828,AW00011828,Wyatt,Gray,S,F,2021-10-15
18299,AW00018299,Seth,Walker,M,F,2020-12-27
26017,AW00026017,Lauren,Mehta,M,M,2020-04-24
25378,AW00025378,Ethan,Alvarez,S,F,2025-03-27
20628,AW00020628,Elizabeth,Sanchez,S,M,2025-06-15
17120,AW00017120,Janet,Johnson,S,F,2021-05-08
11344,AW00011344,Seth,Watson,M,M,2022-04-16
23373,AW00023373,Ruben,Sanchez,M,F,2024-07-27
28814,AW00028814,Sydney,Mehta,M,M,2020-09-01
13421,AW00013421,Shannon,Ross,S,F,2022-07-30
26885,AW00026885, Ethan,Jenkins,S,F,2025-02-03
25061,AW00025061,Clarence,Suarez,S,M,2024-09-07
24731,AW00024731,Clarence,Mehta,M,M,2022-12-26
17175,AW00017175,Luke,Verhoff,S,F,2023-07-17
20976,AW00020976,Wyatt,Alvarez,M,M,2023-02-25
18683,AW00018683,Ruben,Huang,M,F,2021-01-01
22689,AW00022689,Julio,Yang,S,F,2022-11-20
11789,AW00011789,Julio,Young,S,M,2023-11-12
20717,AW00020717,Julio,Johnson,S,M,2022-02-23
15083,AW00015083, Jon,Walker,M,M,2022-05-30
28327,AW00028327,Destiny,Huang,S,F,2023-06-29
28669,AW00028669,Clarence,Ruiz,S,M,2023-12-02
11170,AW00011170,Wyatt,Wood,M,F,2019-11-26
19607,AW00019607,Shannon,Watson,S,,2024-06-14
11885,AW00011885,Janet , Wood,M,M,2020-09-21
23158,AW00023158,Russell,Zhu,S,F,2021-09-11
24303,AW00024303,Curtis,Ruiz,M,F,2020-02-04
21838,AW00021838,Ethan,Walker,S,F,2019-05-23
16034,AW00016034,Jacquelyn,Diaz,S,M,2024-10-25
24637,AW00024637,Christy,Jenkins,M,M,2024-07-27
28675,AW00028675,Clarence,Carlson,M,M,2021-08-26
11181,AW00011181,Janet,Hill,M,F,2023-12-16
19048,AW00019048,Luke,Walker,M,F,2020-07-26
14472,AW00014472,Rob,Gray,M,M,2023-07-05
24829,AW00024829,Lauren,Carlson,M,M,2025-02-19
14015,AW00014015,Jacquelyn,Ward,M,M,2024-12-10
18887,AW00018887,Wyatt,Gray,M,F,2022-10-27
14258,AW00014258,Christy,Perez,M,M,2019-06-13
24675,AW00024675,Elizabeth,Diaz,M,F,2023-07-09
28107,AW00028107, Christy,Ross,S,F,2019-06-13
19143,AW00019143,Clarence,Yang,S,M,2023-01-30
23901,AW00023901,Seth,Jenkins,M,F,2024-09-17
26999,AW00026999,Clarence,Perez,M,M,2022-08-22
11001,AW00011001,Marco,Johnson,S,M,2023-09-25
26991,AW00026991,Destiny,Ruiz,M,F,2021-02-14
19769,AW00019769,Christy,Sanchez,M,M,2022-09-21
23501,AW00023501,Jacquelyn,Ward,S,F,2024-02-01
28284,AW00028284,Luke,Torres,M,F,2020-03-18
15771,AW00015771,Rob,Johnson,M,M,2024-03-06
26048,AW00026048,Sydney,Huang,M,M,2020-09-28
12814,AW00012814,Shannon,Lu,M,F,2025-07-03
21428,AW00021428,Julio,Yang,M,M,2019-03-08
25977,AW00025977,Wyatt,Sanchez,S,M,2021-10-16
24996,AW00024996,Seth,Hill,M,M,2021-04-16
22167,AW00022167,Shannon,Torres,M,F,2021-06-05
23660,AW00023660,Ian,Diaz,M,F,2023-04-05
28981,AW00028981,Clarence,Suarez,S,F,2024-10-04
21714,AW00021714,Sydney,Sanchez,M,F,2023-02-19
15438,AW00015438,Elizabeth,Watson,M,F,2022-06-01
20405,AW00020405,Jordan,Gray,M,M,2023-04-22
11314,AW00011314,Elizabeth,Johnson,S,F,2020-02-19
21056,AW00021056,Jon, Mehta,S,F,2024-12-31
13457,AW00013457,Jacquelyn,Jenkins,M,F,2022-04-19
13631,AW00013631,Julio,Watson,S,F,2024-02-13
11677,AW00011677,Lauren,Lu,S,F,2019-11-04
20896,AW00020896,Shannon,Torres,M,F,2023-07-12
27450,AW00027450,Rob,Ward,M,F,2024-01-07
11909,AW00011909, Jon,Suarez,S,M,2023-11-22
16194,AW00016194,Sydney,Hill,M,M,2022-09-12
13058,AW00013058,Jordan,Alvarez,S,M,2023-04-07
20262,AW00020262,Jon,Gray,M,M,2025-05-04
12406,AW00012406,Jacquelyn,Johnson,S,F,2022-04-25
20238,AW00020238,Jon,Ross,M,M,2024-05-13
13849,AW00013849,Julio,Yang,S,M,2021-09-01
16081,AW00016081,Russell,Gray,M,M,2019-11-20
22622,AW00022622,Ethan,Watson,S,F,2019-08-04
21326,AW00021326,Elizabeth,Ruiz,M,M,2022-08-01
13077,AW00013077,Seth,Johnson,M,M,2025-05-08
28091,AW00028091,Ian,Verhoff,M,F,2019-03-24
14980,AW00014980,Elizabeth,Alvarez,S,F,2020-10-28
21034,AW00021034,Russell,Jenkins,M,M,2019-02-26
18853,AW00018853,Jon,Johnson,M,M,2019-03-18
17128,AW00017128,Jordan,Ross,S,F,2022-01-29
14890,AW00014890,Luke,Watson,S,F,2024-12-29
11588,AW00011588,Shannon,Huang,M,F,2022-11-28
11765,AW00011765,Jordan ,Carlson,M,F,2023-03-23
24668,AW00024668,Sydney,Torres,S,,2024-11-03
26620,AW00026620,Christy,Walker,S,M,2025-02-24
11182,AW00011182,Eugene,Alvarez,M,M,2022-03-25
11697,AW00011697,Ruben,Huang,S,M,2019-03-23
24326,AW00024326,Ruben,Verhoff ,S,M,2023-09-08
14087,AW00014087,Chloe,Diaz,M,F,2023-11-18
19689,AW00019689,Julio,Walker,S,M,2019-01-02
22618,AW00022618,Lauren,Walker,S,M,2019-04-23
16125,AW00016125,Curtis,Hill,M,M,2019-10-18
16846,AW00016846,Curtis,Johnson,S,F,2020-02-13
13904,AW00013904,Jordan,Young,S,F,2021-04-08
15743,AW00015743,Clarence,Yang ,M,F,2024-03-21
28438,AW00028438,Marco,Ross,M,M,2025-06-14
23708,AW00023708,Jordan,Walker,S,F,2024-12-27
13186,AW00013186,Ian ,Young,S,M,2021-05-16
27842,AW00027842,Seth,Ruiz,M,M,2023-03-18
23001,AW00023001, Shannon,Wood,S,F,2023-12-16
22642,AW00022642,Lauren,Wood,M,F,2024-12-16
17971,AW00017971,Chloe,Wood,S,F,2021-03-11
16141,AW00016141,Eugene,Watson ,S,M,2024-05-12
27138,AW00027138,Clarence,Carlson,M,M,2020-11-13
16827,AW00016827,Chloe,Wood,S,M,2022-06-22
16555,AW00016555,Janet,Ward,S,M,2024-01-23
27335,AW00027335,Janet,Walker,S,M,2020-01-30
21092,AW00021092,Jon,Young,S,F,2021-01-19
12064,AW00012064,Russell, Alvarez,S,F,2023-01-07
15040,AW00015040,Christy,Ward,S,F,2021-01-31
18288,AW00018288,Wyatt,Perez,M,M,2020-04-05
13689,AW00013689,Jordan,Carlson,M,F,2022-09-08
28869,AW00028869,Sydney,Verhoff,M,M,2022-03-15
17210,AW00017210,Marco,Lu,S,M,2019-01-30
25137,AW00025137,Curtis,Suarez ,M,M,2021-10-28
20144,AW00020144,Wyatt,Perez,S,F,2019-10-20
17796,AW00017796,Russell,Alvarez,M,F,2019-06-11
14510,AW00014510,Eugene,Hill,S,M,2025-01-16
21368,AW00021368,Marco,Walker,S,M,2024-06-10
15899,AW00015899,Shannon,Bennett,S,M,2021-06-29
14205,AW00014205,Ian,Zhu,S,M,2021-03-26
20930,AW00020930,Shannon,Wood,S,M,2023-03-26
21637,AW00021637,Clarence,Ward,S,F,2025-03-10
13316,AW00013316,Christy,Carlson,M,F,2024-07-02
11356,AW00011356,Rob,Ross,S,M,2023-07-22
27545,AW00027545,Ethan,Wood,M,M,2023-11-29
20725,AW00020725,Elizabeth,Sanchez,M,M,2022-06-07
11471,AW00011471,Ethan,Jenkins,S,M,2021-04-24
19136,AW00019136,Wyatt,Mehta,M,F,2019-02-01
19549,AW00019549,Rob,Carlson,M,F,2025-06-02
20952,AW00020952,Lauren,Zhu,M,M,2022-11-05
16174,AW00016174,Elizabeth,Lu,S,F,2020-10-16
13583,AW00013583,Wyatt,Bennett,M,F,2022-09-01
21462,AW00021462,Clarence,Torres,S,M,2022-10-01
27658,AW00027658,Janet,Wood,S,F,2019-02-21
28081,AW00028081,Jon,Young,,M,2023-03-22
28491,AW00028491,Elizabeth,Ross,S,F,2025-01-31
25099,AW00025099,Ruben,Diaz,M,F,2025-05-13
13983,AW00013983,Christy,Ruiz,M,M,2021-01-21
25352,AW00025352, Luke,Ross,S,F,2024-09-08
19284,AW00019284,Jacquelyn,Suarez,S,F,2019-04-04
15815,AW00015815,Sydney,Bennett,S,M,2019-11-26
14501,AW00014501,Seth,Ruiz,M,F,2024-01-30
16851,AW00016851,Christy,Watson,S,F,2022-05-29
26921,AW00026921,Russell,Verhoff,M,M,2023-09-30
12447,AW00012447,Jordan,Hill,M,M,2022-06-01
21554,AW00021554,Rob,Suarez,S,M,2024-12-01
13576,AW00013576,Christy ,Perez,S,F,2020-12-31
26822,AW00026822,Elizabeth,Walker,M,M,2021-11-21
18125,AW00018125,Curtis,Watson,M,M,2022-01-18
23207,AW00023207,Shannon,Wood,S,M,2021-02-02
21681,AW00021681,Ruben,Ross,S,F,2021-03-26
27208,AW00027208,Russell,Hill,,M,2023-09-04
12314,AW00012314,Eugene,Ross,S,F,2024-12-29
15277,AW00015277,Ruben,Zhu,M,M,2025-05-20
19194,AW00019194,Christy,Lu,S,M,2019-09-08
15442,AW00015442,Curtis,Ward,M,F,2022-02-03
20545,AW00020545,Elizabeth,Perez,S,F,2020-02-25
11013,AW00011013,Curtis, Alvarez,M,M,2020-12-01
21756,AW00021756,Jon,Perez,M,M,2020-06-10
21520,AW00021520,Wyatt,Ross,M,F,2022-12-27
25442,AW00025442,Wyatt,Carlson,M,F,2025-03-20
23754,AW00023754,Julio,Wood,M,F,2020-11-05
21779,AW00021779,Clarence,Hill,S,F,2019-10-05
23033,AW00023033,Jon,Ward,S,M,2022-02-17
19396,AW00019396,Janet,Ross,M,M,2022-04-24
14525,AW00014525,Ruben,Johnson,S,F,2024-08-15
16487,AW00016487,Seth,Zhu,S,F,2019-05-02
17146,AW00017146,Marco,Bennett,S,F,2024-11-28
14017,AW00014017,Janet,Perez,M,F,2025-02-23
25037,AW00025037, Jordan,Ross,M,F,2019-12-06
19925,AW00019925,Jon,Walker,S,F,2022-06-24
22541,AW00022541,Wyatt,Watson,M,F,2020-04-08
22402,AW00022402,Christy,Hill,S,M,2023-07-03
17461,AW00017461,Janet,Sanchez,S,M,2019-05-13
16396,AW00016396,Clarence, Sanchez,M,M,2025-06-19
20642,AW00020642,Ethan,Jenkins,S,F,2021-11-04
21251,AW00021251,Janet,Walker,S,F,2021-02-05
26767,AW00026767,Destiny,Lu,S,M,2025-06-25
28723,AW00028723,Rob,Yang,M,F,2023-10-20
18604,AW00018604,Jordan,Ward,M,F,2021-11-04
18323,AW00018323,Rob,Lu,M,M,2023-01-31
18108,AW00018108,Luke,Lu,M,F,2023-08-26
11764,AW00011764,Destiny,Ruiz,S,M,2021-10-30
20328,AW00020328,Sydney,Alvarez,S,F,2019-07-01
15341,AW00015341,Destiny,Ross,M,F,2021-12-02
14937,AW00014937,Sydney,Jenkins,M,F,2022-06-26
28731,AW00028731,Eugene,Watson,S,F,2025-05-06
24182,AW00024182,Curtis,Sanchez,M,F,2020-11-20
26956,AW00026956,Wyatt,Torres,S,F,2024-06-10
18567,AW00018567,Jon,Young,M,F,2020-08-25
21984,AW00021984,Ian,Zhu ,M,M,2022-01-18
15997,AW00015997,Julio,Yang,M,M,2022-05-06
24842,AW00024842,Clarence,Ruiz,S,M,2025-03-30
13619,AW00013619,Chloe, Lu,M,F,2024-11-12
16665,AW00016665,Shannon,Watson,M,M,2019-03-13
28218,AW00028218,Jordan,Zhu,,M,2019-11-26
22537,AW00022537,Ian,Ruiz,S,F,2024-07-05
21973,AW00021973,Ruben,Lu,M,F,2019-05-16
21668,AW00021668,Jon,Torres,M,M,2020-03-15
27784,AW00027784,Christy, Jenkins,M,M,2023-05-11
24382,AW00024382,Seth,Bennett,S,M,2020-08-10
15493,AW00015493,Shannon,Verhoff,M,M,2023-02-08
23018,AW00023018,Sydney,Jenkins,S,F,2019-03-20
20701,AW00020701,Julio,Ross,M,F,2021-06-10
13170,AW00013170,Rob,Watson,M,M,2019-06-05
12026,AW00012026,Wyatt,Ruiz,S,M,2023-01-01
18729,AW00018729, Wyatt,Johnson,M,M,2021-11-01
16399,AW00016399,Shannon,Zhu,M,F,2019-12-02
22315,AW00022315,Shannon,Watson,M,F,2022-06-04
13567,AW00013567,Seth,Young,S,F,2023-09-02
27535,AW00027535,Ethan,Carlson,M,F,2019-08-04
15813,AW00015813,Rob ,Ruiz,M,F,2024-07-22
25890,AW00025890,Jordan,Young ,M,M,2020-07-16
18560,AW00018560,Janet ,Mehta,S,F,2021-05-17
20909,AW00020909,Ethan,Watson,S,M,2019-08-01
27070,AW00027070,Christy,Bennett,S,F,2020-03-29
14450,AW00014450,Janet,Bennett,S,M,2020-05-19
18706,AW00018706,Rob,Perez,S,M,2023-02-27
16318,AW00016318,Clarence,Walker,M,M,2021-04-04
11695,AW00011695,Luke,Sanchez,S,M,2024-07-09
24181,AW00024181,Destiny,Carlson,S,F,2022-11-11
22473,AW00022473, Ian,Torres,S,F,2020-12-25
25261,AW00025261,Jordan,Gray,S,M,2024-09-08
23495,AW00023495,Julio,Suarez,S,M,2022-06-13
23888,AW00023888,Jon,Torres,S,M,2023-01-12
18427,AW00018427,Shannon,Gray,S,M,2021-06-07
17974,AW00017974,Ian,Verhoff,M,F,2024-10-26
24550,AW00024550,Julio,Mehta,S,F,2019-02-10
27442,AW00027442,Chloe,Hill,M,F,2023-06-14
15515,AW00015515,Christy,Huang,M,F,2021-07-22
24999,AW00024999,Ruben,Carlson,S,F,2021-02-20
26845,AW00026845,Shannon,Suarez,S,M,2019-08-02
18151,AW00018151,Jacquelyn,Hill,S,M,2021-06-06
24015,AW00024015,Shannon,Yang,M,F,2019-12-02
24177,AW00024177,Marco,Ward,M,M,2020-04-01
13792,AW00013792,Elizabeth,Watson,S,F,2023-01-19
21390,AW00021390,Jacquelyn,Mehta,S,F,2022-10-25
24856,AW00024856,Eugene,Zhu,M,F,2022-11-24
26066,AW00026066,Jon,Ross,M,F,2023-03-21
17408,AW00017408,Jon,Young,S,F,2022-10-26
13823,AW00013823,Jon,Walker,M,F,2020-02-14
23592,AW00023592,Shannon,Mehta,M,M,2020-04-10
17028,AW00017028,Russell,Sanchez,M,F,2023-04-20
13022,AW00013022,Russell,Johnson,M,F,2024-10-10
15363,AW00015363, Shannon,Hill,M,F,2019-02-18
23438,AW00023438,Jon,Mehta ,S,F,2024-05-23
26511,AW00026511,Russell,Diaz,S,F,2025-02-05
11446,AW00011446,Marco,Bennett,M,F,2022-05-21
13687,AW00013687,Rob,Bennett,M,M,2021-06-25
26661,AW00026661,Eugene,Wood,M,M,2021-03-18
28848,AW00028848,Luke,Verhoff,S,F,2022-04-25
26752,AW00026752,Julio,Yang,S,M,2025-07-11
19706,AW00019706,Wyatt,Hill,M,M,2020-12-05
28280,AW00028280,Lauren, Mehta,M,F,2019-06-25
16101,AW00016101,Lauren,Mehta,M,M,2023-02-28
21183,AW00021183,Ian,Jenkins,M,F,2024-10-21
28543,AW00028543,Chloe, Jenkins,M,M,2022-12-11
26591,AW00026591,Chloe,Watson,S,M,2021-11-07
22050,AW00022050,Lauren,Lu,M,M,2019-09-19
28313,AW00028313,Ethan,Yang,M,F,2024-09-19
25462,AW00025462,Marco,Alvarez,S,F,2019-02-21
17112,AW00017112,Shannon ,Bennett,S,M,2023-01-08
16269,AW00016269,Clarence,Wood,S,M,2025-05-11
23919,AW00023919,Lauren,Diaz,M,F,2019-02-13
23851,AW00023851,Eugene,Carlson,M,F,2024-04-15
24932,AW00024932,Jordan,Young,S,M,2020-01-04
24866,AW00024866,Elizabeth, Bennett,S,M,2023-11-07
23051,AW00023051,Jon,Alvarez,S,F,2021-01-03
12407,AW00012407,Chloe,Carlson,S,F,2022-10-19
25925,AW00025925,Lauren,Suarez,S,M,2020-12-04
20788,AW00020788,Destiny,Ruiz,S,M,2024-08-18
17779,AW00017779,Destiny,Zhu,S,F,2022-03-14
27915,AW00027915,Shannon,Young,M,F,2020-07-18
12451,AW00012451,Ruben,Yang,M,F,2019-06-24
11270,AW00011270,Sydney,Suarez,S,F,2022-06-30
19927,AW00019927,Destiny,Lu,S,M,2023-06-01
15532,AW00015532,Jon,Yang,S,M,2023-12-29
22219,AW00022219,Ian,Bennett,M,M,2020-11-16
21758,AW00021758,Janet,Watson ,S,F,2021-08-09
21393,AW00021393,Elizabeth,Mehta,S,M,2019-02-27
16114,AW00016114,Marco,Hill,S,M,2025-04-02
16703,AW00016703,Julio,Wood,S,M,2020-07-28
18944,AW00018944,Ethan,Verhoff,S,F,2023-04-05
21608,AW00021608,Russell,Young,S,M,2022-04-10
28150,AW00028150,Jacquelyn,Perez,M,M,2020-03-09
14377,AW00014377,Jon,Ross,M,F,2023-03-08
23114,AW00023114,Christy,Verhoff,S,M,2022-09-13
20695,AW00020695,Marco,Lu,,M,2023-09-18
20445,AW00020445,Jon,Verhoff,S,M,2021-09-12
18006,AW00018006,Seth,Jenkins,S,F,2025-05-25
20577,AW00020577,Rob,Zhu,S,F,2024-01-27
17866,AW00017866,Russell,Mehta,S,M,2024-09-02
28676,AW00028676,Wyatt, Bennett,M,F,2024-09-05
22079,AW00022079,Marco,Lu,M,M,2020-06-30
20160,AW00020160,Sydney,Wood,M,F,2025-02-08
17677,AW00017677,Wyatt,Alvarez,M,F,2023-11-08
14548,AW00014548,Shannon,Watson,M,M,2024-03-07
25277,AW00025277,Eugene,Lu,M,M,2019-03-17
16153,AW00016153,Christy,Verhoff,S,M,2023-09-30
22024,AW00022024,Seth,Young,S,M,2021-05-22
14018,AW00014018,Ian,Lu,M,M,2023-05-29
21886,AW00021886,Jordan,Sanchez,S,M,2025-05-10
18903,AW00018903,Destiny,Sanchez,M,F,2021-06-06
19853,AW00019853,Christy,Mehta,S,F,2021-12-10
15157,AW00015157,Destiny,Huang,M,F,2023-05-23
26441,AW00026441,Curtis,Hill,,F,2022-01-16
15004,AW00015004,Jordan,Sanchez,M,F,2019-06-21
19526,AW00019526,Russell,Torres,S,M,2022-04-13
18220,AW00018220,Janet,Perez,S,F,2023-03-02
14808,AW00014808,Elizabeth,Alvarez,S,F,2019-11-03
26414,AW00026414,Ruben ,Young,M,F,2024-08-30
12190,AW00012190,Ian,Diaz ,M,F,2024-11-22
22992,AW00022992,Lauren,Bennett,M,M,2024-02-09
13755,AW00013755,Clarence,Huang,M,M,2021-03-15
26788,AW00026788,Jacquelyn,Young,M,,2021-03-15
23562,AW00023562,Sydney,Ruiz,S,F,2025-06-26
18365,AW00018365,Rob,Verhoff,S,F,2024-01-06
20916,AW00020916,Jacquelyn,Walker,S,M,2024-01-12
19061,AW00019061,Seth,Ward,M,F,2020-06-29
17797,AW00017797,Ethan,Lu,S,M,2021-09-03
25616,AW00025616,Marco,Diaz,S,F,2024-10-24
20246,AW00020246,Curtis,Ruiz,M,F,2020-05-31
20526,AW00020526,Ian,Verhoff,M,M,2023-05-15
17679,AW00017679,Destiny,Sanchez,S,M,2024-07-23
21911,AW00021911,Rob,Bennett,S,M,2024-02-02
16567,AW00016567,Marco,Young,S,M,2022-03-17
24108,AW00024108,Ruben,Gray,M,M,2019-07-12
21684,AW00021684,Chloe,Bennett,S,F,2020-09-27
16815,AW00016815,Lauren,Suarez,S,F,2021-05-25
24039,AW00024039,Chloe,Zhu ,M,M,2024-09-07
11288,AW00011288,Marco,Suarez,S,,2024-09-21
11004,AW00011004,Ian,Mehta,M,F,2019-01-27
21331,AW00021331,Wyatt,Young,S,F,2023-09-12
18834,AW00018834,Jon,Bennett,S,F,2020-07-11
15343,AW00015343,Lauren,Lu,S,F,2020-09-23
16525,AW00016525,Chloe ,Sanchez,M,M,2020-10-26
25767,AW00025767,Sydney,Ross ,M,M,2023-12-16
18691,AW00018691, Marco,Wood,S,M,2024-09-25
13324,AW00013324,Rob,Ross,M,M,2021-12-22
13228,AW00013228,Sydney,Ross,M,M,2021-09-08
28770,AW00028770,Elizabeth,Johnson,S,M,2022-11-24
27549,AW00027549,Jordan ,Ross,S,F,2021-07-20
19963,AW00019963,Marco,Diaz,M,F,2020-11-05
26969,AW00026969,Wyatt,Torres,M,M,2019-05-25
17455,AW00017455, Lauren, Young,M,M,2023-11-16
17308,AW00017308,Ian,Wood,S,F,2021-04-06
11514,AW00011514,Seth,Ruiz,S,F,2023-11-13
12156,AW00012156,Marco,Jenkins,S,M,2022-09-18
17681,AW00017681,Russell,Sanchez,M,M,2024-03-25
15994,AW00015994,Ethan,Verhoff,M,,2021-06-13
27265,AW00027265,Destiny,Ruiz,S,F,2022-11-07
16247,AW00016247,Seth,Yang,M,F,2021-01-14
18867,AW00018867,Clarence,Sanchez,S,M,2025-03-27
18175,AW00018175,Lauren,Sanchez,M,M,2023-10-25
11336,AW00011336,Shannon,Jenkins,S,F,2021-09-12
24535,AW00024535,Ian,Young,S,M,2021-08-21
26486,AW00026486,Seth,Verhoff,S,F,2021-06-14
27114,AW00027114,Christy,Zhu,S,F,2025-03-28
18392,AW00018392,Ian,Yang,M,M,2023-09-30
21602,AW00021602,Janet,Verhoff,S,F,2020-11-09
25349,AW00025349,Russell, Perez,M,M,2019-11-16
11167,AW00011167,Elizabeth,Torres,M,M,2021-08-29
18565,AW00018565,Jon,Ward,M,F,2023-02-19
16599,AW00016599,Jon,Alvarez,S,M,2020-01-19
20664,AW00020664,Ruben,Carlson,M,M,2023-10-23
17159,AW00017159,Lauren,Ruiz,M,F,2021-06-10
26297,AW00026297,Luke,Perez,M,F,2020-01-10
26845,AW00026845,Shannon,Suarez,S,M,2018-08-16
13456,AW00013456,Shannon,Johnson,S,F,2023-01-15
16734,AW00016734,Destiny,Lu,S,M,2021-01-22
28921,AW00028921,Luke,Hill,M,F,2024-10-28
16157,AW00016157,Ethan,Young,M,F,2019-12-11
16050,AW00016050,Seth,Suarez,S,M,2024-10-13
27225,AW00027225,Sydney ,Young,S,F,2024-05-14
27814,AW00027814,Russell,Ruiz,S,F,2022-06-03
13860,AW00013860,Ruben,Hill,S,F,2024-09-23
23160,AW00023160,Jacquelyn,Perez,S,M,2024-05-23
14860,AW00014860,Seth,Verhoff,S,F,2020-07-25
15019,AW00015019,Shannon,Gray,S,,2024-06-22
26992,AW00026992,Christy,Ward,M,M,2025-06-21
14163,AW00014163,Jon,Ward,M,M,2021-08-19
27414,AW00027414,Elizabeth,Ruiz,S,M,2019-01-06
11043,AW00011043,Eugene,Walker,M,M,2021-10-15
22217,AW00022217,Jacquelyn,Mehta,M,F,2020-10-11
26666,AW00026666,Clarence,Carlson,S,M,2020-11-18
12899,AW00012899,Lauren,Wood,M,M,2022-09-26
18407,AW00018407,Janet,Sanchez,S,F,2022-09-11
21497,AW00021497,Seth,Ward,S,F,2021-02-10
20406,AW00020406,Rob,Sanchez,S,F,2023-03-08
23189,AW00023189,Seth,Yang,M,M,2024-09-01
12723,AW00012723,Russell,Wood,S,F,2020-01-03
12787,AW00012787,Rob,Zhu,S,M,2023-04-02
16342,AW00016342,Ethan,Verhoff,M,F,2020-07-30
16584,AW00016584,Sydney,Hill,M,F,2020-10-16
26748,AW00026748,Destiny,Bennett,M,M,2023-04-28
22724,AW00022724,Destiny,Gray,S,M,2023-05-04
18742,AW00018742,Russell,Bennett,M,M,2019-07-13
20118,AW00020118,Rob,Bennett,S,F,2023-06-20
21336,AW00021336,Lauren,Sanchez,S,M,2022-11-15
16925,AW00016925,Russell,Mehta,S,F,2021-10-03
27286,AW00027286,Jacquelyn,Diaz,,F,2019-04-26
24931,AW00024931,Ian,Carlson,M,F,2021-06-12
20821,AW00020821,Christy,Bennett,,M,2021-05-15
23034,AW00023034,Wyatt,Diaz,S,M,2021-07-20
15082,AW00015082,Destiny,Yang,S,M,2019-07-17
20817,AW00020817,Julio,Wood,S,F,2022-05-10
23565,AW00023565,Lauren,Ross,M,M,2024-12-11
13475,AW00013475,Rob,Watson,M,M,2020-06-01
23836,AW00023836,Ethan,Sanchez,S,M,2024-02-03
18412,AW00018412,Jacquelyn,Ruiz,M,,2024-03-27
26467,AW00026467,Russell,Yang,S,M,2024-07-27
16273,AW00016273,Sydney,Sanchez,S,M,2024-05-24
11743,AW00011743,Christy,Carlson,M,F,2021-12-17
19712,AW00019712,Clarence,Alvarez,M,,2024-04-10
25530,AW00025530,Wyatt,Hill,S,F,2024-01-22
23204,AW00023204,Janet,Lu,S,F,2023-02-17
14580,AW00014580,Elizabeth,Torres,S,F,2022-01-31
22952,AW00022952,Marco, Watson,M,F,2021-11-14
25686,AW00025686,Clarence,Wood,M,M,2025-03-11
25013,AW00025013,Curtis,Verhoff,M,F,2019-03-02
27506,AW00027506,Jon,Suarez,S,F,2019-12-03
19170,AW00019170,Marco,Sanchez,S,F,2023-05-29
24103,AW00024103,Clarence,Bennett,M,F,2025-01-20
19776,AW00019776,Seth,Ross,M,M,2021-11-17
28358,AW00028358,Clarence,Ruiz,S,F,2019-07-05
24664,AW00024664,Jacquelyn,Johnson,S,F,2025-06-08
11311,AW00011311,Ethan,Gray,S,,2024-09-13
20997,AW00020997,Sydney,Ross,S,F,2022-02-09
11410,AW00011410,Wyatt,Wood,M,F,2024-04-29
16682,AW00016682,Lauren,Mehta,M,F,2022-03-07
20860,AW00020860,Jon,Ruiz,M,M,2021-08-31
22321,AW00022321,Shannon,Suarez,S,M,2022-11-30
14653,AW00014653,Shannon,Hill,S,M,2023-11-02
28272,AW00028272,Jon,Hill,S,M,2021-06-02
27521,AW00027521,Eugene,Bennett,M,M,2023-05-30
17723,AW00017723,Julio,Johnson,S,,2023-02-02
19195,AW00019195,Sydney,Suarez,S,F,2023-02-18
21328,AW00021328,Ruben,Zhu,S,M,2019-01-18
22103,AW00022103,Sydney,Perez,S,F,2025-07-16
16905,AW00016905,Jacquelyn,Watson,M,M,2023-11-29
24739,AW00024739,Shannon,Watson,S,F,2023-05-13
14637,AW00014637,Lauren,Ruiz,S,F,2020-07-26
23340,AW00023340,Jordan,Carlson,M,M,2022-02-28
21926,AW00021926,Ian,Sanchez,S,M,2023-10-16
16940,AW00016940,Russell,Sanchez ,S,M,2020-12-15
28976,AW00028976,Elizabeth,Yang ,M,M,2019-05-01
15543,AW00015543, Jacquelyn,Wood,S,M,2019-06-24
21201,AW00021201,Chloe,Sanchez,M,M,2024-11-25
24022,AW00024022,Destiny,Lu,M,F,2021-01-01
13648,AW00013648,Shannon,Ward,M,F,2024-12-27
13763,AW00013763,Ethan,Wood,M,F,2020-04-01
13505,AW00013505,Elizabeth,Sanchez,M,M,2021-03-12
20490,AW00020490,Sydney,Hill,M,F,2021-11-02
12545,AW00012545,Eugene,Ross,S,F,2020-04-13
19628,AW00019628,Wyatt,Wood,S,F,2023-07-26
26334,AW00026334,Jacquelyn,Jenkins,S,M,2019-06-01
15935,AW00015935,Shannon,Mehta,M,F,2022-02-03
16651,AW00016651,Destiny,Bennett,S,M,2024-06-04
27671,AW00027671,Seth,Young,M,F,2019-05-04
21487,AW00021487,Ian,Carlson,M,M,2025-07-24
26863,AW00026863,Christy,Yang,S,F,2023-11-17
21742,AW00021742, Shannon,Mehta,M,F,2024-08-18
28755,AW00028755,Curtis,Alvarez,M,M,2022-07-21
23521,AW00023521,Clarence,Walker,S,M,2024-05-15
11475,AW00011475,Wyatt,Carlson,S,F,2025-06-23
24946,AW00024946,Eugene,Suarez,S,M,2023-09-27
21040,AW00021040,Rob,Perez,M,F,2020-12-11
13712,AW00013712,Destiny,Young,S,F,2019-04-04
24415,AW00024415,Ian,Ross ,M,F,2024-07-02
26871,AW00026871,Luke ,Young,M,M,2021-10-28
28389,AW00028389,Ian,Ruiz,M,M,2021-07-03
28314,AW00028314,Wyatt,Ruiz,,M,2025-02-19
22634,AW00022634,Christy,Torres,S,M,2023-11-25
13993,AW00013993,Russell,Suarez,S,M,2020-09-17
23458,AW00023458,Sydney,Suarez,S,M,2024-09-16
16198,AW00016198,Shannon,Bennett,M,F,2019-04-11
28212,AW00028212,Sydney,Diaz,M,F,2021-03-20
19338,AW00019338,Curtis,Sanchez,S,F,2021-10-22
28336,AW00028336,Curtis,Huang,M,M,2021-10-06
15024,AW00015024,Jacquelyn ,Hill,S,F,2019-08-07
11814,AW00011814,Sydney,Carlson,M,F,2019-07-25
24249,AW00024249,Eugene,Huang,M,M,2021-05-01
17212,AW00017212,Shannon,Ruiz,M,F,2021-07-17
16496,AW00016496,Clarence,Jenkins,M,F,2020-06-11
22503,AW00022503,Christy,Huang,S,F,2020-07-10
17651,AW00017651,Destiny,Diaz,M,F,2020-02-09
19658,AW00019658,Destiny,Ruiz,M,F,2019-09-15
21559,AW00021559,Sydney,Carlson,S,M,2019-07-07
19801,AW00019801,Christy,Torres,S,F,2021-03-11
23053,AW00023053,Ethan,Wood,M,F,2022-03-04
21766,AW00021766,Julio,Walker,M,M,2021-05-11
21070,AW00021070,Ethan,Lu,S,F,2023-12-28
24370,AW00024370,Luke,Huang,M,M,2025-07-01
24539,AW00024539, Ethan,Zhu,S,F,2023-07-28
20751,AW00020751,Shannon,Ruiz,S,M,2024-07-16
14876,AW00014876,Clarence,Hill,S,F,2023-05-26
18807,AW00018807,Clarence,Verhoff,S,F,2023-10-05
22538,AW00022538,Sydney,Jenkins,S,M,2025-03-25
16231,AW00016231,Destiny,Watson,S,M,2023-11-06
25245,AW00025245,Janet,Verhoff,M,F,2019-08-27
27577,AW00027577,Janet,Diaz,M,M,2020-05-08
27178,AW00027178,Curtis,Ward,M,F,2020-06-09
15484,AW00015484,Destiny,Bennett,M,M,2023-10-10
12336,AW00012336,Julio,Yang,M,M,2019-01-27
22276,AW00022276,Russell,Huang,S,M,2025-02-14
27201,AW00027201,Luke,Carlson,M,M,2024-01-17
19719,AW00019719,Christy,Ross,M,M,2019-10-27
27091,AW00027091,Eugene,Yang,M,M,2021-08-16
16568,AW00016568,Elizabeth,Diaz,M,M,2019-03-30
19566,AW00019566,Ethan,Perez,S,F,2021-03-15
20970,AW00020970,Shannon,Alvarez,S,M,2019-12-14
17955,AW00017955,Luke, Diaz,,M,2019-09-05
22464,AW00022464,Russell,Watson,S,F,2020-04-09
20127,AW00020127,Ruben,Ruiz,M,F,2024-06-13
11332,AW00011332,Rob,Alvarez,S,F,2020-03-31
28821,AW00028821,Sydney,Zhu,S,F,2025-05-01
16803,AW00016803,Curtis,Torres,M,M,2019-08-23
14784,AW00014784,Destiny,Perez,S,M,2021-03-15
23217,AW00023217,Jon,Yang,S,M,2019-03-04
17432,AW00017432,Ian,Torres,M,M,2022-03-30
22650,AW00022650,Wyatt,Hill,S,F,2020-04-12
16576,AW00016576,Wyatt,Johnson,S,M,2020-02-07
20549,AW00020549,Lauren,Ross,M,M,2020-05-11
18226,AW00018226,Jon,Wood,M,M,2021-12-22
12071,AW00012071,Jon,Diaz,M,M,2022-08-06
24241,AW00024241,Marco,Ruiz,S,M,2024-02-18
13647,AW00013647,Elizabeth,Suarez,S,F,2022-09-01
11047,AW00011047,Jon,Torres,,M,2023-07-23
26228,AW00026228,Lauren,Watson,S,M,2024-07-24
28118,AW00028118,Chloe,Alvarez,S,F,2022-09-30
21609,AW00021609,Jon,Gray,S,M,2025-05-20
18998,AW00018998,Julio,Hill,S,F,2019-04-11
23648,AW00023648,Rob,Ruiz,S,F,2024-01-28
22489,AW00022489,Lauren,Johnson ,S,M,2022-10-05
16982,AW00016982,Ethan,Mehta ,M,F,2023-10-19
25514,AW00025514,Ethan,Ruiz,S,M,2021-01-06
16428,AW00016428,Jordan,Verhoff,S,M,2021-03-08
12480,AW00012480,Ethan,Yang,S,F,2022-09-01
13495,AW00013495,Jon,Lu,S,F,2025-05-28
14626,AW00014626,Jon,Ruiz ,M,M,2019-01-05
21948,AW00021948,Russell, Verhoff,S,M,2024-03-23
14998,AW00014998,Russell,Sanchez,M,F,2019-11-02
16225,AW00016225,Jacquelyn,Johnson,M,M,2021-05-09
16162,AW00016162,Shannon,Mehta,S,M,2021-01-24
25950,AW00025950,Eugene ,Diaz,M,F,2021-04-03
11442,AW00011442,Ethan,Watson,S,M,2023-07-19
27628,AW00027628,Marco,Ross,S,M,2023-08-14
15342,AW00015342,Ian,Zhu,S,F,2019-07-24
19212,AW00019212,Eugene,Ruiz,M,,2025-04-04
28165,AW00028165,Destiny,Zhu,M,M,2024-04-07
14088,AW00014088, Julio,Young,S,F,2020-03-10
28407,AW00028407,Janet,Wood,M,M,2022-10-01
18553,AW00018553,Clarence,Ward,S,M,2025-05-04
19493,AW00019493,Ethan,Alvarez,M,M,2019-11-16
28941,AW00028941,Elizabeth,Huang,S,M,2019-01-13
17582,AW00017582,Curtis,Suarez,M,M,2020-07-21
23163,AW00023163,Christy,Suarez,M,M,2024-04-12
14665,AW00014665,Sydney,Young,S,F,2024-07-26
11666,AW00011666,Rob,Mehta,,M,2020-07-11
20460,AW00020460,Jon,Sanchez,M,M,2023-07-12
26256,AW00026256,Ian,Walker,S,F,2021-07-28
20035,AW00020035,Marco,Wood,M,F,2019-06-08
19897,AW00019897,Lauren,Wood,,F,2019-04-26
23402,AW00023402,Ruben,Walker,M,M,2023-05-14
27863,AW00027863,Jon ,Huang,M,M,2022-02-24
19548,AW00019548,Julio,Zhu,S,M,2024-06-02
20241,AW00020241,Eugene,Suarez,S,F,2020-08-29
26486,AW00026486,Seth,Verhoff,S,F,2020-10-13
18352,AW00018352,Jon,Suarez,S,M,2020-08-01
26389,AW00026389,Christy,Watson,M,M,2024-01-28
20395,AW00020395,Jordan,Johnson,S,F,2022-02-04
17243,AW00017243,Russell,Diaz,M,M,2024-06-02
16392,AW00016392,Christy,Verhoff,M,F,2021-06-16
11691,AW00011691,Marco,Ruiz,S,M,2021-09-14
12437,AW00012437,Shannon,Carlson,S,M,2021-01-20
23776,AW00023776,Ethan,Young,M,F,2021-02-14
14706,AW00014706,Janet,Carlson,S,M,2020-04-08
27973,AW00027973,Rob,Ward,S,M,2020-04-25
27465,AW00027465,Ruben ,Wood,M,F,2021-01-12
24416,AW00024416,Janet,Johnson,S,F,2020-10-04
23579,AW00023579,Rob,Yang,M,F,2025-06-18
23804,AW00023804,Lauren,Ward,M,F,2025-04-29
11223,AW00011223,Sydney,Torres,S,M,2023-06-16
14382,AW00014382,Sydney,Huang,M,F,2019-03-15
16806,AW00016806,Christy,Mehta,M,M,2024-04-14
28856,AW00028856,Marco,Johnson,S,F,2022-10-01
27131,AW00027131,Julio,Diaz,M,M,2019-03-08
26742,AW00026742,Curtis,Torres,S,M,2022-11-22
27425,AW00027425,Janet, Mehta,S,M,2025-05-20
20275,AW00020275,Chloe,Zhu,M,F,2025-04-30
12571,AW00012571,Sydney,Johnson,S,F,2024-12-12
11340,AW00011340,Russell, Yang,M,M,2022-11-13
12449,AW00012449,Seth,Johnson,S,F,2020-05-28
23692,AW00023692,Rob,Verhoff,S,M,2025-02-13
13624,AW00013624,Janet,Verhoff,S,F,2021-12-04
14185,AW00014185,Shannon,Alvarez ,S,M,2019-04-07
22607,AW00022607,Luke,Mehta,S,M,2025-03-13
22761,AW00022761,Rob,Suarez,S,F,2020-03-11
19605,AW00019605,Sydney,Lu,M,,2020-09-02
22066,AW00022066,Seth,Ruiz,M,M,2022-04-26
12003,AW00012003,Elizabeth,Perez,S,F,2019-02-09
18268,AW00018268,Elizabeth,Young,M,M,2021-05-12
27821,AW00027821,Rob,Lu ,M,M,2020-09-02
17962,AW00017962,Clarence,Jenkins,S,M,2021-01-17
24868,AW00024868,Destiny,Yang,M,F,2021-05-26
15325,AW00015325,Jon,Johnson,S,M,2022-09-14
20076,AW00020076,Russell,Yang,S,F,2019-01-31
13886,AW00013886,Destiny,Hill,M,F,2021-10-26
20523,AW00020523,Ethan,Ward,M,M,2020-04-28
19601,AW00019601,Wyatt,Suarez,M,F,2024-07-16
12900,AW00012900,Elizabeth,Gray,M,M,2020-09-25
11781,AW00011781,Rob,Sanchez,M,F,2020-04-27
20787,AW00020787,Seth,Ward,M,F,2022-03-23
28850,AW00028850,Julio,Carlson,M,F,2025-07-24
21187,AW00021187,Jordan,Carlson,S,M,2021-11-15
15489,AW00015489,Christy,Hill,M,F,2023-02-17
28276,AW00028276, Elizabeth,Gray,M,F,2020-10-08
22955,AW00022955,Marco,Watson,S,M,2022-06-08
11042,AW00011042,Ian,Jenkins,M,M,2020-02-08
27560,AW00027560,Destiny,Young,M,F,2023-04-14
16109,AW00016109,Luke,Ross,S,F,2019-06-20
18747,AW00018747,Ian,Young,M,F,2019-09-18
28594,AW00028594,Luke,Suarez,M,M,2021-07-03
25178,AW00025178,Destiny,Suarez,M,F,2019-11-17
22127,AW00022127,Jon,Gray,S,F,2020-11-03
16007,AW00016007,Ethan,Yang,S,F,2022-01-19
25265,AW00025265,Janet,Alvarez,M,M,2025-05-09
24556,AW00024556,Clarence,Alvarez,S,M,2022-01-13
26212,AW00026212,Christy,Suarez,S,M,2020-07-01
26370,AW00026370,Ethan,Mehta,S,M,2020-06-04
27162,AW00027162,Russell,Bennett,S,F,2021-02-06
23146,AW00023146,Jacquelyn,Huang,M,F,2024-03-07
12781,AW00012781,Lauren,Ruiz,S,F,2019-02-10
14970,AW00014970,Ethan,Lu,M,F,2023-10-18
23328,AW00023328,Shannon,Alvarez,M,F,2019-11-16
14779,AW00014779,Lauren,Ross ,S,F,2020-03-24
21834,AW00021834,Eugene,Verhoff,S,M,2023-09-09
26501,AW00026501,Curtis,Watson,M,M,2021-12-17
13666,AW00013666,Jordan,Perez,M,F,2019-07-18
21053,AW00021053,Lauren,Diaz,S,F,2020-03-21
12458,AW00012458,Luke,Watson,S,M,2021-02-23
17949,AW00017949,Eugene,Gray,M,F,2022-11-21
22991,AW00022991,Luke,Jenkins,,F,2021-03-05
23009,AW00023009,Clarence, Jenkins,S,F,2023-12-08
20498,AW00020498,Elizabeth,Gray,M,F,2022-01-16
24440,AW00024440,Elizabeth,Watson,S,F,2020-03-08
26226,AW00026226,Destiny, Suarez,M,F,2020-04-27
15724,AW00015724, Eugene,Alvarez ,S,M,2021-04-05
27122,AW00027122,Seth,Suarez,S,F,2019-03-31
27073,AW00027073,Janet,Suarez,S,F,2020-09-17
24774,AW00024774,Jacquelyn,Ward,M,F,2024-11-24
12094,AW00012094,Jon, Carlson,S,M,2022-07-13
14738,AW00014738,Russell,Yang,S,F,2024-10-11
17999,AW00017999,Wyatt,Mehta,M,M,2025-07-07
25858,AW00025858,Marco,Hill,S,M,2023-06-12
18117,AW00018117,Jon,Zhu,S,M,2019-02-12
16425,AW00016425,Jacquelyn,Mehta,S,M,2020-03-05
24788,AW00024788,Ruben,Young,S,F,2021-11-04
13284,AW00013284, Clarence,Mehta,S,M,2019-11-04
14039,AW00014039,Curtis,Torres,S,M,2022-05-14
25431,AW00025431, Luke,Ross,M,M,2021-07-17
23544,AW00023544,Wyatt,Alvarez,S,M,2023-03-29
25448,AW00025448,Sydney,Mehta,M,F,2022-10-10
16380,AW00016380,Ethan,Carlson ,M,M,2021-06-06
14744,AW00014744,Ruben,Hill,S,F,2021-12-10
21278,AW00021278,Janet,Young,S,F,2022-10-03
16547,AW00016547,Lauren,Gray,M,F,2019-09-20
27346,AW00027346,Curtis,Ross,,M,2021-11-01
26755,AW00026755,Sydney,Watson,M,F,2023-08-30
27056,AW00027056,Ian,Young,S,F,2019-11-07
14510,AW00014510,Eugene,Hill,S,M,2024-08-31
23277,AW00023277,Lauren,Alvarez,S,M,2023-04-14
15187,AW00015187,Ethan,Verhoff,S,M,2020-10-06
18221,AW00018221,Ian,Yang,M,M,2022-03-26
15071,AW00015071,Ethan,Gray,S,M,2019-04-08
26447,AW00026447, Ruben,Mehta,S,M,2022-02-02
24810,AW00024810,Ethan,Sanchez,M,M,2020-12-08
16156,AW00016156,Chloe,Ward,S,M,2019-02-07
27960,AW00027960,Marco,Sanchez,S,F,2025-04-10
28001,AW00028001,Curtis,Lu,S,M,2019-02-08
13793,AW00013793,Sydney,Perez,S,M,2022-08-08
13881,AW00013881,Rob,Zhu,M,F,2025-07-24
28754,AW00028754,Ian ,Ward,M,M,2019-12-20
18897,AW00018897,Shannon,Diaz,S,F,2020-03-12
15570,AW00015570,Chloe,Walker,M,M,2025-05-22
25716,AW00025716,Ruben,Gray,S,F,2019-04-06
17590,AW00017590,Elizabeth,Mehta,S,M,2021-01-05
19203,AW00019203,Destiny,Jenkins,S,F,2023-09-20
17981,AW00017981,Wyatt,Carlson,S,M,2020-03-30
19293,AW00019293,Luke,Suarez,M,M,2022-11-13
25948,AW00025948,Seth,Huang,M,F,2023-07-19
21380,AW00021380,Lauren,Johnson,M,M,2025-07-07
26101,AW00026101,Sydney,Suarez,S,F,2021-11-27
26729,AW00026729,Curtis,Suarez,S,M,2023-10-17
25649,AW00025649,Julio,Perez,M,M,2022-02-10
26158,AW00026158,Luke,Lu,S,M,2019-01-25
27065,AW00027065,Sydney,Diaz,S,M,2024-03-16
27313,AW00027313,Russell,Carlson,S,M,2022-02-18
23415,AW00023415,Wyatt,Zhu,S,F,2024-10-19
26979,AW00026979,Seth,Walker,M,F,2022-07-15
21641,AW00021641,Wyatt,Jenkins,S,F,2022-05-15
26692,AW00026692,Eugene,Sanchez,S,F,2022-05-11
19884,AW00019884,Julio,Lu,M,F,2021-08-31
22162,AW00022162,Curtis,Verhoff,S,M,2021-11-20
14058,AW00014058,Elizabeth,Sanchez,M,F,2020-03-09
13397,AW00013397,Ruben,Ruiz,M,M,2024-12-28
11140,AW00011140,Clarence,Yang,S,M,2021-09-15
19288,AW00019288,Russell,Carlson,M,F,2023-11-25
13630,AW00013630,Curtis,Carlson,S,F,2025-02-17
26462,AW00026462,Ruben,Alvarez,S,F,2022-05-03
27094,AW00027094, Ethan,Hill,M,M,2019-09-23
14834,AW00014834,Rob,Young,M,M,2023-06-29
12342,AW00012342,Jon,Wood,S,M,2020-04-26
26527,AW00026527,Christy,Suarez,S,F,2025-03-31
14227,AW00014227,Wyatt,Torres,S,M,2023-08-21
11877,AW00011877,Shannon,Alvarez,M,M,2020-04-14
21693,AW00021693,Curtis,Alvarez,S,F,2021-10-29
17939,AW00017939,Luke,Huang ,S,M,2021-06-07
13988,AW00013988,Wyatt,Huang,M,F,2020-03-23
14543,AW00014543,Rob,Mehta,S,M,2020-08-02
18431,AW00018431,Jordan,Carlson,M,F,2024-03-06
23724,AW00023724,Sydney ,Carlson,,F,2023-05-25
11779,AW00011779,Destiny,Torres,S,F,2021-07-03
20164,AW00020164,Sydney,Huang,M,F,2023-06-09
18954,AW00018954,Shannon,Sanchez,M,M,2025-04-05
14926,AW00014926,Eugene,Suarez,M,F,2020-10-24
16929,AW00016929,Rob,Johnson,S,M,2022-02-18
22030,AW00022030,Jon,Torres,S,M,2023-01-31
20714,AW00020714,Sydney,Gray,M,M,2024-06-16
26577,AW00026577,Ethan,Lu,S,M,2021-09-22
26762,AW00026762,Lauren,Watson,M,F,2022-12-18
27955,AW00027955, Sydney,Alvarez,S,M,2019-07-13
18881,AW00018881,Sydney,Lu,M,M,2021-03-20
24801,AW00024801,Shannon,Carlson,M,M,2022-04-21
26737,AW00026737,Lauren, Gray,M,F,2021-10-11
16126,AW00016126,Curtis,Alvarez,S,,2023-12-13
22346,AW00022346,Christy,Verhoff,S,F,2022-04-10
23344,AW00023344,Eugene,Hill,S,M,2024-04-25
22512,AW00022512,Ian,Ruiz,S,,2024-09-26
18672,AW00018672,Janet,Zhu,,F,2024-12-25
28699,AW00028699,Rob,Lu,M,F,2021-02-04
23024,AW00023024, Jon,Yang,S,F,2022-05-04
19368,AW00019368, Seth,Suarez,M,F,2020-02-06
16692,AW00016692,Janet,Johnson,M,M,2023-06-30
25275,AW00025275,Sydney,Gray,M,F,2024-04-24
21501,AW00021501,Janet,Sanchez,S,M,2023-10-05
14661,AW00014661,Marco,Watson,M,M,2025-01-18
11955,AW00011955,Ethan,Walker,S,F,2025-03-11
20492,AW00020492,Sydney,Carlson,M,F,2020-07-22
14716,AW00014716,Eugene,Watson,M,M,2024-02-14
19103,AW00019103,Wyatt,Mehta,M,M,2024-09-21
25799,AW00025799,Eugene,Wood,S,F,2022-01-24
16070,AW00016070,Luke, Walker,M,M,2019-06-13
15993,AW00015993,Destiny,Watson,S,F,2021-03-08
25446,AW00025446,Clarence,Watson,M,F,2021-01-01
18242,AW00018242,Marco,Wood,S,F,2020-10-12
21800,AW00021800,Jon,Jenkins,M,F,2019-06-21
16911,AW00016911,Janet, Perez,M,F,2021-08-15
25988,AW00025988,Julio,Suarez,S,F,2023-12-16
22151,AW00022151,Marco,Sanchez,,M,2021-12-12
13803,AW00013803,Russell,Johnson,M,M,2021-01-14
27299,AW00027299,Rob ,Alvarez,S,M,2022-12-19
24005,AW00024005,Sydney,Alvarez,S,M,2024-02-17
15862,AW00015862,Sydney,Watson,S,M,2019-01-19
17394,AW00017394,Russell,Watson,S,F,2022-08-21
21557,AW00021557,Clarence,Hill,S,F,2024-07-05
23842,AW00023842,Janet,Suarez,M,M,2019-01-31
18900,AW00018900,Jacquelyn,Bennett,M,M,2019-12-19
20371,AW00020371,Shannon,Lu,M,F,2023-11-25
11973,AW00011973,Rob,Mehta,S,F,2023-07-13
13538,AW00013538,Russell,Wood,S,M,2023-05-22
15974,AW00015974,Clarence,Hill,M,M,2019-08-11
12361,AW00012361,Jacquelyn,Mehta,M,M,2020-11-27
15176,AW00015176,Curtis,Mehta,M,F,2025-04-30
24702,AW00024702,Shannon,Yang,S,M,2022-09-04
26329,AW00026329,Rob,Zhu,M,F,2019-07-21
17901,AW00017901,Destiny,Ross,S,F,2020-08-29
19045,AW00019045,Seth,Sanchez,M,F,2022-09-02
28502,AW00028502,Christy,Ruiz,S,M,2019-08-04
15357,AW00015357,Russell,Verhoff,S,M,2025-04-02
25362,AW00025362,Marco,Yang,S,M,2020-03-18
20550,AW00020550,Elizabeth,Hill,S,F,2022-12-27
23641,AW00023641,Christy,Diaz,M,M,2019-07-05
19015,AW00019015,Sydney,Young,S,M,2025-05-03
18892,AW00018892,Sydney,Ruiz,M,F,2020-03-03
11201,AW00011201,Ethan,Wood,M,F,2024-06-21
15380,AW00015380,Ian,Walker,S,F,2021-11-27
12764,AW00012764,Jacquelyn,Sanchez,S,M,2020-02-25
23807,AW00023807,Marco,Ross,S,F,2025-07-09
25968,AW00025968,Ian,Johnson ,S,F,2020-08-03
19184,AW00019184,Shannon,Johnson,S,M,2020-03-07
18265,AW00018265,Lauren,Huang,S,M,2023-02-09
17296,AW00017296,Jacquelyn,Verhoff,S,M,2025-07-03
25947,AW00025947, Chloe,Ward,S,F,2020-09-24
13537,AW00013537,Wyatt,Perez,M,M,2019-03-02
20482,AW00020482,Jacquelyn,Suarez,M,M,2021-08-20
18904,AW00018904,Sydney,Young,S,M,2020-10-17
17578,AW00017578,Wyatt,Carlson,M,M,2025-04-15
22085,AW00022085,Clarence,Diaz,S,M,2022-07-12
16700,AW00016700,Jordan ,Watson,S,M,2021-07-31
28823,AW00028823, Seth,Zhu,M,M,2024-09-14
22740,AW00022740,Elizabeth,Ross,S,M,2021-07-08
11159,AW00011159,Lauren,Bennett,M,,2023-10-23
12465,AW00012465,Seth,Carlson,S,M,2022-09-05
17840,AW00017840,Sydney,Yang,M,F,2021-10-30
11556,AW00011556,Christy ,Yang,S,F,2021-06-28
20918,AW00020918,Marco,Johnson,M,F,2023-07-27
21086,AW00021086,Marco,Ross,S,F,2019-11-27
22479,AW00022479,Eugene,Ross,S,M,2022-07-21
19793,AW00019793,Lauren,Ruiz,M,F,2023-06-04
19929,AW00019929,Chloe,Johnson,S,F,2023-01-26
19980,AW00019980,Chloe,Ruiz,M,,2021-09-25
16951,AW00016951,Lauren,Jenkins,M,M,2024-09-10
20426,AW00020426,Rob,Ross,S,F,2023-03-11
12171,AW00012171,Luke,Ward,S,M,2020-08-15
13564,AW00013564,Wyatt,Ward,S,F,2024-10-28
20722,AW00020722,Luke,Ross,S,F,2022-10-24
16687,AW00016687,Ethan,Johnson,M,M,2019-06-11
15219,AW00015219,Ruben,Hill,M,M,2024-04-07
18021,AW00018021,Rob,Watson,M,F,2020-01-04
28639,AW00028639,Jordan,Jenkins,S,F,2019-08-27
25758,AW00025758,Christy,Mehta,M,F,2019-10-04
16928,AW00016928,Shannon,Verhoff,S,F,2025-03-14
18491,AW00018491,Destiny,Jenkins,M,F,2021-12-17
23045,AW00023045,Lauren,Lu,S,M,2024-11-05
16129,AW00016129,Wyatt,Bennett,S,F,2020-06-12
14145,AW00014145,Janet,Ruiz,M,M,2024-08-08
18450,AW00018450,Ethan,Young,M,M,2020-01-18
11788,AW00011788,Sydney,Verhoff,S,M,2025-06-18
26213,AW00026213,Seth,Walker,S,M,2019-09-29
26944,AW00026944,Wyatt,Yang,M,F,2021-12-17
21471,AW00021471,Julio,Ward,S,F,2023-04-28
23524,AW00023524, Russell,Alvarez,M,M,2023-12-18
18501,AW00018501,Jacquelyn,Wood,M,M,2025-02-03
12055,AW00012055,Chloe,Ross,M,M,2023-01-16
26267,AW00026267,Clarence,Huang,M,M,2024-11-02
17879,AW00017879,Shannon,Jenkins,S,F,2024-02-20
27959,AW00027959,Ethan,Lu,M,M,2019-01-21
16743,AW00016743,Jon,Walker,S,M,2019-02-25
14916,AW00014916,Seth,Walker,S,F,2020-04-09
28956,AW00028956,Ethan,Perez,S,F,2022-07-19
24033,AW00024033,Ruben,Johnson,S,F,2025-05-21
13642,AW00013642,Janet,Jenkins,S,M,2020-09-23
15418,AW00015418,Shannon,Watson,S,M,2019-11-01
27582,AW00027582,Jordan,Hill,S,M,2024-11-26
15837,AW00015837,Ruben,Lu,M,M,2019-05-14
19587,AW00019587,Ethan,Hill,M,F,2019-10-07
26451,AW00026451,Lauren,Torres,S,F,2025-02-24
20581,AW00020581,Chloe,Carlson,M,F,2020-02-09
25653,AW00025653,Jon,Verhoff,M,F,2022-11-01
13067,AW00013067,Christy,Zhu,S,M,2022-09-18
11007,AW00011007,Lauren,Zhu,M,F,2021-12-19
11891,AW00011891,Russell,Sanchez,S,M,2023-01-05
12219,AW00012219,Shannon,Ross,S,F,2021-04-01
18266,AW00018266,Luke,Sanchez,S,F,2021-11-11
28519,AW00028519,Destiny,Torres,M,M,2021-09-15
17908,AW00017908,Shannon,Hill,M,F,2019-11-01
22116,AW00022116,Ethan,Ruiz,S,M,2020-01-20
17644,AW00017644,Lauren,Zhu,M,F,2021-12-16
21576,AW00021576,Russell,Huang,S,M,2022-09-03
25775,AW00025775,Jon, Verhoff,M,F,2019-07-07
12349,AW00012349,Russell,Huang,S,M,2019-04-30
27617,AW00027617,Jordan,Mehta,M,F,2024-07-07
26184,AW00026184,Chloe,Suarez ,S,F,2021-04-17
26281,AW00026281,Destiny,Verhoff,S,M,2022-06-30
27967,AW00027967,Ethan,Bennett,M,M,2023-12-18
28523,AW00028523,Curtis,Lu,S,F,2024-10-20
28002,AW00028002,Marco,Alvarez,M,M,2020-03-07
28737,AW00028737,Destiny,Ward,S,M,2018-08-11
25500,AW00025500,Jacquelyn,Young,M,M,2019-10-10
27099,AW00027099,Jacquelyn,Young,S,M,2021-04-30
21324,AW00021324,Curtis,Ruiz,M,M,2020-08-03
20473,AW00020473,Jacquelyn,Wood,M,F,2020-07-08
18679,AW00018679,Sydney,Young,M,M,2022-06-27
27369,AW00027369,Ian,Johnson,M,,2022-01-05
25111,AW00025111,Wyatt,Huang,S,M,2019-06-30
18873,AW00018873,Jordan,Ross,S,M,2023-08-15
21752,AW00021752,Janet,Sanchez,M,M,2019-06-14
14703,AW00014703,Jon,Ross,M,F,2023-05-02
12617,AW00012617,Seth,Ward,M,F,2019-12-25
21621,AW00021621,Shannon,Watson,S,M,2023-12-14
19361,AW00019361,Chloe ,Ruiz,S,M,2020-10-10
13294,AW00013294,Ethan,Hill,M,F,2021-12-23
,,Ruben,Ruiz,,,2024-01-01
18490,AW00018490, Jacquelyn,Torres,S,F,2024-05-15
20315,AW00020315, Shannon,Yang,M,M,2019-02-02
15856,AW00015856,Elizabeth,Ruiz,M,F,2019-11-08
16060,AW00016060,Rob,Lu,M,M,2021-11-13
25146,AW00025146,Destiny,Watson,S,F,2021-07-26
14190,AW00014190,Curtis,Alvarez,M,F,2024-05-13
14269,AW00014269,Ian,Sanchez,M,F,2021-05-24
28516,AW00028516,Shannon,Sanchez,S,F,2020-04-25
19575,AW00019575,Seth,Yang,S,M,2021-11-06
18873,AW00018873,Jordan,Ross,S,M,2022-08-05
11746,AW00011746,Eugene,Walker,M,M,2019-07-21
26777,AW00026777,Janet,Verhoff,S,M,2023-05-25
19453,AW00019453,Elizabeth,Perez,M,M,2020-04-05
15361,AW00015361, Janet,Alvarez,S,M,2021-04-08
23905,AW00023905,Seth,Young,M,M,2022-01-04
14696,AW00014696,Marco,Alvarez,S,F,2023-07-17
12548,AW00012548,Wyatt,Gray,S,F,2022-08-01
14075,AW00014075,Rob,Perez,M,F,2023-01-06
11769,AW00011769, Ethan,Zhu,M,M,2022-10-09
23796,AW00023796,Sydney,Gray,M,F,2019-12-04
19343,AW00019343,Ethan,Ross,S,F,2022-11-17
27235,AW00027235,Sydney,Watson,S,F,2021-03-15
17567,AW00017567,Shannon,Ward,M,F,2024-06-13
20265,AW00020265,Destiny,Gray,S,F,2023-05-13
19390,AW00019390,Lauren,Zhu,M,M,2023-08-06
13129,AW00013129,Clarence,Young,S,M,2019-09-02
13222,AW00013222,Jacquelyn, Hill,S,F,2021-08-04
15810,AW00015810,Curtis,Ruiz,S,F,2025-06-27
13870,AW00013870,Seth,Wood,M,M,2019-10-01
19398,AW00019398,Ian,Young,S,F,2020-02-17
21360,AW00021360,Chloe,Sanchez,S,M,2022-10-06
26997,AW00026997,Jon,Sanchez,M,M,2020-10-01
21804,AW00021804,Marco,Bennett,S,F,2019-05-18
19233,AW00019233,Jordan,Jenkins,S,F,2022-06-12
26835,AW00026835,Wyatt,Ward,M,F,2020-09-10
12320,AW00012320,Lauren,Torres,M,F,2024-12-27
12357,AW00012357,Curtis,Johnson,M,M,2023-01-08
14557,AW00014557,Russell,Johnson,M,M,2022-10-24
12659,AW00012659,Lauren,Watson,S,M,2025-06-11
19811,AW00019811,Wyatt,Sanchez,S,F,2021-12-08
21959,AW00021959,Sydney,Jenkins,S,F,2024-09-27
28347,AW00028347,Destiny,Sanchez ,S,F,2019-12-26
14897,AW00014897,Janet,Young,M,M,2022-10-31
28137,AW00028137,Sydney,Suarez,M,F,2022-03-06
26554,AW00026554,Seth,Ross,M,F,2023-12-24
19661,AW00019661,Rob,Sanchez,M,M,2019-10-02
21107,AW00021107,Christy,Wood,S,M,2019-09-03
15848,AW00015848,Elizabeth,Verhoff,M,M,2020-10-24
24364,AW00024364,Christy,Alvarez,S,M,2019-08-14
28504,AW00028504,Jon,Diaz,S,F,2021-07-28
23728,AW00023728, Lauren,Torres,S,F,2021-04-16
21627,AW00021627,Ian,Bennett,M,F,2021-03-19
21847,AW00021847,Curtis,Torres,,M,2023-07-16
25297,AW00025297,Marco,Sanchez,M,F,2019-03-24
24497,AW00024497, Clarence,Torres,M,F,2024-01-26
13692,AW00013692,Sydney,Perez,M,M,2024-12-20
26059,AW00026059,Ian,Sanchez,M,M,2020-07-30
17889,AW00017889,Ethan,Jenkins,S,M,2021-12-08
18915,AW00018915,Jacquelyn,Bennett,M,M,2023-02-13
26192,AW00026192,Wyatt,Torres,M,M,2023-07-02
24051,AW00024051,Destiny,Lu,M,F,2020-06-26
16955,AW00016955,Rob,Alvarez,M,M,2025-01-31
18710,AW00018710,Ethan,Gray,M,M,2020-02-12
13199,AW00013199,Elizabeth,Ross,M,M,2019-05-30
14770,AW00014770,Chloe,Perez,S,M,2024-07-01
,,Curtis,Mehta,,,2024-01-01
12276,AW00012276,Rob,Verhoff,S,M,2020-12-16
22171,AW00022171,Wyatt,Suarez,S,F,2023-02-06
12835,AW00012835,Jordan,Sanchez,M,M,2024-08-20
28084,AW00028084,Shannon,Yang,M,F,2021-10-13
17270,AW00017270,Luke,Suarez,M,F,2025-05-08
15734,AW00015734,Wyatt,Ruiz,S,M,2024-04-19
20906,AW00020906,Ian,Sanchez,S,M,2020-12-15
26824,AW00026824, Luke,Yang,M,F,2020-06-23
24638,AW00024638,Chloe,Young,S,M,2022-06-15
18235,AW00018235,Curtis,Johnson,M,M,2022-05-15
14781,AW00014781,Russell,Sanchez,S,M,2020-09-03
14532,AW00014532,Elizabeth,Verhoff,S,F,2023-02-22
23050,AW00023050,Sydney,Jenkins,S,F,2019-11-13
17302,AW00017302,Sydney,Diaz,M,F,2019-06-17
13868,AW00013868,Ian,Young,M,F,2020-07-11
19414,AW00019414,Janet,Hill,M,F,2023-05-27
25071,AW00025071,Shannon,Jenkins,S,M,2022-08-23
26890,AW00026890,Christy,Bennett,S,F,2021-01-22
18259,AW00018259,Rob,Sanchez,M,M,2023-11-06
11515,AW00011515,Destiny,Suarez,S,M,2021-07-30
20826,AW00020826,Rob,Bennett,M,F,2020-11-25
25163,AW00025163,Luke,Yang,S,M,2024-08-01
13176,AW00013176,Jon,Johnson,S,F,2023-03-20
15640,AW00015640,Janet ,Suarez,S,F,2025-01-22
16621,AW00016621,Rob,Mehta,S,F,2023-07-20
24230,AW00024230,Lauren,Young,S,F,2020-08-11
20146,AW00020146,Jacquelyn,Zhu,S,M,2021-09-07
13858,AW00013858,Sydney ,Zhu,,F,2020-06-01
26474,AW00026474,Marco,Ward,S,M,2022-04-10
15803,AW00015803,Lauren,Perez,S,F,2021-04-24
24254,AW00024254,Lauren,Ross,M,F,2021-06-19
16738,AW00016738,Christy,Zhu,S,F,2019-02-24
26482,AW00026482,Wyatt,Zhu,M,M,2020-04-02
12665,AW00012665,Jacquelyn,Walker,S,F,2021-05-25
24980,AW00024980,Shannon,Jenkins,S,M,2019-02-08
22177,AW00022177,Destiny,Yang,M,F,2021-02-16
19547,AW00019547,Clarence,Johnson,S,F,2024-06-22
27944,AW00027944,Wyatt,Johnson,M,M,2024-06-02
15062,AW00015062, Eugene,Bennett,M,F,2019-07-25
16104,AW00016104,Luke,Huang,S,M,2019-08-29
14231,AW00014231,Sydney,Diaz,S,M,2024-05-17
25054,AW00025054,Seth,Jenkins,M,F,2025-04-02
13258,AW00013258,Jacquelyn,Gray,S,F,2021-05-25
21475,AW00021475,Ethan,Wood,M,F,2020-03-28
28248,AW00028248,Jon,Zhu,M,M,2019-07-08
21089,AW00021089,Julio,Diaz,S,F,2021-10-31
21590,AW00021590,Luke,Verhoff,M,M,2022-09-20
26847,AW00026847,Shannon,Jenkins,S,F,2019-04-23
27561,AW00027561,Rob , Verhoff,S,F,2022-10-23
14400,AW00014400,Julio,Zhu,M,F,2020-05-12
20452,AW00020452,Lauren,Huang,M,F,2022-05-13
20747,AW00020747,Julio, Walker,M,F,2022-06-20
16717,AW00016717,Russell,Ross,M,M,2024-02-27
19332,AW00019332,Elizabeth,Ross,M,F,2022-07-01
12754,AW00012754,Christy,Young,S,F,2019-08-11
25863,AW00025863,Lauren,Carlson,M,M,2020-04-03
23715,AW00023715,Marco,Zhu,S,F,2021-04-12
20570,AW00020570,Lauren,Ruiz ,M,M,2020-06-16
17000,AW00017000,Christy,Bennett,M,F,2023-01-03
24936,AW00024936,Jacquelyn,Walker,M,F,2023-09-11
16445,AW00016445,Jacquelyn,Young,S,M,2023-12-13
27287,AW00027287,Destiny,Torres,M,M,2019-07-09
16514,AW00016514,Luke,Wood,S,M,2023-01-05
22449,AW00022449,Ethan,Walker ,M,M,2025-02-12
19304,AW00019304,Lauren,Young,M,F,2021-11-13
27152,AW00027152,Jordan,Jenkins,S,F,2023-08-22
24214,AW00024214,Rob,Sanchez,S,M,2021-02-11
24023,AW00024023,Lauren,Watson,S,M,2022-10-03
13568,AW00013568,Julio,Johnson,M,M,2019-01-23
16591,AW00016591,Russell,Suarez,S,F,2025-07-21
14429,AW00014429,Lauren,Watson,S,F,2023-09-18
14107,AW00014107,Shannon,Perez,S,M,2024-11-14
13208,AW00013208,Shannon,Ward,S,F,2019-05-16
16418,AW00016418,Curtis,Watson,M,M,2021-02-22
22467,AW00022467,Lauren,Carlson,M,F,2020-01-31
12260,AW00012260,Destiny,Jenkins,M,F,2021-01-06
27281,AW00027281,Jon,Diaz,M,M,2021-06-23
15452,AW00015452,Julio,Verhoff,M,F,2024-10-31
17948,AW00017948,Ruben,Verhoff,M,F,2022-11-13
15294,AW00015294, Julio,Zhu,S,F,2020-06-12
17700,AW00017700,Chloe,Gray,S,M,2023-12-19
18190,AW00018190,Seth,Torres,M,M,2021-11-17
19345,AW00019345,Julio,Alvarez,S,F,2021-02-11
24753,AW00024753,Wyatt,Ward,M,M,2021-03-14
12828,AW00012828,Jon,Ruiz,S,M,2023-04-30
28963,AW00028963,Clarence,Johnson,M,F,2023-04-15
22651,AW00022651,Shannon,Verhoff,M,F,2020-01-15
19302,AW00019302,Luke,Yang,,F,2019-10-25
25302,AW00025302,Elizabeth,Hill,M,F,2022-08-06
13497,AW00013497,Shannon,Zhu,S,F,2023-11-06
23201,AW00023201,Ethan ,Ward,S,M,2019-04-28
14467,AW00014467,Ruben,Sanchez,S,M,2022-03-04
16321,AW00016321,Clarence,Alvarez,M,F,2024-01-28
13331,AW00013331,Shannon,Torres,M,M,2024-02-03
28885,AW00028885,Chloe,Jenkins,M,M,2021-09-01
23372,AW00023372,Seth,Watson,M,F,2024-06-09
28325,AW00028325,Curtis ,Ruiz,S,F,2024-11-02
15054,AW00015054,Ruben,Bennett,,M,2023-01-14
26293,AW00026293, Eugene,Lu,M,M,2024-11-15
13843,AW00013843,Wyatt, Johnson,S,M,2019-12-03
24428,AW00024428,Shannon,Johnson,M,M,2022-03-28
19182,AW00019182,Rob,Verhoff,M,F,2020-04-25
23233,AW00023233,Lauren,Walker,,M,2023-04-27
28268,AW00028268,Rob,Zhu,M,M,2022-04-01
19165,AW00019165,Julio,Diaz,S,M,2022-10-22
12565,AW00012565,Seth,Walker,M,F,2019-10-27
26130,AW00026130,Christy,Diaz,M,F,2020-12-09
21813,AW00021813,Eugene ,Wood,M,F,2023-07-13
25248,AW00025248,Seth,Carlson,M,F,2023-05-13
12614,AW00012614,Ian,Wood,S,M,2023-06-06
24109,AW00024109,Russell,Yang,S,F,2021-01-03
25211,AW00025211,Wyatt,Suarez,S,F,2020-01-09
21567,AW00021567,Curtis,Watson,S,F,2021-07-06
28631,AW00028631,Janet,Suarez ,M,M,2019-09-06
17690,AW00017690,Christy,Huang,M,F,2025-07-09
12776,AW00012776,Luke,Sanchez,M,F,2023-09-11
25434,AW00025434,Julio,Gray,S,F,2022-03-11
21935,AW00021935,Ruben, Johnson,M,F,2024-06-04
21063,AW00021063,Marco,Watson,M,M,2021-02-01
19401,AW00019401,Luke,Jenkins,M,F,2019-05-20
23007,AW00023007,Russell,Ruiz,S,F,2019-03-10
25407,AW00025407,Jacquelyn,Ward,M,F,2020-09-28
17627,AW00017627,Chloe,Verhoff,S,F,2020-10-18
20285,AW00020285,Luke,Gray,S,F,2022-02-26
18170,AW00018170,Ethan,Torres,M,F,2023-01-27
25033,AW00025033,Shannon,Bennett,S,M,2021-02-28
26090,AW00026090,Destiny,Diaz,S,M,2025-05-26
11504,AW00011504,Jordan,Ross,M,F,2019-03-06
20823,AW00020823,Clarence,Ruiz,M,F,2023-11-13
12316,AW00012316, Julio,Wood,S,F,2021-02-21
15303,AW00015303,Christy,Alvarez,M,F,2023-05-31
14697,AW00014697,Julio,Verhoff,S,F,2021-02-03
19064,AW00019064,Clarence,Bennett,S,F,2024-08-05
11729,AW00011729,Lauren,Lu ,S,F,2019-07-02
22298,AW00022298,Russell,Bennett,M,F,2024-10-22
27945,AW00027945,Shannon,Ward ,M,F,2023-03-17
28905,AW00028905,Ruben,Torres,M,F,2022-12-11
19817,AW00019817,Chloe,Jenkins,M,F,2025-04-04
20051,AW00020051,Russell,Verhoff,S,F,2020-03-27
28928,AW00028928,Julio,Sanchez,S,M,2023-01-18
20882,AW00020882,Janet,Torres,M,M,2020-01-19
27110,AW00027110,Janet,Walker,M,M,2020-01-18
16596,AW00016596,Seth,Gray,S,F,2022-11-13
13111,AW00013111,Marco,Jenkins,M,M,2022-12-18
15930,AW00015930,Wyatt,Suarez,M,F,2022-01-02
14795,AW00014795,Luke, Alvarez,M,F,2022-10-13
25840,AW00025840,Chloe,Zhu,M,M,2023-04-27
28089,AW00028089,Destiny,Huang,M,M,2023-05-11
18025,AW00018025,Ethan,Young,S,M,2019-07-17
23742,AW00023742,Ethan ,Bennett,S,M,2021-02-28
27181,AW00027181,Jordan,Ward,S,F,2019-06-25
18822,AW00018822,Chloe,Verhoff,M,F,2025-05-05
20820,AW00020820,Curtis,Watson,M,M,2025-03-17
11479,AW00011479,Chloe,Huang,M,F,2024-11-18
11484,AW00011484,Marco,Verhoff,S,F,2019-11-20
15339,AW00015339,Eugene,Lu,S,F,2023-08-22
25994,AW00025994,Shannon,Jenkins,M,M,2022-07-06
17820,AW00017820,Christy,Gray ,S,M,2022-02-28
22707,AW00022707,Lauren,Ward,S,F,2023-01-04
28544,AW00028544,Marco,Huang,M,F,2021-06-29
27003,AW00027003,Eugene,Zhu,M,F,2025-03-13
21739,AW00021739,Rob,Torres,S,M,2019-03-04
17307,AW00017307,Jordan,Jenkins,S,M,2019-05-14
11194,AW00011194,Seth,Mehta,M,M,2023-08-10
24402,AW00024402,Ruben, Ruiz,M,F,2023-10-19
20793,AW00020793,Sydney,Suarez,S,M,2023-05-16
13133,AW00013133,Lauren,Perez,S,F,2023-03-03
21888,AW00021888,Seth,Ward,M,F,2019-10-08
16023,AW00016023,Shannon,Zhu,S,F,2024-11-21
27659,AW00027659,Marco, Huang,S,M,2024-09-08
14886,AW00014886,Wyatt,Carlson,S,M,2023-12-24
22999,AW00022999,Eugene,Wood,M,F,2022-10-16
23613,AW00023613,Lauren,Walker,M,M,2019-01-07
15867,AW00015867,Rob,Alvarez,S,M,2025-07-11
14918,AW00014918,Marco,Diaz,M,M,2023-09-22
17842,AW00017842,Lauren,Huang,S,M,2024-01-16
26194,AW00026194,Ian,Wood,S,F,2023-01-29
27041,AW00027041,Ian,Bennett,M,M,2023-07-26
19383,AW00019383,Chloe,Jenkins ,M,M,2021-08-31
25207,AW00025207,Rob,Sanchez,M,M,2021-03-02
26538,AW00026538,Curtis, Young,M,M,2019-05-23
14262,AW00014262,Curtis,Mehta,S,M,2025-03-17
18468,AW00018468,Rob,Yang,M,F,2025-04-07
13851,AW00013851,Chloe ,Young,M,M,2025-06-22
21463,AW00021463,Ruben,Watson,S,M,2024-04-02
19988,AW00019988,Wyatt,Verhoff,S,F,2021-07-30
20007,AW00020007,Christy,Ross,S,F,2020-02-11
12913,AW00012913,Ian,Verhoff,M,F,2025-07-28
27642,AW00027642,Destiny,Johnson,S,M,2023-02-12
14566,AW00014566,Ian,Huang,S,M,2024-08-30
13972,AW00013972,Ruben,Gray,S,F,2021-04-26
28391,AW00028391,Ethan,Perez,S,F,2022-05-10
12691,AW00012691,Curtis,Torres,S,F,2024-05-24
16954,AW00016954,Clarence,Suarez,M,M,2024-01-17
25818,AW00025818,Wyatt,Verhoff,M,F,2023-11-22
27223,AW00027223,Luke,Carlson,S,M,2022-12-15
23396,AW00023396,Marco,Walker,S,M,2022-01-09
22571,AW00022571,Jacquelyn,Huang,S,F,2020-07-26
20869,AW00020869,Sydney,Wood,M,M,2022-11-09
25106,AW00025106,Shannon,Ross,M,F,2019-05-10
20194,AW00020194,Clarence,Ward,,M,2022-07-09
12470,AW00012470,Ethan,Young,S,F,2023-11-30
28968,AW00028968,Shannon,Suarez,S,F,2019-05-05
13273,AW00013273,Curtis,Diaz,S,M,2021-07-06
28045,AW00028045,Julio,Lu,M,M,2024-04-29
16962,AW00016962,Clarence,Hill,M,M,2022-01-30
23117,AW00023117,Seth,Suarez,M,F,2022-08-27
23878,AW00023878,Janet,Huang,M,M,2025-07-19
15762,AW00015762,Lauren,Gray,S,M,2022-09-13
20070,AW00020070,Russell,Verhoff,S,M,2022-04-14
16092,AW00016092,Russell,Torres,M,M,2025-06-19
19002,AW00019002,Seth,Gray,S,M,2024-06-25
21316,AW00021316,Ethan,Jenkins,S,M,2023-03-18
16384,AW00016384,Rob,Ruiz,S,F,2021-10-10
16282,AW00016282,Christy,Suarez,,F,2019-06-24
23529,AW00023529,Destiny,Jenkins,S,M,2024-04-06
17918,AW00017918,Janet,Perez,M,M,2020-12-06
24947,AW00024947,Curtis,Torres,M,F,2025-07-08
13957,AW00013957,Curtis,Johnson,S,F,2021-02-10
23817,AW00023817,Chloe,Gray,M,F,2022-11-16
18529,AW00018529,Jon,Lu,M,,2019-06-20
23770,AW00023770,Rob,Yang,S,M,2023-01-23
22996,AW00022996,Destiny,Diaz,M,M,2021-12-20
12077,AW00012077,Janet,Zhu,S,F,2024-06-29
22784,AW00022784,Janet,Suarez,S,M,2020-11-10
19030,AW00019030,Jacquelyn,Ward,M,M,2019-08-19
13116,AW00013116,Ian,Hill,M,M,2023-10-08
14512,AW00014512,Rob,Suarez,S,M,2019-06-30
18094,AW00018094,Julio,Zhu,M,F,2022-11-15
27734,AW00027734,Ian,Perez,S,F,2019-08-11
18056,AW00018056,Lauren,Lu,M,M,2024-09-19
28969,AW00028969,Curtis,Verhoff,S,F,2025-01-02
17743,AW00017743,Luke,Perez,S,M,2025-06-25
27367,AW00027367,Russell,Suarez,S,M,2019-12-17
17140,AW00017140,Rob,Johnson,S,F,2025-01-26
13997,AW00013997,Destiny, Alvarez,M,F,2019-04-14
25643,AW00025643,Seth,Gray,M,F,2022-06-08
11225,AW00011225,Rob,Wood,S,F,2023-02-18
16084,AW00016084,Jacquelyn,Wood,S,F,2020-10-29
11960,AW00011960,Janet,Hill,M,F,2025-03-05
17561,AW00017561,Jon,Lu,M,M,2024-05-10
19530,AW00019530,Sydney,Walker,S,M,2020-10-08
14670,AW00014670,Clarence,Bennett,S,F,2023-07-17
26685,AW00026685,Lauren,Alvarez,M,F,2021-04-21
28132,AW00028132,Ethan,Suarez,S,M,2021-03-03
14143,AW00014143,Curtis,Bennett,S,M,2025-05-10
21156,AW00021156,Lauren, Huang,S,M,2025-06-16
14223,AW00014223,Jacquelyn,Mehta,M,M,2021-02-11
24165,AW00024165,Russell ,Verhoff,S,M,2022-11-19
19630,AW00019630,Eugene,Johnson,M,F,2021-10-06
24997,AW00024997,Clarence,Sanchez,M,F,2022-06-14
23598,AW00023598,Ruben,Yang,S,M,2019-04-21
16537,AW00016537,Jordan,Alvarez,M,M,2023-06-11
23849,AW00023849,Ruben,Mehta,M,M,2022-03-25
24286,AW00024286,Jon,Perez,M,F,2024-04-02
12208,AW00012208,Jordan,Zhu,M,F,2019-05-10
24721,AW00024721,Lauren,Perez,S,F,2021-12-13
24562,AW00024562,Sydney,Walker,M,F,2024-07-05
19764,AW00019764,Seth,Verhoff,M,F,2021-01-21
13078,AW00013078,Eugene,Gray,S,F,2024-07-20
21938,AW00021938,Ethan, Ward,M,F,2020-07-29
23683,AW00023683,Luke,Sanchez,M,M,2020-07-19
16775,AW00016775,Sydney,Diaz,M,M,2021-07-05
27501,AW00027501,Ethan,Suarez,M,F,2024-06-08
18673,AW00018673,Julio,Mehta,M,M,2025-02-02
25012,AW00025012,Luke,Carlson,M,F,2022-02-15
17754,AW00017754,Ian,Gray,M,F,2024-08-23
24437,AW00024437, Russell, Young,S,F,2020-12-22
22901,AW00022901,Luke,Suarez,S,F,2022-03-04
19497,AW00019497,Jon,Mehta,S,F,2022-06-30
12568,AW00012568,Rob,Hill,M,F,2023-06-05
18948,AW00018948,Destiny,Walker,M,F,2023-06-25
28307,AW00028307,Sydney,Carlson,S,M,2025-02-10
19287,AW00019287,Shannon,Gray,S,F,2020-05-20
25741,AW00025741,Chloe,Alvarez,M,M,2025-04-20
27380,AW00027380,Julio,Lu,S,M,2021-02-17
11963,AW00011963,Jordan,Jenkins,S,M,2021-12-13
24318,AW00024318,Wyatt,Bennett,M,M,2021-02-14
14698,AW00014698,Clarence,Watson,M,F,2020-12-29
18930,AW00018930,Seth,Bennett,M,M,2019-11-21
18411,AW00018411,Rob,Johnson,M,M,2024-08-28
23300,AW00023300,Seth,Diaz,S,F,2025-06-08
25940,AW00025940,Julio,Hill,,M,2023-09-21
28373,AW00028373,Russell,Ruiz,M,F,2025-07-27
18438,AW00018438, Elizabeth,Ward,M,F,2023-01-16
11993,AW00011993,Curtis,Walker,S,F,2020-05-08
26832,AW00026832,Clarence,Torres,M,F,2022-02-19
21493,AW00021493,Janet ,Jenkins,M,F,2019-02-28
16088,AW00016088,Jacquelyn,Mehta,M,M,2024-05-03
14453,AW00014453,Janet,Walker,M,,2021-09-21
13721,AW00013721,Ruben,Jenkins,M,M,2024-12-27
18322,AW00018322,Curtis,Hill,M,F,2020-10-10
28810,AW00028810,Rob,Ruiz,S,M,2020-06-15
12990,AW00012990,Rob,Watson,S,M,2020-05-25
14296,AW00014296,Rob,Hill,S,M,2023-06-02
24606,AW00024606,Ethan,Ross,M,M,2025-07-13
28752,AW00028752,Lauren,Gray,M,F,2019-01-12
11165,AW00011165,Ethan,Mehta,M,M,2023-10-08
24572,AW00024572,Julio,Lu,M,M,2022-04-21
28526,AW00028526,Sydney,Carlson,S,M,2024-04-27
22851,AW00022851,Jacquelyn,Yang,S,,2021-03-17
15109,AW00015109,Lauren, Bennett,S,M,2019-01-27
22320,AW00022320,Clarence,Ruiz,S,M,2021-10-16
27262,AW00027262,Eugene,Wood,M,M,2023-12-21
28771,AW00028771,Rob,Huang,,F,2024-01-22
13016,AW00013016,Julio,Bennett,M,F,2024-08-19
21392,AW00021392,Wyatt,Gray,S,F,2024-05-07
25437,AW00025437,Russell,Huang,S,M,2024-04-08
23566,AW00023566,Curtis,Carlson,M,M,2019-05-12
15565,AW00015565,Janet,Yang,M,M,2024-06-16
19962,AW00019962,Jon,Diaz,S,M,2023-12-25
20336,AW00020336,Ruben,Torres,S,M,2022-05-25
12257,AW00012257,Elizabeth,Carlson,S,M,2019-02-17
11670,AW00011670,Sydney,Verhoff,S,M,2020-10-07
27852,AW00027852,Rob,Johnson,M,F,2021-05-18
19113,AW00019113,Seth,Torres,S,M,2022-12-05
13916,AW00013916,Sydney,Ross,S,M,2019-02-20
24780,AW00024780,Janet,Young,S,F,2021-02-23
14061,AW00014061,Jon,Jenkins,S,M,2019-07-24
22261,AW00022261,Seth,Young,S,F,2020-02-20
20558,AW00020558,Wyatt,Watson,S,F,2021-06-05
19276,AW00019276,Sydney,Walker,M,F,2022-11-28
28982,AW00028982,Jon,Alvarez,S,M,2019-04-16
27533,AW00027533,Jon,Diaz,S,F,2024-02-16
17600,AW00017600,Jacquelyn,Gray,M,M,2023-05-11
27829,AW00027829,Christy,Ward,S,F,2023-04-14
16952,AW00016952,Ian,Watson,M,F,2020-12-20
12379,AW00012379,Curtis,Ruiz,S,M,2020-07-20
16419,AW00016419,Jordan,Zhu,M,M,2025-07-24
12928,AW00012928,Janet,Hill,S,F,2024-10-31
17666,AW00017666,Julio,Diaz,S,F,2022-09-07
16110,AW00016110,Eugene,Diaz,M,M,2020-06-28
18580,AW00018580,Shannon,Jenkins,S,F,2024-01-16
17030,AW00017030,Curtis,Walker,M,F,2019-03-10
25603,AW00025603,Curtis,Walker,S,F,2022-04-04
28870,AW00028870,Shannon, Alvarez,S,M,2020-10-23
18664,AW00018664,Eugene,Diaz,M,F,2023-11-21
17558,AW00017558,Clarence,Bennett,S,F,2019-11-17
22469,AW00022469,Wyatt,Wood,M,F,2024-08-12
19071,AW00019071,Destiny,Jenkins,S,F,2021-01-25
26242,AW00026242,Jon,Young,S,M,2022-09-06
17247,AW00017247,Christy,Hill,S,M,2018-11-19
24225,AW00024225,Wyatt,Alvarez,S,F,2020-12-04
24578,AW00024578,Jacquelyn,Mehta,M,F,2021-03-14
14006,AW00014006,Sydney,Perez,S,F,2021-10-21
12625,AW00012625,Shannon,Sanchez,M,M,2022-09-29
19062,AW00019062,Clarence,Verhoff,S,F,2023-11-07
28925,AW00028925,Russell,Diaz,S,M,2024-12-22
23709,AW00023709,Ian,Ross,M,M,2023-10-16
13460,AW00013460,Jacquelyn,Hill,M,M,2023-04-01
16515,AW00016515,Marco,Ross,S,F,2021-03-07
14404,AW00014404,Clarence,Verhoff,S,M,2019-09-17
13017,AW00013017,Shannon,Verhoff,M,M,2022-06-04
16020,AW00016020,Marco,Alvarez,M,F,2023-06-26
15933,AW00015933,Marco,Young,S,F,2023-10-17
25555,AW00025555,Ethan,Young,M,F,2020-04-29
27143,AW00027143,Jon,Watson,S,M,2019-01-08
19722,AW00019722,Sydney,Sanchez,S,F,2023-09-25
26231,AW00026231,Jordan,Sanchez,S,M,2021-12-02
21014,AW00021014,Jon,Watson,M,M,2023-06-03
18589,AW00018589,Chloe,Perez,M,F,2024-09-18
28528,AW00028528,Wyatt,Hill,S,M,2021-01-05
22950,AW00022950,Chloe,Johnson,M,M,2024-09-27
22239,AW00022239,Curtis,Perez,M,M,2025-07-07
11253,AW00011253,Shannon,Bennett,M,M,2020-04-13
21747,AW00021747,Jordan,Sanchez,M,M,2022-12-10
11383,AW00011383,Ruben,Huang,M,M,2025-06-01
23058,AW00023058,Clarence,Perez,M,F,2020-04-09
19536,AW00019536,Russell,Watson,S,F,2021-10-23
26693,AW00026693, Jacquelyn,Suarez,S,F,2022-08-03
26407,AW00026407,Julio,Jenkins,S,F,2021-02-02
22949,AW00022949,Seth,Wood,S,M,2024-11-08
20556,AW00020556,Destiny ,Johnson,S,F,2021-04-17
15247,AW00015247,Rob,Yang,S,F,2021-05-16
27033,AW00027033,Ian,Mehta,S,F,2019-12-02
23350,AW00023350,Chloe,Watson,S,M,2020-11-17
17849,AW00017849,Chloe,Wood,S,F,2023-09-01
11050,AW00011050,Sydney,Carlson,M,F,2020-09-26
23066,AW00023066,Julio,Walker,M,M,2020-07-01
19386,AW00019386,Jordan,Lu,M,F,2024-10-12
17847,AW00017847,Christy,Johnson,S,M,2025-02-04
24667,AW00024667,Seth,Suarez,S,M,2020-09-27
20563,AW00020563,Ruben,Ruiz,M,F,2020-09-15
19485,AW00019485,Shannon,Bennett,M,F,2023-12-20
26287,AW00026287,Janet,Young,S,M,2020-03-08
22933,AW00022933,Destiny,Watson,M,F,2021-08-10
26311,AW00026311,Jon,Hill,M,M,2021-09-05
14084,AW00014084, Jon,Walker,M,M,2022-01-14
22886,AW00022886,Ethan,Bennett,S,F,2025-03-08
25687,AW00025687,Ethan,Gray,M,F,2024-06-28
16577,AW00016577,Rob,Ward,S,F,2022-12-17
16587,AW00016587,Jon,Jenkins,S,F,2022-09-01
23359,AW00023359,Jacquelyn,Johnson,M,F,2019-02-25
28140,AW00028140,Christy,Bennett,S,F,2024-06-10
25597,AW00025597,Jacquelyn,Young,M,F,2022-02-04
21345,AW00021345,Janet,Ruiz,M,M,2019-06-22
14800,AW00014800,Jon ,Sanchez,M,M,2020-09-06
22411,AW00022411,Eugene,Jenkins,M,F,2022-11-18
18430,AW00018430,Chloe,Huang,M,F,2023-01-31
18118,AW00018118,Shannon,Wood,M,F,2019-04-04
20993,AW00020993,Sydney,Verhoff,S,F,2019-08-07
21340,AW00021340,Shannon,Verhoff,M,F,2019-04-18
28440,AW00028440,Marco,Johnson,M,F,2021-12-26
19967,AW00019967,Ian,Gray,,,2022-12-14
18306,AW00018306,Chloe,Johnson,S,M,2019-02-23
24518,AW00024518,Luke,Torres,M,F,2019-03-02
22024,AW00022024,Seth,Young,M,M,2021-03-10
21106,AW00021106,Sydney,Hill,S,M,2021-11-13
19772,AW00019772,Curtis,Ward,M,F,2024-07-31
27194,AW00027194,Seth,Ruiz,S,F,2019-08-31
28273,AW00028273,Destiny,Huang,S,M,2024-04-04
26976,AW00026976,Eugene,Ward,M,F,2024-11-20
27527,AW00027527,Curtis,Hill,S,M,2021-09-27
19369,AW00019369,Luke,Ross,M,M,2020-12-29
27935,AW00027935,Clarence,Mehta,M,F,2024-11-21
18945,AW00018945,Lauren,Yang,M,,2023-09-07
12576,AW00012576,Elizabeth,Wood,M,M,2021-02-12
16970,AW00016970,Ian,Perez,M,M,2022-10-19
13682,AW00013682,Clarence ,Mehta,S,F,2025-06-06
17886,AW00017886,Janet,Ruiz,S,M,2020-10-29
23251,AW00023251,Wyatt,Wood,S,F,2019-05-11
28136,AW00028136,Curtis,Carlson,M,F,2019-02-19
22621,AW00022621,Christy,Lu,S,M,2020-07-21
15100,AW00015100,Ruben,Young,S,F,2022-07-06
19695,AW00019695,Marco,Hill,M,F,2020-02-16
27691,AW00027691,Curtis,Ward,S,M,2023-02-17
24961,AW00024961,Lauren, Suarez,M,M,2023-04-02
12047,AW00012047,Shannon,Young,M,F,2019-05-10
24472,AW00024472,Ethan,Sanchez,S,F,2025-03-10
25130,AW00025130,Ethan,Suarez,S,M,2022-09-14
16864,AW00016864,Lauren,Walker,S,F,2023-10-04
25318,AW00025318,Destiny,Perez,M,M,2023-02-05
23198,AW00023198,Ethan,Walker,S,F,2022-08-02
27475,AW00027475,Clarence,Suarez,S,M,2023-07-08
20467,AW00020467,Jordan,Johnson,S,F,2020-02-18
11720,AW00011720,Christy,Suarez,S,M,2023-08-04
16768,AW00016768,Sydney,Mehta,M,M,2022-07-13
25930,AW00025930,Ian,Suarez,S,M,2023-08-29
24332,AW00024332,Julio, Torres,S,F,2023-11-29
19646,AW00019646,Ruben,Mehta,S,F,2024-01-30
21808,AW00021808,Russell,Lu,S,F,2025-05-16
16483,AW00016483,Rob,Young,M,M,2024-11-24
20584,AW00020584,Ethan,Alvarez,M,F,2022-09-11
28257,AW00028257,Wyatt,Alvarez,M,F,2024-01-08
20188,AW00020188,Sydney,Gray,M,M,2022-05-07
17166,AW00017166,Shannon,Diaz,S,F,2021-04-23
22354,AW00022354,Jacquelyn,Diaz ,M,M,2021-02-05
27950,AW00027950,Wyatt,Verhoff ,M,M,2023-12-14
12878,AW00012878,Jon,Diaz,S,F,2021-08-26
21558,AW00021558,Seth,Carlson,S,F,2019-04-07
15728,AW00015728,Seth,Young,S,F,2025-03-22
14509,AW00014509,Julio,Wood,S,M,2021-09-12
20235,AW00020235,Luke,Ward,,F,2022-10-23
22011,AW00022011,Ethan,Young,S,M,2022-12-28
23121,AW00023121,Shannon,Ruiz,M,F,2022-07-23
20770,AW00020770,Seth,Ruiz,M,M,2022-08-26
14115,AW00014115,Luke,Johnson,M,M,2020-05-22
13534,AW00013534,Marco,Ross,S,M,2022-01-20
24105,AW00024105,Destiny,Wood,M,M,2025-04-25
20631,AW00020631,Christy,Walker,S,M,2023-11-11
21683,AW00021683, Destiny,Watson,S,F,2023-06-28
16817,AW00016817,Ethan,Diaz,S,M,2024-08-24
24505,AW00024505,Christy,Wood,S,F,2022-12-30
12390,AW00012390,Wyatt,Ross,S,F,2023-09-03
28223,AW00028223,Marco,Huang,,,2025-02-01
17591,AW00017591,Jacquelyn,Johnson,S,F,2024-02-04
25200,AW00025200,Sydney,Alvarez,,M,2023-05-02
22878,AW00022878,Eugene,Johnson,M,M,2019-04-11
14531,AW00014531,Lauren,Sanchez,S,M,2023-08-19
17805,AW00017805,Jacquelyn ,Hill,M,M,2022-03-06
15740,AW00015740,Chloe,Watson,S,M,2024-06-10
17957,AW00017957,Curtis,Diaz,,F,2023-06-14
17905,AW00017905,Jacquelyn,Sanchez,M,F,2023-02-15
23503,AW00023503, Eugene,Perez,M,F,2025-02-06
20008,AW00020008,Marco,Suarez,S,,2020-05-28
18830,AW00018830,Rob ,Yang,M,M,2023-01-16
11869,AW00011869,Ian,Verhoff,M,M,2020-10-21
12442,AW00012442,Ian,Suarez,S,M,2021-06-11
24880,AW00024880,Sydney,Young,S,M,2022-07-18
11308,AW00011308,Luke,Ward,S,F,2022-06-24
15002,AW00015002,Ruben,Gray,S,M,2022-03-01
23118,AW00023118,Destiny,Diaz,M,M,2020-02-27
23922,AW00023922,Seth,Bennett,S,M,2020-06-20
21209,AW00021209,Wyatt,Yang,S,M,2025-03-03
14468,AW00014468,Rob,Mehta,S,F,2024-12-04
23749,AW00023749,Jordan,Johnson,S,F,2023-10-14
20654,AW00020654,Clarence,Torres,S,M,2019-09-14
21545,AW00021545, Clarence,Walker,S,M,2021-11-05
28493,AW00028493,Janet,Johnson,S,M,2021-05-17
17189,AW00017189,Chloe,Lu ,S,F,2023-07-07
11682,AW00011682,Janet,Ruiz,M,F,2024-01-01
12180,AW00012180,Elizabeth,Huang,M,M,2020-08-18
16203,AW00016203,Elizabeth,Jenkins,S,F,2023-06-30
21751,AW00021751,Julio,Gray,M,F,2021-02-17
18249,AW00018249,Curtis,Diaz,S,M,2023-03-02
27522,AW00027522,Russell,Diaz,S,F,2022-08-31
26065,AW00026065,Ian,Hill,S,F,2025-01-19
28855,AW00028855,Wyatt,Suarez,M,M,2019-07-04
19344,AW00019344, Marco,Walker,S,F,2020-09-06
11763,AW00011763,Wyatt,Yang,S,F,2020-06-25
23582,AW00023582,Destiny,Watson,S,M,2023-06-19
11089,AW00011089,Russell,Carlson,M,F,2022-08-29
26262,AW00026262,Clarence,Bennett,M,F,2022-02-01
23250,AW00023250,Lauren,Diaz,S,M,2024-09-28
14826,AW00014826, Sydney,Walker,M,M,2024-06-25
24439,AW00024439,Julio,Wood,M,F,2020-03-10
24971,AW00024971,Jon,Ruiz,S,F,2021-05-05
16927,AW00016927,Shannon,Yang,S,M,2022-06-23
26351,AW00026351,Jon,Alvarez,S,M,2019-09-18
25802,AW00025802,Eugene,Hill,M,F,2020-03-19
27451,AW00027451,Janet,Suarez,S,F,2021-12-15
14780,AW00014780,Sydney,Torres,M,M,2021-05-10
24771,AW00024771,Chloe,Young,S,F,2020-01-03
19018,AW00019018,Curtis,Diaz,S,,2022-07-14
11143,AW00011143,Ruben,Carlson,S,F,2021-09-23
11946,AW00011946,Wyatt,Jenkins,M,M,2024-12-10
19814,AW00019814,Chloe, Young,S,M,2019-10-04
22104,AW00022104,Jordan,Johnson,S,F,2020-03-28
23397,AW00023397,Curtis,Diaz,M,M,2019-04-28
14441,AW00014441,Lauren,Sanchez,M,F,2022-01-08
15906,AW00015906,Luke,Suarez,S,F,2020-12-11
19872,AW00019872,Luke,Ward,S,F,2020-10-02
24564,AW00024564,Wyatt,Walker,,M,2021-10-14
24157,AW00024157,Chloe,Suarez,S,F,2020-02-14
13220,AW00013220,Jordan,Ross,M,M,2025-06-24
11545,AW00011545,Luke,Mehta,M,F,2022-02-22
25426,AW00025426,Lauren,Carlson,S,F,2021-05-20
24120,AW00024120,Rob,Carlson,S,M,2021-08-03
13424,AW00013424,Janet,Johnson,S,F,2025-03-14
15190,AW00015190,Ian,Mehta,M,M,2020-03-03
25003,AW00025003,Eugene,Ruiz,M,F,2022-06-03
19750,AW00019750,Seth,Wood,M,F,2020-12-09
13834,AW00013834,Jon,Yang,M,M,2024-04-11
12858,AW00012858, Sydney,Lu,S,M,2019-05-22
19213,AW00019213,Jordan,Wood,M,M,2020-07-01
28395,AW00028395,Destiny,Watson,S,F,2023-03-31
25300,AW00025300,Lauren,Verhoff,S,M,2021-09-24
27894,AW00027894,Shannon,Lu,M,M,2020-05-23
25360,AW00025360,Seth,Ross,M,M,2025-05-27
17346,AW00017346,Janet,Alvarez,S,F,2024-09-10
22174,AW00022174,Russell,Huang,M,M,2024-12-01
22759,AW00022759,Julio,Jenkins,S,M,2023-08-17
27394,AW00027394,Shannon,Suarez ,M,M,2019-10-23
22190,AW00022190,Chloe,Diaz,M,M,2019-07-24
25819,AW00025819,Curtis,Jenkins,M,F,2019-05-14
11391,AW00011391,Marco,Bennett,S,F,2024-01-16
18613,AW00018613,Luke,Torres,M,F,2020-09-16
27896,AW00027896,Christy,Huang,S,F,2021-10-01
17564,AW00017564,Jon ,Walker,S,F,2021-12-13
13826,AW00013826,Chloe,Yang,M,F,2019-07-05
25831,AW00025831, Jon,Ross,S,M,2023-07-25
28980,AW00028980,Ian,Alvarez,M,F,2020-06-26
24633,AW00024633,Janet,Suarez ,M,M,2021-08-23
19645,AW00019645,Clarence,Ward,S,F,2025-03-19
20456,AW00020456,Janet,Huang,M,M,2020-01-18
14002,AW00014002,Christy,Ward,S,M,2023-04-11
28383,AW00028383, Jacquelyn,Diaz,S,M,2020-08-19
25746,AW00025746,Rob,Gray,M,F,2022-07-12
13844,AW00013844,Russell,Zhu,M,F,2020-03-07
22701,AW00022701,Ian,Perez,S,M,2024-12-31
26425,AW00026425,Elizabeth,Walker,S,F,2021-08-06
18650,AW00018650,Janet,Alvarez,S,F,2023-05-25
19032,AW00019032,Eugene,Yang,S,M,2019-09-03
21420,AW00021420,Sydney,Ward,S,F,2024-11-17
14456,AW00014456,Eugene,Huang,M,F,2021-04-14
21718,AW00021718,Shannon,Walker,S,M,2024-08-31
25329,AW00025329,Lauren, Diaz,M,,2024-07-06
13375,AW00013375,Ruben,Ross,M,F,2024-04-16
18519,AW00018519,Marco,Johnson,S,F,2021-10-03
16275,AW00016275,Jordan,Mehta,S,F,2024-09-25
16879,AW00016879,Clarence,Bennett,S,M,2024-10-04
23995,AW00023995,Eugene,Suarez,M,F,2023-07-31
27758,AW00027758,Ian,Diaz,S,F,2023-10-20
19452,AW00019452,Russell,Carlson,M,M,2022-08-16
17772,AW00017772,Sydney,Sanchez,S,M,2020-12-14
26724,AW00026724,Jordan,Mehta,M,F,2020-11-23
14763,AW00014763,Chloe,Perez,M,F,2021-06-15
15282,AW00015282,Ian,Carlson ,S,M,2022-07-10
23505,AW00023505,Janet,Ross,M,F,2025-06-04
27088,AW00027088,Ethan,Watson,M,F,2021-01-30
28102,AW00028102,Luke,Ward,M,M,2022-12-09
12887,AW00012887,Destiny,Yang,S,F,2019-10-14
19425,AW00019425,Shannon,Torres,S,F,2025-05-02
17639,AW00017639,Elizabeth,Wood,S,M,2023-08-30
28616,AW00028616,Janet,Suarez,S,M,2022-12-28
21313,AW00021313,Destiny,Huang,S,M,2019-07-02
24337,AW00024337,Julio,Verhoff,S,M,2020-04-19
18462,AW00018462,Shannon,Carlson,M,M,2023-08-16
22593,AW00022593,Rob,Verhoff,M,F,2023-11-22
26149,AW00026149,Janet,Perez,S,F,2019-04-30
21195,AW00021195,Wyatt,Ross,S,F,2024-10-30
12850,AW00012850,Russell,Walker,S,F,2019-06-04
16069,AW00016069, Elizabeth,Ruiz,S,M,2021-05-06
20271,AW00020271,Janet,Gray,M,M,2019-08-20
24610,AW00024610,Jon,Hill,S,M,2023-12-23
25252,AW00025252,Christy,Verhoff ,S,M,2020-11-14
11950,AW00011950,Jordan,Wood,M,F,2021-02-13
12790,AW00012790,Wyatt,Diaz,,M,2020-04-30
25869,AW00025869,Russell,Lu,,M,2024-11-03
15381,AW00015381,Jordan,Hill,S,F,2020-02-02
12555,AW00012555,Jordan,Jenkins,M,M,2019-12-31
27135,AW00027135,Sydney,Wood,M,F,2022-01-29
12788,AW00012788,Destiny,Zhu,M,M,2022-06-03
12083,AW00012083,Ruben,Alvarez,M,M,2021-06-13
19138,AW00019138,Sydney,Ross,M,M,2020-07-17
18141,AW00018141,Marco,Hill,M,M,2019-01-21
21866,AW00021866,Seth,Jenkins,S,F,2024-04-10
19738,AW00019738,Marco,Sanchez,M,F,2025-01-29
13033,AW00013033,Eugene,Lu,S,F,2022-09-07
20639,AW00020639,Ethan,Watson,M,F,2024-04-05
21404,AW00021404,Elizabeth,Jenkins,M,F,2023-09-20
18550,AW00018550,Marco,Bennett,M,M,2020-08-23
22845,AW00022845,Sydney, Bennett,M,M,2021-06-25
22340,AW00022340,Lauren,Sanchez,M,M,2024-01-03
21613,AW00021613,Lauren,Ruiz,S,M,2021-01-07
20348,AW00020348,Clarence,Zhu,M,M,2023-02-20
24466,AW00024466,Luke,Ross,S,F,2024-11-26
11929,AW00011929,Curtis,Young,M,M,2024-08-17
22563,AW00022563,Elizabeth,Walker,S,M,2021-08-22
24209,AW00024209,Janet,Perez,S,F,2019-08-29
16686,AW00016686,Clarence,Suarez,M,M,2024-08-02
23015,AW00023015, Jordan, Walker,,M,2024-06-18
28031,AW00028031,Seth,Sanchez,S,M,2019-09-21
26786,AW00026786,Chloe,Sanchez,S,M,2020-11-19
14662,AW00014662,Marco,Zhu ,S,F,2023-07-31
23800,AW00023800,Lauren,Watson,S,M,2023-02-14
22829,AW00022829,Julio,Suarez,M,F,2022-01-17
25987,AW00025987,Seth,Carlson ,M,F,2025-02-09
18813,AW00018813,Clarence,Zhu,M,F,2019-05-09
14964,AW00014964,Jacquelyn,Gray,,M,2023-05-03
23979,AW00023979,Wyatt,Ross,M,M,2023-06-17
24169,AW00024169,Russell,Mehta,M,F,2024-07-04
25229,AW00025229,Clarence,Hill,M,F,2023-11-20
21640,AW00021640,Janet,Walker,M,M,2023-11-25
11840,AW00011840,Clarence,Watson,M,F,2023-12-17
18177,AW00018177,Christy,Wood,M,M,2019-09-17
14561,AW00014561,Russell,Mehta,S,M,2020-01-04
19657,AW00019657,Jacquelyn,Jenkins,S,M,2023-04-18
25594,AW00025594,Clarence,Sanchez,S,M,2019-04-08
14381,AW00014381,Russell, Huang,M,F,2025-01-15
27903,AW00027903,Rob ,Suarez,S,F,2025-02-11
21208,AW00021208,Elizabeth,Jenkins,M,F,2020-06-14
17877,AW00017877,Shannon,Gray,S,F,2019-06-21
28947,AW00028947,Wyatt,Suarez,M,M,2023-06-05
25499,AW00025499,Curtis,Bennett,S,M,2019-03-09
13672,AW00013672,Jordan,Zhu,M,M,2024-12-16
22198,AW00022198,Shannon,Yang,S,F,2023-11-28
22967,AW00022967,Christy,Suarez,M,M,2019-12-07
12088,AW00012088,Jacquelyn,Ward,S,F,2022-12-14
17472,AW00017472,Destiny,Bennett,S,F,2020-07-07
26349,AW00026349,Elizabeth,Johnson,M,,2021-05-03
26126,AW00026126,Eugene,Ward,M,F,2025-07-05
27548,AW00027548,Marco,Alvarez,M,M,2020-05-20
25332,AW00025332,Chloe, Johnson,S,F,2025-05-25
14840,AW00014840,Ethan,Watson,S,F,2020-10-03
17807,AW00017807,Rob,Suarez,S,F,2021-05-06
23176,AW00023176,Eugene,Ward,M,F,2021-11-15
19060,AW00019060,Jordan,Ross,M,M,2019-12-23
28880,AW00028880,Ethan,Yang,M,F,2022-03-20
24218,AW00024218,Rob,Suarez,M,F,2023-03-09
23104,AW00023104,Sydney,Verhoff,M,F,2022-01-19
13371,AW00013371,Jon,Ruiz,M,M,2022-11-29
24841,AW00024841,Clarence,Wood,M,M,2023-10-09
19440,AW00019440,Sydney,Walker,M,F,2019-10-20
12540,AW00012540,Destiny,Suarez,M,M,2022-01-27
23970,AW00023970,Eugene,Johnson,S,F,2023-08-12
14990,AW00014990,Jon,Wood,S,F,2021-02-14
13651,AW00013651,Jacquelyn,Hill,S,F,2019-11-13
20168,AW00020168,Wyatt,Johnson,S,F,2025-03-10
24504,AW00024504,Curtis,Sanchez,M,F,2024-08-08
23864,AW00023864,Sydney,Young ,S,M,2022-06-08
25599,AW00025599,Julio,Yang ,M,M,2024-09-22
23093,AW00023093,Marco,Ward,S,M,2019-11-24
21604,AW00021604,Curtis,Bennett,M,M,2024-05-21
26990,AW00026990,Elizabeth,Torres,M,M,2020-12-20
12417,AW00012417,Jon,Carlson,M,F,2022-06-15
17809,AW00017809,Elizabeth,Bennett,S,M,2020-04-22
22488,AW00022488,Elizabeth,Gray,M,F,2024-07-03
16739,AW00016739,Ruben,Ross,M,M,2024-07-13
11049,AW00011049,Julio,Walker,S,F,2021-12-22
21007,AW00021007,Wyatt,Walker,,F,2023-07-23
27677,AW00027677,Ian,Sanchez,M,F,2025-07-06
12264,AW00012264,Clarence,Sanchez,M,M,2019-06-05
28364,AW00028364,Jordan ,Alvarez,M,M,2024-06-17
18597,AW00018597,Chloe ,Zhu,S,F,2025-07-25
24612,AW00024612,Jacquelyn,Mehta,S,F,2023-11-11
25179,AW00025179,Marco,Mehta,S,F,2025-03-18
26204,AW00026204, Curtis,Ross,S,M,2019-03-12
20151,AW00020151, Elizabeth,Perez,,M,2021-07-23
26958,AW00026958,Ethan,Ruiz,M,F,2021-02-14
23688,AW00023688,Sydney,Wood ,M,M,2019-06-15
15948,AW00015948,Lauren,Young,S,M,2021-01-19
23574,AW00023574,Russell,Wood,S,M,2021-12-11
15492,AW00015492,Jordan,Torres ,M,F,2024-02-04
16898,AW00016898,Lauren,Mehta,S,F,2020-05-08
21745,AW00021745,Chloe,Yang,S,F,2019-08-06
26305,AW00026305,Ian,Carlson,M,M,2022-03-01
25855,AW00025855,Wyatt,Yang,S,F,2023-07-02
18443,AW00018443,Curtis,Lu,M,F,2023-11-18
14036,AW00014036,Chloe,Ruiz,S,F,2023-12-12
12525,AW00012525,Ruben,Jenkins ,M,M,2023-06-14
11248,AW00011248,Marco,Diaz,S,F,2024-02-20
16719,AW00016719,Ian,Jenkins,M,M,2025-05-23
14584,AW00014584,Jacquelyn,Mehta,M,F,2023-10-22
24772,AW00024772,Ruben,Yang,S,M,2021-01-01
12396,AW00012396, Elizabeth,Carlson,S,F,2021-07-17
11359,AW00011359,Ruben,Mehta,M,F,2023-04-18
12509,AW00012509,Curtis,Torres,M,F,2023-11-09
24174,AW00024174,Jon,Carlson,S,F,2022-01-20
24474,AW00024474,Seth,Alvarez,M,M,2019-10-10
22245,AW00022245, Wyatt,Yang,M,F,2024-11-09
21144,AW00021144,Marco ,Ward,M,M,2023-05-09
13185,AW00013185,Luke,Huang,M,M,2023-01-20
11211,AW00011211,Ethan,Wood,S,M,2023-12-15
12275,AW00012275,Ruben,Verhoff,M,M,2022-02-24
26507,AW00026507,Seth,Zhu,S,M,2025-05-29
21300,AW00021300,Clarence,Watson,M,F,2025-06-05
21298,AW00021298,Curtis,Suarez,M,F,2019-09-12
14158,AW00014158,Seth, Sanchez,M,M,2020-09-19
26360,AW00026360, Ethan, Hill,,M,2024-06-17
26765,AW00026765,Sydney ,Walker,S,M,2019-12-20
26654,AW00026654,Eugene,Mehta,S,,2024-10-10
12272,AW00012272,Russell,Sanchez,M,M,2024-04-22
16015,AW00016015,Russell,Huang,M,M,2024-11-18
15799,AW00015799,Eugene,Perez,M,F,2024-08-09
28871,AW00028871,Clarence,Alvarez,M,M,2019-11-01
28354,AW00028354,Rob,Mehta,M,F,2024-12-20
12882,AW00012882,Russell,Diaz,M,F,2020-07-03
24839,AW00024839,Ruben,Jenkins,M,F,2024-04-17
24457,AW00024457,Chloe,Wood,M,F,2020-07-17
19285,AW00019285,Elizabeth,Walker,M,M,2023-11-06
11586,AW00011586,Christy,Verhoff,M,M,2023-12-13
13092,AW00013092,Jon,Wood,S,F,2021-11-20
13046,AW00013046,Ian,Young,M,M,2022-08-23
13154,AW00013154,Curtis,Watson,M,F,2024-08-10
16507,AW00016507,Luke,Ross,S,F,2023-01-11
11128,AW00011128, Luke,Ward,M,F,2021-03-23
26326,AW00026326,Jordan ,Gray,S,F,2021-04-19
15112,AW00015112,Julio, Torres,S,F,2022-06-30
19563,AW00019563,Lauren,Yang,S,F,2022-09-07
18609,AW00018609,Marco,Torres,M,F,2024-09-22
22314,AW00022314,Rob,Watson,M,M,2024-08-08
23514,AW00023514,Ethan,Walker,S,M,2021-05-16
28222,AW00028222,Marco,Verhoff,M,F,2023-11-30
26964,AW00026964,Curtis,Diaz,M,F,2022-10-17
28054,AW00028054,Julio,Watson,M,F,2020-08-24
26859,AW00026859,Lauren,Hill,S,F,2021-07-07
27375,AW00027375,Luke,Mehta,S,M,2023-04-06
12148,AW00012148,Jordan,Diaz,M,M,2021-08-09
28611,AW00028611,Jon,Bennett,M,M,2019-08-09
26988,AW00026988,Marco,Walker,S,M,2019-03-20
24438,AW00024438,Rob,Ruiz,M,F,2019-10-23
12956,AW00012956,Jon,Wood,M,F,2020-08-15
12821,AW00012821,Chloe,Ward,M,F,2021-07-12
21138,AW00021138,Lauren,Wood,M,F,2022-01-27
19241,AW00019241,Curtis,Mehta,,M,2022-02-06
27741,AW00027741,Marco,Verhoff,S,F,2022-09-19
13771,AW00013771,Janet,Watson,,M,2020-10-08
24026,AW00024026,Ethan,Watson,S,F,2024-01-13
28472,AW00028472,Shannon,Ross,S,F,2019-11-12
18965,AW00018965,Rob,Ward,S,F,2022-12-19
12330,AW00012330,Ian,Suarez,,F,2020-05-09
25891,AW00025891,Wyatt,Gray,S,M,2019-05-08
24849,AW00024849,Rob,Hill,S,F,2020-04-23
21418,AW00021418,Sydney,Ross,M,F,2022-02-28
14552,AW00014552,Clarence,Ward,S,F,2021-02-24
21743,AW00021743,Ethan,Ward,S,F,2022-10-07
20394,AW00020394,Wyatt,Young,S,M,2019-09-06
24516,AW00024516,Eugene ,Jenkins,M,F,2020-10-08
23061,AW00023061,Destiny,Young,S,F,2024-09-15
28461,AW00028461,Julio,Suarez,M,F,2019-01-13
28133,AW00028133,Clarence,Ross,M,M,2022-05-21
21704,AW00021704,Christy, Johnson,M,M,2019-09-14
22485,AW00022485,Clarence,Verhoff,S,F,2019-08-09
12100,AW00012100,Seth,Gray ,S,F,2019-06-03
12206,AW00012206,Elizabeth,Verhoff,S,F,2023-03-17
15145,AW00015145,Marco,Johnson,S,M,2020-10-25
20798,AW00020798,Elizabeth,Yang,M,F,2019-11-26
19733,AW00019733,Sydney,Watson,S,F,2024-02-12
22014,AW00022014,Jordan,Ross,S,F,2022-04-10
12328,AW00012328,Jordan,Ruiz,S,M,2020-04-12
11393,AW00011393,Lauren,Diaz,M,M,2020-10-16
16053,AW00016053,Rob,Bennett,M,M,2022-01-14
21872,AW00021872,Jordan,Verhoff,M,F,2020-10-08
16572,AW00016572,Jordan,Ward,M,F,2021-05-04
19384,AW00019384,Clarence,Wood,M,F,2022-10-24
14499,AW00014499,Ruben,Watson,S,M,2019-10-27
19654,AW00019654,Ruben,Johnson,S,F,2025-07-14
19403,AW00019403, Jordan,Mehta,S,F,2021-10-26
18319,AW00018319,Julio,Huang,M,M,2019-07-04
14883,AW00014883,Shannon,Ross,S,F,2022-03-05
14882,AW00014882,Curtis,Zhu,M,F,2021-01-14
27422,AW00027422,Seth,Hill,M,F,2023-11-01
17611,AW00017611, Destiny,Johnson,,F,2022-01-08
27615,AW00027615,Destiny,Carlson,S,F,2024-09-28
13556,AW00013556,Seth,Young,S,M,2023-10-10
21665,AW00021665,Ruben, Young,M,F,2025-05-19
21407,AW00021407,Eugene,Mehta,S,F,2021-12-28
26499,AW00026499,Eugene ,Zhu,S,F,2024-08-12
28202,AW00028202,Jacquelyn,Yang,M,F,2022-07-07
24804,AW00024804,Ruben,Yang,S,F,2020-06-04
19846,AW00019846,Jordan,Young,M,M,2019-11-08
13536,AW00013536,Russell, Verhoff,S,M,2019-10-30
17862,AW00017862,Ian,Carlson,S,F,2024-05-22
24338,AW00024338,Russell,Sanchez,M,M,2021-11-01
21989,AW00021989,Seth,Lu,S,M,2020-01-19
15563,AW00015563,Eugene,Lu,S,M,2021-02-12
15663,AW00015663,Wyatt,Johnson,M,M,2019-03-16
19105,AW00019105,Shannon, Perez,M,F,2023-11-19
14385,AW00014385,Sydney,Verhoff,M,M,2021-07-28
15675,AW00015675,Seth,Suarez,S,F,2021-07-20
27046,AW00027046,Jordan,Hill,S,M,2021-05-20
23877,AW00023877,Seth ,Yang,M,F,2021-06-05
17027,AW00017027,Chloe,Ward,S,F,2024-03-05
26487,AW00026487,Jacquelyn,Huang,S,M,2022-03-08
14230,AW00014230,Lauren,Yang,S,F,2023-05-20
17594,AW00017594,Jacquelyn,Ruiz,M,F,2021-11-23
19397,AW00019397,Rob,Hill,S,F,2023-01-21
24919,AW00024919,Shannon ,Gray,S,M,2021-11-07
20432,AW00020432,Jordan,Huang,M,M,2023-02-12
18709,AW00018709,Curtis,Carlson,S,F,2021-05-02
28924,AW00028924,Curtis,Diaz,M,F,2021-03-17
23178,AW00023178,Ethan,Alvarez,S,M,2024-09-05
25492,AW00025492,Sydney,Mehta,S,M,2025-04-12
15043,AW00015043,Eugene,Bennett,S,F,2022-07-09
27485,AW00027485,Destiny,Torres,M,M,2020-05-25
24184,AW00024184,Shannon,Perez,M,M,2019-09-01
20510,AW00020510,Eugene,Huang,S,M,2023-10-19
20080,AW00020080,Ethan,Johnson,M,M,2024-12-20
13883,AW00013883,Wyatt,Zhu,S,F,2021-09-15
15758,AW00015758,Jon,Yang,M,M,2023-10-08
17684,AW00017684,Wyatt , Lu,M,M,2025-02-14
13946,AW00013946,Julio,Yang,S,M,2022-08-31
21433,AW00021433,Ruben,Lu,M,F,2019-06-09
23861,AW00023861,Seth,Mehta ,M,M,2025-04-19
24500,AW00024500,Destiny,Yang,S,M,2020-10-22
18308,AW00018308,Jon,Huang,S,M,2019-12-02
26908,AW00026908,Jordan,Wood,S,M,2023-09-28
25402,AW00025402,Russell,Johnson,S,F,2022-02-20
26694,AW00026694,Destiny,Alvarez,M,M,2019-04-09
28085,AW00028085,Clarence,Gray,M,M,2021-03-29
20819,AW00020819,Christy,Walker,S,F,2019-05-29
22474,AW00022474,Marco,Ross,M,M,2019-03-26
13510,AW00013510,Ian,Gray,M,F,2025-07-19
24204,AW00024204,Rob,Ward,M,F,2020-01-09
18496,AW00018496,Ruben,Ward,M,F,2021-10-21
21403,AW00021403,Russell,Jenkins,S,F,2019-10-21
17272,AW00017272,Christy,Young,M,M,2024-06-13
25671,AW00025671,Jon,Carlson,M,F,2022-03-13
28477,AW00028477,Lauren,Sanchez,M,F,2025-01-26
14277,AW00014277,Lauren,Verhoff,S,F,2021-08-03
21220,AW00021220,Curtis,Gray,S,M,2023-12-30
16935,AW00016935,Jordan,Gray,S,M,2024-03-29
12132,AW00012132,Wyatt,Carlson,M,F,2023-05-31
13543,AW00013543,Marco,Jenkins,M,F,2022-03-10
18938,AW00018938,Seth,Verhoff,S,M,2020-10-21
25263,AW00025263,Marco,Jenkins,M,M,2024-03-20
13376,AW00013376,Jordan,Ward,S,F,2020-06-14
13702,AW00013702,Julio,Watson,M,F,2022-12-12
24799,AW00024799,Curtis,Perez,S,F,2019-09-01
18286,AW00018286,Curtis,Mehta,S,M,2021-04-08
28484,AW00028484,Jon,Carlson,M,M,2019-06-26
22317,AW00022317,Russell,Yang,S,M,2020-02-15
16420,AW00016420,Luke,Ross,M,M,2021-05-31
16075,AW00016075,Shannon,Gray,M,M,2021-04-14
23031,AW00023031,Jon,Zhu,S,F,2023-05-27
12097,AW00012097,Rob,Lu,S,M,2021-11-15
18199,AW00018199,Sydney,Ross,M,F,2021-01-03
14338,AW00014338,Luke,Carlson,M,M,2020-08-29
21397,AW00021397,Julio,Perez,S,F,2025-02-21
13618,AW00013618,Rob,Gray,M,F,2020-01-14
24723,AW00024723,Curtis,Perez,S,F,2025-06-29
18918,AW00018918,Clarence,Perez,S,F,2024-07-04
22260,AW00022260,Sydney,Torres,,M,2021-10-14
27947,AW00027947,Rob ,Bennett,M,M,2020-01-19
17694,AW00017694,Christy,Gray,M,M,2021-11-27
12789,AW00012789,Sydney,Mehta,M,F,2020-12-02
24115,AW00024115,Wyatt,Carlson,M,M,2024-04-28
18437,AW00018437,Shannon,Zhu,S,M,2024-07-03
16268,AW00016268,Julio,Zhu,S,F,2019-12-28
20325,AW00020325,Rob,Sanchez,S,M,2024-01-22
28103,AW00028103, Jordan,Johnson,S,M,2020-11-13
21632,AW00021632,Russell,Torres,S,M,2020-10-19
25809,AW00025809,Elizabeth,Walker,S,F,2020-07-12
26252,AW00026252,Lauren, Lu,M,F,2019-11-21
15759,AW00015759,Jordan,Torres,S,F,2021-07-25
25266,AW00025266,Seth,Ward,M,M,2022-08-05
14433,AW00014433,Clarence,Zhu,M,M,2025-04-17
14529,AW00014529,Marco,Walker,M,F,2019-12-30
22795,AW00022795,Destiny,Wood,M,F,2024-01-23
12181,AW00012181,Eugene,Ward,M,F,2019-12-26
17894,AW00017894,Luke,Hill,S,M,2021-09-15
24607,AW00024607,Curtis,Verhoff,M,M,2021-07-02
16580,AW00016580,Ruben,Johnson,M,M,2022-02-19
28858,AW00028858,Marco, Perez,S,F,2023-03-20
15629,AW00015629,Luke,Ward,S,F,2025-01-08
20693,AW00020693,Luke,Lu,M,F,2022-08-27
12279,AW00012279,Wyatt,Huang,M,M,2020-08-17
13937,AW00013937,Marco,Diaz,S,M,2019-05-01
20659,AW00020659,Ethan,Wood,S,F,2020-02-07
25883,AW00025883, Ethan, Ward,S,M,2020-07-11
14038,AW00014038,Chloe,Ward,M,F,2019-12-15
15313,AW00015313,Rob,Jenkins,S,M,2019-03-18
19460,AW00019460,Luke,Mehta,M,F,2022-08-18
28209,AW00028209,Destiny,Johnson,S,M,2021-07-23
11926,AW00011926,Destiny,Verhoff,M,M,2023-03-23
11216,AW00011216,Rob,Yang,S,F,2022-03-18
26169,AW00026169,Curtis,Ward,M,F,2021-02-20
26173,AW00026173,Lauren,Young,M,F,2023-07-29
22081,AW00022081,Elizabeth,Yang,S,M,2025-02-23
11532,AW00011532,Clarence,Hill,M,M,2019-04-18
11441,AW00011441,Jon, Perez,,F,2025-05-14
20016,AW00020016,Eugene ,Bennett,S,F,2021-03-13
21037,AW00021037,Elizabeth,Alvarez,M,F,2023-02-22
19429,AW00019429,Russell,Hill,M,M,2021-04-07
15149,AW00015149,Rob,Mehta,M,M,2023-05-05
16549,AW00016549,Jon,Perez,M,M,2021-07-18
15835,AW00015835,Jon,Ruiz,S,M,2020-02-28
18723,AW00018723,Ruben,Torres,M,M,2021-09-04
13215,AW00013215, Marco, Hill,M,F,2021-12-19
27808,AW00027808,Julio,Mehta,M,M,2022-06-07
16609,AW00016609,Ian,Bennett,M,M,2024-09-17
28166,AW00028166,Jon,Torres,,M,2024-10-06
23913,AW00023913,Ruben,Lu,S,M,2024-01-03
17902,AW00017902,Wyatt,Watson,M,M,2022-07-29
26190,AW00026190, Ian,Walker,S,F,2024-02-18
15126,AW00015126,Marco,Young,S,M,2025-02-20
17832,AW00017832,Seth,Alvarez,M,M,2022-09-06
18120,AW00018120,Shannon,Carlson,M,M,2024-04-05
26110,AW00026110,Russell,Huang,S,M,2025-06-07
16054,AW00016054,Chloe,Jenkins,S,F,2024-12-29
12730,AW00012730, Ian,Wood,M,F,2025-01-13
27331,AW00027331,Ethan,Watson,S,F,2021-06-10
17726,AW00017726,Curtis,Lu,M,F,2025-07-06
12054,AW00012054,Destiny,Perez,S,M,2021-11-03
11614,AW00011614,Seth,Johnson,M,M,2021-07-26
11210,AW00011210,Sydney,Verhoff,S,F,2022-03-24
12402,AW00012402,Rob,Lu,S,M,2025-04-22
27261,AW00027261,Ian,Alvarez,M,F,2022-02-24
15606,AW00015606,Chloe, Diaz,M,M,2019-09-03
21468,AW00021468,Wyatt,Diaz,S,F,2019-12-07
28897,AW00028897,Clarence,Carlson,M,M,2023-11-20
12906,AW00012906,Seth,Huang,M,F,2021-10-07
28996,AW00028996,Rob,Alvarez,S,M,2021-09-25
27588,AW00027588,Elizabeth,Huang,M,F,2019-10-24
11592,AW00011592,Luke,Lu,M,M,2022-08-18
17991,AW00017991,Sydney,Torres ,M,M,2021-03-23
13104,AW00013104,Rob,Johnson,S,M,2020-03-11
11250,AW00011250,Ian,Ward,S,F,2023-12-22
16931,AW00016931,Sydney,Jenkins,M,M,2020-04-28
23229,AW00023229,Sydney,Perez,S,M,2019-03-03
16916,AW00016916,Clarence,Bennett,S,F,2019-05-12
13030,AW00013030,Shannon,Young,M,,2021-05-22
23327,AW00023327,Shannon,Gray,S,F,2023-10-04
27818,AW00027818,Janet,Carlson,M,F,2022-07-28
12807,AW00012807,Jacquelyn,Verhoff,M,M,2021-01-05
27940,AW00027940,Jacquelyn,Huang,S,F,2024-12-28
19365,AW00019365,Chloe,Lu,,F,2021-03-21
26803,AW00026803,Curtis,Wood,S,F,2025-06-26
16578,AW00016578,Julio,Gray,M,F,2022-04-14
26422,AW00026422,Chloe,Hill,S,,2021-03-17
22215,AW00022215,Marco,Torres,M,M,2022-05-01
12023,AW00012023,Ruben,Zhu,M,M,2019-12-12
17358,AW00017358,Rob,Sanchez,S,F,2025-07-26
19741,AW00019741, Jordan,Carlson,M,F,2019-08-18
19868,AW00019868,Ethan,Perez,M,M,2020-07-05
19694,AW00019694,Luke,Diaz,M,M,2022-05-26
23725,AW00023725,Clarence,Walker,M,F,2020-05-29
15678,AW00015678,Jon,Carlson,S,M,2020-01-23
13020,AW00013020,Ruben,Ruiz,S,M,2022-03-16
28247,AW00028247,Lauren,Perez,M,F,2022-01-30
15840,AW00015840,Julio,Yang,S,M,2023-01-04
20655,AW00020655,Curtis,Zhu,S,M,2023-04-11
15222,AW00015222,Wyatt,Ruiz,S,F,2019-06-08
19992,AW00019992,Chloe,Bennett,S,F,2021-09-23
22334,AW00022334,Jordan,Bennett,M,M,2023-02-20
25691,AW00025691,Jacquelyn,Wood ,M,M,2021-03-16
22694,AW00022694,Rob,Torres,M,M,2019-03-05
12556,AW00012556,Curtis,Ruiz,S,M,2024-11-23
21104,AW00021104,Christy,Huang,M,M,2023-05-31
17107,AW00017107,Jon,Alvarez,M,M,2021-11-16
26643,AW00026643,Jordan,Carlson,M,F,2022-06-09
28011,AW00028011,Clarence,Perez,S,F,2022-12-05
15398,AW00015398,Eugene,Carlson,,F,2024-12-18
20263,AW00020263,Jacquelyn,Alvarez,S,F,2020-10-19
13746,AW00013746,Curtis,Ward,S,F,2020-02-09
15973,AW00015973,Rob,Diaz,S,F,2021-08-08
11541,AW00011541,Lauren,Suarez,M,F,2023-12-09
28646,AW00028646,Jon,Jenkins,M,M,2019-11-01
12796,AW00012796,Russell,Torres,M,M,2020-11-16
22844,AW00022844,Janet,Gray,M,F,2022-12-26
13617,AW00013617,Janet,Verhoff,S,M,2022-04-23
14413,AW00014413,Curtis,Yang,M,F,2023-08-30
26683,AW00026683,Lauren,Watson,M,F,2024-03-07
15872,AW00015872,Destiny,Ward,M,M,2021-01-08
11412,AW00011412,Luke,Carlson,S,F,2021-12-23
25441,AW00025441,Shannon,Diaz,S,F,2020-03-22
20261,AW00020261,Janet,Mehta,M,F,2021-01-22
26024,AW00026024,Jordan,Ross,M,F,2019-03-08
20915,AW00020915,Elizabeth, Carlson,M,F,2024-08-25
13812,AW00013812,Curtis,Torres,M,F,2021-07-31
17863,AW00017863,Clarence,Walker ,S,F,2025-01-27
11564,AW00011564,Jacquelyn,Ross,S,M,2021-09-26
25020,AW00025020,Lauren,Carlson ,M,F,2024-04-12
25513,AW00025513,Ethan,Torres,S,M,2021-09-20
14004,AW00014004,Christy,Mehta,S,M,2019-03-23
28575,AW00028575,Luke,Sanchez,M,M,2021-03-22
16893,AW00016893,Clarence,Hill,S,M,2025-06-08
24240,AW00024240,Luke,Torres,M,F,2023-12-05
24939,AW00024939,Shannon,Gray,S,F,2025-07-20
12008,AW00012008,Chloe,Ross,S,F,2022-10-02
28572,AW00028572,Jacquelyn,Mehta,S,F,2020-07-03
25388,AW00025388,Chloe,Huang,M,F,2022-05-18
16675,AW00016675,Lauren,Gray,S,F,2019-02-06
24783,AW00024783,Jon,Torres,S,F,2024-03-08
22698,AW00022698,Luke,Gray,M,F,2024-12-19
19488,AW00019488,Ian,Ruiz,M,F,2023-04-30
11076,AW00011076,Julio,Jenkins,S,M,2022-09-22
16327,AW00016327,Russell,Bennett,M,M,2023-09-21
23303,AW00023303,Christy,Hill,S,M,2022-01-03
23740,AW00023740,Ruben,Wood,S,M,2020-09-20
15944,AW00015944,Marco,Lu,M,F,2019-05-17
22148,AW00022148,Curtis,Carlson,M,M,2019-08-14
18309,AW00018309,Marco ,Diaz,S,F,2022-06-15
20678,AW00020678,Eugene,Torres,S,M,2023-07-11
16994,AW00016994,Eugene,Alvarez,M,M,2021-11-05
21616,AW00021616,Ethan,Bennett ,S,F,2023-12-21
21235,AW00021235,Rob,Perez,S,F,2019-09-22
23525,AW00023525,Marco,Diaz,M,F,2022-10-23
19339,AW00019339,Elizabeth,Mehta,S,M,2020-07-03
13544,AW00013544,Seth,Wood,S,F,2019-03-12
13632,AW00013632,Luke,Sanchez,M,F,2024-04-23
16364,AW00016364,Eugene,Ruiz,M,F,2022-10-04
23696,AW00023696,Russell,Zhu,S,F,2020-07-09
20804,AW00020804,Curtis,Lu,S,M,2019-07-23
18513,AW00018513,Wyatt,Alvarez,S,F,2019-01-26
21897,AW00021897, Curtis, Huang,M,M,2023-11-08
12785,AW00012785,Marco,Verhoff,S,F,2025-03-21
21015,AW00021015,Shannon , Verhoff,S,F,2025-04-25
26603,AW00026603,Jon,Diaz,M,M,2025-07-10
23186,AW00023186,Chloe,Sanchez,S,M,2019-06-05
19068,AW00019068,Marco,Jenkins,S,F,2021-05-11
14932,AW00014932,Elizabeth,Ross,S,F,2022-10-10
11644,AW00011644,Julio,Lu,S,F,2020-02-26
24014,AW00024014,Ruben,Carlson,S,M,2023-12-24
18295,AW00018295,Russell,Suarez,M,F,2025-03-12
18546,AW00018546,Ian,Alvarez,S,M,2022-07-17
17542,AW00017542,Sydney,Zhu,M,M,2019-05-30
18191,AW00018191,Eugene,Watson,S,F,2023-10-07
20947,AW00020947,Shannon,Hill,M,M,2020-08-31
13971,AW00013971, Christy,Bennett,S,M,2022-08-04
19201,AW00019201,Marco,Perez,M,F,2020-11-19
17845,AW00017845,Clarence,Jenkins,S,F,2022-05-06
11687,AW00011687,Seth,Lu,M,F,2022-11-10
28301,AW00028301,Luke,Jenkins,M,M,2023-11-08
13332,AW00013332,Eugene,Alvarez,S,M,2018-11-15
25738,AW00025738,Ian,Johnson,M,M,2019-08-27
13261,AW00013261,Janet,Zhu,M,M,2025-06-08
25862,AW00025862,Marco,Carlson,,F,2022-02-28
22179,AW00022179,Shannon,Alvarez,S,F,2025-04-28
17227,AW00017227,Curtis,Gray,S,M,2023-03-16
14712,AW00014712,Janet,Perez,S,F,2021-05-28
13087,AW00013087,Eugene,Ross,S,M,2024-12-29
23975,AW00023975,Marco,Gray,M,F,2022-07-15
26525,AW00026525,Ruben,Ward,M,M,2021-04-22
26046,AW00026046,Luke,Zhu,M,M,2023-10-02
28802,AW00028802,Ian ,Zhu,M,F,2023-01-04
20319,AW00020319, Christy,Carlson,M,M,2023-01-04
14189,AW00014189,Jon,Gray,M,F,2023-05-08
14912,AW00014912,Wyatt, Walker,M,M,2022-09-02
23500,AW00023500,Ian,Mehta,S,M,2022-04-25
16108,AW00016108,Sydney,Gray,M,M,2020-04-04
15454,AW00015454,Clarence,Sanchez,S,M,2022-09-13
19506,AW00019506,Julio,Sanchez,M,M,2020-03-02
11486,AW00011486,Rob,Walker,S,M,2021-02-09
12736,AW00012736,Ruben,Diaz,M,M,2021-08-17
18012,AW00018012,Chloe,Suarez,S,M,2019-02-19
24155,AW00024155,Christy,Lu,M,M,2021-09-14
12792,AW00012792,Lauren,Gray,M,F,2023-10-26
22228,AW00022228,Jordan,Young,S,M,2020-03-20
14121,AW00014121,Chloe ,Torres,S,M,2020-09-12
18956,AW00018956,Shannon, Perez,M,M,2020-11-13
13941,AW00013941,Christy,Carlson,M,M,2023-10-29
25238,AW00025238,Sydney,Walker,S,F,2021-02-18
18040,AW00018040,Ruben,Watson ,S,M,2020-11-10
23531,AW00023531,Seth,Ruiz,M,M,2024-09-01
18297,AW00018297,Ruben,Diaz,S,F,2025-06-08
11782,AW00011782,Chloe, Huang,S,F,2021-03-07
22318,AW00022318,Shannon,Mehta,M,F,2022-08-29
18183,AW00018183,Clarence,Ward,S,M,2025-07-14
15688,AW00015688,Ruben,Johnson,S,F,2024-12-20
13091,AW00013091,Curtis,Mehta,M,M,2021-11-14
19798,AW00019798,Seth,Zhu,S,F,2019-11-13
11370,AW00011370,Marco,Zhu,S,M,2021-08-27
26339,AW00026339,Ruben, Zhu,M,M,2020-02-23
26532,AW00026532,Marco,Carlson,S,M,2025-05-30
18575,AW00018575,Seth ,Walker,S,M,2022-11-12
16838,AW00016838,Clarence,Carlson,S,M,2019-01-12
17498,AW00017498,Clarence,Walker,S,M,2021-09-27
25520,AW00025520,Russell,Diaz,M,M,2022-01-29
24193,AW00024193,Destiny,Gray,M,M,2019-08-04
23069,AW00023069,Sydney, Alvarez,M,M,2023-04-03
20710,AW00020710,Luke,Sanchez,M,M,2024-11-20
24477,AW00024477,Shannon,Bennett,M,M,2019-08-03
18689,AW00018689,Russell ,Ward,S,M,2024-06-11
22416,AW00022416,Janet,Suarez,M,M,2019-01-30
20131,AW00020131,Ruben,Alvarez,M,M,2024-07-27
17425,AW00017425,Ruben,Diaz,M,M,2022-09-26
16391,AW00016391,Eugene,Diaz,M,F,2022-05-14
18569,AW00018569,Luke,Ward,S,F,2019-04-17
16781,AW00016781,Ethan,Lu,S,M,2024-11-14
23778,AW00023778,Clarence,Verhoff,M,M,2024-04-27
13596,AW00013596,Destiny,Young,M,M,2021-11-02
11118,AW00011118,Ethan,Yang,S,F,2020-07-09
17562,AW00017562,Marco,Suarez,M,M,2020-04-30
19112,AW00019112,Jon,Lu,S,M,2021-12-22
15362,AW00015362,Shannon,Carlson,M,F,2019-03-17
13970,AW00013970,Wyatt,Ruiz,M,M,2021-05-28
15732,AW00015732,Jacquelyn,Lu,S,M,2019-11-12
18075,AW00018075,Luke,Alvarez,S,M,2021-08-12
12420,AW00012420, Russell,Jenkins,M,M,2019-12-19
20707,AW00020707,Shannon,Watson,S,F,2023-12-23
23461,AW00023461,Elizabeth,Gray,M,F,2023-01-30
25359,AW00025359,Ruben,Carlson,S,F,2020-05-08
21697,AW00021697,Christy,Mehta,M,M,2024-07-17
14511,AW00014511,Clarence,Torres,M,M,2021-11-29
20316,AW00020316,Sydney, Zhu,S,M,2022-02-20
19913,AW00019913,Jacquelyn,Suarez,M,M,2021-05-15
24525,AW00024525,Lauren,Wood,M,M,2020-09-06
17854,AW00017854,Elizabeth,Torres,S,F,2023-11-08
23526,AW00023526,Jon,Lu,S,F,2024-09-17
27149,AW00027149,Destiny,Zhu,M,M,2024-11-27
12517,AW00012517,Jacquelyn, Torres,S,F,2021-12-29
12717,AW00012717,Ruben,Ross,S,M,2023-03-10
22493,AW00022493,Destiny ,Sanchez,M,M,2019-09-29
16064,AW00016064,Ethan,Lu,S,M,2023-06-20
18728,AW00018728, Ethan,Huang,S,M,2019-10-05
24057,AW00024057,Ian,Suarez,M,F,2023-03-28
28308,AW00028308,Janet,Perez,S,F,2022-11-13
16531,AW00016531,Elizabeth,Diaz,M,F,2021-01-22
20020,AW00020020,Russell,Ward,M,M,2023-06-18
25545,AW00025545,Seth,Walker,M,M,2021-11-21
28302,AW00028302,Destiny,Mehta,S,M,2023-07-23
20931,AW00020931,Eugene,Carlson,S,F,2021-12-29
19883,AW00019883,Lauren,Lu,S,F,2024-10-17
27055,AW00027055,Lauren,Watson,S,M,2022-04-15
20983,AW00020983,Jon,Diaz,M,F,2021-12-17
18370,AW00018370, Wyatt,Young,M,F,2024-04-10
12608,AW00012608,Sydney,Ward,M,F,2021-11-09
24732,AW00024732,Christy ,Hill,S,F,2022-06-15
25366,AW00025366,Ian,Verhoff,M,F,2020-08-19
28447,AW00028447,Destiny,Young,M,F,2020-10-06
14909,AW00014909,Christy ,Mehta,M,M,2023-06-04
23604,AW00023604,Luke,Jenkins ,S,F,2020-06-14
27227,AW00027227,Jordan,Zhu,M,M,2021-08-18
17208,AW00017208,Eugene,Bennett,S,M,2024-12-27
12482,AW00012482,Chloe,Bennett,S,F,2024-08-01
13334,AW00013334,Ethan,Yang,S,F,2020-07-18
17220,AW00017220,Seth,Watson,S,M,2024-09-05
18614,AW00018614,Ruben,Johnson,M,M,2022-05-21
24144,AW00024144,Clarence, Gray,M,F,2025-06-19
17481,AW00017481,Jordan ,Young,S,F,2020-02-13
18934,AW00018934,Clarence,Perez,M,F,2019-10-02
21391,AW00021391, Clarence,Young,M,F,2019-08-31
21574,AW00021574,Lauren,Yang,S,F,2021-11-10
28961,AW00028961,Lauren,Walker,M,M,2021-01-24
27124,AW00027124,Christy,Zhu,M,M,2024-05-14
19115,AW00019115,Curtis,Johnson,S,M,2019-12-28
20687,AW00020687,Janet,Diaz,M,F,2021-10-14
15231,AW00015231,Rob,Johnson,M,M,2021-01-24
26706,AW00026706,Wyatt,Young,S,M,2025-03-24
18284,AW00018284,Julio,Ward,,F,2023-07-01
20258,AW00020258,Lauren,Ross,S,F,2021-11-24
21065,AW00021065,Jon,Suarez,M,F,2022-11-19
18482,AW00018482,Eugene,Mehta,M,M,2021-08-01
13760,AW00013760, Ian,Diaz,M,F,2020-12-24
11099,AW00011099,Destiny,Sanchez,S,F,2024-07-17
25477,AW00025477,Jon,Hill,S,F,2024-05-13
11411,AW00011411,Jon,Lu,M,M,2023-09-03
16825,AW00016825,Jacquelyn,Huang,S,M,2019-01-25
21255,AW00021255,Shannon,Gray,M,F,2019-07-27
15093,AW00015093,Lauren,Gray,M,F,2021-12-12
11290,AW00011290,Russell,Ross,S,M,2020-02-26
22141,AW00022141,Shannon,Perez,M,M,2023-05-12
28499,AW00028499,Elizabeth,Gray,S,F,2019-01-30
15776,AW00015776,Jon,Bennett,S,M,2024-08-10
15164,AW00015164,Destiny,Wood,M,F,2020-09-11
15193,AW00015193,Ruben,Lu,M,M,2025-03-31
11927,AW00011927,Destiny,Walker,M,M,2024-10-17
19596,AW00019596,Luke,Ward,S,F,2019-04-16
26078,AW00026078,Shannon,Ruiz,S,M,2019-11-21
17413,AW00017413,Julio,Huang,S,M,2022-11-21
21568,AW00021568,Elizabeth,Diaz,M,F,2023-08-30
21729,AW00021729,Marco,Ross,M,M,2020-07-18
12319,AW00012319,Eugene,Alvarez,S,M,2024-06-26
18868,AW00018868,Sydney,Mehta,S,F,2019-07-31
22324,AW00022324,Ethan,Lu,M,M,2019-01-22
17563,AW00017563,Seth,Zhu,M,M,2022-10-20
15887,AW00015887,Sydney,Ruiz,M,M,2021-10-28
16722,AW00016722,Clarence,Ross,S,F,2022-04-08
11010,AW00011010,Janet,Gray,S,M,2021-07-22
13924,AW00013924,Jacquelyn,Zhu,S,F,2025-03-19
20085,AW00020085,Elizabeth,Watson,M,,2023-11-28
20792,AW00020792,Jordan, Zhu,M,F,2019-05-13
11551,AW00011551,Sydney,Diaz,M,F,2024-12-28
22197,AW00022197,Clarence,Huang,S,F,2022-02-04
24266,AW00024266,Jon,Yang,M,F,2023-02-15
15422,AW00015422,Sydney,Perez ,S,F,2022-08-25
25776,AW00025776,Julio,Alvarez,S,M,2024-01-17
23794,AW00023794,Clarence,Perez,S,F,2025-01-22
17623,AW00017623,Marco,Gray,M,F,2022-04-05
19787,AW00019787,Jacquelyn,Perez,S,,2025-04-13
13891,AW00013891,Jordan,Zhu,S,M,2020-04-26
20822,AW00020822,Jordan,Perez,M,M,2019-04-18
14497,AW00014497,Chloe,Walker,S,M,2023-03-15
19901,AW00019901,Marco,Young,S,F,2021-09-15
26756,AW00026756,Christy,Zhu,M,F,2024-12-16
25601,AW00025601,Eugene,Walker,S,F,2023-10-14
,,Wyatt,Torres,,,2024-01-01
23326,AW00023326,Jordan,Yang,M,F,2024-03-22
21648,AW00021648,Rob,Alvarez,M,M,2023-10-31
17456,AW00017456,Lauren,Hill,M,F,2023-03-07
28889,AW00028889,Julio,Ward,M,F,2023-05-03
15210,AW00015210,Eugene,Alvarez,S,M,2023-03-29
11563,AW00011563,Ruben,Carlson,S,M,2019-04-03
25144,AW00025144,Christy,Johnson,S,F,2023-11-21
24396,AW00024396,Marco,Ross,S,F,2019-02-07
15861,AW00015861,Elizabeth, Gray,S,F,2020-05-08
22877,AW00022877, Russell,Perez,S,M,2021-01-23
12028,AW00012028,Sydney,Johnson,S,F,2025-04-29
17174,AW00017174,Jacquelyn,Jenkins,S,M,2019-01-11
15076,AW00015076,Julio,Jenkins ,S,M,2022-08-01
26099,AW00026099,Eugene,Johnson,M,F,2019-12-05
17491,AW00017491,Seth,Wood,S,M,2021-06-09
11959,AW00011959,Russell,Mehta,M,M,2020-02-15
12934,AW00012934,Wyatt,Verhoff,S,F,2024-01-26
11579,AW00011579,Shannon,Johnson,S,F,2024-01-22
22582,AW00022582,Elizabeth,Ruiz,M,F,2021-12-28
25849,AW00025849,Destiny,Bennett,M,F,2022-08-03
18034,AW00018034,Shannon,Ruiz,M,F,2021-05-21
14659,AW00014659,Julio ,Zhu,S,F,2024-10-28
20727,AW00020727,Christy, Watson,S,M,2023-09-23
25428,AW00025428,Lauren,Zhu,,M,2019-12-12
24160,AW00024160,Jacquelyn,Sanchez,S,F,2022-09-30
26279,AW00026279,Lauren,Torres,M,,2021-11-07
15323,AW00015323,Jacquelyn,Ruiz,M,F,2020-10-15
22169,AW00022169,Julio,Mehta,M,F,2021-05-09
20333,AW00020333,Lauren,Suarez,M,F,2023-07-09
28651,AW00028651,Christy,Ruiz,S,F,2021-07-04
26290,AW00026290,Ian,Hill,S,M,2022-07-24
24095,AW00024095,Luke,Johnson,S,M,2019-08-15
24486,AW00024486,Russell,Ross,M,M,2019-03-11
14924,AW00014924,Shannon,Walker,M,F,2025-03-30
13816,AW00013816,Jon,Bennett,S,F,2019-07-21
17705,AW00017705,Janet, Alvarez,M,F,2019-02-25
13221,AW00013221,Ian,Johnson,M,M,2023-07-10
20483,AW00020483,Destiny,Perez,,M,2019-11-15
20914,AW00020914,Christy,Ruiz,S,M,2023-09-16
12575,AW00012575,Jacquelyn,Jenkins,S,F,2024-07-05
25537,AW00025537,Wyatt,Watson,M,M,2025-01-03
18121,AW00018121, Wyatt,Lu,M,F,2020-01-10
24796,AW00024796,Luke,Bennett,S,M,2021-03-12
20097,AW00020097,Rob,Suarez,S,M,2020-02-08
12851,AW00012851,Jon,Verhoff,S,M,2022-09-01
11880,AW00011880,Lauren,Verhoff,M,M,2024-10-18
25165,AW00025165,Rob,Johnson,S,F,2022-09-11
24998,AW00024998,Chloe,Yang,S,M,2021-01-13
19393,AW00019393,Destiny,Gray,S,M,2019-10-01
17162,AW00017162,Clarence, Diaz,S,F,2022-11-07
11700,AW00011700,Jon,Johnson,S,M,2024-11-25
28197,AW00028197,Wyatt,Perez,M,M,2022-11-23
23659,AW00023659,Clarence,Perez,M,M,2022-08-30
13931,AW00013931,Lauren,Alvarez,M,F,2025-01-14
12450,AW00012450,Janet,Johnson,S,F,2020-04-02
15879,AW00015879,Wyatt,Alvarez,S,F,2023-11-26
26335,AW00026335,Eugene,Sanchez,S,M,2022-02-14
21180,AW00021180,Rob,Ross,M,M,2022-09-01
23323,AW00023323,Russell,Torres,S,,2021-10-26
20088,AW00020088,Shannon,Ward,S,M,2021-11-04
14407,AW00014407,Jon,Suarez,M,F,2020-02-29
28896,AW00028896,Jacquelyn,Young,M,F,2019-11-03
17641,AW00017641,Ian,Diaz,M,F,2022-06-05
28009,AW00028009,Lauren,Jenkins,M,M,2022-11-01
13919,AW00013919,Wyatt, Sanchez,M,F,2021-12-07
12271,AW00012271,Shannon,Carlson,S,M,2022-05-30
22224,AW00022224,Jordan,Jenkins,M,M,2023-02-09
12582,AW00012582,Ruben,Alvarez,M,M,2020-11-20
21460,AW00021460,Destiny,Ruiz,M,M,2024-12-21
27559,AW00027559,Russell,Young,M,F,2019-09-01
26363,AW00026363,Russell,Zhu,M,F,2019-08-23
13887,AW00013887,Curtis,Torres,S,M,2024-06-11
18611,AW00018611,Destiny,Verhoff,M,F,2019-08-16
23904,AW00023904,Luke,Young ,S,M,2021-09-29
23334,AW00023334,Clarence,Ross,M,F,2022-07-27
15898,AW00015898,Clarence,Diaz,S,M,2020-10-18
27014,AW00027014,Sydney,Carlson,S,M,2023-12-24
11179,AW00011179,Jacquelyn,Verhoff,M,,2023-07-14
15929,AW00015929,Destiny,Yang,S,F,2021-07-19
23475,AW00023475,Marco,Carlson,M,F,2022-01-04
23278,AW00023278,Janet,Mehta,M,F,2024-09-15
28580,AW00028580,Marco,Ward,M,F,2024-05-02
25075,AW00025075,Curtis,Wood,S,M,2021-07-27
14175,AW00014175,Destiny,Johnson,M,M,2025-06-07
11797,AW00011797,Ethan,Johnson,M,F,2023-01-11
15006,AW00015006,Janet,Jenkins,M,M,2022-04-20
25730,AW00025730,Shannon,Young,S,F,2021-01-20
17923,AW00017923,Seth,Ward,S,F,2024-05-12
28240,AW00028240,Christy, Young,M,F,2020-10-03
13874,AW00013874,Curtis,Torres,S,F,2020-07-29
17090,AW00017090,Jordan,Lu,S,F,2022-10-02
14471,AW00014471, Janet,Ruiz,S,F,2023-10-07
15764,AW00015764,Jacquelyn,Yang,S,F,2024-08-04
17433,AW00017433,Elizabeth,Huang,M,F,2024-08-13
18843,AW00018843,Russell,Hill,S,M,2024-01-12
12109,AW00012109,Chloe,Sanchez,S,F,2021-12-11
28125,AW00028125,Elizabeth,Lu,S,F,2019-02-26
15839,AW00015839,Julio,Lu,S,M,2021-04-24
20407,AW00020407,Jordan,Yang,M,F,2024-03-29
14371,AW00014371,Sydney,Ward,M,F,2024-01-16
19718,AW00019718,Marco,Watson,M,M,2022-02-10
13707,AW00013707,Clarence,Suarez,M,M,2020-02-07
20351,AW00020351,Chloe,Perez,M,F,2019-07-11
27622,AW00027622,Luke,Perez,S,M,2019-10-28
11785,AW00011785,Ian,Sanchez,M,M,2022-07-19
13747,AW00013747,Jacquelyn,Hill,M,F,2024-04-14
21512,AW00021512,Chloe, Gray,M,M,2023-06-29
22769,AW00022769,Janet,Gray,M,M,2019-12-21
13485,AW00013485,Marco,Carlson,M,F,2019-07-17
24207,AW00024207,Ruben,Perez,M,F,2020-01-24
15178,AW00015178,Lauren,Torres,M,M,2022-02-22
11613,AW00011613,Jon,Gray,M,M,2023-09-26
23057,AW00023057,Rob,Watson,M,F,2020-01-15
19222,AW00019222,Luke,Lu,S,F,2022-01-24
11227,AW00011227,Christy,Ward,S,F,2019-04-13
13964,AW00013964,Jacquelyn,Wood,M,F,2022-06-06
27747,AW00027747,Wyatt,Sanchez,M,M,2024-12-03
20362,AW00020362,Destiny,Yang,S,F,2024-12-30
24969,AW00024969,Shannon,Jenkins,M,M,2023-04-03
27951,AW00027951,Ruben,Sanchez,S,F,2024-06-02
18253,AW00018253,Jon,Ross,S,M,2023-05-07
14427,AW00014427,Eugene,Verhoff,M,M,2025-02-26
19078,AW00019078,Curtis,Zhu,M,F,2019-12-23
20603,AW00020603,Ethan,Alvarez,M,M,2025-06-11
15605,AW00015605,Luke,Yang,S,F,2024-03-19
17452,AW00017452,Lauren,Diaz,M,F,2020-02-27
12307,AW00012307,Ruben,Torres,M,F,2019-03-18
22739,AW00022739,Ruben,Perez,S,M,2020-11-17
21450,AW00021450,Shannon,Yang,M,M,2023-10-22
12241,AW00012241,Luke,Suarez,S,M,2019-11-16
14600,AW00014600,Jordan,Huang,M,M,2022-03-31
28443,AW00028443,Ruben,Wood,S,F,2019-03-26
11233,AW00011233,Destiny,Zhu,M,F,2022-02-19
19308,AW00019308,Russell,Diaz,S,F,2024-06-30
15519,AW00015519,Rob,Perez,M,F,2025-07-15
26154,AW00026154,Shannon,Ward,S,M,2019-09-10
22771,AW00022771,Sydney,Mehta,S,M,2025-02-23
26641,AW00026641,Jon,Hill,M,F,2022-08-16
21165,AW00021165,Shannon,Johnson,S,M,2023-05-20
17182,AW00017182,Julio,Lu,,F,2024-08-11
20641,AW00020641,Sydney,Lu,M,F,2025-01-12
23180,AW00023180,Shannon,Ruiz,S,M,2023-07-09
19856,AW00019856,Chloe,Verhoff,M,F,2024-06-02
13202,AW00013202,Janet,Alvarez,S,F,2023-01-30
14131,AW00014131,Destiny,Ward,M,M,2024-09-20
26479,AW00026479, Luke,Mehta,S,M,2021-06-16
28920,AW00028920,Russell,Young,M,F,2021-01-19
15579,AW00015579,Marco ,Perez,S,M,2023-07-16
26925,AW00026925,Sydney,Ross,S,F,2020-07-07
26079,AW00026079,Curtis,Carlson,M,F,2019-02-04
20358,AW00020358,Rob,Diaz,M,M,2022-04-16
27045,AW00027045,Elizabeth,Hill,S,M,2024-01-09
14536,AW00014536,Jordan,Diaz,M,F,2019-03-11
19047,AW00019047,Sydney,Perez,M,M,2021-01-16
14803,AW00014803,Ruben,Perez,S,M,2025-05-19
16213,AW00016213,Rob,Carlson,M,M,2024-09-29
24094,AW00024094,Russell,Young,S,M,2021-05-31
13503,AW00013503,Ian,Zhu,M,M,2025-04-05
16772,AW00016772,Eugene,Ward,S,M,2022-05-13
13013,AW00013013,Rob,Yang ,S,M,2020-08-07
27251,AW00027251,Russell,Ross,S,F,2025-06-28
25080,AW00025080,Ethan,Young,S,M,2024-06-22
13238,AW00013238,Shannon,Yang,S,M,2020-04-25
12440,AW00012440,Clarence,Sanchez,M,M,2019-02-22
26372,AW00026372,Julio,Mehta,S,F,2020-11-07
16123,AW00016123,Shannon,Bennett,S,F,2023-07-22
19410,AW00019410,Luke,Suarez,S,F,2019-02-27
28013,AW00028013,Clarence,Sanchez,S,M,2024-06-03
26123,AW00026123,Janet,Ward,S,M,2019-01-01
21189,AW00021189,Jon,Ward,S,F,2021-10-14
13123,AW00013123,Curtis,Suarez,M,F,2024-05-25
23978,AW00023978,Luke,Carlson,S,M,2019-12-30
24324,AW00024324,Luke,Perez,M,F,2021-04-11
24986,AW00024986,Ruben,Bennett,M,M,2024-08-15
20986,AW00020986,Lauren,Sanchez,M,M,2021-08-22
11453,AW00011453,Ethan,Watson,S,F,2024-12-03
24284,AW00024284,Shannon,Ruiz,M,M,2022-07-14
16395,AW00016395,Russell,Suarez,S,F,2021-05-03
12901,AW00012901,Janet,Yang,S,F,2024-07-05
16347,AW00016347,Janet,Johnson,M,M,2020-04-13
12401,AW00012401,Christy,Huang,M,M,2023-12-11
26420,AW00026420,Sydney,Zhu,M,F,2023-02-21
28328,AW00028328,Curtis,Zhu,M,M,2024-03-11
20006,AW00020006,Chloe,Wood,S,M,2022-10-11
16427,AW00016427,Jon,Zhu,S,M,2025-03-09
24614,AW00024614,Russell,Bennett,S,F,2021-10-24
12209,AW00012209,Rob,Jenkins,S,F,2021-08-31
25063,AW00025063,Sydney,Ruiz ,M,F,2023-09-06
19011,AW00019011,Seth,Huang,S,M,2022-11-17
23661,AW00023661,Christy,Diaz,S,F,2024-11-18
24048,AW00024048,Jordan,Alvarez,S,M,2023-05-20
22939,AW00022939,Destiny,Sanchez,M,M,2022-09-04
22415,AW00022415,Janet,Sanchez,M,F,2024-10-09
15692,AW00015692,Elizabeth,Bennett,M,M,2022-05-13
24984,AW00024984,Christy,Alvarez,S,F,2021-08-22
22080,AW00022080,Clarence,Gray,M,F,2019-11-21
19072,AW00019072,Lauren,Walker,S,M,2020-08-07
27962,AW00027962,Shannon,Ross,M,M,2025-06-09
15725,AW00015725,Christy,Diaz,M,M,2019-11-25
21053,AW00021053,Lauren,Diaz,M,F,2019-08-29
21387,AW00021387,Rob,Zhu,M,M,2022-11-01
18423,AW00018423,Wyatt,Hill,S,M,2024-09-10
25315,AW00025315,Jordan,Suarez,S,F,2021-12-04
19717,AW00019717, Russell,Walker,M,F,2024-02-06
25835,AW00025835,Julio,Carlson,M,F,2020-04-13
17585,AW00017585,Christy,Young,M,M,2021-07-03
17117,AW00017117,Lauren,Gray,S,M,2023-02-14
26193,AW00026193,Lauren,Young,S,F,2019-09-20
27121,AW00027121,Ruben,Alvarez,M,M,2024-05-23
14554,AW00014554,Shannon,Jenkins,M,F,2024-10-02
18996,AW00018996,Shannon ,Alvarez,M,M,2024-06-21
15267,AW00015267,Jon,Gray,S,,2020-07-28
23439,AW00023439,Luke,Sanchez,M,M,2023-07-15
25373,AW00025373,Ian,Bennett,S,M,2024-03-15
11651,AW00011651,Marco,Hill,S,F,2019-10-10
18522,AW00018522,Ian,Lu,M,M,2020-12-19
18671,AW00018671,Christy,Alvarez,S,F,2020-07-16
22394,AW00022394,Russell,Zhu,M,M,2020-08-15
20247,AW00020247,Jacquelyn,Sanchez,S,M,2024-01-11
21817,AW00021817, Jordan,Walker,M,M,2025-06-19
24528,AW00024528,Destiny,Zhu,M,F,2020-07-09
18387,AW00018387,Sydney,Wood,S,F,2021-10-15
23856,AW00023856, Russell,Ross,M,F,2022-03-06
21818,AW00021818,Ian,Yang,M,F,2022-12-19
13917,AW00013917,Shannon,Mehta,S,F,2023-12-03
18840,AW00018840,Ian,Torres,M,F,2025-05-23
27304,AW00027304,Ruben,Perez,M,F,2021-06-14
12110,AW00012110,Ruben,Walker,M,M,2020-07-06
14767,AW00014767, Jordan,Sanchez,M,M,2021-02-04
20620,AW00020620,Shannon,Torres,S,F,2019-01-12
24703,AW00024703,Elizabeth,Ruiz,S,F,2019-04-14
28067,AW00028067,Christy,Wood,S,M,2023-01-26
21150,AW00021150,Marco,Huang,M,F,2024-04-03
25320,AW00025320,Wyatt,Ward,M,M,2023-03-14
23625,AW00023625,Rob,Carlson,M,F,2019-12-02
22914,AW00022914,Marco,Suarez,M,M,2020-04-30
13225,AW00013225,Janet,Torres,S,M,2023-11-27
23611,AW00023611,Rob,Ruiz,M,F,2019-09-06
19180,AW00019180,Wyatt, Wood,M,M,2021-06-08
22822,AW00022822,Eugene ,Johnson,M,M,2021-09-06
18278,AW00018278,Julio,Wood,S,M,2021-01-11
12130,AW00012130,Jordan,Wood,S,M,2021-03-25
18818,AW00018818,Chloe,Suarez,S,F,2024-09-13
19215,AW00019215,Rob,Perez,M,M,2023-03-04
28281,AW00028281,Marco,Walker,S,F,2021-09-09
12590,AW00012590,Destiny,Diaz,M,F,2025-05-20
21445,AW00021445,Jacquelyn,Yang,M,F,2021-02-04
15511,AW00015511,Sydney,Perez,M,M,2023-06-17
23257,AW00023257,Christy,Zhu,M,M,2022-04-15
25494,AW00025494,Destiny,Suarez,M,M,2019-09-03
28727,AW00028727,Russell,Ross,M,M,2022-10-19
15408,AW00015408,Jon,Suarez,S,F,2021-01-05
19632,AW00019632,Wyatt,Carlson,M,F,2024-05-30
25438,AW00025438,Clarence,Jenkins,M,F,2019-07-04
20074,AW00020074,Luke,Yang,M,F,2022-08-08
13482,AW00013482, Russell,Ruiz,S,,2019-02-01
15107,AW00015107,Destiny,Watson,M,F,2021-09-22
16003,AW00016003,Elizabeth,Watson,M,M,2023-03-18
25588,AW00025588,Ian,Bennett,M,M,2024-11-02
24711,AW00024711,Christy,Ward,S,F,2020-09-02
13435,AW00013435,Christy,Wood,M,F,2024-12-30
19320,AW00019320,Ethan,Huang,M,F,2024-11-04
28548,AW00028548,Sydney,Mehta,S,F,2021-06-09
11061,AW00011061,Clarence,Alvarez,M,M,2022-11-30
13025,AW00013025,Russell,Lu,S,M,2024-01-12
19626,AW00019626,Shannon,Ruiz,M,M,2025-05-21
20069,AW00020069,Christy,Torres,S,F,2020-10-27
19523,AW00019523,Clarence,Suarez,S,M,2021-03-26
18463,AW00018463,Sydney,Jenkins,M,M,2022-01-23
26638,AW00026638,Wyatt,Carlson,M,M,2019-11-05
12312,AW00012312,Lauren,Gray,,M,2025-05-12
18991,AW00018991, Janet,Perez,S,F,2020-06-09
18523,AW00018523,Marco,Alvarez,M,M,2023-08-23
26510,AW00026510, Luke,Alvarez,S,F,2021-08-11
24548,AW00024548,Curtis,Walker,M,F,2020-01-01
22240,AW00022240,Destiny,Huang,M,M,2023-04-25
24689,AW00024689,Curtis,Mehta,M,F,2021-12-12
18001,AW00018001,Janet,Verhoff,S,M,2023-07-23
15566,AW00015566,Ian,Alvarez,M,M,2024-09-16
21382,AW00021382,Shannon,Torres,S,F,2022-10-18
12639,AW00012639,Chloe,Carlson,S,M,2025-03-30
20743,AW00020743,Seth,Verhoff,S,M,2025-03-24
12676,AW00012676,Elizabeth,Gray,M,F,2019-12-02
20462,AW00020462,Clarence,Sanchez,M,M,2019-02-26
28124,AW00028124,Shannon,Ruiz,M,M,2022-08-23
27468,AW00027468,Curtis,Young,S,M,2022-04-08
28294,AW00028294,Russell, Walker,S,M,2024-08-23
12278,AW00012278,Julio,Verhoff,S,F,2021-01-10
18839,AW00018839,Sydney,Wood,M,M,2021-09-21
11548,AW00011548,Sydney,Carlson,S,F,2024-08-07
11301,AW00011301,Elizabeth,Huang,S,M,2022-09-06
23682,AW00023682,Clarence,Hill,S,F,2023-02-03
26798,AW00026798,Seth,Ross ,M,F,2025-03-12
17320,AW00017320,Curtis,Lu,M,M,2024-12-08
11183,AW00011183,Sydney,Gray,M,M,2019-04-29
20887,AW00020887,Lauren,Carlson,M,F,2021-11-10
18787,AW00018787,Wyatt,Zhu,M,F,2024-08-10
25880,AW00025880,Ian,Carlson,M,M,2024-08-16
23313,AW00023313, Luke,Verhoff,S,F,2024-01-03
12128,AW00012128,Shannon,Ross,M,M,2023-04-09
12622,AW00012622,Sydney,Johnson,M,F,2019-03-31
18662,AW00018662,Elizabeth,Yang,S,M,2019-05-06
17490,AW00017490,Ruben,Jenkins,M,F,2019-06-27
26961,AW00026961,Jon,Gray,M,F,2019-08-23
23025,AW00023025,Rob,Torres,M,F,2023-04-15
17541,AW00017541,Sydney,Hill,S,M,2019-10-30
11573,AW00011573,Luke,Zhu,M,F,2024-02-19
20588,AW00020588,Wyatt,Jenkins,M,F,2024-11-07
14299,AW00014299,Marco,Bennett,S,M,2021-10-13
28368,AW00028368,Christy,Johnson,M,M,2019-06-17
12562,AW00012562,Shannon,Verhoff,S,F,2021-10-14
28034,AW00028034,Jordan ,Huang,S,F,2023-05-31
25208,AW00025208,Marco,Yang,M,F,2023-01-18
18298,AW00018298,Janet,Zhu,S,F,2021-03-03
24854,AW00024854,Clarence,Alvarez,M,F,2024-03-06
20831,AW00020831,Jon,Johnson,M,F,2020-03-14
27154,AW00027154,Marco,Watson,S,F,2020-07-15
28285,AW00028285,Chloe,Wood,S,M,2019-07-29
15730,AW00015730,Curtis,Ward,S,F,2020-02-08
22408,AW00022408,Ian,Jenkins,S,F,2025-06-15
26954,AW00026954,Russell,Verhoff ,S,F,2024-09-10
18825,AW00018825,Jon,Walker,S,F,2022-05-04
27980,AW00027980,Russell,Diaz,S,M,2019-09-02
20045,AW00020045,Lauren,Huang,S,M,2023-05-08
11673,AW00011673,Wyatt,Huang,M,F,2020-12-13
27269,AW00027269,Clarence,Gray,S,M,2019-02-12
24803,AW00024803,Ian,Suarez,S,M,2020-02-08
17813,AW00017813,Ruben,Mehta,M,F,2020-04-27
22687,AW00022687,Rob,Diaz,S,F,2022-06-07
27327,AW00027327,Janet,Diaz,S,F,2021-12-31
14159,AW00014159,Janet,Torres,M,F,2019-05-03
12761,AW00012761,Lauren,Zhu,M,M,2019-02-13
27145,AW00027145, Julio,Yang,M,F,2020-09-19
21139,AW00021139,Ian,Perez,M,M,2022-04-06
27509,AW00027509,Julio,Zhu,S,F,2019-02-12
16878,AW00016878,Lauren,Perez,S,M,2019-12-02
27318,AW00027318,Seth,Mehta,S,M,2019-07-21
24354,AW00024354, Elizabeth,Sanchez,M,M,2023-12-14
20303,AW00020303,Eugene,Suarez,M,M,2020-10-08
26816,AW00026816, Russell,Johnson,M,M,2020-12-29
23649,AW00023649,Janet,Huang,S,F,2021-11-02
21254,AW00021254,Seth,Huang,M,F,2020-07-23
14236,AW00014236,Rob,Walker,M,F,2022-10-30
12959,AW00012959,Shannon,Hill,S,F,2025-06-08
21851,AW00021851,Julio,Lu,S,F,2021-01-01
26515,AW00026515,Jacquelyn,Suarez,M,F,2024-11-06
16909,AW00016909,Eugene,Zhu,M,M,2025-05-29
26811,AW00026811,Seth,Huang,M,M,2021-01-10
21299,AW00021299,Elizabeth,Ross,M,F,2023-02-13
24680,AW00024680,Russell ,Ross,S,M,2020-05-30
24626,AW00024626,Julio,Mehta,S,F,2023-10-10
17497,AW00017497,Rob,Gray,S,F,2025-01-07
14112,AW00014112,Destiny,Walker,S,F,2022-07-10
25754,AW00025754,Russell,Diaz,S,F,2024-03-03
19079,AW00019079,Clarence,Huang,M,F,2020-11-22
13938,AW00013938,Destiny,Young,S,,2019-12-31
24687,AW00024687,Seth , Mehta,M,M,2024-02-11
13107,AW00013107,Jacquelyn,Young,S,M,2019-08-17
26556,AW00026556,Jon,Huang,M,F,2022-08-06
13053,AW00013053,Rob,Watson,S,F,2021-10-10
13209,AW00013209,Ruben,Zhu,S,M,2023-08-12
12217,AW00012217,Eugene,Ward,S,F,2024-03-27
20841,AW00020841,Luke,Johnson,S,M,2019-03-13
26243,AW00026243,Lauren,Carlson,S,M,2023-08-18
28199,AW00028199,Destiny,Ruiz,M,M,2022-12-18
26652,AW00026652,Sydney,Lu,,M,2024-03-24
23839,AW00023839,Janet,Lu,M,F,2019-03-10
14982,AW00014982, Christy,Ross,M,M,2023-05-25
16942,AW00016942,Luke,Ward,M,M,2020-11-18
27436,AW00027436,Ruben,Suarez,M,M,2020-10-03
12974,AW00012974,Chloe,Ruiz,S,M,2024-10-12
20528,AW00020528,Destiny,Carlson,M,F,2020-07-28
19503,AW00019503,Elizabeth,Hill,M,F,2022-07-27
23670,AW00023670,Eugene, Jenkins,M,F,2022-05-01
21101,AW00021101,Elizabeth,Wood,S,M,2023-06-18
11848,AW00011848,Wyatt,Perez,S,F,2025-07-24
19436,AW00019436,Julio,Yang,M,M,2022-11-27
18832,AW00018832,Ruben,Watson,M,M,2025-06-07
28955,AW00028955,Jon,Perez,S,F,2020-04-04
28340,AW00028340,Seth,Young,M,M,2021-11-10
27137,AW00027137,Janet,Huang,S,M,2020-08-17
18849,AW00018849,Sydney,Jenkins,M,M,2022-02-07
17032,AW00017032,Seth, Mehta,S,M,2021-01-09
19525,AW00019525,Luke,Watson,M,F,2021-11-12
14242,AW00014242,Marco,Sanchez,S,F,2022-06-08
21122,AW00021122,Curtis,Alvarez,M,F,2020-01-02
23333,AW00023333,Christy,Sanchez,M,F,2019-01-22
17108,AW00017108,Wyatt,Sanchez,M,M,2025-04-13
13472,AW00013472,Jacquelyn,Zhu,S,F,2023-09-21
25493,AW00025493,Curtis,Walker,S,F,2025-05-28
17802,AW00017802,Shannon,Diaz,S,F,2024-11-03
25868,AW00025868,Elizabeth,Young,M,M,2019-11-07
20609,AW00020609,Destiny,Wood,M,F,2020-06-18
19863,AW00019863,Luke,Yang,M,F,2022-12-07
21788,AW00021788,Chloe,Bennett,S,F,2023-03-09
25777,AW00025777,Russell,Carlson,M,F,2020-05-07
21539,AW00021539,Jon,Walker,M,F,2024-09-02
25269,AW00025269,Chloe,Perez,S,F,2022-03-28
14120,AW00014120,Luke,Watson,S,M,2020-06-24
17297,AW00017297,Jon,Diaz,M,F,2024-12-04
13876,AW00013876,Elizabeth,Ward,M,,2019-02-14
22199,AW00022199,Lauren,Huang,,M,2021-06-29
18872,AW00018872,Jacquelyn,Huang,S,F,2023-03-09
15878,AW00015878,Rob,Huang,M,F,2024-11-29
20231,AW00020231,Ruben,Torres,S,F,2020-06-04
28826,AW00028826,Shannon,Torres,M,M,2021-09-07
20329,AW00020329,Ruben,Yang,S,F,2025-05-06
23454,AW00023454,Jon,Watson,M,M,2025-02-08
18785,AW00018785,Wyatt,Sanchez,M,F,2019-09-03
18444,AW00018444,Julio,Zhu,M,M,2021-04-13
23645,AW00023645,Curtis,Ward,M,F,2021-11-20
19024,AW00019024,Shannon, Verhoff,S,M,2025-04-26
11012,AW00011012,Rob,Bennett,M,M,2023-02-25
25756,AW00025756,Curtis,Wood,M,M,2023-05-26
15528,AW00015528,Christy,Torres,S,M,2019-05-02
15148,AW00015148,Russell,Hill,S,M,2019-04-30
23277,AW00023277,Lauren,Alvarez,M,M,2022-07-04
15850,AW00015850,Jacquelyn,Diaz,S,M,2020-04-27
23788,AW00023788,Seth,Jenkins,S,F,2022-09-13
26982,AW00026982,Julio,Ruiz,M,M,2023-06-23
17996,AW00017996,Chloe,Watson,S,M,2024-11-10
20499,AW00020499,Eugene, Jenkins,S,,2022-07-11
14401,AW00014401,Wyatt,Watson,M,M,2024-05-25
22164,AW00022164,Wyatt,Ward,S,F,2020-02-06
27618,AW00027618,Julio,Yang,S,M,2021-04-23
27831,AW00027831,Curtis,Alvarez,M,,2020-07-07
12024,AW00012024,Destiny,Walker,M,M,2021-10-10
16849,AW00016849,Destiny,Ward,M,M,2021-01-08
25401,AW00025401,Eugene,Verhoff,M,F,2025-04-26
27819,AW00027819,Ian,Lu,S,F,2024-07-16
20921,AW00020921,Luke,Sanchez,S,F,2023-01-13
26922,AW00026922,Chloe,Ross,M,M,2020-03-01
,,Rob,Ross,,,2024-01-01
26367,AW00026367,Elizabeth,Torres,M,M,2024-12-23
12891,AW00012891,Russell,Alvarez,S,F,2020-12-23
11882,AW00011882,Shannon,Ross,S,F,2024-10-05
13445,AW00013445,Janet,Jenkins,S,M,2022-02-06
18606,AW00018606,Clarence,Ruiz,M,M,2022-04-04
25022,AW00025022,Wyatt,Carlson,M,M,2020-04-21
28749,AW00028749,Luke, Carlson,S,F,2025-03-09
27502,AW00027502,Ruben,Yang,M,F,2023-03-23
21598,AW00021598,Clarence,Suarez,M,F,2020-12-24
13600,AW00013600,Jon,Diaz,S,M,2020-06-23
28158,AW00028158,Eugene,Mehta,M,M,2024-04-28
28016,AW00028016,Shannon,Diaz,M,F,2023-06-23
14859,AW00014859,Luke,Zhu,M,M,2019-10-02
28213,AW00028213,Janet,Watson,M,M,2019-05-27
19121,AW00019121,Sydney,Perez,M,M,2019-01-29
22927,AW00022927,Lauren,Walker,S,M,2024-01-30
26596,AW00026596,Ethan,Bennett,S,M,2019-03-25
28005,AW00028005,Jordan,Mehta,M,M,2022-12-23
13640,AW00013640,Sydney,Yang,S,M,2020-12-05
19949,AW00019949,Julio,Watson,M,F,2025-07-21
16615,AW00016615,Elizabeth,Verhoff,M,M,2025-04-28
11398,AW00011398,Eugene,Carlson,M,F,2022-03-16
21601,AW00021601,Destiny,Diaz,S,F,2023-06-29
26004,AW00026004,Ian,Ruiz,M,M,2025-04-01
12757,AW00012757,Eugene ,Huang,M,F,2019-09-24
13230,AW00013230,Marco,Perez,M,F,2019-07-31
27155,AW00027155,Sydney,Ward,S,F,2023-04-30
27596,AW00027596,Jon,Gray ,S,F,2019-01-27
21389,AW00021389,Sydney,Hill,M,M,2019-03-30
13529,AW00013529, Clarence,Alvarez,S,F,2021-07-28
17565,AW00017565,Lauren,Carlson,M,M,2024-12-31
28050,AW00028050,Rob,Perez,S,F,2020-11-06
21010,AW00021010,Christy,Mehta,S,M,2020-08-06
26143,AW00026143,Curtis,Johnson,S,F,2022-11-14
25029,AW00025029,Jordan,Sanchez,M,M,2020-10-22
13683,AW00013683,Chloe,Alvarez,M,F,2021-01-30
18363,AW00018363,Luke,Ross,M,M,2024-10-24
28459,AW00028459,Seth,Mehta,,F,2023-01-28
14085,AW00014085,Jacquelyn,Alvarez,S,F,2023-05-26
27198,AW00027198,Clarence,Jenkins,M,F,2024-10-19
23896,AW00023896,Rob,Huang,M,M,2024-10-20
11028,AW00011028,Curtis,Watson,S,M,2022-08-20
11310,AW00011310,Shannon,Wood,M,F,2020-06-07
16280,AW00016280,Seth,Bennett,S,F,2023-12-17
13902,AW00013902,Jordan,Wood,S,F,2022-06-06
13412,AW00013412,Curtis, Alvarez,M,F,2019-08-26
24167,AW00024167,Shannon, Ruiz,S,F,2025-07-25
18305,AW00018305,Destiny,Wood,M,M,2023-11-06
23084,AW00023084,Sydney,Huang,S,F,2022-05-09
26821,AW00026821,Jacquelyn,Carlson,M,M,2021-10-19
21663,AW00021663,Jordan,Perez,S,F,2019-07-13
21451,AW00021451,Ethan,Sanchez,S,F,2021-08-01
17869,AW00017869,Ethan,Wood,S,M,2021-12-25
14593,AW00014593,Christy,Young,M,F,2025-04-18
18204,AW00018204,Shannon,Ward,M,F,2025-07-13
21473,AW00021473, Ruben,Bennett,S,F,2020-04-24
19409,AW00019409,Jacquelyn, Verhoff,M,M,2019-05-14
21270,AW00021270,Rob,Hill,M,M,2023-06-30
23276,AW00023276,Russell,Diaz,S,F,2023-08-10
13361,AW00013361,Marco, Wood,M,F,2020-05-19
13643,AW00013643,Ethan,Wood,M,M,2024-05-09
21466,AW00021466,Sydney,Bennett,S,M,2024-07-13
24485,AW00024485,Julio,Ward,M,M,2022-03-10
14974,AW00014974,Elizabeth,Wood,,F,2025-01-16
17782,AW00017782,Sydney,Gray,S,,2023-08-16
26790,AW00026790,Lauren,Johnson,M,M,2022-11-21
20279,AW00020279,Christy,Walker,S,F,2023-10-16
16341,AW00016341,Jacquelyn, Torres,S,F,2022-03-27
13394,AW00013394,Ruben,Johnson,M,M,2020-04-28
27322,AW00027322,Julio,Perez,M,F,2019-04-04
20796,AW00020796,Ethan,Ross,M,M,2023-11-02
18032,AW00018032,Rob,Walker,S,M,2025-07-14
18041,AW00018041,Lauren,Young,S,F,2023-07-21
11669,AW00011669,Clarence,Lu,S,F,2022-06-16
24130,AW00024130,Marco,Gray,M,M,2024-08-22
26575,AW00026575,Luke,Suarez,S,F,2020-07-29
26056,AW00026056,Seth,Wood,M,M,2019-12-03
28873,AW00028873,Julio,Johnson,S,F,2022-05-25
25815,AW00025815,Jacquelyn,Watson,M,M,2025-02-10
15021,AW00015021,Clarence,Ward,S,F,2020-01-12
27764,AW00027764,Janet,Young,M,F,2021-06-06
17732,AW00017732,Eugene,Yang,S,M,2023-06-28
21285,AW00021285,Ruben, Hill,S,M,2023-03-26
11517,AW00011517,Ruben,Ward,M,M,2021-01-04
25532,AW00025532,Rob,Ruiz,S,F,2024-09-27
27197,AW00027197,Russell,Watson,M,,2019-11-14
12951,AW00012951,Luke,Lu,S,F,2023-04-07
15545,AW00015545,Janet,Gray,M,M,2023-06-29
11437,AW00011437,Shannon,Sanchez,S,F,2022-03-11
11198,AW00011198,Christy,Hill,M,M,2020-08-13
17598,AW00017598,Ian,Verhoff,S,M,2022-08-05
14353,AW00014353,Ruben,Huang,S,F,2022-09-14
23142,AW00023142,Lauren,Torres,M,M,2019-03-05
24640,AW00024640,Wyatt,Wood,M,M,2024-03-21
21625,AW00021625,Clarence,Zhu,M,M,2023-12-27
17131,AW00017131,Ian,Bennett,M,,2020-04-27
19973,AW00019973,Destiny,Lu,S,F,2022-10-21
11516,AW00011516,Janet,Gray,M,F,2019-07-10
27524,AW00027524,Seth,Huang,M,F,2022-08-17
25842,AW00025842,Julio,Ross,S,F,2021-05-23
11358,AW00011358,Jordan,Ward,M,M,2020-06-01
12968,AW00012968,Jacquelyn,Watson,S,F,2024-02-18
22586,AW00022586,Chloe,Jenkins,M,F,2025-04-25
17047,AW00017047,Ruben,Alvarez,M,M,2024-09-01
23209,AW00023209,Wyatt,Alvarez,M,M,2024-07-27
18556,AW00018556,Jordan,Bennett,M,M,2022-12-23
14723,AW00014723,Sydney,Verhoff,M,M,2020-07-20
25897,AW00025897,Marco,Young,S,,2025-04-21
18414,AW00018414,Luke,Huang,S,M,2024-10-03
15562,AW00015562,Jacquelyn,Wood,M,F,2021-12-23
17269,AW00017269,Ruben,Johnson,S,M,2019-12-22
28122,AW00028122,Sydney,Huang,S,F,2019-04-28
17186,AW00017186,Janet,Diaz,M,M,2021-08-31
13759,AW00013759,Destiny,Alvarez,M,M,2021-10-28
15639,AW00015639,Russell,Perez,M,F,2020-02-14
25745,AW00025745,Jordan,Yang,S,F,2021-10-02
14691,AW00014691,Eugene,Yang,S,M,2022-02-19
27423,AW00027423,Jon,Diaz ,S,M,2022-09-15
23638,AW00023638,Clarence,Sanchez,M,M,2020-11-03
15920,AW00015920,Seth,Ruiz,S,M,2022-03-21
11123,AW00011123,Destiny, Torres,,M,2021-10-09
22098,AW00022098,Jon,Bennett,M,M,2023-07-05
24458,AW00024458,Janet,Suarez,M,M,2023-02-05
25073,AW00025073,Destiny, Yang,S,F,2025-04-13
17036,AW00017036,Ruben ,Verhoff,S,F,2019-10-03
18087,AW00018087,Chloe ,Ward,S,F,2020-10-06
26639,AW00026639,Janet,Walker,M,M,2022-04-26
25640,AW00025640,Christy,Perez,S,M,2025-05-15
20092,AW00020092,Russell,Torres,S,F,2024-09-24
28794,AW00028794,Wyatt,Wood,S,F,2023-05-03
14873,AW00014873,Lauren,Sanchez,S,F,2023-07-10
13532,AW00013532,Jon,Watson,S,F,2024-06-09
20818,AW00020818,Ruben,Young,M,F,2019-05-10
26153,AW00026153,Eugene,Johnson,S,F,2020-04-20
24784,AW00024784, Lauren,Yang,M,F,2020-06-28
15888,AW00015888,Julio,Ross,S,M,2020-11-25
15128,AW00015128, Wyatt,Verhoff ,M,F,2019-08-07
16742,AW00016742,Ian,Diaz,S,M,2025-04-16
16325,AW00016325,Eugene,Johnson,S,M,2021-06-20
17331,AW00017331,Shannon,Sanchez,M,F,2020-12-12
28637,AW00028637,Russell,Diaz,S,F,2022-06-12
26362,AW00026362,Janet,Hill,S,M,2025-06-01
18941,AW00018941,Seth ,Zhu,S,M,2019-01-28
22427,AW00022427,Jacquelyn,Johnson,S,M,2024-09-21
23546,AW00023546,Ethan,Yang,S,F,2024-06-20
24483,AW00024483,Sydney,Hill,M,F,2023-09-07
27130,AW00027130,Elizabeth,Ross,M,M,2020-06-16
28803,AW00028803,Seth,Hill,S,F,2020-03-07
26631,AW00026631,Ethan,Bennett,M,F,2022-12-08
17593,AW00017593,Luke,Verhoff,M,M,2021-02-02
11616,AW00011616,Curtis, Carlson,S,F,2020-06-29
16784,AW00016784,Jacquelyn ,Torres,M,F,2019-06-17
23408,AW00023408,Jordan,Walker,M,M,2019-03-14
15756,AW00015756,Janet,Gray,S,M,2025-06-25
15069,AW00015069,Wyatt,Walker,S,M,2020-08-05
21190,AW00021190,Shannon,Zhu,M,F,2022-12-16
15549,AW00015549,Curtis,Mehta,S,M,2022-09-29
19483,AW00019483,Jon,Alvarez,S,M,2023-11-01
25152,AW00025152, Rob,Carlson,S,M,2024-05-13
16634,AW00016634,Sydney,Lu,S,M,2020-10-16
12235,AW00012235,Curtis,Young,M,M,2022-03-02
20671,AW00020671,Shannon,Yang,S,M,2019-08-29
19331,AW00019331,Jordan,Walker,S,M,2019-11-30
19885,AW00019885,Jon,Suarez,M,M,2022-12-09
20954,AW00020954,Jon,Gray,S,,2022-04-10
20898,AW00020898,Chloe,Ruiz,M,F,2024-12-13
12557,AW00012557,Ian,Watson,M,F,2020-04-30
11381,AW00011381,Jordan,Wood,S,M,2025-07-06
11473,AW00011473,Marco,Perez,S,F,2023-12-03
14958,AW00014958,Jordan,Watson,M,M,2024-01-21
23510,AW00023510,Jordan,Perez,S,F,2020-06-26
21443,AW00021443,Janet,Watson,M,M,2021-12-14
18836,AW00018836,Janet,Zhu,M,M,2021-06-10
16869,AW00016869,Jordan,Walker,M,M,2023-08-30
24408,AW00024408,Chloe,Huang,S,F,2023-04-08
13779,AW00013779,Janet,Ward,M,F,2023-03-10
13420,AW00013420,Marco ,Bennett,M,F,2025-03-08
21494,AW00021494,Marco,Johnson,S,F,2023-12-18
27158,AW00027158,Marco,Young,M,F,2022-06-24
19581,AW00019581,Jordan,Walker,S,M,2021-04-01
13075,AW00013075,Sydney,Ross,M,F,2019-08-01
24809,AW00024809,Marco,Lu,S,M,2021-10-06
15181,AW00015181,Wyatt,Torres,M,M,2023-06-23
26202,AW00026202,Ian,Perez,S,F,2024-08-10
18959,AW00018959,Destiny,Hill,M,F,2019-05-23
22638,AW00022638,Curtis,Ruiz,S,F,2024-12-27
11378,AW00011378,Julio,Ruiz,M,M,2022-11-18
28597,AW00028597,Eugene,Young,M,F,2024-05-01
12457,AW00012457,Julio,Hill,S,M,2020-02-10
19019,AW00019019,Sydney,Ward,S,F,2021-01-10
17353,AW00017353,Luke,Jenkins,M,F,2020-06-25
24609,AW00024609,Curtis,Gray,M,F,2019-09-18
16562,AW00016562,Chloe,Ross,M,,2023-05-02
17002,AW00017002,Elizabeth,Walker,S,F,2023-12-26
23775,AW00023775,Luke,Mehta,M,M,2019-12-02
19315,AW00019315,Luke,Diaz,S,M,2023-04-28
16345,AW00016345,Rob,Lu,M,F,2019-12-09
22718,AW00022718,Eugene,Watson,M,M,2025-04-26
20181,AW00020181,Russell,Zhu,S,F,2019-08-22
20453,AW00020453,Chloe,Perez,M,F,2021-04-09
14447,AW00014447,Russell,Torres,M,M,2021-06-12
15376,AW00015376,Elizabeth,Sanchez,M,F,2025-07-10
26947,AW00026947,Luke,Jenkins,S,M,2022-11-15
11991,AW00011991,Rob,Walker,S,M,2019-08-10
22530,AW00022530,Russell,Jenkins,M,M,2019-03-15
17179,AW00017179,Jacquelyn,Ross,M,F,2024-02-07
16011,AW00016011,Elizabeth,Alvarez,S,M,2023-10-19
16199,AW00016199,Ethan,Suarez,M,F,2022-01-08
25187,AW00025187,Ruben,Yang,S,M,2023-11-16
23149,AW00023149,Curtis,Huang,S,F,2022-10-25
14118,AW00014118,Destiny,Suarez,M,M,2022-08-30
18234,AW00018234,Curtis,Hill ,M,F,2022-03-02
27647,AW00027647,Sydney,Ward,M,M,2019-01-23
20435,AW00020435,Chloe,Alvarez,M,M,2020-07-14
19114,AW00019114,Julio,Gray,M,F,2020-10-18
27914,AW00027914,Jordan,Carlson,S,F,2020-02-07
15230,AW00015230,Seth ,Hill,S,M,2022-04-11
20312,AW00020312,Jordan,Walker,M,M,2022-02-27
20730,AW00020730,Destiny ,Huang,M,F,2019-10-28
15340,AW00015340,Rob,Ward,M,M,2024-05-04
14405,AW00014405,Julio,Johnson,M,M,2024-11-08
24900,AW00024900, Jon,Torres,S,F,2019-06-04
18262,AW00018262,Shannon,Carlson,M,F,2025-02-01
12696,AW00012696,Marco,Walker,M,M,2023-12-20
20713,AW00020713,Destiny,Watson,S,F,2022-09-14
23751,AW00023751,Rob,Huang,M,F,2025-01-19
25027,AW00025027,Christy,Ross,S,F,2023-01-19
26614,AW00026614,Russell,Mehta,M,M,2022-07-22
13559,AW00013559,Sydney,Zhu,S,F,2024-07-21
18255,AW00018255,Luke,Diaz,M,F,2022-12-14
24869,AW00024869,Jon,Mehta,M,F,2021-09-17
12739,AW00012739,Destiny,Walker,S,F,2025-05-20
27494,AW00027494,Christy,Ruiz,M,F,2020-12-28
20286,AW00020286,Christy,Wood,S,M,2023-04-03
18694,AW00018694,Russell,Huang,M,M,2021-08-09
28790,AW00028790,Seth,Huang,M,F,2020-01-11
17080,AW00017080,Destiny,Young,M,F,2020-11-29
15506,AW00015506,Sydney,Gray,M,F,2022-08-31
13253,AW00013253,Eugene,Hill,M,F,2022-04-17
18472,AW00018472,Rob,Diaz,S,F,2023-05-09
23960,AW00023960,Julio ,Ruiz,M,F,2021-12-07
21400,AW00021400,Sydney,Ward,S,M,2022-09-25
28041,AW00028041,Clarence,Wood,S,F,2024-11-15
11199,AW00011199,Ian,Ross,S,M,2024-04-07
13998,AW00013998,Sydney,Torres,S,F,2025-03-30
26031,AW00026031,Sydney,Diaz,S,F,2020-12-09
26343,AW00026343,Marco,Torres,S,M,2025-05-17
28763,AW00028763,Clarence,Mehta,M,M,2019-01-12
25420,AW00025420,Jacquelyn,Gray,M,F,2020-01-11
22668,AW00022668,Julio,Young,M,F,2021-02-07
19877,AW00019877,Sydney,Mehta,S,F,2023-04-26
25239,AW00025239,Destiny,Ward,S,F,2023-05-24
28441,AW00028441,Russell,Perez,S,F,2022-08-03
16980,AW00016980,Luke,Ruiz,M,F,2020-05-24
27134,AW00027134,Jon ,Sanchez,M,F,2023-09-09
11371,AW00011371,Chloe,Yang,M,F,2024-03-29
20686,AW00020686,Jordan,Verhoff,S,F,2020-02-25
17686,AW00017686,Seth,Mehta,S,M,2019-01-17
26016,AW00026016,Eugene,Jenkins,S,F,2024-04-28
13369,AW00013369,Luke,Carlson ,S,F,2019-06-24
22839,AW00022839,Janet,Walker,M,F,2021-03-12
17037,AW00017037,Janet,Torres,M,F,2019-05-13
11910,AW00011910,Rob,Lu,S,F,2024-05-19
22270,AW00022270,Lauren, Perez,S,M,2023-03-28
11612,AW00011612,Ruben,Johnson,S,F,2019-02-08
18475,AW00018475,Ruben,Suarez,M,F,2023-07-11
14967,AW00014967,Jon,Huang,S,M,2023-06-12
24767,AW00024767,Curtis,Lu,S,F,2020-01-25
19400,AW00019400,Ethan,Suarez,M,F,2021-03-04
13782,AW00013782,Sydney,Verhoff,S,M,2021-09-22
19474,AW00019474,Clarence,Watson,M,M,2023-08-20
18590,AW00018590,Sydney,Carlson,M,F,2021-09-04
17357,AW00017357,Marco,Gray,S,F,2019-01-16
26235,AW00026235,Ian,Ruiz,S,F,2022-08-13
16427,AW00016427,Jon, Zhu,M,M,2025-05-14
21721,AW00021721,Jon,Diaz,M,M,2024-11-19
25936,AW00025936,Ruben, Alvarez,M,F,2021-10-01
18718,AW00018718,Destiny,Wood,S,M,2024-10-14
22947,AW00022947,Lauren,Gray,S,F,2023-07-05
23988,AW00023988,Ethan,Ross,M,M,2024-02-20
19185,AW00019185,Sydney,Suarez,M,F,2022-04-15
20606,AW00020606,Jacquelyn,Yang,M,M,2022-08-05
11633,AW00011633,Shannon,Torres ,S,M,2025-01-06
12299,AW00012299,Ethan,Torres,M,F,2023-10-15
25908,AW00025908,Lauren,Ruiz,M,F,2019-03-12
12268,AW00012268,Chloe,Ross,S,F,2019-08-05
20138,AW00020138,Elizabeth,Suarez,S,F,2025-05-09
17925,AW00017925,Chloe,Diaz ,M,M,2020-07-12
27748,AW00027748,Jordan,Ross,M,M,2020-02-28
24566,AW00024566,Ethan,Sanchez,M,M,2020-10-15
14251,AW00014251,Christy,Walker,M,M,2019-09-30
24963,AW00024963,Jon,Alvarez,S,M,2021-10-16
28780,AW00028780,Wyatt,Suarez,M,F,2022-10-28
26209,AW00026209,Clarence,Zhu,S,F,2024-09-03
14319,AW00014319,Julio,Yang,S,M,2025-04-19
13830,AW00013830,Jordan,Jenkins,S,F,2020-12-07
14014,AW00014014, Sydney,Walker,M,F,2022-10-15
24323,AW00024323,Julio ,Sanchez,M,M,2021-07-30
22384,AW00022384,Christy,Suarez,S,F,2023-12-07
20856,AW00020856,Jon,Bennett,M,M,2020-09-07
19111,AW00019111,Janet,Ruiz,S,F,2019-02-21
17400,AW00017400,Ethan,Huang,M,M,2021-10-15
20857,AW00020857,Luke,Watson,M,F,2025-02-19
21997,AW00021997,Clarence,Carlson,M,F,2019-09-29
20932,AW00020932,Jacquelyn,Yang,S,F,2023-05-17
11503,AW00011503,Janet,Hill,M,F,2019-09-05
20163,AW00020163,Clarence,Zhu,S,M,2021-05-05
28995,AW00028995,Janet,Huang,M,M,2024-09-24
17054,AW00017054,Clarence,Walker,M,F,2024-10-26
23481,AW00023481,Russell,Gray,M,M,2024-01-24
12200,AW00012200,Jordan,Yang,S,M,2022-09-15
17376,AW00017376,Chloe,Sanchez,M,M,2019-05-06
20250,AW00020250,Christy,Yang,M,F,2021-05-20
20052,AW00020052,Jordan,Ward,M,M,2025-03-19
23325,AW00023325,Chloe,Wood,M,F,2022-11-23
24627,AW00024627,Ruben,Diaz,S,M,2024-05-15
17039,AW00017039,Janet,Wood,S,F,2024-02-02
24296,AW00024296,Elizabeth,Alvarez,S,M,2021-10-13
21732,AW00021732,Luke,Wood,S,M,2019-04-03
28121,AW00028121,Wyatt,Hill,S,F,2022-09-10
13042,AW00013042,Russell,Jenkins,S,F,2021-03-23
21129,AW00021129,Christy,Ruiz,M,M,2022-05-24
14732,AW00014732,Ruben,Alvarez,S,F,2022-10-24
14933,AW00014933, Seth,Carlson,S,M,2023-06-13
22336,AW00022336,Ruben,Huang,S,M,2019-05-05
14518,AW00014518,Russell,Yang,S,F,2020-11-06
16608,AW00016608,Lauren,Verhoff,S,M,2021-05-20
27810,AW00027810,Destiny,Ross,S,M,2022-12-24
21610,AW00021610,Seth,Zhu,M,F,2023-08-29
11969,AW00011969,Curtis,Mehta,S,M,2019-05-26
21240,AW00021240,Rob,Suarez,M,F,2022-01-12
18219,AW00018219,Russell,Mehta,M,M,2019-12-26
25411,AW00025411,Ruben,Jenkins,S,M,2024-09-04
23655,AW00023655,Wyatt,Lu,M,F,2020-01-19
16677,AW00016677,Curtis,Wood,S,F,2024-04-03
14193,AW00014193,Seth,Young,,M,2023-09-28
14238,AW00014238,Wyatt,Young,M,M,2024-04-06
15893,AW00015893,Lauren,Yang,M,F,2019-08-04
11091,AW00011091,Ian,Ward,M,M,2025-05-20
14635,AW00014635,Russell,Lu ,S,F,2022-01-11
23060,AW00023060,Shannon,Torres,S,M,2024-08-17
25150,AW00025150,Jordan ,Diaz,S,M,2019-10-16
23723,AW00023723,Shannon,Carlson,M,F,2019-11-07
20529,AW00020529,Ian,Ward,M,M,2022-08-03
24544,AW00024544,Clarence,Alvarez,M,M,2021-12-25
28708,AW00028708,Christy,Ward,S,M,2020-03-27
19939,AW00019939,Luke,Hill,M,M,2019-10-29
12943,AW00012943, Janet,Ruiz,S,M,2023-11-17
22470,AW00022470,Destiny,Gray,M,F,2024-03-20
12621,AW00012621,Destiny,Wood,S,M,2022-05-17
16004,AW00016004,Jacquelyn,Johnson,M,M,2022-12-12
22995,AW00022995,Jordan,Zhu,M,F,2025-01-21
19013,AW00019013,Marco,Ross,S,M,2023-11-24
21562,AW00021562,Jacquelyn,Suarez,S,M,2022-08-07
22597,AW00022597,Lauren, Sanchez,S,M,2019-08-01
27224,AW00027224,Elizabeth,Bennett,S,F,2019-02-14
23771,AW00023771,Lauren,Suarez,S,F,2024-11-10
22867,AW00022867,Christy,Jenkins,S,M,2024-03-27
28973,AW00028973,Sydney,Huang,M,F,2022-05-09
26334,AW00026334,Jacquelyn,Jenkins,S,M,2018-08-08
11487,AW00011487,Luke,Perez,S,F,2021-05-05
19934,AW00019934,Ethan,Diaz,S,M,2019-05-23
23876,AW00023876,Luke,Young,S,M,2020-05-10
14384,AW00014384,Sydney,Diaz ,S,F,2021-07-01
22383,AW00022383,Ethan,Gray,M,F,2022-09-15
23577,AW00023577,Clarence,Watson,M,F,2019-06-30
27529,AW00027529,Clarence,Gray,M,M,2024-09-10
16452,AW00016452,Chloe,Hill,M,F,2023-04-08
25158,AW00025158,Shannon,Zhu,M,M,2019-08-06
15989,AW00015989,Clarence,Yang,M,M,2023-04-26
26483,AW00026483,Russell,Verhoff,S,F,2023-08-28
13769,AW00013769,Wyatt,Young,S,F,2021-05-11
20266,AW00020266,Luke,Suarez,M,M,2025-03-24
23693,AW00023693,Curtis,Torres,S,M,2022-11-06
20700,AW00020700,Luke,Alvarez,M,M,2023-10-19
27385,AW00027385,Sydney,Hill,M,F,2022-07-29
20647,AW00020647,Elizabeth,Perez,S,M,2022-09-03
23743,AW00023743, Christy,Young,S,F,2019-07-25
26428,AW00026428,Jacquelyn,Sanchez,M,M,2024-08-15
25652,AW00025652,Curtis,Perez,S,F,2019-02-12
22903,AW00022903,Luke,Wood,S,M,2024-10-31
20580,AW00020580,Curtis,Zhu,M,F,2020-11-10
11185,AW00011185,Clarence,Yang,M,M,2021-07-09
20576,AW00020576,Luke,Zhu,M,F,2022-02-09
14564,AW00014564,Destiny,Ward,S,F,2021-06-06
22897,AW00022897,Destiny,Alvarez,S,F,2019-12-11
18246,AW00018246,Seth ,Gray,M,M,2020-06-13
23623,AW00023623,Ethan,Walker,M,F,2020-03-21
28000,AW00028000,Luke,Gray,S,F,2024-03-02
11373,AW00011373,Lauren,Gray,M,F,2023-08-05
16960,AW00016960,Sydney,Zhu,S,M,2019-06-04
12409,AW00012409,Ethan,Wood,S,F,2019-04-12
18261,AW00018261,Eugene,Perez,S,F,2021-07-15
25983,AW00025983,Rob,Young,M,F,2025-07-27
25744,AW00025744,Destiny,Wood,M,M,2023-10-23
23811,AW00023811,Rob, Young,M,M,2019-05-24
24782,AW00024782,Jon,Yang,S,F,2020-12-25
21692,AW00021692,Eugene,Lu,M,F,2024-10-28
17059,AW00017059,Janet,Verhoff,S,M,2022-06-30
18979,AW00018979,Ethan,Wood,M,M,2023-11-03
26443,AW00026443,Wyatt,Ward,S,M,2023-05-26
23980,AW00023980,Ian,Walker,S,M,2022-05-11
18916,AW00018916,Marco,Johnson,M,M,2022-10-26
19334,AW00019334,Shannon,Hill,M,F,2021-03-22
14797,AW00014797,Destiny,Ward,M,M,2020-09-04
18424,AW00018424,Seth,Johnson,S,F,2023-12-02
17900,AW00017900,Jacquelyn,Walker,M,M,2020-06-13
11605,AW00011605,Eugene,Zhu,M,M,2020-05-23
28625,AW00028625,Ruben,Zhu,S,M,2025-04-07
17431,AW00017431,Jacquelyn,Johnson,S,M,2024-02-20
16286,AW00016286, Shannon,Lu,S,M,2019-11-09
21126,AW00021126,Julio,Walker,S,M,2019-04-30
19221,AW00019221,Marco,Gray,M,M,2022-12-20
24100,AW00024100,Elizabeth,Lu,S,F,2023-05-17
15463,AW00015463,Luke,Huang,M,M,2020-04-29
13382,AW00013382,Jordan,Verhoff,S,M,2019-10-26
23264,AW00023264,Elizabeth,Zhu,M,F,2023-10-03
12253,AW00012253,Jon,Mehta,M,F,2022-07-27
14059,AW00014059,Jordan,Zhu,S,M,2021-03-28
26537,AW00026537,Ethan,Ross,M,M,2023-02-15
20992,AW00020992,Jordan,Huang,M,F,2021-12-02
27601,AW00027601,Eugene,Lu,M,M,2021-08-12
27525,AW00027525,Christy,Ross,S,F,2021-01-26
13079,AW00013079,Ethan,Wood,S,M,2023-11-29
24008,AW00024008,Elizabeth,Walker,M,M,2024-08-27
20759,AW00020759,Marco,Walker,S,M,2021-03-09
20136,AW00020136,Sydney,Diaz,S,F,2021-12-04
13653,AW00013653,Eugene,Alvarez,M,F,2020-01-16
22251,AW00022251,Janet,Suarez,S,F,2022-12-08
14373,AW00014373,Seth,Ruiz,S,M,2021-10-23
25056,AW00025056,Chloe,Huang,S,,2021-05-20
16458,AW00016458,Ruben,Suarez,S,F,2019-07-30
23027,AW00023027,Julio, Young,M,F,2020-09-25
21672,AW00021672,Janet,Johnson,S,M,2025-07-17
27402,AW00027402,Ruben,Ward,S,F,2019-08-24
13838,AW00013838,Ruben,Zhu,M,F,2023-08-28
24012,AW00024012,Ruben,Sanchez,M,F,2020-05-12
23747,AW00023747,Seth,Diaz,M,F,2025-04-26
21824,AW00021824,Chloe,Carlson,S,,2019-05-16
12650,AW00012650,Jacquelyn,Johnson,S,M,2023-12-04
26052,AW00026052,Jordan,Walker,M,M,2019-03-16
13975,AW00013975,Marco,Ward,M,M,2023-05-17
15360,AW00015360,Julio,Walker,M,F,2023-04-16
13183,AW00013183,Christy,Verhoff,M,M,2025-02-10
21026,AW00021026,Rob,Zhu,M,F,2022-09-01
13926,AW00013926,Jordan,Bennett,M,F,2019-09-22
16131,AW00016131,Marco,Sanchez,M,F,2023-12-17
21100,AW00021100,Janet,Huang ,M,M,2022-04-30
15175,AW00015175,Sydney,Walker,M,F,2021-03-27
20310,AW00020310,Lauren,Diaz,S,M,2022-04-21
28144,AW00028144,Eugene,Bennett,S,M,2022-12-29
16356,AW00016356,Chloe,Wood,M,M,2020-03-01
28857,AW00028857,Christy,Suarez,M,F,2024-02-09
19768,AW00019768, Janet,Huang,M,M,2024-02-14
26623,AW00026623,Destiny,Suarez,S,M,2022-07-10
12653,AW00012653,Curtis,Gray,M,F,2021-10-02
28346,AW00028346,Sydney,Ward,S,F,2023-04-25
24321,AW00024321,Russell,Young,M,M,2024-09-07
17509,AW00017509,Eugene,Mehta,M,M,2022-02-24
22484,AW00022484,Eugene,Mehta ,M,M,2019-05-05
16406,AW00016406,Ethan,Torres,M,M,2022-12-22
24520,AW00024520,Shannon,Torres,M,F,2023-05-03
24935,AW00024935,Jordan,Gray,M,F,2024-03-30
17332,AW00017332,Luke,Zhu,M,F,2022-06-22
27630,AW00027630,Jordan,Gray,M,F,2020-06-14
22696,AW00022696,Curtis,Young,S,F,2022-11-13
14411,AW00014411,Jacquelyn,Ross,M,M,2019-06-21
16731,AW00016731,Luke,Lu,M,F,2020-01-16
14393,AW00014393,Destiny,Alvarez,S,,2019-11-23
23017,AW00023017,Luke,Yang,,F,2023-06-14
20991,AW00020991,Seth,Mehta,M,M,2022-03-14
21826,AW00021826,Sydney,Alvarez,S,M,2020-03-01
11086,AW00011086,Janet,Verhoff,S,F,2019-01-07
28205,AW00028205,Ethan,Yang,M,M,2019-11-21
14314,AW00014314,Elizabeth,Ross ,S,F,2023-03-13
13620,AW00013620,Sydney,Ross,M,M,2024-07-12
27872,AW00027872,Luke,Ross,M,M,2019-05-01
19874,AW00019874,Wyatt,Young,M,F,2024-04-11
14664,AW00014664,Chloe,Gray,M,F,2020-05-02
25024,AW00025024,Ruben,Ward,M,M,2024-04-16
27063,AW00027063,Elizabeth,Young,M,F,2024-11-03
27211,AW00027211, Seth,Ross,S,M,2019-04-29
13041,AW00013041,Ethan,Bennett,S,M,2022-12-19
19616,AW00019616,Curtis,Ross,S,F,2024-07-22
21306,AW00021306,Jacquelyn,Sanchez,S,M,2020-12-23
14857,AW00014857,Rob, Mehta,S,M,2022-08-13
15172,AW00015172, Ruben,Torres,M,F,2023-07-20
23802,AW00023802,Clarence,Suarez,M,F,2021-09-02
16355,AW00016355,Ruben,Torres,M,M,2023-11-10
27826,AW00027826,Elizabeth,Sanchez,M,F,2021-10-11
11609,AW00011609,Curtis,Ward,S,M,2023-06-12
27611,AW00027611,Elizabeth,Young,S,F,2022-12-22
25135,AW00025135,Wyatt,Hill,S,M,2019-07-12
18014,AW00018014,Rob,Carlson,M,F,2022-07-30
13196,AW00013196, Ethan, Perez,M,M,2020-09-08
20519,AW00020519,Jacquelyn,Ward,M,M,2019-08-20
22305,AW00022305,Destiny,Huang,M,F,2020-05-18
17024,AW00017024,Janet,Perez,M,F,2023-07-04
23627,AW00023627,Destiny,Yang,M,M,2025-01-20
17577,AW00017577,Marco,Yang,S,M,2021-03-02
18827,AW00018827,Curtis,Alvarez,M,F,2021-07-22
22774,AW00022774,Destiny,Walker,S,M,2021-05-31
19926,AW00019926,Jordan,Carlson,M,F,2023-07-22
12873,AW00012873,Christy,Gray,S,F,2020-01-24
16917,AW00016917,Clarence,Perez,S,M,2024-03-02
13479,AW00013479, Jacquelyn,Suarez,S,M,2019-10-30
28297,AW00028297,Shannon,Hill,S,F,2020-01-26
23620,AW00023620,Russell,Suarez,M,M,2020-07-20
26949,AW00026949,Rob,Huang,M,F,2020-08-23
28819,AW00028819,Jordan,Huang,M,F,2023-03-04
21709,AW00021709,Jordan,Walker,M,M,2023-08-12
15118,AW00015118, Julio,Mehta,S,M,2021-02-13
21312,AW00021312,Elizabeth,Alvarez,S,F,2021-11-16
18031,AW00018031,Christy,Torres,M,F,2021-11-21
15351,AW00015351,Eugene,Mehta,M,F,2019-07-24
21860,AW00021860,Chloe,Hill,S,F,2020-04-05
17573,AW00017573,Eugene,Ward,,M,2019-08-15
27754,AW00027754,Janet,Johnson,M,F,2019-12-04
22716,AW00022716,Curtis,Alvarez,M,M,2020-11-03
17942,AW00017942,Chloe,Huang,M,M,2024-06-06
20801,AW00020801,Rob,Carlson,S,F,2020-04-16
15651,AW00015651,Wyatt,Sanchez,,M,2021-10-29
26911,AW00026911,Jordan,Suarez,M,F,2025-03-08
24076,AW00024076,Marco,Wood,S,M,2021-06-12
12234,AW00012234,Chloe,Yang,S,F,2020-04-07
12098,AW00012098,Shannon,Torres,M,M,2019-11-13
24855,AW00024855,Christy,Mehta,M,F,2019-03-31
11498,AW00011498,Russell,Ross,M,F,2020-11-20
20072,AW00020072,Ian,Bennett,S,M,2021-04-15
26029,AW00026029,Jordan,Gray,S,F,2019-12-16
19296,AW00019296,Sydney,Watson,S,M,2023-03-13
21203,AW00021203,Jordan,Perez,S,M,2025-05-08
22645,AW00022645,Clarence,Zhu,M,F,2023-03-06
18521,AW00018521,Marco,Torres,S,F,2023-10-07
24744,AW00024744,Chloe,Bennett,S,M,2021-12-04
15652,AW00015652,Christy,Walker,S,M,2025-07-02
16936,AW00016936,Eugene,Suarez,M,M,2022-05-14
26465,AW00026465,Chloe,Ross,S,M,2025-07-09
20789,AW00020789,Christy,Watson,S,M,2021-05-24
20488,AW00020488,Russell,Huang,S,F,2023-05-11
17250,AW00017250,Sydney,Carlson,S,M,2023-07-02
13112,AW00013112,Destiny,Carlson,S,F,2020-04-05
24594,AW00024594,Ethan,Torres,S,M,2019-08-08
24901,AW00024901,Christy,Ruiz,M,M,2025-03-21
24400,AW00024400,Ruben,Verhoff,,F,2019-05-14
19404,AW00019404,Russell,Diaz,S,F,2021-01-31
27427,AW00027427,Elizabeth,Perez,S,F,2021-04-05
12025,AW00012025, Russell,Carlson,M,M,2020-06-21
27997,AW00027997,Christy,Lu,M,F,2023-12-19
12093,AW00012093,Shannon,Diaz,S,M,2022-05-21
16540,AW00016540,Clarence,Watson,M,M,2021-01-27
21550,AW00021550,Ethan,Alvarez,S,F,2019-03-10
18744,AW00018744,Jordan,Lu,M,F,2020-06-18
23944,AW00023944,Sydney,Watson,M,F,2024-10-22
15240,AW00015240,Julio,Walker ,S,F,2023-06-24
18796,AW00018796,Marco,Watson,,F,2021-03-21
11229,AW00011229,Destiny,Bennett,M,F,2020-04-22
11040,AW00011040,Luke,Young,S,F,2023-07-26
20587,AW00020587,Jon,Yang,S,M,2024-08-04
18669,AW00018669,Shannon,Verhoff,S,F,2021-02-22
23294,AW00023294,Wyatt,Verhoff,M,M,2025-04-16
17113,AW00017113,Ruben,Perez,M,F,2021-05-30
12715,AW00012715,Clarence,Sanchez,S,M,2025-03-22
18795,AW00018795,Chloe,Huang,S,M,2022-01-15
16059,AW00016059,Seth,Mehta,S,F,2019-11-18
27209,AW00027209,Ruben,Suarez,S,F,2022-06-17
17776,AW00017776,Jon,Hill,M,M,2020-04-30
23956,AW00023956,Rob,Ruiz,S,F,2021-09-03
15356,AW00015356,Julio,Ruiz,S,F,2023-05-08
17122,AW00017122,Russell, Carlson,M,F,2023-08-05
25902,AW00025902,Ruben,Zhu,M,F,2021-06-02
23126,AW00023126,Seth,Young,S,F,2021-02-18
11166,AW00011166,Christy,Wood,S,M,2021-12-24
28766,AW00028766,Clarence,Mehta,S,,2024-09-10
16398,AW00016398,Janet,Gray,M,F,2020-09-09
13526,AW00013526,Elizabeth,Diaz,S,M,2023-04-03
25228,AW00025228,Clarence,Mehta,M,M,2023-01-24
20047,AW00020047,Marco,Mehta,S,F,2020-01-23
25506,AW00025506,Seth,Huang,M,M,2019-03-03
14222,AW00014222,Ethan,Verhoff,S,F,2020-07-15
11404,AW00011404,Christy,Walker,M,F,2025-04-03
20573,AW00020573,Eugene,Young,S,F,2024-10-19
24140,AW00024140,Janet,Mehta,S,M,2020-12-22
22993,AW00022993,Seth,Bennett,M,M,2023-08-11
24462,AW00024462,Eugene, Suarez,S,M,2022-02-10
18766,AW00018766,Clarence,Ward,M,M,2019-08-14
23671,AW00023671,Rob,Gray,S,F,2020-05-24
26751,AW00026751,Wyatt,Suarez,S,F,2019-10-18
20304,AW00020304,Ian,Bennett,S,F,2022-06-04
18035,AW00018035,Russell,Watson,M,M,2021-09-14
16374,AW00016374,Lauren,Johnson,S,M,2019-07-09
13426,AW00013426,Marco,Gray,M,F,2020-04-12
,,Seth,Suarez,,,2024-01-01
13330,AW00013330,Wyatt,Carlson,S,F,2024-06-17
17492,AW00017492,Luke, Johnson,M,F,2022-02-02
12641,AW00012641,Ethan,Ruiz,S,M,2019-09-18
23431,AW00023431,Jon,Gray,S,F,2022-05-28
22910,AW00022910,Ruben,Huang,S,F,2023-08-11
15896,AW00015896,Seth,Mehta,S,M,2019-12-12
16957,AW00016957,Destiny,Yang,S,F,2023-09-25
15742,AW00015742,Clarence,Zhu,S,M,2022-03-20
12661,AW00012661,Ethan,Gray,M,F,2022-05-19
,,Russell,Ruiz,,,2024-01-01
24387,AW00024387,Ruben,Perez,M,F,2022-01-17
24501,AW00024501,Chloe,Walker,S,M,2023-06-04
17099,AW00017099,Christy,Walker,M,F,2023-11-03
24907,AW00024907,Janet,Torres,M,M,2019-05-23
12481,AW00012481,Elizabeth ,Carlson,S,M,2024-10-30
17597,AW00017597,Ruben,Carlson,S,M,2019-07-09
20204,AW00020204,Ruben,Mehta,M,M,2022-05-26
14786,AW00014786,Janet,Ward,M,M,2020-04-16
25553,AW00025553,Clarence,Verhoff,S,F,2022-08-13
22961,AW00022961,Sydney,Johnson,M,F,2024-11-29
21703,AW00021703,Curtis, Jenkins,S,F,2022-01-06
14759,AW00014759,Ruben,Ross,M,M,2025-03-15
17055,AW00017055,Christy,Walker,M,F,2020-12-29
12176,AW00012176,Jon,Diaz,M,M,2021-06-07
22598,AW00022598,Marco,Wood,,F,2023-11-13
24724,AW00024724,Janet,Mehta,M,F,2024-06-12
27379,AW00027379,Wyatt,Ross,M,M,2024-01-14
13159,AW00013159,Julio,Johnson,M,M,2020-01-18
16630,AW00016630,Ethan,Zhu,M,M,2024-06-04
19317,AW00019317,Chloe,Lu,M,M,2024-08-21
21841,AW00021841,Shannon,Torres,S,F,2021-03-23
12274,AW00012274,Shannon,Young,S,M,2024-09-01
26773,AW00026773,Sydney,Lu ,M,F,2023-06-28
22674,AW00022674,Janet,Ross,M,F,2022-05-31
21687,AW00021687,Elizabeth,Sanchez ,S,M,2024-10-09
14645,AW00014645,Ruben,Bennett,S,M,2020-11-03
22398,AW00022398,Wyatt,Carlson,M,F,2022-06-15
13581,AW00013581,Jordan,Johnson,S,M,2024-05-01
26663,AW00026663,Shannon,Torres ,S,F,2025-04-02
28670,AW00028670,Ruben,Walker,M,M,2020-03-28
19508,AW00019508,Eugene,Walker,M,M,2019-09-04
24590,AW00024590,Christy,Yang,S,M,2025-03-01
17645,AW00017645,Luke,Bennett,S,M,2025-02-16
12281,AW00012281,Marco,Ward,M,M,2021-05-13
23211,AW00023211,Ruben,Wood,S,F,2024-04-24
16978,AW00016978,Shannon,Huang,S,F,2020-12-29
15869,AW00015869, Wyatt,Bennett,M,F,2020-07-26
22974,AW00022974,Seth,Gray,S,M,2022-11-23
14191,AW00014191,Destiny,Diaz,S,F,2019-05-10
18837,AW00018837,Elizabeth,Lu,S,M,2025-07-22
17671,AW00017671,Seth,Carlson,M,F,2023-08-14
17888,AW00017888,Sydney,Gray,M,M,2019-02-13
28322,AW00028322,Luke,Hill,M,M,2020-06-05
23314,AW00023314,Ethan,Young,S,F,2025-03-05
12503,AW00012503,Wyatt,Watson,M,M,2022-05-11
21214,AW00021214,Janet,Bennett,S,F,2024-11-15
22712,AW00022712,Julio,Alvarez ,M,M,2023-10-14
18119,AW00018119, Russell,Bennett,S,M,2023-08-21
15106,AW00015106,Ethan,Huang,M,M,2019-01-24
20442,AW00020442,Lauren,Gray,S,M,2024-12-27
21778,AW00021778,Lauren,Perez,M,M,2020-05-04
27290,AW00027290,Wyatt,Young,S,M,2019-02-10
15255,AW00015255,Luke,Hill,M,M,2019-10-31
17337,AW00017337,Ethan,Torres,S,M,2020-08-25
14737,AW00014737,Destiny,Bennett,M,F,2020-09-05
22015,AW00022015,Sydney,Gray,S,F,2021-10-16
28679,AW00028679,Eugene, Sanchez,S,M,2023-03-11
12866,AW00012866,Wyatt,Zhu,M,F,2025-04-21
16922,AW00016922,Chloe,Ward,S,F,2019-02-15
17362,AW00017362,Shannon,Diaz,S,M,2024-03-26
13909,AW00013909,Jordan,Gray,S,M,2020-01-18
14090,AW00014090,Marco,Hill,M,M,2023-09-02
15794,AW00015794,Seth,Suarez,M,M,2021-11-29
15311,AW00015311,Julio,Ward,S,M,2021-10-15
25088,AW00025088,Luke,Watson,S,F,2021-07-11
22843,AW00022843,Ethan,Suarez,S,F,2025-05-16
21781,AW00021781,Shannon ,Bennett,M,F,2023-09-07
26493,AW00026493,Christy,Diaz,M,F,2022-09-24
19475,AW00019475,Wyatt ,Zhu,S,M,2020-09-26
27515,AW00027515,Ian,Zhu,S,M,2023-11-16
24496,AW00024496,Luke,Lu,M,F,2021-03-17
15795,AW00015795,Jon,Lu,S,M,2024-04-26
19710,AW00019710,Marco ,Jenkins,S,M,2020-12-13
28353,AW00028353,Lauren,Carlson,M,F,2020-04-05
20484,AW00020484,Shannon,Ruiz,S,F,2022-10-17
26042,AW00026042,Luke,Verhoff,M,M,2022-09-06
25812,AW00025812,Chloe,Young,M,M,2020-01-31
12093,AW00012093,Shannon,Diaz,M,M,2021-12-22
21883,AW00021883,Seth,Gray,M,M,2021-01-29
15574,AW00015574,Christy,Bennett,M,M,2019-03-29
19821,AW00019821,Clarence,Watson,S,M,2021-08-22
15477,AW00015477,Jordan,Mehta,M,F,2020-11-30
28381,AW00028381,Rob,Watson,S,F,2023-09-02
28018,AW00028018,Eugene,Bennett,M,F,2019-12-04
28062,AW00028062,Lauren,Bennett,S,M,2023-01-13
12667,AW00012667,Jon,Yang,M,M,2022-05-29
25593,AW00025593,Wyatt,Zhu,M,F,2022-03-19
23113,AW00023113,Seth,Alvarez,S,F,2025-02-03
25794,AW00025794,Curtis,Hill,S,M,2024-03-21
24508,AW00024508,Ruben, Young,M,F,2021-06-12
26005,AW00026005,Christy,Huang,M,M,2019-10-18
24635,AW00024635,Rob,Alvarez,S,M,2021-01-21
12746,AW00012746,Ian,Verhoff,S,F,2024-07-22
19919,AW00019919,Wyatt,Ward,S,F,2020-04-14
23561,AW00023561,Curtis,Hill,S,F,2019-08-09
11024,AW00011024,Jon,Ward,S,F,2022-10-25
16856,AW00016856,Russell,Ward,S,F,2020-08-02
14644,AW00014644,Curtis,Walker,S,F,2025-02-09
22205,AW00022205,Wyatt,Torres,M,M,2019-07-14
11303,AW00011303,Seth,Bennett,M,M,2023-01-30
11115,AW00011115,Rob,Jenkins,M,M,2023-05-12
24445,AW00024445,Eugene,Wood,M,F,2021-02-07
28309,AW00028309,Ethan,Walker,M,M,2022-10-20
26704,AW00026704,Ruben,Wood,M,F,2022-01-17
13416,AW00013416,Julio,Carlson,S,F,2022-12-03
11261,AW00011261,Curtis,Ward,M,M,2022-03-24
28843,AW00028843,Jacquelyn,Yang ,M,M,2023-08-19
19457,AW00019457,Sydney,Jenkins,M,F,2024-07-18
12656,AW00012656,Ethan, Lu,S,F,2020-08-19
22732,AW00022732,Shannon,Lu,S,M,2022-08-28
22274,AW00022274,Russell,Zhu,S,F,2025-04-11
22482,AW00022482,Christy,Mehta,S,F,2020-12-29
17719,AW00017719,Lauren,Zhu,S,M,2025-03-06
27806,AW00027806,Jacquelyn,Carlson,S,F,2022-04-21
27640,AW00027640,Ruben,Suarez,S,M,2021-06-29
12049,AW00012049,Lauren,Torres,M,M,2021-02-26
28739,AW00028739,Jon,Diaz,M,F,2022-08-16
15538,AW00015538,Jon,Perez,S,M,2025-06-15
14843,AW00014843,Marco,Johnson,M,M,2019-05-12
27074,AW00027074,Clarence,Zhu,M,F,2022-09-11
18563,AW00018563,Lauren,Lu,M,F,2020-09-03
13027,AW00013027,Curtis,Johnson ,M,M,2023-09-28
14263,AW00014263,Luke,Suarez,S,M,2023-04-19
22025,AW00022025,Wyatt ,Ruiz,M,F,2022-08-03
17314,AW00017314,Sydney,Wood,M,F,2020-07-29
19835,AW00019835,Russell,Wood,M,F,2021-03-05
13314,AW00013314,Christy,Huang,S,F,2021-07-24
17475,AW00017475,Marco,Watson,S,M,2019-05-03
13386,AW00013386,Chloe,Bennett,M,M,2021-04-04
24242,AW00024242,Destiny,Watson,M,F,2022-02-08
16433,AW00016433,Ruben, Jenkins,M,M,2019-06-04
23936,AW00023936,Shannon,Bennett,S,F,2021-03-01
20712,AW00020712,Julio,Wood,S,M,2020-09-06
25764,AW00025764,Seth,Walker,S,M,2021-11-29
25617,AW00025617,Rob,Huang,M,M,2025-06-13
20973,AW00020973,Julio,Suarez,M,F,2025-03-31
28295,AW00028295,Chloe,Sanchez,M,F,2021-08-12
27298,AW00027298,Jon,Alvarez,S,F,2019-08-18
12284,AW00012284,Chloe,Carlson,M,M,2023-04-05
19504,AW00019504,Shannon,Torres,M,M,2024-12-24
20673,AW00020673,Ian,Torres,M,F,2025-04-06
18492,AW00018492,Janet,Jenkins,S,M,2024-03-27
21710,AW00021710,Ruben,Johnson,S,F,2023-08-19
20583,AW00020583,Janet,Torres,M,M,2019-10-19
26690,AW00026690,Julio,Perez,,M,2025-01-01
17216,AW00017216,Ethan, Huang,M,M,2023-01-31
20323,AW00020323,Sydney,Mehta,S,M,2024-05-08
11845,AW00011845,Lauren,Alvarez,M,M,2022-10-16
26091,AW00026091,Elizabeth,Verhoff,S,M,2020-04-16
11312,AW00011312,Curtis,Yang,M,F,2021-01-08
14835,AW00014835,Julio,Zhu,S,M,2019-03-13
16655,AW00016655,Jon,Watson,S,M,2023-12-18
20616,AW00020616,Lauren,Ross,M,F,2024-02-01
20557,AW00020557,Rob,Verhoff,S,F,2019-04-20
25886,AW00025886,Ethan,Verhoff,S,F,2021-06-15
11342,AW00011342,Eugene,Lu,S,M,2023-08-02
14335,AW00014335,Elizabeth,Ward,M,M,2021-07-15
25784,AW00025784,Ethan,Young,M,F,2022-07-06
24202,AW00024202,Rob,Mehta,S,F,2021-07-12
27212,AW00027212,Chloe,Carlson,M,F,2021-01-13
18758,AW00018758,Jacquelyn,Hill,M,M,2025-05-18
16820,AW00016820,Ruben,Suarez,M,M,2024-03-01
27072,AW00027072,Eugene,Alvarez,M,F,2019-10-07
14761,AW00014761,Destiny,Lu,S,M,2022-08-04
28236,AW00028236,Janet,Ward,,M,2021-02-16
25348,AW00025348,Julio,Carlson,S,M,2020-11-07
25935,AW00025935,Wyatt,Watson,M,M,2025-04-25
21770,AW00021770,Destiny,Wood,M,F,2019-04-16
22101,AW00022101,Clarence,Verhoff,S,F,2022-07-06
21362,AW00021362,Christy,Ross,M,F,2021-01-22
25118,AW00025118,Jacquelyn,Lu,S,F,2023-11-12
18373,AW00018373,Janet,Sanchez,S,M,2021-02-07
17100,AW00017100,Elizabeth,Mehta,M,F,2023-04-10
11550,AW00011550,Ethan,Johnson,M,F,2019-10-30
,,Jacquelyn,Jenkins,,,2024-01-01
16386,AW00016386,Rob,Ward,M,M,2024-04-16
18107,AW00018107,Jordan,Carlson,S,M,2025-03-28
27702,AW00027702,Shannon,Young,M,M,2022-01-05
27079,AW00027079,Ruben,Carlson,S,M,2021-03-25
21264,AW00021264,Julio,Alvarez,S,F,2025-01-20
27358,AW00027358,Julio, Johnson,M,M,2019-11-08
15200,AW00015200,Luke,Jenkins,M,F,2023-07-24
19642,AW00019642,Rob, Ruiz,S,F,2025-05-04
21163,AW00021163,Elizabeth,Zhu,M,F,2021-09-15
13764,AW00013764,Julio ,Young,S,F,2024-09-18
28224,AW00028224,Ethan,Yang,S,M,2024-06-07
14753,AW00014753,Eugene,Wood,S,F,2020-05-10
16915,AW00016915,Seth,Ward,M,F,2025-06-30
27990,AW00027990,Christy,Bennett,M,F,2022-07-31
19615,AW00019615,Ruben,Huang,M,M,2020-08-08
27660,AW00027660,Marco,Carlson,S,F,2022-01-18
19172,AW00019172,Clarence, Perez,M,F,2023-07-18
15030,AW00015030,Destiny,Walker,S,F,2023-08-07
26102,AW00026102,Janet,Ward,S,F,2020-01-20
14777,AW00014777,Marco,Ross,M,M,2019-01-13
26294,AW00026294,Seth,Carlson,M,M,2020-08-21
14944,AW00014944,Ruben,Ruiz,M,F,2019-02-25
12126,AW00012126, Sydney,Ross,S,M,2023-05-11
17622,AW00017622,Wyatt,Alvarez,S,M,2023-12-13
21263,AW00021263,Jon,Verhoff,S,M,2020-09-22
22020,AW00022020,Jacquelyn,Yang,S,M,2021-02-22
17724,AW00017724,Lauren,Carlson,M,F,2025-04-02
24648,AW00024648,Marco,Yang,S,M,2020-02-06
17149,AW00017149,Curtis,Mehta,S,F,2019-06-17
26946,AW00026946,Wyatt,Young,S,M,2020-07-29
20897,AW00020897,Jon,Johnson,M,F,2019-02-28
19638,AW00019638,Seth,Diaz,M,M,2020-01-19
25801,AW00025801,Wyatt,Hill,M,F,2019-12-14
22414,AW00022414,Julio,Ward,M,M,2021-11-30
27573,AW00027573,Curtis,Young,M,M,2019-09-23
28849,AW00028849,Rob,Jenkins,S,M,2022-01-01
19594,AW00019594,Ruben,Wood,S,M,2020-11-11
27982,AW00027982,Russell,Yang,M,M,2025-01-23
18247,AW00018247,Eugene,Ross,M,F,2021-04-30
11430,AW00011430,Christy,Jenkins,M,F,2020-02-16
15280,AW00015280,Julio,Lu,M,M,2020-10-23
14604,AW00014604,Clarence,Ross,M,M,2024-11-08
28942,AW00028942,Christy ,Ross,S,M,2021-11-17
27205,AW00027205,Ian ,Alvarez,S,F,2025-01-09
15001,AW00015001,Ruben,Yang ,M,F,2022-05-10
19522,AW00019522,Ian,Jenkins,M,M,2021-10-31
23136,AW00023136,Jacquelyn,Yang,S,M,2019-11-13
25737,AW00025737,Sydney,Bennett,M,F,2023-10-12
23134,AW00023134,Luke,Walker,M,M,2021-09-08
24001,AW00024001,Chloe,Alvarez,M,M,2019-07-15
24050,AW00024050,Russell,Yang,S,F,2020-04-02
15026,AW00015026,Christy,Wood,M,F,2023-03-08
28426,AW00028426,Curtis,Huang,S,F,2021-12-28
21713,AW00021713, Marco,Gray,S,M,2023-09-16
14942,AW00014942,Clarence,Yang,S,F,2024-10-15
20752,AW00020752,Jacquelyn ,Hill,S,M,2024-12-23
11353,AW00011353,Christy,Torres ,M,F,2022-06-09
27823,AW00027823,Lauren,Yang,S,M,2023-10-19
13157,AW00013157,Russell,Hill,S,M,2019-04-08
26968,AW00026968,Wyatt ,Ward,S,M,2020-07-21
22709,AW00022709,Ruben,Hill,M,M,2021-05-14
19099,AW00019099, Marco,Zhu,M,F,2022-08-04
26820,AW00026820,Rob,Yang,M,F,2021-09-28
20813,AW00020813,Christy,Young,S,F,2019-02-22
16365,AW00016365,Seth,Yang,M,M,2020-11-19
16029,AW00016029,Eugene,Carlson,S,M,2022-05-15
23291,AW00023291,Curtis,Zhu,S,M,2024-02-10
26473,AW00026473,Eugene,Wood,S,F,2023-07-08
13606,AW00013606,Ruben,Alvarez,S,F,2019-12-10
23614,AW00023614,Chloe,Watson,S,F,2020-09-02
19442,AW00019442,Eugene,Johnson,M,F,2023-11-29
24352,AW00024352,Janet,Huang,M,M,2024-08-25
19871,AW00019871,Janet,Gray,M,F,2022-07-09
16513,AW00016513,Ruben,Mehta,M,M,2022-05-09
12337,AW00012337,Jon,Ruiz,S,F,2023-09-01
19028,AW00019028,Seth,Hill,S,F,2020-10-05
20572,AW00020572,Chloe,Diaz,S,F,2024-07-04
19036,AW00019036,Ian,Zhu,M,M,2025-03-14
11981,AW00011981,Curtis,Hill,,F,2021-10-13
12419,AW00012419,Russell,Jenkins,M,F,2020-11-01
13476,AW00013476,Eugene,Jenkins,S,M,2019-10-27
24300,AW00024300,Elizabeth,Perez,S,M,2023-01-18
14742,AW00014742,Elizabeth,Alvarez,S,M,2022-06-02
18159,AW00018159,Luke,Zhu,S,F,2022-08-04
25528,AW00025528,Jon,Mehta,M,F,2022-04-05
21422,AW00021422,Christy,Johnson,M,F,2024-11-15
21845,AW00021845,Julio ,Watson,M,F,2022-01-04
26313,AW00026313,Chloe,Young,M,F,2025-03-17
24534,AW00024534,Jordan,Walker,S,M,2019-11-27
20344,AW00020344,Shannon ,Walker,M,M,2023-05-04
28991,AW00028991,Luke,Ruiz,S,F,2024-10-03
17680,AW00017680,Rob, Walker,S,M,2021-10-06
16293,AW00016293,Eugene,Johnson,S,F,2021-12-29
14443,AW00014443,Destiny,Diaz,M,M,2020-04-14
22556,AW00022556,Ruben,Huang,M,F,2023-12-09
13992,AW00013992,Jordan,Watson,S,M,2021-05-11
19825,AW00019825,Ethan,Carlson,M,F,2023-08-17
13710,AW00013710,Jordan,Diaz,S,F,2019-04-04
18316,AW00018316,Ruben,Suarez,M,M,2024-12-12
18330,AW00018330,Wyatt,Suarez,M,M,2022-11-21
17709,AW00017709,Janet,Ruiz,M,M,2022-07-08
21447,AW00021447,Chloe,Alvarez,M,M,2021-02-04
23447,AW00023447,Sydney,Ross,M,M,2023-09-03
21442,AW00021442,Julio,Perez,M,M,2021-11-14
20794,AW00020794,Sydney,Young ,M,M,2022-02-23
28863,AW00028863,Eugene,Lu,S,M,2020-01-06
17633,AW00017633,Julio,Alvarez,S,M,2021-05-09
21636,AW00021636,Seth,Young,S,F,2023-10-22
28420,AW00028420,Wyatt,Verhoff,,M,2019-04-08
13644,AW00013644,Julio,Lu,S,F,2025-03-02
26417,AW00026417,Sydney, Bennett,S,M,2024-05-23
12897,AW00012897,Shannon,Diaz,S,,2021-11-19
23173,AW00023173,Chloe,Watson,M,F,2022-09-07
24988,AW00024988,Lauren,Lu,S,F,2022-09-05
21256,AW00021256,Jordan ,Lu,M,F,2020-10-14
23558,AW00023558,Marco,Ruiz,S,F,2025-03-09
17721,AW00017721,Ethan,Perez,S,F,2022-08-23
21803,AW00021803,Sydney,Jenkins,S,F,2024-01-23
20749,AW00020749,Ethan,Alvarez,S,M,2019-10-23
18448,AW00018448,Ian,Watson,S,F,2021-04-02
13950,AW00013950,Luke,Ruiz,M,M,2024-09-09
21628,AW00021628,Christy,Alvarez,S,F,2022-05-04
20251,AW00020251,Russell,Sanchez,M,F,2019-07-10
17870,AW00017870,Destiny,Ross,M,F,2024-05-21
15891,AW00015891,Jordan,Gray,M,F,2020-11-28
26039,AW00026039,Jacquelyn,Ruiz,S,F,2021-06-18
28171,AW00028171,Chloe,Sanchez,M,M,2019-12-23
11591,AW00011591,Jordan,Johnson,S,M,2019-09-01
14844,AW00014844,Eugene,Verhoff,M,F,2023-10-10
16058,AW00016058,Seth,Wood,M,M,2024-06-02
17549,AW00017549,Janet,Perez,S,F,2021-09-25
24183,AW00024183,Ruben,Jenkins,S,F,2024-09-03
11576,AW00011576,Julio,Lu,S,F,2023-09-10
14972,AW00014972,Chloe,Diaz,S,F,2025-03-12
11607,AW00011607,Janet,Gray,S,F,2020-10-13
12706,AW00012706,Elizabeth,Ruiz,M,M,2020-09-23
20444,AW00020444,Marco,Ward,S,M,2021-03-23
17177,AW00017177,Janet,Lu,M,F,2020-05-26
17380,AW00017380,Lauren,Walker,S,M,2023-02-08
25592,AW00025592,Janet,Ruiz,M,F,2019-08-01
18227,AW00018227, Seth,Alvarez,M,F,2025-02-06
14722,AW00014722,Jacquelyn ,Watson,M,F,2025-01-16
13244,AW00013244,Rob,Young,S,M,2022-11-28
22738,AW00022738,Ian,Lu,M,M,2021-05-10
12662,AW00012662,Jon,Verhoff,S,F,2024-01-02
18336,AW00018336,Wyatt,Bennett,,F,2021-11-28
24067,AW00024067,Destiny,Young,M,M,2019-11-27
12163,AW00012163,Elizabeth,Bennett,M,M,2024-08-12
11708,AW00011708,Elizabeth,Suarez,S,M,2022-11-21
14572,AW00014572,Jacquelyn,Young,M,F,2022-03-07
21711,AW00021711,Seth,Sanchez,M,M,2019-09-05
14369,AW00014369,Lauren,Alvarez,M,M,2019-07-20
18208,AW00018208,Janet,Carlson,S,F,2023-04-04
18061,AW00018061,Lauren,Diaz,S,M,2020-07-28
21967,AW00021967,Ethan,Sanchez,M,M,2021-12-15
16128,AW00016128,Christy,Suarez,M,M,2022-11-21
19266,AW00019266,Christy,Gray,S,F,2019-12-15
12698,AW00012698,Luke,Ross,M,M,2025-04-10
27752,AW00027752,Julio,Perez,M,F,2022-06-11
17637,AW00017637,Destiny,Verhoff,S,F,2022-09-17
24845,AW00024845,Ethan,Lu,S,F,2024-10-07
21179,AW00021179,Curtis,Gray,S,F,2022-09-04
19273,AW00019273,Eugene,Sanchez,S,F,2024-06-11
28035,AW00028035,Ruben,Gray,M,F,2025-01-09
24259,AW00024259,Sydney,Watson,S,M,2023-06-21
23631,AW00023631,Ian,Suarez,M,M,2019-01-20
24888,AW00024888,Rob,Alvarez,S,F,2020-03-04
23840,AW00023840,Ruben,Johnson,S,M,2021-12-11
13423,AW00013423,Ian,Gray,M,F,2019-11-18
15453,AW00015453,Christy,Watson,S,M,2025-03-28
24481,AW00024481,Curtis,Walker,S,F,2019-01-14
23132,AW00023132,Ian,Perez,M,F,2019-06-21
18505,AW00018505,Rob, Johnson,S,M,2025-02-22
26923,AW00026923,Janet,Ward,M,M,2023-11-10
18380,AW00018380,Chloe,Huang,M,M,2025-01-12
18398,AW00018398,Curtis,Verhoff,S,M,2024-03-11
23365,AW00023365,Curtis ,Sanchez,S,M,2023-07-20
19328,AW00019328,Ruben,Mehta,S,F,2023-08-29
11640,AW00011640,Elizabeth,Perez,M,M,2019-05-01
15860,AW00015860,Destiny,Walker,M,F,2020-02-26
18937,AW00018937,Wyatt,Young,S,F,2021-04-28
14949,AW00014949,Marco,Jenkins,M,F,2024-12-20
11106,AW00011106,Chloe,Ross,S,F,2023-12-07
24649,AW00024649,Destiny,Ward,M,M,2020-04-09
12870,AW00012870,Jon,Walker,S,F,2021-06-20
16530,AW00016530,Lauren,Mehta,S,F,2019-03-24
23460,AW00023460,Shannon,Sanchez,S,M,2022-11-12
20601,AW00020601,Christy,Sanchez,M,F,2022-07-16
21011,AW00021011,Russell,Jenkins,S,F,2024-10-13
11467,AW00011467,Clarence,Walker,S,M,2019-01-15
25306,AW00025306,Seth ,Yang,S,F,2023-09-08
26246,AW00026246,Russell,Yang,M,F,2020-02-12
14678,AW00014678,Russell,Diaz,S,M,2022-03-07
19578,AW00019578,Sydney,Huang,M,M,2025-06-16
19800,AW00019800,Sydney,Perez,,F,2024-08-15
28066,AW00028066,Jordan, Diaz,M,M,2020-10-10
18077,AW00018077,Clarence,Gray,M,M,2021-04-30
27669,AW00027669,Jacquelyn,Watson,S,F,2022-06-24
23070,AW00023070,Clarence,Mehta,S,M,2021-01-06
16512,AW00016512,Lauren,Suarez,,F,2023-08-25
18648,AW00018648,Eugene,Diaz,M,F,2021-09-08
14466,AW00014466,Ethan,Hill,M,F,2019-03-25
24929,AW00024929,Wyatt,Gray,M,M,2021-12-15
12042,AW00012042,Rob,Gray,M,M,2022-08-06
25296,AW00025296,Curtis ,Verhoff,S,M,2023-12-03
16762,AW00016762,Marco,Perez,M,F,2025-01-02
25273,AW00025273,Jacquelyn,Perez,M,M,2023-04-11
12767,AW00012767,Chloe,Perez,M,M,2021-09-22
14774,AW00014774,Eugene,Huang,M,F,2024-03-22
11197,AW00011197,Elizabeth,Hill,M,M,2023-12-09
21024,AW00021024,Ruben,Diaz,S,M,2021-02-09
25286,AW00025286,Ian,Gray,S,F,2021-05-09
17035,AW00017035,Ethan,Mehta,M,M,2020-09-29
13809,AW00013809,Luke, Lu,S,M,2020-08-30
12768,AW00012768,Elizabeth ,Huang,S,M,2022-06-30
27024,AW00027024,Wyatt,Torres,M,M,2024-02-12
13486,AW00013486,Luke,Hill,M,F,2022-08-15
19010,AW00019010,Russell,Johnson,M,M,2024-03-10
28203,AW00028203,Ethan,Torres,M,M,2021-11-08
26304,AW00026304,Lauren,Johnson,S,F,2024-07-27
17339,AW00017339,Curtis,Carlson,M,F,2019-10-01
13351,AW00013351,Rob,Ross,S,F,2020-02-03
17239,AW00017239,Jon,Alvarez,S,F,2023-06-06
24116,AW00024116,Russell,Yang,M,M,2019-07-23
11849,AW00011849,Chloe,Hill,S,M,2020-06-09
25031,AW00025031,Sydney,Lu,M,M,2023-05-23
25752,AW00025752, Clarence,Mehta,S,F,2022-05-31
19513,AW00019513,Shannon,Verhoff,S,M,2023-09-02
20171,AW00020171,Elizabeth,Perez,M,F,2024-05-25
14695,AW00014695,Destiny,Mehta,S,F,2023-05-23
18585,AW00018585,Ethan,Diaz,S,F,2019-07-03
16371,AW00016371,Elizabeth,Johnson,S,M,2022-02-12
13464,AW00013464,Rob,Alvarez,M,M,2022-09-08
17510,AW00017510,Ruben,Alvarez,S,M,2020-03-30
23687,AW00023687,Ian,Ruiz,S,F,2023-10-23
17347,AW00017347,Chloe,Johnson,S,M,2023-06-18
26972,AW00026972,Luke,Gray,M,F,2023-01-09
19110,AW00019110,Russell,Alvarez,M,M,2021-01-02
14136,AW00014136,Janet,Johnson,S,F,2021-12-24
11726,AW00011726,Destiny,Carlson,S,F,2020-04-18
20010,AW00020010,Jacquelyn,Young,M,M,2023-06-05
16163,AW00016163,Ian,Ross,S,M,2024-07-11
22531,AW00022531,Wyatt, Zhu,S,M,2020-09-06
23733,AW00023733,Chloe,Torres ,S,M,2023-05-12
21934,AW00021934,Ethan,Gray,S,F,2024-04-07
27727,AW00027727,Russell,Verhoff,M,M,2023-10-27
26782,AW00026782,Eugene,Hill,M,M,2025-04-03
17126,AW00017126,Elizabeth,Torres,S,F,2021-04-01
19937,AW00019937,Jacquelyn,Zhu,M,M,2025-06-14
23588,AW00023588,Sydney ,Verhoff,S,F,2022-10-08
11337,AW00011337,Luke,Jenkins,S,M,2024-11-14
12500,AW00012500,Luke,Yang,M,F,2025-05-25
14477,AW00014477,Clarence,Yang,S,M,2025-05-03
17285,AW00017285,Chloe,Verhoff,M,M,2019-01-02
25169,AW00025169,Ruben,Perez,M,M,2019-07-03
26938,AW00026938,Sydney,Walker,,M,2019-08-30
14806,AW00014806,Rob,Alvarez,M,F,2025-03-01
18081,AW00018081,Lauren,Ross,S,M,2023-01-14
12563,AW00012563,Curtis,Sanchez,M,M,2019-02-12
20276,AW00020276,Ruben,Sanchez,S,F,2021-03-01
20009,AW00020009,Ruben,Huang,M,M,2019-11-13
12890,AW00012890,Ruben,Jenkins,M,,2020-11-03
23304,AW00023304,Curtis ,Zhu,M,F,2025-05-25
20359,AW00020359,Elizabeth,Verhoff,S,F,2025-04-26
14463,AW00014463,Destiny,Young,M,M,2025-03-09
14617,AW00014617,Jordan,Jenkins,M,M,2025-02-27
12443,AW00012443,Elizabeth,Hill ,S,M,2025-04-07
23486,AW00023486,Destiny,Gray,S,M,2024-08-04
22812,AW00022812,Shannon,Gray,M,M,2023-02-13
23076,AW00023076,Shannon,Ward,S,M,2025-04-14
12771,AW00012771,Shannon,Diaz,M,F,2023-02-19
17788,AW00017788,Ethan,Watson,S,M,2019-05-15
27994,AW00027994,Shannon,Huang,M,M,2020-12-17
11899,AW00011899,Janet,Perez,M,M,2023-08-18
14874,AW00014874,Ruben,Watson,S,M,2024-09-23
23879,AW00023879,Clarence,Huang,S,F,2019-06-18
25330,AW00025330,Marco,Hill,M,M,2024-03-21
17882,AW00017882,Ian,Ross,M,F,2024-02-29
16720,AW00016720,Seth, Gray,S,F,2023-06-15
15947,AW00015947,Lauren,Young,M,M,2019-04-02
27802,AW00027802,Russell,Hill,M,F,2020-03-27
17825,AW00017825,Ruben,Verhoff,M,M,2024-02-20
14128,AW00014128,Eugene,Ross,S,M,2021-07-12
28170,AW00028170,Wyatt,Watson,M,F,2025-02-12
16492,AW00016492,Elizabeth,Wood,S,M,2019-04-08
17975,AW00017975,Shannon,Jenkins,M,F,2024-10-19
17911,AW00017911,Sydney,Ward,S,M,2022-08-16
26402,AW00026402,Luke,Lu,M,F,2023-11-01
11834,AW00011834,Ruben,Bennett,M,F,2019-08-26
11416,AW00011416,Sydney,Suarez,M,M,2023-08-19
27873,AW00027873,Lauren,Johnson,M,F,2024-08-18
23949,AW00023949,Jacquelyn,Ruiz,M,M,2022-03-08
21580,AW00021580,Elizabeth,Mehta,M,F,2020-05-12
14421,AW00014421,Wyatt,Lu ,S,F,2022-06-17
19935,AW00019935,Rob,Lu,S,M,2022-01-24
24790,AW00024790,Ethan,Perez,M,F,2025-03-31
22181,AW00022181,Destiny,Yang,M,M,2025-05-03
13075,AW00013075,Sydney,Ross,S,F,2019-10-05
22744,AW00022744,Ethan,Watson,M,F,2022-03-27
28785,AW00028785,Sydney,Diaz,S,M,2019-06-17
24348,AW00024348,Janet,Huang,S,M,2019-11-06
25046,AW00025046,Russell,Bennett,S,M,2021-01-31
23781,AW00023781,Jordan,Alvarez,S,F,2020-10-19
26927,AW00026927,Jordan,Sanchez,M,F,2019-10-03
26518,AW00026518, Marco,Zhu,S,F,2024-12-23
19000,AW00019000,Janet,Torres,S,M,2024-04-01
18627,AW00018627,Curtis,Verhoff,S,M,2019-01-06
15201,AW00015201,Janet,Alvarez,M,M,2020-04-01
27337,AW00027337,Janet,Bennett,M,M,2020-05-18
22926,AW00022926,Ian,Mehta,S,F,2024-07-21
20474,AW00020474,Lauren,Huang,S,M,2021-06-05
20750,AW00020750,Chloe,Hill,S,F,2019-03-11
16919,AW00016919,Ian,Walker,S,M,2021-04-24
19697,AW00019697,Lauren,Johnson,M,M,2020-06-17
16056,AW00016056,Jon,Gray,M,F,2022-08-09
26354,AW00026354,Rob,Huang,S,M,2024-05-07
15697,AW00015697,Ian,Wood,S,M,2022-07-25
21075,AW00021075,Shannon,Walker,S,F,2022-04-12
22797,AW00022797,Rob,Ruiz,S,M,2021-12-08
22977,AW00022977,Rob,Alvarez,M,M,2020-10-21
21307,AW00021307,Curtis,Gray,S,M,2022-03-29
25347,AW00025347,Curtis, Zhu,S,M,2021-01-14
24798,AW00024798,Wyatt,Ruiz,M,M,2025-02-17
24452,AW00024452,Ian,Watson,M,F,2024-06-03
28598,AW00028598,Jordan,Diaz,S,F,2025-03-12
24577,AW00024577,Wyatt ,Yang,M,M,2021-03-29
11570,AW00011570,Seth,Torres,S,M,2023-02-07
14169,AW00014169,Ian,Ruiz,M,F,2024-03-29
28713,AW00028713,Luke, Torres,S,M,2019-12-02
18356,AW00018356,Ian,Perez,S,M,2021-06-13
13271,AW00013271,Clarence,Watson,M,F,2019-07-12
15760,AW00015760,Eugene,Johnson,S,F,2019-10-19
27432,AW00027432,Eugene,Alvarez,S,M,2024-11-15
26594,AW00026594,Luke,Zhu,S,F,2025-05-03
26924,AW00026924,Elizabeth ,Diaz,M,F,2021-12-27
19407,AW00019407,Julio ,Suarez,S,M,2020-07-13
11423,AW00011423,Jacquelyn,Young,M,F,2022-03-24
13515,AW00013515,Christy,Watson,M,F,2024-01-06
19807,AW00019807,Julio,Gray,M,M,2022-08-26
20411,AW00020411,Ian,Verhoff,M,M,2021-02-09
25496,AW00025496,Janet ,Zhu,M,M,2020-12-26
18724,AW00018724,Christy,Yang,M,M,2021-09-13
17274,AW00017274,Ian,Hill,M,M,2025-06-05
18080,AW00018080,Ethan,Zhu,S,F,2023-02-12
23378,AW00023378,Janet,Verhoff,S,F,2019-12-21
16870,AW00016870,Rob,Young,S,F,2023-05-10
19291,AW00019291,Seth,Sanchez,M,M,2019-08-12
16263,AW00016263,Luke,Carlson,M,F,2020-11-17
21946,AW00021946,Jacquelyn,Yang,M,F,2020-02-26
12597,AW00012597,Ethan,Zhu,M,M,2024-06-28
26616,AW00026616,Jon,Ross,S,F,2020-02-08
27408,AW00027408,Russell,Verhoff,M,F,2019-04-29
25672,AW00025672,Jon,Suarez,S,F,2020-02-28
17826,AW00017826,Julio,Young,M,M,2022-01-16
14579,AW00014579,Janet,Ruiz,S,M,2024-09-02
15551,AW00015551,Destiny,Carlson,M,M,2019-12-19
16809,AW00016809,Shannon,Sanchez,S,F,2021-11-25
16437,AW00016437,Wyatt,Wood,M,F,2020-05-02
13031,AW00013031,Jon,Perez,M,M,2022-06-02
23650,AW00023650,Wyatt,Lu,S,M,2023-11-29
27001,AW00027001,Jordan,Hill,S,F,2022-08-01
15067,AW00015067,Chloe,Ross,M,M,2020-02-21
12655,AW00012655,Ian,Jenkins,M,F,2024-10-15
14129,AW00014129,Chloe,Huang,S,M,2021-08-10
19636,AW00019636,Jacquelyn,Gray,M,M,2021-01-26
27362,AW00027362,Destiny,Verhoff,M,M,2024-03-15
26049,AW00026049,Seth,Diaz,S,M,2021-12-23
16868,AW00016868,Curtis,Ruiz,M,M,2020-04-06
17007,AW00017007,Rob,Yang,S,F,2023-05-14
28676,AW00028676,Wyatt,Bennett,M,F,2024-03-27
24756,AW00024756,Elizabeth,Carlson,S,M,2022-01-08
23360,AW00023360,Wyatt,Hill,M,M,2019-07-24
20825,AW00020825, Lauren,Verhoff,M,F,2023-03-21
21895,AW00021895,Sydney,Johnson,S,M,2025-07-15
24891,AW00024891,Elizabeth,Young,M,F,2024-10-24
21749,AW00021749,Ruben,Alvarez,M,M,2024-01-09
20910,AW00020910,Seth ,Walker,M,M,2019-09-22
24451,AW00024451,Curtis,Johnson,S,F,2024-08-14
18949,AW00018949,Curtis,Young,M,F,2023-06-30
26325,AW00026325, Lauren,Wood,M,M,2025-04-28
24894,AW00024894,Rob,Wood,S,M,2021-02-17
14476,AW00014476,Clarence,Suarez,M,M,2023-10-31
11186,AW00011186,Christy,Bennett,S,M,2024-08-03
24571,AW00024571,Clarence,Walker,S,M,2025-04-16
27311,AW00027311,Luke,Yang,M,M,2019-10-10
15980,AW00015980,Jon,Alvarez,M,M,2020-04-13
22178,AW00022178,Janet,Ward,M,F,2021-02-09
25000,AW00025000,Jordan,Mehta,M,M,2023-12-28
12287,AW00012287,Sydney,Walker,M,M,2020-02-03
28366,AW00028366,Luke,Alvarez,S,M,2019-02-19
12610,AW00012610,Julio,Ruiz,M,M,2019-12-08
26705,AW00026705,Jon,Lu,M,F,2022-03-19
27321,AW00027321,Marco,Suarez,S,M,2021-04-08
17232,AW00017232,Janet,Wood,S,M,2023-12-26
15934,AW00015934,Eugene,Carlson,M,F,2020-01-20
25824,AW00025824,Russell,Bennett,M,F,2019-11-03
11790,AW00011790,Destiny,Jenkins,M,F,2024-05-09
19231,AW00019231,Russell,Yang,S,F,2025-03-09
24706,AW00024706,Christy ,Johnson,S,F,2020-07-13
25473,AW00025473,Ruben,Walker,M,M,2021-04-04
24576,AW00024576,Destiny,Huang,M,M,2024-01-25
16442,AW00016442,Janet,Torres,M,M,2024-05-12
25472,AW00025472,Shannon,Watson,M,M,2023-05-12
13021,AW00013021,Clarence,Young ,S,F,2024-09-14
11014,AW00011014,Clarence,Perez,S,M,2024-03-08
15729,AW00015729,Ian,Huang,S,F,2020-09-29
19909,AW00019909,Russell,Watson,M,F,2020-02-16
18860,AW00018860,Julio,Torres,M,M,2019-06-18
16311,AW00016311,Russell,Diaz,S,F,2019-09-18
22049,AW00022049,Luke,Gray,M,M,2023-02-14
13279,AW00013279,Seth,Ruiz,S,F,2020-05-06
19385,AW00019385,Jon,Watson,S,M,2023-02-14
11772,AW00011772,Wyatt,Watson,S,M,2023-07-14
24476,AW00024476,Lauren ,Watson,M,F,2021-03-16
18479,AW00018479,Ian,Ward,S,M,2025-01-11
15656,AW00015656,Jon,Wood,M,F,2025-02-03
19312,AW00019312,Destiny,Young,S,F,2023-10-01
16180,AW00016180,Clarence,Gray,M,M,2021-11-21
16745,AW00016745,Rob,Ruiz,M,F,2020-07-22
21899,AW00021899,Sydney,Perez,M,F,2022-12-25
14150,AW00014150,Jon,Verhoff,S,F,2023-12-28
24592,AW00024592,Seth ,Mehta,S,M,2025-01-04
25246,AW00025246,Wyatt,Ward,S,M,2024-04-25
11301,AW00011301,Elizabeth,Huang,M,M,2022-11-07
24404,AW00024404,Lauren,Diaz,S,F,2021-09-18
13407,AW00013407,Chloe,Carlson,S,M,2019-08-15
21544,AW00021544,Destiny,Suarez,S,,2025-06-10
27907,AW00027907,Elizabeth,Suarez,M,F,2024-09-22
17151,AW00017151,Destiny,Gray,S,F,2020-07-11
24369,AW00024369, Rob,Wood,M,M,2023-05-05
24200,AW00024200,Christy,Yang,S,F,2022-02-18
22096,AW00022096,Christy,Suarez,S,M,2025-06-08
15889,AW00015889,Julio, Mehta,M,M,2022-03-23
28891,AW00028891,Ethan,Ward,M,F,2023-08-26
16164,AW00016164,Sydney,Bennett,M,M,2021-04-14
14176,AW00014176,Elizabeth,Alvarez,M,M,2023-09-13
19491,AW00019491, Luke,Ruiz,M,F,2020-12-26
28184,AW00028184,Chloe,Lu,S,F,2021-11-12
19186,AW00019186,Luke,Suarez,M,F,2020-11-13
18044,AW00018044,Destiny,Lu,M,M,2023-08-06
23342,AW00023342,Curtis,Ruiz,S,,2022-08-14
19359,AW00019359,Jordan,Yang,S,F,2023-10-03
21369,AW00021369,Janet,Zhu,M,F,2024-04-08
25589,AW00025589,Ian,Jenkins,S,F,2022-11-03
25789,AW00025789,Christy,Ross,M,M,2020-03-26
11925,AW00011925,Eugene,Huang,M,M,2024-11-05
26818,AW00026818,Shannon,Ward,S,M,2025-02-21
28558,AW00028558,Rob,Hill,M,M,2024-01-25
28326,AW00028326,Julio,Ross,S,M,2025-05-30
25361,AW00025361,Sydney,Diaz,S,F,2023-07-24
12416,AW00012416,Seth,Jenkins,M,F,2022-02-26
20889,AW00020889,Seth,Jenkins,S,M,2021-08-15
24069,AW00024069,Jon,Torres,S,M,2023-12-24
13968,AW00013968,Jon ,Huang,M,F,2021-02-10
11400,AW00011400, Rob,Perez,M,F,2023-02-07
25515,AW00025515,Janet,Yang ,S,F,2024-07-28
16222,AW00016222,Russell,Torres,S,F,2025-06-27
20166,AW00020166,Jon,Bennett,M,M,2019-03-05
23590,AW00023590,Russell, Walker,M,F,2023-09-13
16334,AW00016334,Elizabeth,Walker,S,M,2025-03-01
21004,AW00021004,Christy,Alvarez,S,,2022-08-13
15228,AW00015228,Jacquelyn,Bennett,M,M,2020-08-17
14731,AW00014731,Elizabeth,Ross,,F,2022-07-23
11390,AW00011390,Elizabeth,Watson,M,M,2022-07-31
18394,AW00018394,Julio,Alvarez,S,M,2023-07-06
18194,AW00018194,Wyatt,Huang,M,M,2024-02-14
21533,AW00021533,Seth,Sanchez,S,M,2020-10-11
23600,AW00023600,Luke,Ward,S,F,2019-11-10
22110,AW00022110,Chloe,Alvarez,M,F,2021-03-08
23030,AW00023030,Seth,Yang,M,M,2024-02-26
17287,AW00017287,Seth,Bennett,S,M,2025-01-26
14380,AW00014380,Rob,Hill,M,M,2023-11-17
16369,AW00016369,Jacquelyn,Perez,S,M,2020-01-26
12297,AW00012297,Jordan,Johnson,M,M,2020-03-30
20360,AW00020360,Ethan,Hill,S,F,2020-09-05
27107,AW00027107,Ethan,Watson,S,M,2019-12-10
24244,AW00024244,Russell,Ruiz,S,F,2022-10-31
22880,AW00022880,Jacquelyn,Gray,S,M,2020-09-23
21579,AW00021579,Chloe,Walker,M,F,2019-01-01
15594,AW00015594,Rob,Sanchez,M,M,2021-01-20
22594,AW00022594,Jacquelyn,Ruiz,S,M,2020-06-04
23368,AW00023368,Elizabeth,Suarez,M,F,2024-11-04
22307,AW00022307,Destiny, Hill,M,F,2023-07-26
17733,AW00017733,Luke,Walker,S,F,2025-04-24
13929,AW00013929,Ruben,Perez,M,F,2019-04-23
24793,AW00024793,Wyatt,Carlson,S,M,2023-04-22
13670,AW00013670,Rob,Ruiz,M,F,2023-09-05
11668,AW00011668,Sydney,Bennett ,M,F,2020-05-09
16063,AW00016063,Jacquelyn,Bennett,M,F,2023-05-27
13303,AW00013303,Ruben,Wood,S,F,2021-07-16
21123,AW00021123,Ian,Alvarez,S,F,2019-11-27
21114,AW00021114,Destiny,Bennett,M,F,2024-06-26
25346,AW00025346,Jon,Watson,M,F,2020-02-08
21679,AW00021679,Ethan,Walker,S,M,2022-03-04
11671,AW00011671,Ethan,Carlson,S,M,2022-09-04
21537,AW00021537,Julio,Zhu,M,F,2023-07-10
12784,AW00012784,Jon,Alvarez,S,F,2020-12-14
11051,AW00011051,Janet,Carlson,S,M,2025-06-30
28079,AW00028079,Ruben,Wood,M,M,2019-02-09
19805,AW00019805,Chloe,Gray,S,F,2023-01-16
13490,AW00013490,Shannon,Ruiz,S,F,2022-01-26
24944,AW00024944,Christy,Carlson,M,M,2019-02-24
26373,AW00026373,Shannon,Ross ,M,F,2019-05-21
13471,AW00013471,Ethan ,Johnson,M,F,2022-10-31
24153,AW00024153,Russell,Perez,S,M,2023-12-13
17630,AW00017630, Jacquelyn,Torres,S,M,2023-01-28
17958,AW00017958,Lauren,Ward,S,M,2021-10-12
13469,AW00013469,Jordan,Mehta,,F,2021-07-30
12524,AW00012524,Jon,Huang,S,F,2022-05-05
14095,AW00014095,Sydney,Lu,M,M,2021-05-07
19358,AW00019358,Destiny,Ruiz,S,F,2024-06-07
21661,AW00021661,Russell,Zhu,S,F,2021-12-25
12020,AW00012020,Russell,Gray,S,M,2020-11-14
20418,AW00020418,Julio,Yang,M,M,2025-01-05
27779,AW00027779,Marco,Watson,S,F,2020-06-28
13806,AW00013806,Luke,Carlson,S,F,2019-03-19
23941,AW00023941,Ian,Wood,S,M,2019-12-28
11722,AW00011722,Marco,Zhu,S,F,2025-05-30
17608,AW00017608,Ethan,Diaz,M,F,2021-07-20
26797,AW00026797,Curtis,Johnson,S,F,2021-06-13
14530,AW00014530,Curtis,Perez,M,M,2023-07-18
11996,AW00011996,Christy,Suarez,M,F,2021-02-05
24454,AW00024454,Jon,Perez,S,M,2021-03-01
21249,AW00021249,Jon,Gray,M,F,2019-02-24
28864,AW00028864,Christy,Diaz,S,F,2019-02-13
15068,AW00015068,Marco,Zhu,S,M,2024-03-10
19783,AW00019783,Ian,Hill,S,M,2021-06-12
21054,AW00021054,Christy,Diaz,M,F,2021-06-14
23974,AW00023974,Jordan,Sanchez,M,F,2020-04-12
26015,AW00026015,Jon,Yang,M,F,2022-11-17
26778,AW00026778,Janet,Wood,M,M,2019-05-25
28735,AW00028735,Jordan,Watson,,M,2021-08-17
25572,AW00025572, Seth,Watson,M,F,2025-01-22
27876,AW00027876,Jacquelyn,Johnson,S,M,2022-07-08
21541,AW00021541,Russell,Lu,M,F,2025-03-12
27303,AW00027303,Jacquelyn, Suarez,M,M,2022-02-02
13466,AW00013466,Jacquelyn,Perez,S,M,2023-12-28
14976,AW00014976,Shannon,Suarez,M,M,2024-05-17
17640,AW00017640,Seth,Walker,S,M,2023-09-25
20926,AW00020926,Marco,Suarez,M,F,2024-05-26
16372,AW00016372,Eugene,Huang,M,M,2020-06-18
13223,AW00013223,Christy,Gray,S,M,2025-06-21
25978,AW00025978,Seth, Zhu,M,F,2021-12-06
16955,AW00016955,Rob,Alvarez,M,M,2025-06-23
23364,AW00023364,Rob,Zhu,S,F,2020-03-26
20507,AW00020507,Shannon,Alvarez,M,M,2022-06-04
14854,AW00014854,Lauren,Diaz,M,M,2023-08-10
28482,AW00028482, Marco,Watson,S,F,2020-11-03
17372,AW00017372,Christy,Suarez,M,F,2021-07-01
26431,AW00026431,Jon,Bennett,M,F,2022-04-12
27489,AW00027489,Lauren,Huang,M,F,2025-02-23
16780,AW00016780,Rob,Johnson,M,F,2021-01-20
25704,AW00025704,Wyatt,Zhu,S,M,2019-03-13
16097,AW00016097,Russell,Wood,M,M,2020-06-15
19562,AW00019562,Janet,Sanchez,S,F,2020-04-24
11992,AW00011992,Wyatt,Jenkins,M,M,2024-08-20
15985,AW00015985,Clarence,Ruiz,M,F,2024-11-26
12006,AW00012006,Rob,Wood,S,F,2020-02-10
18214,AW00018214,Rob,Ruiz,S,F,2020-09-12
27289,AW00027289,Chloe,Walker,M,F,2025-02-17
23721,AW00023721,Ethan,Gray ,M,F,2022-03-05
27015,AW00027015,Lauren,Perez,M,F,2021-10-29
14709,AW00014709,Eugene,Torres,M,M,2023-06-04
11317,AW00011317,Seth,Watson,S,F,2019-06-28
25155,AW00025155,Shannon,Carlson,M,M,2021-11-23
28630,AW00028630,Ruben,Suarez,M,M,2021-04-06
17298,AW00017298,Curtis,Perez,M,M,2023-11-13
17191,AW00017191,Ian,Ruiz,S,M,2022-05-21
12422,AW00012422,Jacquelyn,Torres,M,M,2019-01-28
12131,AW00012131,Wyatt,Bennett,S,M,2021-10-10
12031,AW00012031,Curtis,Jenkins,M,M,2022-05-28
24686,AW00024686,Sydney,Huang,M,M,2021-12-03
21600,AW00021600,Jon, Carlson,M,F,2025-04-04
23141,AW00023141, Eugene,Hill,S,F,2023-10-06
17790,AW00017790,Jordan,Diaz,M,F,2024-03-02
12265,AW00012265,Luke,Young,M,M,2025-07-04
11665,AW00011665,Seth,Perez,M,F,2024-01-29
15439,AW00015439,Ruben,Watson,M,F,2024-06-07
18342,AW00018342,Jordan ,Walker,M,M,2021-11-25
16443,AW00016443,Luke,Ward,S,F,2020-02-13
13083,AW00013083,Seth, Perez,M,F,2021-06-21
27153,AW00027153,Marco ,Yang,S,F,2023-04-14
24569,AW00024569,Curtis,Sanchez,S,M,2020-07-03
19958,AW00019958,Russell,Ross ,S,F,2022-03-16
26648,AW00026648,Jon ,Hill,S,F,2025-06-28
21161,AW00021161,Shannon,Young,S,F,2021-12-03
24956,AW00024956,Russell,Johnson,S,F,2025-07-27
20785,AW00020785,Lauren,Lu,S,M,2021-07-11
19145,AW00019145,Jacquelyn,Torres,S,F,2022-01-23
22325,AW00022325,Marco,Gray,S,M,2021-04-06
18919,AW00018919,Clarence,Alvarez,M,M,2021-04-21
17883,AW00017883,Marco,Hill,M,F,2023-04-06
15203,AW00015203,Sydney,Wood,S,M,2023-02-14
21348,AW00021348,Ian,Sanchez,M,M,2021-10-05
14502,AW00014502,Julio,Diaz,S,F,2023-10-07
27364,AW00027364,Eugene,Perez,M,F,2023-04-07
20757,AW00020757, Curtis,Mehta,S,M,2019-03-18
14968,AW00014968,Sydney,Young,M,M,2023-10-07
16407,AW00016407,Marco,Ward,S,M,2023-06-01
27641,AW00027641,Christy,Verhoff,S,M,2024-10-19
17355,AW00017355,Luke,Johnson,S,M,2025-04-22
22636,AW00022636,Sydney,Alvarez,S,M,2021-10-18
28289,AW00028289,Elizabeth,Ward,M,,2025-01-05
19325,AW00019325,Marco,Jenkins,S,F,2021-10-24
27528,AW00027528,Jacquelyn,Young,S,F,2023-11-08
15051,AW00015051,Janet,Carlson,S,M,2019-10-17
16670,AW00016670, Jordan,Gray,S,F,2019-03-29
20877,AW00020877,Curtis,Jenkins,S,M,2021-12-19
20830,AW00020830,Jon,Sanchez,S,F,2020-05-05
11590,AW00011590,Russell,Sanchez,M,F,2020-11-10
14919,AW00014919,Jacquelyn,Mehta,M,M,2020-02-14
13487,AW00013487,Lauren,Suarez,S,M,2019-06-21
24823,AW00024823,Curtis,Suarez,S,F,2020-08-17
11306,AW00011306,Jacquelyn,Zhu,M,F,2021-10-29
23587,AW00023587,Shannon,Johnson,M,F,2024-07-01
22604,AW00022604,Janet,Yang ,M,M,2024-12-12
20744,AW00020744,Christy,Wood,S,M,2024-11-22
22978,AW00022978,Luke,Diaz,M,F,2021-06-07
24769,AW00024769,Ruben,Carlson,S,F,2023-09-14
18514,AW00018514,Destiny,Young,M,F,2020-05-20
19382,AW00019382,Ethan,Perez,M,F,2024-02-20
20292,AW00020292,Destiny,Johnson,S,M,2021-08-02
11470,AW00011470,Elizabeth ,Verhoff ,S,M,2019-05-12
18073,AW00018073,Julio,Watson,S,F,2020-07-26
15940,AW00015940,Seth,Torres,M,M,2019-09-02
23948,AW00023948,Eugene,Jenkins,,F,2020-06-02
20436,AW00020436,Destiny,Suarez,S,M,2023-10-29
14702,AW00014702,Wyatt,Zhu,M,F,2023-02-07
20165,AW00020165,Julio,Carlson,M,F,2022-06-17
18885,AW00018885,Marco,Yang,S,F,2024-10-03
15289,AW00015289,Marco,Sanchez,M,F,2021-12-16
20711,AW00020711,Jon ,Gray,M,M,2024-09-03
21297,AW00021297,Ethan,Torres,S,F,2019-03-23
28411,AW00028411,Elizabeth,Diaz,M,F,2023-02-17
16715,AW00016715,Clarence,Alvarez,M,M,2023-11-07
12953,AW00012953,Luke,Wood,S,F,2023-10-02
14977,AW00014977,Christy ,Verhoff,M,M,2021-11-05
14219,AW00014219,Clarence,Huang,S,M,2020-08-26
18981,AW00018981,Janet,Jenkins,M,M,2020-01-06
17471,AW00017471,Luke,Wood,S,F,2023-07-03
28786,AW00028786,Jordan,Suarez,S,F,2025-03-18
27162,AW00027162,Russell,Bennett,M,F,2020-04-15
19490,AW00019490,Lauren,Huang,S,M,2019-03-25
20908,AW00020908,Ian,Zhu,S,F,2023-11-04
18185,AW00018185,Eugene,Carlson,M,M,2022-11-09
20742,AW00020742,Luke,Young,M,F,2024-09-30
23868,AW00023868,Janet,Wood,S,M,2023-06-05
22847,AW00022847,Ethan,Walker,M,M,2023-11-10
11987,AW00011987,Jordan,Lu,S,M,2020-05-06
25573,AW00025573,Russell,Gray,S,M,2023-10-11
26453,AW00026453,Sydney,Diaz,M,M,2024-04-13
16575,AW00016575,Jacquelyn,Sanchez,S,F,2021-05-11
25770,AW00025770,Ethan,Watson,S,F,2024-01-09
17735,AW00017735,Luke ,Bennett ,M,F,2019-04-06
17277,AW00017277,Clarence,Mehta,M,,2021-09-06
28142,AW00028142,Wyatt,Johnson,S,F,2022-12-15
19546,AW00019546,Jacquelyn,Sanchez,S,F,2020-01-17
12728,AW00012728,Jordan ,Suarez,S,M,2019-01-09
11774,AW00011774,Shannon,Verhoff,M,F,2023-05-10
24374,AW00024374,Eugene,Lu,S,M,2025-05-06
16036,AW00016036, Luke,Young,M,F,2020-02-24
28151,AW00028151,Destiny,Verhoff,M,F,2023-01-18
16339,AW00016339,Shannon,Diaz,S,M,2021-06-05
23321,AW00023321,Elizabeth,Verhoff,S,F,2021-03-30
22063,AW00022063,Rob,Walker,M,F,2019-07-09
12158,AW00012158,Christy,Bennett,M,M,2021-10-03
25700,AW00025700,Ruben,Lu,S,M,2020-11-26
19218,AW00019218,Destiny,Torres,,M,2022-02-13
16144,AW00016144,Jon, Diaz,M,F,2024-06-25
13149,AW00013149,Jon,Mehta,M,M,2025-01-27
26730,AW00026730,Shannon,Young,S,M,2021-04-06
15649,AW00015649,Russell,Gray,M,F,2021-09-07
16834,AW00016834,Clarence,Hill,S,M,2019-11-06
28476,AW00028476,Luke,Verhoff,M,F,2019-09-09
17912,AW00017912,Destiny,Suarez,S,M,2021-01-27
17812,AW00017812,Jordan,Wood,M,M,2020-11-10
22631,AW00022631,Jon,Johnson,M,F,2022-01-19
28408,AW00028408,Christy,Carlson,S,F,2024-08-25
22798,AW00022798,Luke,Verhoff,M,M,2020-02-20
17808,AW00017808,Julio,Verhoff ,M,M,2022-07-23
26910,AW00026910,Ethan,Verhoff,S,M,2022-07-16
14802,AW00014802,Luke,Alvarez,M,F,2023-04-08
16702,AW00016702,Ian,Torres,S,F,2023-06-02
14783,AW00014783,Ruben,Carlson,S,F,2022-02-09
14965,AW00014965,Jordan,Mehta,M,M,2021-12-28
25406,AW00025406,Elizabeth,Ruiz,S,M,2025-06-06
11280,AW00011280,Julio,Johnson,M,M,2024-08-11
21669,AW00021669,Ruben,Suarez,S,,2019-03-15
16659,AW00016659,Curtis,Perez,M,F,2024-04-07
27928,AW00027928,Marco,Suarez,,M,2023-12-18
16260,AW00016260,Clarence,Diaz,S,F,2021-05-10
22381,AW00022381,Ruben,Watson,S,M,2020-08-01
19779,AW00019779,Jordan,Huang,M,F,2023-06-04
24694,AW00024694,Christy,Diaz,S,F,2025-03-22
26413,AW00026413,Chloe,Johnson,M,F,2021-07-05
12040,AW00012040,Rob, Jenkins,S,,2021-01-17
23468,AW00023468,Curtis,Zhu,S,M,2025-02-09
26062,AW00026062,Christy,Verhoff,S,M,2024-11-23
22509,AW00022509,Ruben,Diaz,M,F,2020-12-04
26795,AW00026795,Sydney,Gray,M,F,2024-12-29
26398,AW00026398,Lauren,Jenkins,M,F,2024-10-27
25610,AW00025610,Wyatt,Perez,S,F,2024-01-30
18310,AW00018310,Wyatt,Yang,M,F,2021-01-21
13040,AW00013040,Ian,Ruiz,M,M,2023-12-02
27470,AW00027470,Ruben,Verhoff,M,F,2021-07-26
16491,AW00016491,Eugene,Diaz,M,M,2019-04-30
13014,AW00013014,Lauren,Sanchez,M,M,2023-02-25
26498,AW00026498,Shannon,Johnson,M,M,2024-07-25
26585,AW00026585,Janet,Huang,S,F,2021-09-08
18240,AW00018240,Ethan,Wood,S,M,2022-09-18
19559,AW00019559,Christy,Wood,S,M,2023-11-23
17864,AW00017864,Seth,Ward,M,M,2024-04-14
16149,AW00016149,Lauren,Bennett,M,M,2021-11-23
22861,AW00022861,Jon,Torres,S,M,2021-06-22
19155,AW00019155,Luke,Walker,S,M,2024-06-05
13915,AW00013915,Marco,Gray,S,M,2021-07-14
21145,AW00021145,Destiny,Walker,S,M,2020-10-21
25097,AW00025097,Jordan,Verhoff,M,F,2024-09-22
12215,AW00012215,Christy,Hill,S,M,2019-05-30
21643,AW00021643,Ethan ,Walker,S,M,2023-08-17
22982,AW00022982,Chloe,Jenkins,M,F,2025-05-12
18285,AW00018285,Ethan ,Walker ,S,F,2025-02-02
27698,AW00027698,Russell,Jenkins,,F,2022-09-21
20627,AW00020627, Jordan,Yang,M,M,2023-09-08
19677,AW00019677,Eugene,Wood,S,F,2019-03-07
15451,AW00015451,Lauren,Carlson,S,M,2025-02-07
22570,AW00022570,Curtis,Young,S,F,2024-11-13
23466,AW00023466,Christy, Hill,S,M,2022-10-01
18048,AW00018048,Eugene,Hill,M,F,2025-07-03
28021,AW00028021,Eugene,Watson,M,M,2022-10-08
27921,AW00027921,Clarence, Ross,S,M,2024-04-17
24426,AW00024426,Julio,Torres,M,F,2024-04-30
28938,AW00028938,Marco,Suarez,M,M,2022-02-06
25995,AW00025995,Julio,Torres,M,M,2022-10-14
22693,AW00022693,Wyatt,Verhoff,S,M,2021-04-05
17896,AW00017896,Elizabeth,Wood,S,M,2022-12-28
26590,AW00026590,Sydney,Jenkins,S,M,2024-02-09
14440,AW00014440,Janet,Hill,S,F,2019-06-16
27047,AW00027047,Shannon,Young,S,M,2025-05-02
21381,AW00021381,Seth,Carlson,S,M,2022-02-12
12554,AW00012554,Janet,Verhoff,S,M,2023-07-01
11568,AW00011568,Russell,Diaz,S,F,2023-10-26
22163,AW00022163,Christy,Ruiz,M,M,2021-04-13
12733,AW00012733,Lauren,Ruiz,S,M,2024-03-10
28487,AW00028487,Ruben,Carlson,M,M,2024-09-15
15487,AW00015487,Julio,Sanchez,M,M,2022-11-19
25309,AW00025309,Ethan,Alvarez,M,M,2024-07-16
27220,AW00027220,Curtis,Torres,S,M,2021-10-25
22871,AW00022871,Shannon,Watson,S,M,2025-05-05
15349,AW00015349,Ruben,Ruiz,S,M,2019-12-13
28872,AW00028872,Janet,Yang,S,F,2021-05-10
12737,AW00012737,Chloe,Lu,S,F,2024-07-11
19129,AW00019129,Ethan,Suarez,S,F,2022-08-13
17134,AW00017134,Jacquelyn,Torres,M,F,2022-06-26
23399,AW00023399,Eugene,Diaz,S,M,2019-01-24
23247,AW00023247,Janet,Yang,M,F,2025-04-14
17351,AW00017351,Rob,Perez,M,M,2024-02-29
20646,AW00020646,Christy,Alvarez,S,F,2024-01-27
16968,AW00016968, Janet,Hill,M,F,2020-02-25
15876,AW00015876,Ian,Lu,S,F,2019-08-23
16482,AW00016482,Clarence,Johnson,M,M,2025-01-04
17769,AW00017769,Clarence,Hill,S,M,2019-11-01
16255,AW00016255,Marco,Young,S,M,2023-10-21
27440,AW00027440,Luke,Gray,S,F,2024-03-11
12605,AW00012605,Elizabeth,Ward,M,M,2024-11-12
19319,AW00019319,Lauren,Young,M,M,2022-12-25
20771,AW00020771,Ruben,Huang ,M,F,2023-03-28
26254,AW00026254, Destiny,Ruiz,S,M,2023-10-16
21457,AW00021457,Russell,Torres,M,F,2020-09-06
22256,AW00022256,Julio,Gray,M,M,2019-08-23
17552,AW00017552,Janet,Perez ,M,M,2024-05-10
28427,AW00028427,Julio,Alvarez ,S,F,2024-08-09
18160,AW00018160,Eugene,Lu,M,M,2025-06-15
24409,AW00024409,Christy ,Hill,M,M,2020-11-01
13493,AW00013493,Elizabeth, Zhu,S,M,2019-04-23
20514,AW00020514,Lauren,Lu,M,F,2022-10-23
21575,AW00021575,Ruben,Diaz,M,F,2019-04-16
27795,AW00027795,Destiny,Verhoff,S,M,2022-09-03
27150,AW00027150,Chloe,Carlson,M,M,2024-07-14
28541,AW00028541,Ian,Ruiz,M,F,2024-04-30
11767,AW00011767,Shannon,Ward,M,M,2019-01-31
27612,AW00027612,Russell,Torres,S,F,2019-08-11
12385,AW00012385,Ethan,Wood,M,F,2023-02-16
25956,AW00025956,Sydney,Lu,S,F,2022-06-18
20579,AW00020579,Elizabeth,Perez,S,M,2023-09-14
20030,AW00020030,Curtis,Diaz,M,F,2025-02-14
25910,AW00025910,Eugene,Gray,,F,2019-12-07
28738,AW00028738,Seth,Zhu,S,M,2024-02-25
12860,AW00012860,Destiny,Hill,S,F,2022-06-16
20893,AW00020893,Clarence,Mehta,S,M,2019-12-28
15897,AW00015897,Luke,Mehta,S,F,2021-04-02
12188,AW00012188, Janet,Gray,S,M,2020-03-23
12703,AW00012703,Chloe,Yang,M,F,2021-01-09
20464,AW00020464,Chloe,Sanchez,S,F,2020-10-31
25070,AW00025070,Ethan,Torres,S,F,2021-07-25
20553,AW00020553,Destiny,Lu,M,M,2023-01-21
12426,AW00012426,Luke,Carlson,M,F,2021-07-08
26458,AW00026458,Marco,Mehta,S,M,2020-03-26
22022,AW00022022,Wyatt,Walker ,S,F,2021-08-22
12640,AW00012640,Eugene,Yang,M,F,2023-01-02
22660,AW00022660,Marco, Wood,S,F,2021-01-11
20101,AW00020101,Marco,Ross,M,F,2021-09-18
13003,AW00013003, Jacquelyn,Jenkins,M,M,2021-10-10
15557,AW00015557,Jon,Ruiz,M,F,2023-08-06
22443,AW00022443,Shannon,Ross,M,F,2022-07-15
20996,AW00020996,Ian,Torres,S,F,2021-10-31
21356,AW00021356,Marco,Gray,S,M,2019-03-03
13267,AW00013267,Jon,Bennett,M,M,2023-07-08
26912,AW00026912,Curtis,Diaz,S,M,2021-04-24
18243,AW00018243,Jon,Verhoff,M,F,2024-04-20
23536,AW00023536,Rob,Suarez,M,F,2022-09-28
15822,AW00015822,Jon,Wood,S,M,2023-06-17
21022,AW00021022,Jon,Carlson,M,F,2024-11-18
12294,AW00012294,Curtis,Mehta,M,F,2021-03-01
13900,AW00013900,Clarence,Watson,M,F,2022-11-28
23171,AW00023171,Jacquelyn,Gray,M,F,2024-11-23
21481,AW00021481,Lauren,Gray,M,F,2023-10-20
15430,AW00015430,Ethan,Young,S,M,2020-09-09
24965,AW00024965,Janet,Walker,S,F,2021-12-31
23939,AW00023939,Rob,Watson,M,M,2025-03-29
26188,AW00026188,Christy,Ross,M,M,2020-03-03
28912,AW00028912,Luke,Yang,S,F,2020-06-21
28967,AW00028967,Jacquelyn,Bennett,M,F,2024-09-20
21757,AW00021757,Seth,Lu,S,M,2020-07-20
17841,AW00017841,Wyatt,Yang,,M,2020-02-23
26810,AW00026810,Christy,Diaz,S,F,2023-11-26
26688,AW00026688,Julio,Hill,S,F,2021-07-04
23798,AW00023798,Elizabeth,Young,M,M,2019-12-12
23573,AW00023573,Luke,Diaz,S,F,2024-04-24
13413,AW00013413,Marco,Mehta,S,M,2021-07-19
13293,AW00013293,Sydney,Ruiz ,M,M,2024-05-04
28619,AW00028619,Janet,Sanchez,M,F,2019-03-07
27495,AW00027495,Chloe,Jenkins,M,F,2021-08-30
21226,AW00021226, Luke,Watson,M,F,2022-08-19
26318,AW00026318,Christy,Suarez,M,M,2021-04-10
25262,AW00025262,Luke,Ward ,M,M,2019-07-13
20353,AW00020353,Rob,Perez,S,F,2020-08-16
18334,AW00018334,Elizabeth,Young,,F,2023-10-04
23036,AW00023036,Chloe,Young,M,F,2023-05-09
25241,AW00025241,Russell,Zhu,,M,2021-10-06
24643,AW00024643,Jordan,Ruiz,M,M,2021-04-12
18279,AW00018279,Ethan,Ross,S,M,2025-07-07
24227,AW00024227,Ruben,Huang,S,F,2023-01-10
20339,AW00020339,Eugene,Johnson,M,F,2021-02-19
28860,AW00028860,Sydney,Ward,M,F,2022-09-12
11502,AW00011502,Destiny,Mehta,S,M,2019-02-07
21786,AW00021786,Rob,Ross,M,F,2023-11-30
16238,AW00016238,Shannon,Wood,M,F,2023-01-25
28948,AW00028948,Ruben,Young,S,M,2024-06-28
17977,AW00017977,Lauren,Mehta,M,M,2020-06-17
19918,AW00019918,Marco,Zhu,M,F,2019-02-26
19318,AW00019318,Seth,Ward,S,M,2025-04-19
18884,AW00018884,Jacquelyn,Yang,S,F,2020-05-13
17208,AW00017208,Eugene,Bennett,M,M,2024-05-18
16100,AW00016100,Eugene,Walker,S,M,2023-06-11
13837,AW00013837,Jon,Lu,S,M,2023-09-16
25872,AW00025872,Ethan,Zhu,S,F,2022-02-12
17818,AW00017818,Jordan,Young,S,M,2022-10-03
11802,AW00011802,Clarence,Diaz,S,M,2020-03-18
12108,AW00012108,Lauren,Johnson,S,F,2019-12-05
28362,AW00028362,Luke,Johnson,S,F,2019-04-12
19423,AW00019423,Destiny,Huang,S,F,2022-05-14
20096,AW00020096,Elizabeth,Torres,M,F,2023-10-06
25523,AW00025523,Ruben,Carlson,S,F,2024-07-22
21051,AW00021051,Curtis,Ward,,F,2023-09-07
18428,AW00018428,Wyatt,Bennett,S,F,2021-10-14
26124,AW00026124,Janet,Suarez,S,F,2024-03-20
22549,AW00022549,Marco,Suarez,S,F,2021-08-23
18050,AW00018050,Luke,Hill,S,F,2024-08-28
18643,AW00018643,Luke,Watson,M,M,2023-05-22
17064,AW00017064,Ruben,Alvarez,S,M,2022-09-23
24350,AW00024350,Ethan,Suarez,S,M,2024-10-07
16605,AW00016605,Ethan,Johnson,M,M,2019-01-18
15960,AW00015960,Lauren,Alvarez,S,M,2019-10-13
17932,AW00017932,Chloe,Mehta,M,M,2020-04-20
15490,AW00015490,Jordan ,Torres,M,M,2019-08-13
26395,AW00026395,Jordan,Wood,M,M,2019-02-09
17780,AW00017780,Eugene,Carlson,S,M,2023-10-06
19168,AW00019168,Janet,Gray,M,F,2022-03-18
11148,AW00011148,Russell,Wood,S,M,2021-06-05
15710,AW00015710,Julio,Lu,M,M,2019-03-12
12394,AW00012394,Luke,Suarez,M,F,2024-12-11
27801,AW00027801,Clarence,Gray,M,M,2023-06-20
15483,AW00015483,Seth,Watson,M,M,2020-08-09
18250,AW00018250,Seth,Johnson,M,M,2020-01-26
28266,AW00028266,Sydney,Gray,S,M,2021-11-23
18368,AW00018368,Ethan,Watson,S,F,2019-05-10
17255,AW00017255,Clarence,Torres,M,M,2021-02-08
13281,AW00013281,Ethan,Zhu,S,F,2024-06-30
14778,AW00014778,Janet,Yang,M,F,2021-08-25
22155,AW00022155,Julio,Suarez,S,F,2022-05-05
14162,AW00014162,Seth ,Carlson,M,M,2021-12-30
14598,AW00014598,Eugene,Alvarez,S,,2020-05-23
24395,AW00024395,Chloe,Ruiz,S,F,2019-06-12
11462,AW00011462,Curtis,Gray,S,M,2019-10-10
22088,AW00022088,Jon,Gray,M,F,2023-02-12
11931,AW00011931,Wyatt,Ross,M,M,2020-09-07
19534,AW00019534,Jordan,Carlson,S,M,2021-10-08
22335,AW00022335,Sydney,Perez,S,M,2023-02-27
21253,AW00021253,Jon,Johnson,M,M,2025-06-01
23469,AW00023469,Clarence,Alvarez ,S,F,2019-03-04
22640,AW00022640,Janet,Perez,S,F,2021-12-18
12924,AW00012924,Shannon,Torres,M,M,2022-02-07
16695,AW00016695,Jon,Torres,S,M,2019-06-04
22481,AW00022481,Julio,Huang,M,F,2023-03-12
24491,AW00024491,Curtis,Ross,M,F,2025-03-26
16159,AW00016159,Eugene,Bennett,M,F,2025-05-17
24806,AW00024806,Luke,Lu,S,M,2021-03-11
26637,AW00026637,Rob,Bennett,,F,2020-10-03
11557,AW00011557,Wyatt,Perez,S,F,2023-03-13
20207,AW00020207,Ian,Lu,M,F,2019-01-23
21524,AW00021524,Sydney,Verhoff,M,M,2019-09-17
12386,AW00012386,Ethan,Gray,S,M,2024-02-19
23185,AW00023185,Curtis,Carlson,M,M,2021-01-23
19968,AW00019968, Janet,Carlson,S,F,2022-12-17
27250,AW00027250,Jacquelyn ,Carlson,M,M,2025-05-28
11826,AW00011826,Rob,Ross,M,M,2024-11-19
27710,AW00027710,Eugene,Johnson,,F,2021-12-03
22699,AW00022699, Janet,Wood,M,M,2023-04-21
12865,AW00012865,Ethan,Ruiz,S,M,2023-08-30
19412,AW00019412,Jacquelyn,Diaz,M,M,2019-06-17
11389,AW00011389,Jacquelyn,Gray,M,F,2023-06-22
16787,AW00016787,Curtis,Suarez,S,F,2019-05-09
22623,AW00022623,Ian,Walker,M,F,2023-11-08
20001,AW00020001,Marco,Verhoff,S,F,2025-07-02
14293,AW00014293,Rob ,Ruiz,S,F,2025-03-16
18061,AW00018061,Lauren,Diaz,S,M,2021-06-06
13877,AW00013877,Destiny,Zhu,M,M,2024-04-13
17313,AW00017313,Jordan,Lu,S,M,2022-10-28
17789,AW00017789,Ruben,Yang,S,F,2023-02-01
28697,AW00028697,Shannon,Jenkins,M,M,2024-01-20
25533,AW00025533,Clarence,Young,M,M,2020-02-04
16414,AW00016414,Luke,Alvarez,S,M,2020-05-16
13453,AW00013453,Curtis,Zhu,S,F,2020-04-08
14616,AW00014616,Curtis, Jenkins,S,M,2025-05-08
11478,AW00011478,Rob,Huang,S,F,2025-03-26
22984,AW00022984,Jacquelyn,Jenkins,M,M,2020-08-29
20547,AW00020547,Jon,Huang,M,F,2022-04-09
27247,AW00027247,Curtis,Watson,M,M,2020-04-25
18145,AW00018145,Lauren,Verhoff,M,F,2024-02-26
11872,AW00011872,Jordan ,Huang,M,F,2025-06-03
16617,AW00016617,Christy,Suarez,M,F,2020-03-25
13829,AW00013829,Eugene,Diaz,S,F,2023-03-03
23309,AW00023309,Luke,Zhu,S,,2023-01-20
24616,AW00024616,Wyatt,Watson,S,F,2023-11-17
19144,AW00019144,Jon,Ruiz,M,M,2023-07-02
18315,AW00018315,Seth,Diaz,S,F,2025-05-26
18520,AW00018520,Ruben,Diaz,S,F,2022-03-01
24342,AW00024342,Wyatt,Verhoff,S,F,2020-10-01
18413,AW00018413,Ethan,Jenkins,S,F,2022-10-18
17672,AW00017672,Elizabeth,Bennett,M,F,2020-03-02
17172,AW00017172,Destiny,Gray,S,F,2021-06-30
25791,AW00025791,Janet,Torres,S,F,2024-02-22
13753,AW00013753,Shannon,Huang,S,M,2021-09-26
15122,AW00015122,Christy, Hill,M,M,2025-01-02
28100,AW00028100,Curtis,Walker,M,F,2019-05-27
18581,AW00018581,Janet,Ross,M,F,2023-05-18
22888,AW00022888,Lauren,Yang,M,,2020-06-17
17967,AW00017967,Elizabeth,Hill,M,M,2023-03-12
11448,AW00011448,Seth,Mehta,S,M,2024-03-21
15676,AW00015676,Curtis,Ross,S,F,2022-06-30
14994,AW00014994,Ian,Watson,,M,2022-07-13
12894,AW00012894,Ruben,Lu,M,F,2020-11-18
15283,AW00015283,Jordan,Carlson,M,F,2022-11-29
27455,AW00027455,Shannon,Huang,M,F,2023-11-04
24567,AW00024567,Julio,Verhoff,S,F,2021-11-09
20297,AW00020297,Julio ,Hill,M,F,2021-09-19
27216,AW00027216,Julio,Torres,M,M,2022-11-04
24063,AW00024063,Marco,Young ,S,M,2022-05-22
22299,AW00022299,Julio,Ruiz,M,M,2024-08-05
23997,AW00023997,Rob,Sanchez,S,M,2022-05-07
13594,AW00013594,Jacquelyn,Zhu,M,F,2024-08-21
12626,AW00012626,Jon,Zhu,M,F,2024-07-23
17615,AW00017615,Lauren,Ross,M,F,2020-03-02
15941,AW00015941,Elizabeth ,Bennett,M,M,2025-06-20
26203,AW00026203,Rob,Yang,M,F,2025-01-28
28588,AW00028588,Chloe,Johnson,M,F,2025-05-30
17448,AW00017448,Russell,Ross,S,F,2024-01-07
20512,AW00020512,Ian,Torres,M,M,2025-05-09
15130,AW00015130, Julio,Yang,S,M,2025-03-07
25571,AW00025571,Chloe,Ruiz,S,F,2021-02-17
20447,AW00020447,Lauren,Yang,S,F,2019-04-21
11604,AW00011604,Luke,Johnson,M,,2019-07-18
19663,AW00019663,Jacquelyn,Hill,S,M,2024-07-10
11660,AW00011660,Eugene,Johnson,M,M,2019-06-29
14951,AW00014951,Rob,Hill,S,F,2020-06-07
14569,AW00014569, Julio,Alvarez,S,M,2025-07-28
15685,AW00015685,Ruben,Johnson,S,M,2024-02-21
25566,AW00025566,Wyatt,Alvarez,S,F,2023-09-13
28985,AW00028985, Destiny,Ruiz,S,M,2024-05-04
20466,AW00020466,Wyatt ,Yang,M,M,2024-01-16
20756,AW00020756,Ruben ,Wood,S,M,2025-06-12
16189,AW00016189,Ian,Perez,S,M,2021-03-01
16774,AW00016774,Janet,Suarez,S,M,2020-07-24
23791,AW00023791,Chloe,Ross,,F,2022-04-16
26940,AW00026940,Ian,Verhoff,M,M,2020-06-14
18181,AW00018181,Russell,Johnson,S,F,2020-09-09
14256,AW00014256,Julio,Zhu,M,M,2019-06-18
28421,AW00028421, Jordan,Yang ,S,M,2022-04-10
11895,AW00011895,Marco,Johnson,M,F,2020-08-13
28775,AW00028775,Marco,Lu,S,F,2022-03-24
17411,AW00017411,Elizabeth,Carlson,M,F,2019-03-30
24808,AW00024808,Wyatt,Ward,S,M,2020-08-29
19681,AW00019681,Russell,Ward,M,M,2021-01-25
16388,AW00016388,Seth, Ruiz,M,F,2023-02-28
13310,AW00013310,Jacquelyn,Bennett,S,M,2024-04-27
17253,AW00017253,Marco,Carlson,S,F,2020-04-13
21242,AW00021242,Julio,Jenkins,S,F,2022-11-20
28911,AW00028911,Russell,Hill,S,M,2021-11-10
25036,AW00025036,Jon,Mehta,M,M,2021-09-11
15591,AW00015591,Jordan,Young,M,M,2020-08-14
17283,AW00017283,Marco,Huang,S,M,2020-12-26
28088,AW00028088,Rob,Torres,S,M,2023-05-07
23159,AW00023159,Wyatt,Ruiz,S,M,2020-08-26
12855,AW00012855,Jordan,Zhu ,S,F,2020-05-23
16923,AW00016923,Seth,Ruiz,M,M,2020-12-04
24168,AW00024168,Elizabeth,Wood,M,M,2023-05-07
13549,AW00013549,Elizabeth, Ross,S,M,2025-04-16
16143,AW00016143,Jon,Ross,S,M,2020-11-02
11715,AW00011715,Ruben,Huang,M,M,2022-07-29
12192,AW00012192,Chloe,Hill,M,F,2021-01-06
19098,AW00019098,Eugene,Zhu,S,F,2019-03-16
15048,AW00015048,Luke,Alvarez,M,F,2020-06-22
11642,AW00011642,Seth,Sanchez,S,F,2024-02-08
15733,AW00015733,Janet,Bennett,M,M,2022-10-15
12183,AW00012183,Ethan,Carlson,S,F,2025-06-29
19292,AW00019292,Julio,Sanchez,M,M,2023-11-25
13467,AW00013467,Russell,Jenkins,M,M,2022-12-12
27649,AW00027649,Marco,Walker,M,M,2019-02-20
12643,AW00012643,Clarence,Mehta,M,F,2022-10-25
12243,AW00012243,Jacquelyn,Wood,S,F,2020-12-22
,,Jon,Yang,,,2024-01-01
12958,AW00012958, Jordan,Carlson,S,M,2022-08-04
27661,AW00027661,Shannon,Lu,M,F,2021-03-31
13233,AW00013233,Elizabeth,Carlson,M,M,2020-01-16
18346,AW00018346,Russell,Wood,M,F,2025-07-05
16456,AW00016456,Shannon,Ruiz,S,M,2020-05-02
13100,AW00013100,Ruben,Jenkins,S,F,2023-07-07
21002,AW00021002,Destiny ,Ross,M,F,2024-05-21
14182,AW00014182,Destiny,Ross,M,M,2021-02-10
25450,AW00025450,Lauren,Ward ,S,F,2020-10-12
27042,AW00027042,Rob,Torres,S,F,2023-09-17
16837,AW00016837,Marco,Verhoff,M,M,2020-02-16
26657,AW00026657,Jon,Zhu,S,M,2019-03-19
25726,AW00025726,Jacquelyn,Watson,M,M,2019-06-22
25659,AW00025659,Lauren,Sanchez,M,M,2022-04-03
19823,AW00019823,Curtis,Perez,S,F,2023-08-07
12593,AW00012593,Lauren,Verhoff,S,M,2023-06-22
13979,AW00013979,Ian,Gray,S,F,2023-08-22
14440,AW00014440,Janet,Hill,M,F,2020-07-11
16316,AW00016316,Seth, Sanchez,M,M,2024-06-17
22152,AW00022152,Lauren,Suarez,S,F,2022-05-18
26516,AW00026516,Luke,Gray,M,F,2021-08-23
11343,AW00011343,Seth,Young,S,M,2019-09-16
13184,AW00013184,Elizabeth,Young ,,M,2022-08-04
24252,AW00024252,Marco,Diaz,S,M,2020-03-20
25084,AW00025084,Jon,Lu,S,M,2025-01-22
20112,AW00020112,Rob,Yang,S,F,2019-03-17
20370,AW00020370,Chloe,Wood,M,M,2024-09-07
21464,AW00021464,Elizabeth,Verhoff,S,M,2023-10-12
22173,AW00022173,Julio,Torres,M,F,2020-02-14
27302,AW00027302,Shannon,Gray,M,F,2021-01-23
25423,AW00025423,Curtis,Watson,M,F,2021-12-09
11648,AW00011648,Eugene,Wood,M,M,2022-08-11
20854,AW00020854,Lauren,Watson,M,M,2021-12-23
22068,AW00022068,Jon,Ross,S,M,2020-10-08
12690,AW00012690,Russell,Young,S,M,2025-02-20
22510,AW00022510,Chloe,Torres,M,F,2024-06-06
12782,AW00012782,Ruben,Lu,S,M,2020-08-06
12907,AW00012907,Marco,Young,S,F,2019-04-26
25393,AW00025393,Clarence,Carlson,S,M,2020-03-04
23916,AW00023916,Janet,Ross,S,F,2023-07-21
18661,AW00018661,Christy,Carlson,S,,2022-08-09
24745,AW00024745,Curtis,Suarez,M,M,2023-09-02
24431,AW00024431,Rob,Walker,M,M,2019-04-20
13914,AW00013914,Elizabeth,Ward,M,M,2024-07-18
20026,AW00020026,Luke,Bennett,S,F,2021-11-14
19486,AW00019486,Christy,Jenkins,M,M,2020-01-14
28078,AW00028078,Curtis,Huang,S,F,2022-06-06
27621,AW00027621,Wyatt,Ross,S,M,2024-12-26
21197,AW00021197,Sydney,Young,S,M,2023-12-18
19279,AW00019279,Curtis,Watson,S,M,2019-07-26
14341,AW00014341,Ian,Sanchez,,F,2019-11-29
17654,AW00017654,Seth,Mehta,S,M,2025-03-13
18599,AW00018599,Ethan,Huang,S,M,2021-10-01
19600,AW00019600,Janet,Bennett,M,M,2020-05-22
12732,AW00012732,Ethan,Zhu,M,F,2023-01-06
18732,AW00018732,Ian,Ross,M,F,2021-02-23
16796,AW00016796,Marco,Torres,M,M,2019-03-24
11492,AW00011492,Curtis,Hill,M,F,2020-02-08
18851,AW00018851,Christy,Torres,S,F,2021-08-05
18134,AW00018134,Wyatt,Suarez,S,M,2023-06-07
27426,AW00027426,Janet,Walker,S,F,2024-04-22
24056,AW00024056,Lauren,Zhu,S,M,2021-10-26
23443,AW00023443,Eugene,Ward,M,M,2020-02-26
14307,AW00014307,Shannon,Lu,S,F,2024-06-18
15153,AW00015153,Lauren,Bennett,S,F,2021-08-15
22310,AW00022310,Janet,Verhoff,S,F,2024-08-18
25181,AW00025181,Clarence,Torres,S,M,2019-05-26
27603,AW00027603,Luke,Zhu,S,M,2021-06-22
14111,AW00014111,Ruben,Lu,M,M,2024-01-04
23937,AW00023937,Rob,Zhu,,F,2019-03-29
16671,AW00016671,Curtis,Gray,M,F,2021-09-23
18421,AW00018421,Jacquelyn,Yang,M,F,2023-01-19
15754,AW00015754,Jon,Alvarez,S,F,2019-07-10
22932,AW00022932,Russell,Huang,M,M,2019-02-21
26942,AW00026942,Sydney,Verhoff,S,F,2022-11-14
26957,AW00026957,Janet,Zhu,M,F,2022-04-27
16710,AW00016710,Clarence,Sanchez,S,F,2020-07-27
18780,AW00018780,Ruben,Zhu,S,M,2024-08-18
28760,AW00028760,Jon,Verhoff,S,M,2024-07-24
26833,AW00026833,Ethan,Ross,M,F,2019-11-29
21871,AW00021871,Julio,Ross,S,F,2024-08-23
26793,AW00026793,Lauren,Diaz,M,F,2024-09-30
25713,AW00025713,Eugene,Perez,M,M,2019-05-22
28244,AW00028244,Sydney,Diaz,M,M,2024-12-27
21486,AW00021486,Seth,Gray,S,F,2023-02-27
17154,AW00017154,Seth,Hill,M,F,2023-12-26
15531,AW00015531,Clarence,Torres ,M,F,2025-06-19
26432,AW00026432,Russell,Hill,S,F,2022-12-26
24773,AW00024773,Destiny,Walker,M,M,2021-04-11
25103,AW00025103,Sydney,Ross,M,F,2024-02-05
25160,AW00025160,Rob,Bennett,M,M,2020-04-23
25865,AW00025865,Seth,Yang,S,F,2023-02-08
13465,AW00013465,Marco,Watson,M,M,2024-02-11
17486,AW00017486,Curtis,Walker,M,F,2020-02-23
11628,AW00011628,Luke,Jenkins,M,M,2024-04-13
12816,AW00012816,Marco,Mehta,S,F,2021-02-02
25993,AW00025993,Chloe,Johnson,M,,2019-07-09
19235,AW00019235,Jacquelyn, Torres,S,M,2019-08-22
14275,AW00014275,Curtis,Johnson,S,F,2020-11-20
19837,AW00019837,Marco,Mehta,S,F,2023-12-25
17409,AW00017409,Marco,Ross,S,M,2021-01-10
17873,AW00017873,Eugene,Verhoff,M,M,2022-10-23
11650,AW00011650,Luke,Lu,S,M,2021-01-04
17021,AW00017021,Russell,Mehta,M,F,2023-09-23
25335,AW00025335,Chloe,Ross,S,M,2020-11-22
28152,AW00028152,Wyatt,Perez,M,M,2024-12-17
22292,AW00022292,Janet,Mehta,M,M,2021-07-19
25984,AW00025984,Sydney,Walker,M,F,2023-10-19
11116,AW00011116,Jacquelyn,Ward,M,M,2024-03-29
14126,AW00014126,Clarence,Torres,S,F,2020-10-13
16401,AW00016401,Russell,Ross,S,F,2022-01-16
25316,AW00025316,Lauren,Young ,M,F,2022-08-09
28452,AW00028452,Curtis,Perez,M,M,2021-10-10
17878,AW00017878,Russell,Johnson,M,F,2022-10-15
14178,AW00014178,Jon,Verhoff,S,M,2022-10-03
28290,AW00028290,Russell,Alvarez,S,M,2025-02-15
22366,AW00022366,Lauren,Gray,S,F,2024-06-19
27579,AW00027579,Julio,Suarez,M,F,2024-10-23
11174,AW00011174,Destiny,Bennett,M,M,2025-07-25
15298,AW00015298,Jacquelyn,Young,S,M,2019-06-02
16553,AW00016553,Lauren,Carlson,M,F,2021-09-30
23882,AW00023882,Shannon ,Ward,M,F,2022-09-02
18375,AW00018375,Shannon,Ward,S,M,2021-10-14
13001,AW00013001,Clarence,Alvarez,S,F,2021-02-28
17616,AW00017616,Christy,Ruiz,M,F,2020-10-18
22683,AW00022683,Ethan,Johnson,M,M,2023-02-20
15957,AW00015957,Christy,Gray,M,M,2021-12-10
28363,AW00028363,Destiny,Sanchez,S,M,2024-11-30
25550,AW00025550,Luke,Ruiz,S,M,2020-02-05
28935,AW00028935,Seth,Gray,M,F,2025-01-27
12559,AW00012559,Shannon,Perez,M,F,2020-06-17
25664,AW00025664,Wyatt,Sanchez,M,M,2024-09-10
11958,AW00011958,Curtis,Watson,M,M,2020-05-02
18632,AW00018632,Shannon,Bennett,M,F,2019-08-06
24982,AW00024982,Sydney,Lu,S,M,2023-10-10
13200,AW00013200,Janet,Perez,S,F,2025-02-14
23520,AW00023520,Jordan, Diaz,S,F,2023-06-28
28428,AW00028428,Shannon,Torres,M,M,2025-03-02
20018,AW00020018,Janet,Sanchez,S,M,2019-02-11
24412,AW00024412,Seth,Walker,M,M,2022-09-29
13353,AW00013353,Christy,Perez,S,M,2024-10-15
19753,AW00019753,Chloe,Sanchez,M,M,2023-07-01
12018,AW00012018,Curtis,Perez,M,F,2020-11-16
11296,AW00011296,Wyatt, Torres,M,F,2024-01-26
13949,AW00013949,Janet,Lu,S,M,2023-03-13
23370,AW00023370,Luke,Ward,M,F,2024-07-01
20278,AW00020278,Julio,Suarez,S,F,2019-05-28
11597,AW00011597,Chloe,Johnson,M,F,2023-03-17
16733,AW00016733,Shannon,Hill,M,M,2019-08-18
12227,AW00012227,Lauren,Huang,S,F,2023-05-25
17990,AW00017990,Marco,Walker,M,M,2024-08-09
28455,AW00028455,Curtis,Johnson,S,F,2024-09-04
19262,AW00019262,Lauren,Mehta,S,F,2023-07-28
21071,AW00021071,Clarence,Bennett,S,M,2025-05-06
13595,AW00013595,Jon,Diaz,M,M,2022-01-31
25567,AW00025567,Elizabeth,Wood,S,M,2021-06-17
25233,AW00025233,Janet,Ross,M,F,2022-01-18
28922,AW00028922,Curtis,Hill,M,F,2023-08-10
23356,AW00023356,Jon,Ross,M,F,2019-05-12
16657,AW00016657,Seth,Verhoff,S,M,2022-04-24
26452,AW00026452,Seth,Watson,S,M,2024-01-24
16635,AW00016635,Ian,Torres,M,M,2022-08-07
28711,AW00028711,Ian,Jenkins,M,F,2021-04-02
17015,AW00017015,Lauren,Lu,S,M,2022-04-04
12975,AW00012975,Destiny,Suarez,M,M,2023-07-13
14829,AW00014829,Elizabeth,Sanchez,S,M,2022-11-04
20296,AW00020296,Ethan,Alvarez,M,F,2022-03-21
16278,AW00016278,Chloe,Suarez,M,F,2024-10-25
11226,AW00011226,Ethan,Perez,M,F,2023-03-02
13770,AW00013770,Luke,Ward,S,F,2020-10-02
25218,AW00025218,Wyatt,Ruiz,S,M,2023-02-26
28189,AW00028189,Luke,Ward,M,F,2022-04-01
12367,AW00012367,Russell,Watson,S,F,2024-12-15
25018,AW00025018,Christy,Sanchez,M,M,2020-05-13
21066,AW00021066,Russell,Walker,S,F,2024-08-01
15914,AW00015914,Chloe,Ward,M,F,2023-12-12
26610,AW00026610,Ruben,Watson,S,F,2025-07-16
24662,AW00024662,Jacquelyn,Lu,M,M,2021-07-31
25774,AW00025774,Jacquelyn,Zhu,M,F,2024-01-10
17275,AW00017275,Shannon,Torres,S,F,2023-04-14
12984,AW00012984,Julio,Walker,S,F,2025-03-27
,,Wyatt,Gray,,,2024-01-01
28390,AW00028390,Eugene,Ward,S,F,2021-06-09
18020,AW00018020,Sydney,Walker,S,M,2019-06-17
13852,AW00013852,Lauren,Bennett,S,F,2021-12-12
11438,AW00011438,Sydney,Ross,M,M,2024-08-27
22500,AW00022500,Shannon,Ross,M,M,2024-09-30
25322,AW00025322,Julio, Yang,S,M,2024-12-23
13044,AW00013044,Lauren,Jenkins,M,M,2020-10-18
25786,AW00025786,Elizabeth,Lu,S,M,2023-11-22
14207,AW00014207,Russell,Ross,S,F,2019-06-29
18579,AW00018579,Christy,Sanchez,M,F,2023-07-02
22377,AW00022377,Curtis,Gray,S,M,2022-12-03
20849,AW00020849,Jordan,Suarez,M,M,2025-04-25
28015,AW00028015,Chloe,Verhoff,M,M,2020-07-22
21105,AW00021105,Eugene,Jenkins,M,M,2024-07-05
19074,AW00019074,Destiny, Carlson,M,M,2024-04-23
25907,AW00025907,Marco,Mehta,S,M,2023-02-08
21413,AW00021413,Eugene,Diaz,S,F,2023-08-12
22862,AW00022862, Elizabeth,Young,S,M,2024-01-27
22894,AW00022894,Jordan,Ross,S,F,2020-08-01
26599,AW00026599,Curtis,Young ,M,M,2025-04-28
19408,AW00019408,Luke, Ruiz,M,F,2020-06-07
27918,AW00027918, Shannon,Gray,M,M,2022-05-09
16973,AW00016973,Russell,Ward,S,M,2022-03-09
21262,AW00021262, Destiny,Bennett,M,M,2024-08-30
23583,AW00023583,Clarence,Hill,M,M,2022-06-16
27895,AW00027895,Clarence,Ruiz,S,M,2019-02-10
26814,AW00026814,Russell,Huang,S,F,2021-05-26
17050,AW00017050,Jacquelyn,Wood,S,F,2021-05-10
28520,AW00028520,Elizabeth,Ross,M,F,2020-08-06
13913,AW00013913,Marco, Bennett,S,M,2025-02-22
16421,AW00016421,Lauren,Sanchez,M,M,2020-03-25
13711,AW00013711,Jacquelyn,Diaz,S,M,2025-05-20
25107,AW00025107,Destiny,Ward,S,F,2019-02-23
21657,AW00021657,Ethan,Gray,M,F,2024-11-03
28964,AW00028964,Clarence,Gray,S,F,2023-02-26
26902,AW00026902,Ian,Huang,M,F,2024-09-30
14730,AW00014730,Luke,Ross ,S,M,2021-08-26
24870,AW00024870,Chloe,Watson,M,F,2019-09-06
11731,AW00011731,Rob,Sanchez,S,M,2020-02-01
21932,AW00021932,Christy,Jenkins,S,F,2022-01-21
21032,AW00021032,Sydney,Walker,M,M,2023-08-24
12472,AW00012472,Lauren, Walker,S,M,2019-09-23
19044,AW00019044,Russell,Young,M,F,2023-01-10
11034,AW00011034,Lauren,Ward,M,F,2024-10-20
13069,AW00013069,Destiny,Verhoff,S,F,2019-12-24
27083,AW00027083,Ruben,Walker,M,F,2024-11-24
14010,AW00014010,Julio,Lu,S,F,2022-05-13
27002,AW00027002,Chloe,Johnson,M,M,2024-10-29
19758,AW00019758,Christy,Perez,M,M,2024-08-28
19673,AW00019673,Shannon,Wood,S,M,2023-07-04
15587,AW00015587,Sydney,Johnson,S,F,2022-02-18
17699,AW00017699,Wyatt,Carlson,S,F,2019-06-09
20036,AW00020036,Jon,Perez,M,F,2019-05-09
19735,AW00019735,Julio,Zhu,M,M,2020-01-17
26057,AW00026057,Lauren,Suarez,M,M,2020-08-03
18333,AW00018333,Chloe,Huang,S,F,2021-04-02
24436,AW00024436,Lauren,Walker,S,F,2024-04-18
11627,AW00011627,Jon,Lu,M,M,2023-05-04
14619,AW00014619,Ethan,Verhoff,S,F,2025-06-04
24647,AW00024647,Janet,Ruiz,S,F,2025-07-11
11770,AW00011770,Rob,Ross,M,F,2021-12-05
13002,AW00013002,Seth,Lu,S,F,2020-09-20
25214,AW00025214,Janet,Perez,S,M,2019-02-14
12876,AW00012876,Jacquelyn,Yang,M,F,2024-09-24
21291,AW00021291,Lauren,Gray,S,F,2019-11-30
19196,AW00019196,Destiny ,Torres,S,F,2024-05-20
27841,AW00027841,Julio,Alvarez,M,F,2023-07-24
11581,AW00011581,Elizabeth,Alvarez,M,F,2023-08-03
23616,AW00023616,Destiny,Bennett,S,F,2021-09-13
22338,AW00022338,Jon,Huang,S,F,2024-06-22
11518,AW00011518,Jacquelyn,Yang,S,M,2023-06-20
14959,AW00014959,Sydney,Watson,M,M,2021-09-21
24861,AW00024861,Eugene,Verhoff,S,F,2021-01-23
25422,AW00025422,Jordan,Johnson,S,F,2020-08-31
16640,AW00016640,Julio,Walker,M,M,2020-01-22
20388,AW00020388,Sydney,Huang,S,F,2022-10-12
25731,AW00025731,Marco,Ward,S,F,2024-05-05
15391,AW00015391,Lauren,Ruiz,M,F,2024-11-18
26440,AW00026440,Janet,Huang,S,M,2024-09-23
14343,AW00014343,Eugene,Jenkins,M,F,2020-09-22
17204,AW00017204,Russell,Lu,S,F,2023-12-29
25607,AW00025607,Eugene,Alvarez,M,M,2023-12-07
28787,AW00028787,Marco,Gray,S,M,2024-12-25
22448,AW00022448,Ruben,Suarez,S,M,2022-06-25
22979,AW00022979,Elizabeth,Zhu,S,M,2021-09-11
20955,AW00020955,Seth,Lu,M,F,2020-01-10
25576,AW00025576,Ethan,Bennett,M,F,2020-05-03
13458,AW00013458,Jordan,Yang,S,F,2019-07-02
23918,AW00023918,Lauren,Huang,M,M,2020-01-31
27905,AW00027905,Rob,Verhoff,M,F,2021-04-29
25119,AW00025119,Julio,Ward,S,M,2019-01-29
23589,AW00023589,Marco,Watson,M,F,2023-07-30
24716,AW00024716,Julio,Suarez,M,M,2022-07-28
27170,AW00027170,Wyatt,Bennett ,S,M,2023-02-12
16073,AW00016073,Clarence,Yang,S,F,2022-08-10
18573,AW00018573,Luke,Verhoff,S,M,2024-03-29
24004,AW00024004,Rob,Watson,,F,2024-11-23
23738,AW00023738,Julio,Lu,S,M,2019-06-26
20777,AW00020777,Jacquelyn,Sanchez,M,F,2022-10-14
27965,AW00027965,Wyatt,Zhu,S,F,2024-05-07
28834,AW00028834,Sydney,Ruiz,M,M,2021-06-26
17224,AW00017224,Lauren,Torres,S,F,2025-02-16
28080,AW00028080,Russell,Watson,M,M,2021-03-04
27569,AW00027569,Janet,Mehta,M,M,2020-09-18
13235,AW00013235,Christy,Young,S,F,2019-10-29
24189,AW00024189,Clarence,Watson,S,F,2021-07-13
13932,AW00013932,Seth,Ward ,M,F,2021-08-10
13132,AW00013132,Marco,Huang,S,M,2020-08-09
17806,AW00017806,Russell,Huang,M,F,2021-11-12
28540,AW00028540,Sydney,Walker,S,M,2025-05-03
17367,AW00017367,Shannon,Ross,M,F,2021-08-23
11855,AW00011855,Ethan,Lu,S,M,2024-08-25
14110,AW00014110,Elizabeth,Carlson,S,M,2023-09-23
27626,AW00027626,Eugene,Verhoff,S,F,2023-06-18
25889,AW00025889,Christy,Ruiz,M,M,2022-12-30
16499,AW00016499,Marco,Watson,M,F,2025-04-09
24943,AW00024943,Seth,Johnson,M,F,2020-06-29
23115,AW00023115,Sydney ,Yang,M,F,2019-08-28
18659,AW00018659,Christy,Carlson,S,M,2021-06-05
24046,AW00024046,Wyatt,Diaz,M,M,2020-07-15
11608,AW00011608,Rob,Torres,,F,2019-12-04
11435,AW00011435,Ian,Ruiz,S,F,2023-08-26
13320,AW00013320,Ethan,Hill,S,M,2023-08-08
22608,AW00022608,Shannon,Huang,M,M,2019-11-03
27868,AW00027868,Eugene,Wood,M,F,2021-02-12
15741,AW00015741,Jacquelyn,Mehta,S,F,2023-09-14
22706,AW00022706,Jacquelyn,Yang ,S,M,2019-01-29
28931,AW00028931,Rob,Johnson,M,M,2020-08-02
14688,AW00014688,Destiny,Ruiz,S,F,2019-08-01
18847,AW00018847,Jon,Ruiz,S,M,2023-06-03
15939,AW00015939,Marco,Walker,S,F,2022-05-01
20280,AW00020280,Jordan,Young,S,F,2024-09-18
12393,AW00012393,Ruben,Yang,S,F,2023-08-14
24708,AW00024708,Julio,Ruiz,S,M,2022-05-01
17081,AW00017081,Destiny,Walker,M,M,2019-05-05
14249,AW00014249,Chloe,Gray,M,F,2025-01-10
16169,AW00016169,Jordan,Hill,M,M,2022-03-24
17169,AW00017169,Chloe,Verhoff,M,F,2023-11-15
18791,AW00018791,Eugene,Torres,M,F,2021-09-30
18384,AW00018384, Ian,Suarez,M,,2022-04-07
11231,AW00011231,Christy,Zhu,S,M,2023-05-11
14643,AW00014643,Elizabeth,Suarez,M,M,2021-04-09
26719,AW00026719,Eugene,Sanchez,,F,2020-08-06
21453,AW00021453,Luke,Perez,S,M,2020-02-07
12681,AW00012681,Russell,Jenkins,S,M,2024-09-02
27231,AW00027231,Eugene,Huang,M,M,2022-03-24
21583,AW00021583,Destiny,Ruiz,M,F,2023-11-03
15909,AW00015909,Janet,Alvarez,M,M,2019-02-20
27268,AW00027268,Chloe,Young,S,F,2021-05-05
19208,AW00019208,Jon ,Jenkins,S,F,2023-11-29
24383,AW00024383,Curtis,Mehta,S,M,2023-01-04
11276,AW00011276,Ethan,Carlson,S,M,2022-07-27
25780,AW00025780,Chloe,Verhoff,S,M,2023-11-22
25906,AW00025906,Chloe, Torres,M,M,2025-01-20
16455,AW00016455,Jordan,Zhu,M,M,2025-06-23
11124,AW00011124,Janet,Yang,S,M,2020-06-01
12535,AW00012535,Jon,Ross,S,M,2021-09-08
20337,AW00020337,Jacquelyn,Huang,S,F,2021-09-19
21398,AW00021398,Marco,Perez,M,F,2023-01-27
,,Russell,Bennett,,,2024-01-01
13790,AW00013790,Ruben,Bennett,S,F,2025-06-03
28525,AW00028525,Shannon,Jenkins,M,M,2019-08-24
13170,AW00013170,Rob,Watson,M,M,2020-05-22
23499,AW00023499,Luke,Lu,S,M,2021-11-15
19981,AW00019981,Elizabeth,Jenkins,S,F,2024-01-06
14125,AW00014125,Clarence,Huang,M,F,2020-09-26
19142,AW00019142,Rob,Yang,M,M,2023-04-20
12423,AW00012423,Ian,Ross,M,F,2020-12-17
13433,AW00013433,Curtis,Yang,M,F,2021-06-05
12222,AW00012222,Rob ,Zhu,S,M,2021-04-26
19075,AW00019075,Eugene,Perez,M,F,2020-12-25
16438,AW00016438,Lauren,Wood,S,M,2019-06-12
18711,AW00018711,Jon,Diaz,M,F,2022-06-18
16488,AW00016488,Jacquelyn,Alvarez,M,F,2020-08-19
21626,AW00021626,Ruben,Diaz,S,F,2019-04-17
14762,AW00014762,Clarence,Carlson,M,F,2020-05-15
26075,AW00026075, Ruben,Perez,S,F,2020-06-08
20872,AW00020872,Destiny ,Zhu,M,F,2020-12-22
27953,AW00027953,Rob, Carlson,S,M,2022-03-15
23540,AW00023540,Eugene,Wood,S,M,2025-05-06
24111,AW00024111,Christy,Young,M,M,2022-08-24
14123,AW00014123,Curtis,Lu,M,M,2023-08-18
11078,AW00011078,Seth,Zhu,M,M,2024-04-11
26645,AW00026645,Russell,Johnson,S,F,2023-11-20
23014,AW00023014,Ruben,Perez,S,F,2022-04-27
23263,AW00023263,Ethan,Young,S,M,2021-10-07
13985,AW00013985,Shannon,Wood,M,F,2025-05-24
28537,AW00028537,Seth,Watson,S,M,2022-02-06
14294,AW00014294,Curtis,Perez,S,M,2024-12-25
28038,AW00028038,Julio,Wood,S,F,2022-09-25
16041,AW00016041,Ian,Zhu,M,F,2024-05-21
13198,AW00013198,Ethan,Jenkins,M,M,2024-01-20
24271,AW00024271,Chloe,Young,M,M,2024-10-16
11975,AW00011975,Wyatt,Zhu,,F,2022-10-24
28310,AW00028310,Eugene,Ward,S,M,2019-02-10
12070,AW00012070,Curtis,Bennett,S,F,2021-01-29
21889,AW00021889,Ian,Yang,M,M,2022-04-28
27993,AW00027993,Marco,Yang,S,F,2021-02-13
12425,AW00012425,Lauren,Carlson,M,M,2022-05-21
22973,AW00022973,Sydney,Jenkins,S,F,2019-04-26
17848,AW00017848,Seth,Yang,M,M,2025-04-02
18439,AW00018439,Janet,Torres,M,F,2020-04-08
11641,AW00011641,Jacquelyn,Jenkins,M,M,2021-12-13
14056,AW00014056,Ruben,Johnson,S,M,2019-11-05
18182,AW00018182,Marco ,Zhu,M,F,2023-10-30
19720,AW00019720,Jon,Perez,S,M,2021-09-03
15365,AW00015365,Curtis,Diaz,M,F,2019-10-20
14211,AW00014211,Chloe,Lu,M,M,2024-11-21
13831,AW00013831,Julio,Hill,S,M,2023-02-04
15892,AW00015892,Seth,Bennett,S,M,2023-08-06
22665,AW00022665,Janet,Alvarez,S,F,2019-12-03
15448,AW00015448,Jacquelyn,Yang,S,F,2019-02-10
13814,AW00013814,Ian,Verhoff,S,M,2022-12-26
16538,AW00016538,Marco,Johnson,M,M,2021-06-01
15495,AW00015495, Sydney,Hill,M,M,2024-03-04
13965,AW00013965,Chloe,Watson,M,M,2024-11-30
13903,AW00013903,Christy,Perez,S,F,2022-07-05
14728,AW00014728,Jacquelyn,Yang,S,M,2019-06-11
26744,AW00026744,Jordan,Johnson,M,M,2021-02-15
28258,AW00028258, Jordan,Zhu,M,F,2022-08-15
21378,AW00021378,Russell,Torres,S,F,2020-12-24
11918,AW00011918,Wyatt,Hill,S,F,2023-01-30
18083,AW00018083,Marco,Bennett,S,F,2020-04-10
23782,AW00023782,Ian,Torres,S,F,2022-08-30
18898,AW00018898,Ian,Gray,M,F,2021-11-16
26996,AW00026996,Ruben,Suarez,S,M,2025-02-14
11758,AW00011758,Marco,Lu,M,F,2020-12-28
14358,AW00014358,Destiny,Watson,S,F,2021-07-05
25305,AW00025305,Chloe,Sanchez,M,F,2023-07-27
28148,AW00028148,Curtis,Hill,M,M,2021-07-07
27028,AW00027028,Sydney,Gray,M,F,2020-08-16
20956,AW00020956,Wyatt,Torres,,M,2021-07-31
24940,AW00024940,Russell,Verhoff,S,M,2020-11-11
28665,AW00028665,Jacquelyn,Walker,M,M,2024-11-21
21852,AW00021852,Luke,Torres,,F,2020-07-25
12859,AW00012859,Ethan,Wood,S,F,2019-07-15
15197,AW00015197,Christy,Young,S,M,2019-04-14
28829,AW00028829,Marco,Lu,M,M,2020-07-22
21083,AW00021083,Clarence, Verhoff,M,F,2021-02-17
27544,AW00027544,Marco,Wood,S,F,2025-05-20
25182,AW00025182,Shannon,Ward,S,F,2020-08-11
24446,AW00024446,Elizabeth,Suarez,M,F,2024-11-02
15485,AW00015485,Rob,Wood,S,F,2025-03-26
18064,AW00018064,Jon,Diaz,S,F,2021-11-22
11979,AW00011979,Christy,Verhoff,S,F,2021-06-21
27246,AW00027246,Ruben,Gray,S,F,2021-08-14
20871,AW00020871,Ian,Carlson,M,M,2019-09-21
17711,AW00017711,Jordan,Bennett,S,F,2019-08-08
15229,AW00015229,Janet,Alvarez,S,,2020-10-23
19477,AW00019477,Seth,Mehta,S,M,2023-05-24
22391,AW00022391,Jon,Ruiz,M,M,2020-02-12
14814,AW00014814,Luke,Yang ,M,M,2020-06-16
20564,AW00020564,Christy,Ward,S,F,2021-11-14
24145,AW00024145,Seth,Johnson,M,F,2019-09-25
21823,AW00021823,Sydney,Verhoff,M,M,2023-06-28
13774,AW00013774,Rob,Young,M,F,2020-08-16
19120,AW00019120,Sydney,Hill,S,M,2023-11-09
13098,AW00013098,Destiny,Carlson,S,F,2020-10-29
20748,AW00020748,Lauren,Yang,S,M,2020-06-21
14793,AW00014793,Russell,Suarez,M,M,2021-03-21
24570,AW00024570,Eugene,Sanchez,M,F,2022-02-10
20682,AW00020682,Wyatt,Ruiz,S,F,2023-02-27
23472,AW00023472,Ian,Perez,M,F,2020-09-08
18000,AW00018000,Jacquelyn,Ward,M,M,2025-07-26
27975,AW00027975,Rob,Lu,M,F,2019-06-29
25471,AW00025471,Lauren,Alvarez,S,F,2019-08-14
25751,AW00025751,Jordan,Lu,S,M,2021-07-23
16965,AW00016965,Jon,Jenkins,S,F,2019-04-02
23210,AW00023210,Luke,Ward,S,M,2024-08-17
22904,AW00022904,Rob,Ross,M,M,2023-08-04
18582,AW00018582,Seth,Sanchez,S,M,2020-09-03
17523,AW00017523,Jordan,Mehta,S,M,2021-07-25
15370,AW00015370,Chloe,Young,M,M,2020-10-17
15627,AW00015627,Rob,Lu,M,F,2020-04-03
13857,AW00013857,Destiny,Yang,S,M,2021-07-19
12542,AW00012542,Jacquelyn,Gray,M,M,2020-10-18
24816,AW00024816,Christy,Carlson ,S,F,2021-01-09
24536,AW00024536,Eugene,Verhoff,M,F,2024-09-09
21198,AW00021198,Chloe,Gray,S,F,2023-04-27
11565,AW00011565,Wyatt,Ruiz,S,F,2025-04-12
20242,AW00020242,Curtis,Zhu,S,F,2020-05-17
28566,AW00028566, Luke,Carlson,M,F,2023-05-17
27140,AW00027140,Elizabeth,Torres,S,M,2019-06-02
20424,AW00020424,Wyatt,Yang,M,M,2022-03-31
23493,AW00023493,Ethan,Ross,S,M,2024-02-25
28323,AW00028323,Jon,Jenkins,M,F,2021-09-28
12046,AW00012046,Jon,Young,S,F,2023-09-18
12085,AW00012085, Ethan,Mehta,S,F,2020-03-08
26951,AW00026951,Russell , Wood,S,F,2021-09-29
11701,AW00011701,Curtis,Torres,M,F,2025-07-28
25167,AW00025167,Elizabeth,Walker,M,F,2023-12-28
16478,AW00016478,Elizabeth,Wood,S,M,2024-04-16
23041,AW00023041,Wyatt,Suarez,M,F,2023-06-04
20195,AW00020195,Seth,Gray,M,M,2025-01-09
28513,AW00028513,Chloe,Torres,M,M,2024-06-10
14480,AW00014480,Sydney,Gray,S,M,2021-05-28
12343,AW00012343,Wyatt,Zhu,M,M,2024-03-16
14070,AW00014070,Curtis,Perez,S,M,2021-10-27
17462,AW00017462,Elizabeth,Lu,M,F,2022-09-18
13440,AW00013440,Jordan,Verhoff,M,F,2021-10-23
15924,AW00015924,Wyatt,Walker ,M,F,2025-05-24
28233,AW00028233,Jacquelyn ,Diaz,S,M,2020-04-12
21849,AW00021849,Julio,Ward,M,F,2019-10-19
17167,AW00017167,Ethan,Zhu,M,F,2025-01-26
15302,AW00015302,Elizabeth,Perez,M,M,2020-07-12
25618,AW00025618,Curtis,Young,S,F,2023-07-06
20021,AW00020021,Eugene,Young,S,M,2022-03-11
18046,AW00018046,Jon,Alvarez,M,M,2019-03-28
26608,AW00026608,Marco,Carlson,M,F,2025-05-23
13340,AW00013340,Luke,Jenkins,M,M,2021-03-28
12594,AW00012594,Ruben,Yang,S,M,2023-05-11
26205,AW00026205,Ian,Zhu,S,F,2024-09-29
12915,AW00012915,Destiny,Sanchez ,M,M,2022-01-06
14560,AW00014560,Wyatt,Verhoff,M,M,2023-06-05
25574,AW00025574,Elizabeth,Lu,M,F,2019-09-22
26567,AW00026567,Ian,Hill,S,M,2025-07-20
19956,AW00019956,Rob,Verhoff,S,F,2021-01-29
22764,AW00022764,Sydney,Young,S,M,2020-05-25
12218,AW00012218,Eugene,Zhu,M,M,2025-06-23
17625,AW00017625,Chloe,Johnson,S,M,2024-01-14
23987,AW00023987,Curtis,Zhu,S,F,2024-05-30
23906,AW00023906,Ethan,Watson,M,M,2025-05-10
19373,AW00019373,Jordan,Torres ,M,M,2024-08-31
17919,AW00017919,Russell,Torres,S,F,2022-03-16
23410,AW00023410,Lauren,Suarez,S,F,2022-03-30
23899,AW00023899,Janet,Alvarez,M,M,2022-05-03
15471,AW00015471,Jacquelyn,Lu,M,F,2020-07-14
14315,AW00014315,Eugene,Lu,M,F,2023-11-11
11883,AW00011883,Ruben ,Zhu,S,M,2019-09-26
14757,AW00014757,Julio,Ruiz,S,M,2023-08-15
19537,AW00019537,Jordan,Walker,S,M,2025-04-17
18477,AW00018477,Jon,Johnson,M,M,2025-03-25
23900,AW00023900,Chloe,Bennett ,M,M,2019-09-13
25041,AW00025041,Curtis,Diaz,S,F,2023-01-06
19252,AW00019252,Ethan,Sanchez,S,M,2019-09-04
18734,AW00018734,Jordan,Sanchez,M,M,2021-05-08
12687,AW00012687,Curtis ,Carlson,M,F,2022-04-19
26063,AW00026063,Ethan,Carlson,M,F,2023-04-25
21394,AW00021394,Jon,Young,S,F,2019-10-14
24976,AW00024976,Janet,Verhoff,M,F,2023-05-10
15307,AW00015307,Seth,Lu,S,M,2021-08-04
24420,AW00024420,Jon,Lu,M,M,2024-01-09
26897,AW00026897, Curtis,Alvarez,M,M,2021-11-21
16990,AW00016990,Jordan,Ross,S,M,2022-04-19
18512,AW00018512,Christy,Zhu,M,M,2022-07-20
12833,AW00012833,Russell,Torres,M,M,2020-06-16
15908,AW00015908,Ian, Ward,S,M,2020-03-31
28265,AW00028265,Shannon,Suarez,S,F,2021-06-07
25354,AW00025354,Jacquelyn,Huang,S,M,2020-02-14
18105,AW00018105,Ethan,Bennett,M,M,2025-06-04
22133,AW00022133,Marco,Mehta,S,F,2024-11-02
22664,AW00022664,Janet,Gray,M,M,2023-03-13
14496,AW00014496,Ethan,Jenkins,S,M,2020-10-13
20162,AW00020162,Sydney,Ross,M,F,2021-08-05
17158,AW00017158,Jacquelyn,Suarez,S,M,2020-10-12
18205,AW00018205,Jon,Johnson,M,M,2024-01-01
13761,AW00013761,Jacquelyn,Hill,M,F,2022-05-12
12258,AW00012258, Ruben,Ross,S,M,2024-06-16
23308,AW00023308,Jordan,Johnson,S,M,2022-08-29
26801,AW00026801,Shannon ,Johnson,M,F,2020-05-21
26658,AW00026658,Janet,Sanchez,S,M,2024-03-01
25665,AW00025665,Seth,Diaz,M,M,2023-11-18
19998,AW00019998,Wyatt,Hill,M,M,2019-10-22
19866,AW00019866,Jacquelyn,Perez,S,M,2022-02-09
21425,AW00021425,Jon,Verhoff,M,M,2019-08-12
23339,AW00023339,Ethan,Bennett,M,M,2021-11-27
21597,AW00021597,Marco,Yang,S,F,2021-09-10
20058,AW00020058,Elizabeth,Gray,S,F,2024-05-15
17340,AW00017340,Lauren,Verhoff,M,M,2019-10-07
11949,AW00011949,Rob,Young,S,M,2022-03-06
14868,AW00014868,Clarence,Johnson,S,M,2024-01-23
26488,AW00026488,Julio,Torres,S,F,2020-05-07
15331,AW00015331,Chloe,Diaz,M,F,2021-10-17
28700,AW00028700,Ian,Alvarez,M,F,2022-10-07
16906,AW00016906,Rob,Torres ,S,F,2025-04-03
19188,AW00019188,Lauren,Mehta,S,F,2019-11-02
11319,AW00011319,Russell,Bennett,S,M,2022-06-21
19552,AW00019552,Janet,Gray,M,F,2023-06-04
22659,AW00022659,Ethan,Mehta,M,F,2020-06-27
18714,AW00018714,Russell,Yang,M,M,2024-07-05
17901,AW00017901,Destiny,Ross,M,F,2020-11-09
16124,AW00016124,Jon,Johnson,S,F,2019-09-15
12905,AW00012905,Rob,Watson,M,F,2023-02-17
25638,AW00025638,Russell,Carlson,M,M,2022-05-01
11114,AW00011114,Russell,Perez,S,F,2021-06-17
21842,AW00021842,Chloe,Bennett,S,M,2023-08-25
14098,AW00014098,Elizabeth,Suarez,S,M,2021-10-17
23288,AW00023288,Janet,Lu,S,M,2021-12-23
15459,AW00015459,Russell,Walker,M,M,2022-12-28
12712,AW00012712,Wyatt,Walker,S,F,2019-09-06
20126,AW00020126,Elizabeth,Watson,S,M,2021-09-15
17739,AW00017739,Janet,Sanchez,S,F,2022-06-21
23810,AW00023810,Lauren,Jenkins ,M,F,2021-04-30
28612,AW00028612,Luke,Walker,M,M,2024-10-01
18270,AW00018270,Marco,Diaz,M,F,2025-03-30
14609,AW00014609,Elizabeth,Watson,M,F,2025-04-28
24864,AW00024864,Ian,Ruiz,S,M,2025-05-04
13400,AW00013400,Destiny,Yang,S,F,2023-09-23
18273,AW00018273,Janet,Walker,M,F,2024-02-27
19323,AW00019323,Ethan,Jenkins,S,F,2023-08-26
16077,AW00016077,Janet,Huang,S,F,2022-05-13
16226,AW00016226,Curtis, Walker,M,M,2022-05-08
28361,AW00028361,Julio,Ruiz,S,M,2021-07-05
17745,AW00017745,Jacquelyn,Mehta,S,F,2019-12-15
26815,AW00026815,Christy,Torres,S,M,2019-04-03
14945,AW00014945, Rob,Bennett,S,F,2021-12-13
16545,AW00016545,Destiny,Yang,S,F,2023-10-29
19014,AW00019014,Julio,Young,M,M,2022-03-25
24737,AW00024737,Clarence,Mehta,M,M,2020-09-25
22591,AW00022591,Lauren,Diaz,S,F,2023-02-07
16542,AW00016542,Eugene,Zhu,S,M,2021-05-16
13827,AW00013827,Elizabeth,Mehta,S,M,2020-06-08
12583,AW00012583,Russell,Hill,M,M,2025-07-18
27431,AW00027431,Jon,Zhu,M,M,2024-08-25
24093,AW00024093,Ruben,Young,M,F,2024-05-01
16135,AW00016135,Russell,Bennett,S,M,2024-11-19
23933,AW00023933,Jon,Ward,M,F,2022-04-24
21573,AW00021573,Eugene,Watson,M,M,2021-12-02
11718,AW00011718,Jordan,Diaz,M,M,2023-11-02
20925,AW00020925,Ian,Watson,S,F,2022-12-19
21363,AW00021363,Luke,Verhoff,M,F,2024-06-22
15084,AW00015084,Russell,Yang,S,M,2019-01-13
18738,AW00018738,Christy,Huang,M,F,2019-09-29
18232,AW00018232,Lauren,Johnson,M,M,2023-07-31
14502,AW00014502,Julio,Diaz,S,F,2022-12-27
20293,AW00020293,Luke,Perez,S,F,2023-04-26
26191,AW00026191,Christy,Sanchez,M,F,2023-12-01
11321,AW00011321,Shannon,Watson,M,F,2020-10-25
13892,AW00013892,Marco,Lu,M,F,2019-06-13
12902,AW00012902,Lauren,Jenkins,M,F,2023-04-23
14265,AW00014265,Luke,Perez,M,F,2020-05-25
23913,AW00023913,Ruben,Lu,S,M,2024-06-21
22566,AW00022566,Clarence,Verhoff,S,F,2023-05-31
16154,AW00016154,Jordan ,Alvarez,S,M,2024-10-15
21044,AW00021044,Destiny, Verhoff,S,F,2023-10-27
13055,AW00013055,Seth,Perez,S,M,2020-09-01
22630,AW00022630,Ruben,Gray,M,M,2020-05-25
15345,AW00015345,Ruben,Ruiz,S,F,2019-06-14
17589,AW00017589,Sydney,Jenkins,M,,2021-09-25
17173,AW00017173,Ian,Wood,M,F,2020-02-22
27148,AW00027148,Ian, Yang,M,M,2021-07-01
23345,AW00023345,Destiny,Hill,S,M,2020-12-01
15053,AW00015053,Curtis, Watson,M,M,2021-01-20
21633,AW00021633,Jacquelyn,Carlson,M,F,2022-09-03
28486,AW00028486,Jon,Diaz,M,M,2019-10-01
11740,AW00011740,Lauren,Wood,M,F,2024-10-29
18548,AW00018548,Sydney,Gray,S,M,2025-06-24
15919,AW00015919,Chloe,Diaz,S,M,2022-05-12
27851,AW00027851,Curtis,Young,M,F,2023-11-13
17328,AW00017328,Janet,Sanchez,S,F,2025-05-06
19524,AW00019524,Christy,Young,S,F,2024-02-08
12255,AW00012255,Clarence,Alvarez,S,F,2020-07-23
25785,AW00025785,Ethan,Bennett,S,F,2024-01-12
13615,AW00013615,Shannon,Huang,M,F,2020-12-30
11679,AW00011679,Ruben,Suarez,S,M,2024-03-03
26481,AW00026481,Russell,Alvarez,S,F,2024-08-07
26144,AW00026144,Janet, Diaz,M,F,2022-02-02
14322,AW00014322,Jordan,Bennett,M,F,2022-03-13
19160,AW00019160,Marco,Carlson,M,M,2023-12-09
15337,AW00015337,Luke,Perez,S,M,2024-02-04
24933,AW00024933,Elizabeth,Perez,S,F,2021-04-29
16551,AW00016551,Russell,Mehta,S,F,2024-04-03
23897,AW00023897,Lauren,Gray,S,F,2020-08-23
11045,AW00011045,Julio,Verhoff,M,M,2019-11-05
11884,AW00011884,Janet,Ward,S,,2020-03-01
23317,AW00023317,Clarence,Ruiz,S,F,2021-03-08
13265,AW00013265,Sydney,Ruiz,M,F,2021-08-26
16637,AW00016637,Rob,Lu,S,F,2023-09-25
12652,AW00012652,Jacquelyn,Carlson,S,M,2021-12-25
20415,AW00020415,Shannon,Ruiz,M,F,2019-04-10
16271,AW00016271,Elizabeth,Yang ,M,M,2023-07-04
25976,AW00025976,Christy,Yang,M,M,2025-01-06
22097,AW00022097,Janet,Bennett,M,F,2024-03-23
23699,AW00023699,Chloe,Gray,M,M,2020-04-14
28069,AW00028069,Russell,Walker,M,F,2025-02-05
20840,AW00020840,Russell,Jenkins,M,F,2023-07-04
23993,AW00023993,Christy,Suarez,S,M,2021-05-25
27309,AW00027309,Rob,Ward,M,,2023-10-18
11947,AW00011947,Ian,Mehta,M,F,2022-12-06
14170,AW00014170,Curtis,Watson,M,M,2024-07-18
19644,AW00019644,Wyatt,Perez,M,M,2024-03-25
24964,AW00024964,Elizabeth,Gray,M,M,2025-01-09
16467,AW00016467,Sydney ,Lu,M,M,2023-02-06
22455,AW00022455,Ruben,Yang,M,F,2024-02-22
17689,AW00017689,Sydney,Ward,M,F,2022-02-09
28893,AW00028893,Destiny,Johnson,M,F,2019-11-22
23940,AW00023940,Ethan, Walker,S,F,2021-02-24
11316,AW00011316,Jordan,Walker,S,M,2021-01-10
15704,AW00015704,Curtis,Yang,S,F,2020-03-21
22972,AW00022972,Curtis, Perez,M,M,2022-11-14
22953,AW00022953,Eugene,Suarez,M,F,2020-08-05
16845,AW00016845,Chloe,Ruiz,S,M,2019-04-05
16095,AW00016095,Seth,Watson,M,M,2023-01-28
19492,AW00019492,Wyatt,Diaz,M,F,2024-03-27
25837,AW00025837,Ian,Wood,M,F,2020-10-06
17321,AW00017321,Jon,Suarez,S,F,2023-08-08
20352,AW00020352,Rob,Verhoff,M,M,2022-05-09
25727,AW00025727,Luke,Lu,,F,2025-01-18
27913,AW00027913,Marco,Suarez,M,M,2019-09-19
22976,AW00022976,Ian,Torres,M,M,2019-02-11
18256,AW00018256,Seth ,Bennett,M,F,2021-04-18
14493,AW00014493,Janet,Alvarez,S,M,2022-04-23
17142,AW00017142,Lauren,Jenkins,S,F,2023-11-21
18914,AW00018914,Elizabeth,Mehta,S,M,2025-03-13
22225,AW00022225,Shannon,Diaz,M,M,2023-03-18
16656,AW00016656, Ruben,Johnson,S,M,2020-08-02
24220,AW00024220,Chloe,Jenkins,S,M,2024-04-29
23143,AW00023143,Ruben,Carlson,M,M,2021-12-15
28926,AW00028926,Wyatt ,Watson ,S,F,2019-06-17
26886,AW00026886,Julio,Suarez,S,F,2023-03-25
23169,AW00023169,Shannon,Hill,S,F,2019-08-18
12052,AW00012052,Janet,Bennett,S,M,2024-04-20
23890,AW00023890,Jordan,Verhoff,S,M,2020-12-09
16581,AW00016581,Jacquelyn,Lu ,,M,2024-06-25
21096,AW00021096,Ruben,Perez,M,M,2024-11-19
13065,AW00013065,Chloe,Verhoff ,S,F,2021-01-27
14606,AW00014606,Marco,Johnson,M,M,2022-04-20
25194,AW00025194,Sydney,Carlson,S,F,2019-11-03
12220,AW00012220,Janet,Carlson,M,F,2023-12-12
24341,AW00024341,Seth,Huang,S,F,2023-04-21
13911,AW00013911,Seth,Suarez,M,F,2020-06-28
16432,AW00016432,Luke,Wood,M,M,2019-09-12
28627,AW00028627,Luke,Wood,S,M,2020-09-28
16119,AW00016119, Chloe,Diaz,M,M,2022-07-13
21802,AW00021802,Seth,Huang,S,F,2024-10-04
17811,AW00017811,Clarence,Verhoff,M,F,2024-09-26
18962,AW00018962,Julio,Torres,M,M,2019-08-16
26618,AW00026618,Chloe,Gray ,S,M,2023-08-22
23763,AW00023763,Janet,Sanchez,S,F,2022-08-01
20810,AW00020810,Jacquelyn,Huang,S,F,2023-10-30
14586,AW00014586,Russell,Johnson,M,M,2019-06-22
11810,AW00011810,Julio,Huang,M,M,2024-05-22
19505,AW00019505,Destiny,Suarez,M,F,2020-09-15
27139,AW00027139,Christy,Alvarez,M,M,2021-06-10
26371,AW00026371,Julio,Gray,M,F,2025-07-16
19906,AW00019906,Clarence,Walker,M,F,2023-08-22
27019,AW00027019,Luke,Walker ,S,F,2019-12-25
24950,AW00024950,Eugene,Huang,M,F,2025-01-16
24758,AW00024758,Rob,Walker,M,F,2021-10-01
28797,AW00028797,Lauren,Ward,M,M,2021-02-28
13473,AW00013473,Wyatt,Johnson,M,M,2021-01-06
13944,AW00013944,Jacquelyn,Bennett,S,F,2019-03-25
23752,AW00023752,Shannon,Watson,M,M,2021-10-29
15114,AW00015114,Ian,Ward,S,M,2020-08-02
27278,AW00027278,Clarence,Lu,S,F,2024-03-10
17264,AW00017264,Shannon,Alvarez,S,M,2023-07-31
16875,AW00016875,Luke ,Ruiz,S,M,2020-11-17
11952,AW00011952,Jon,Walker,S,F,2023-08-02
12114,AW00012114,Ruben,Zhu,M,F,2023-02-05
22237,AW00022237,Jacquelyn,Verhoff,M,F,2024-01-13
12832,AW00012832,Julio,Zhu,S,F,2024-05-12
28187,AW00028187,Janet,Jenkins,M,M,2024-12-11
27157,AW00027157,Luke,Zhu,M,M,2019-02-02
16067,AW00016067,Seth,Carlson,M,F,2020-04-25
27430,AW00027430,Ian,Lu,S,F,2021-08-17
27436,AW00027436,Ruben,Suarez,M,M,2020-01-23
26020,AW00026020,Janet, Young,M,M,2020-06-14
17846,AW00017846,Sydney,Lu,M,M,2019-09-14
16648,AW00016648,Jacquelyn,Johnson,M,F,2023-10-13
28252,AW00028252,Chloe,Ruiz,S,F,2022-11-13
28409,AW00028409,Luke,Ruiz,M,F,2022-03-15
15324,AW00015324,Janet,Alvarez ,S,M,2021-08-15
24857,AW00024857,Ruben,Ross,S,M,2022-01-14
25077,AW00025077,Christy,Torres,M,F,2020-05-20
14765,AW00014765,Luke,Suarez,M,F,2025-06-23
20648,AW00020648,Lauren,Bennett,S,F,2019-03-14
21605,AW00021605,Clarence,Torres,M,F,2020-05-17
26879,AW00026879,Ian,Watson,S,F,2020-07-01
13661,AW00013661,Shannon,Jenkins,M,M,2024-01-19
22195,AW00022195,Luke,Bennett,M,F,2020-03-13
12967,AW00012967,Seth,Wood,M,M,2020-06-20
19480,AW00019480,Rob,Torres ,S,F,2025-01-15
20779,AW00020779, Marco,Ward,M,F,2022-02-12
20369,AW00020369,Seth,Perez,S,M,2024-01-13
17824,AW00017824,Russell,Wood,M,F,2021-01-08
20343,AW00020343,Curtis,Yang,M,M,2021-01-05
26917,AW00026917,Ian,Wood,S,M,2022-06-23
22673,AW00022673,Clarence,Suarez,M,M,2020-05-07
16295,AW00016295,Chloe,Sanchez,M,M,2021-08-07
18561,AW00018561,Lauren,Carlson,M,M,2024-10-27
25435,AW00025435, Sydney,Bennett,M,M,2024-08-08
25429,AW00025429,Eugene,Jenkins,M,F,2025-05-26
16412,AW00016412,Clarence,Diaz,M,F,2025-03-18
27635,AW00027635,Rob,Carlson,S,F,2019-03-27
25825,AW00025825,Jacquelyn, Lu,M,M,2020-05-11
22695,AW00022695,Jordan,Yang,M,M,2025-06-08
12475,AW00012475,Seth,Watson,M,F,2022-12-29
18212,AW00018212,Julio,Torres,M,F,2020-06-25
21424,AW00021424,Christy,Zhu,M,F,2019-03-22
22517,AW00022517,Destiny,Yang,S,M,2020-12-02
25839,AW00025839,Ruben,Perez,S,M,2024-05-12
27064,AW00027064,Julio,Young,M,F,2022-05-27
24661,AW00024661,Lauren,Mehta,S,M,2024-11-26
28581,AW00028581,Elizabeth,Sanchez,S,F,2023-02-28
17543,AW00017543,Rob,Diaz,S,M,2020-01-16
15117,AW00015117,Jon,Bennett,S,M,2022-11-11
19176,AW00019176,Ian ,Alvarez,S,F,2019-08-31
13290,AW00013290,Janet,Torres,M,F,2020-11-03
21912,AW00021912,Jacquelyn,Zhu,S,M,2023-02-05
22119,AW00022119,Elizabeth,Young,M,F,2021-09-09
18106,AW00018106,Ethan,Jenkins,S,F,2022-10-11
24523,AW00024523,Clarence,Suarez,S,M,2019-05-10
23216,AW00023216,Christy ,Young,S,F,2024-12-04
17234,AW00017234,Rob,Young,S,F,2023-04-14
25498,AW00025498,Christy,Mehta ,M,M,2021-09-07
14836,AW00014836,Luke,Jenkins,S,F,2024-12-17
23293,AW00023293,Christy,Ruiz,M,F,2021-08-22
28550,AW00028550,Janet,Ward,S,M,2024-11-03
28430,AW00028430,Ethan,Wood,S,F,2019-12-10
18174,AW00018174,Russell,Johnson,S,M,2019-09-01
24137,AW00024137,Jon,Jenkins,S,M,2023-01-17
21974,AW00021974,Luke,Walker,M,F,2020-08-25
18655,AW00018655,Clarence,Ruiz,S,F,2020-12-28
15805,AW00015805,Chloe,Zhu,S,M,2024-03-18
19716,AW00019716,Luke,Carlson,M,M,2020-06-30
12930,AW00012930,Jacquelyn,Lu,M,F,2021-09-08
25079,AW00025079,Jacquelyn,Watson,S,F,2019-04-30
16300,AW00016300,Seth,Ruiz,S,,2021-08-14
20162,AW00020162,Sydney,Ross,S,F,2020-07-12
18976,AW00018976,Eugene,Gray,S,M,2023-11-06
28191,AW00028191,Ian,Ross,S,F,2024-12-28
18211,AW00018211,Chloe, Perez,M,F,2019-07-03
23789,AW00023789,Ruben,Zhu,M,F,2022-05-25
26896,AW00026896,Jon,Carlson,M,F,2019-10-19
26667,AW00026667,Christy,Lu,M,M,2022-04-29
15775,AW00015775,Eugene,Lu,S,F,2020-02-21
13897,AW00013897,Rob, Lu,M,F,2021-10-15
13406,AW00013406,Chloe,Hill,S,F,2023-11-03
28465,AW00028465,Shannon,Ross,M,M,2022-09-13
12000,AW00012000,Lauren,Verhoff,M,M,2025-05-29
18909,AW00018909,Lauren,Lu,S,F,2023-03-09
16903,AW00016903,Seth,Jenkins,S,M,2020-09-19
27908,AW00027908,Marco,Yang,M,M,2020-03-03
25058,AW00025058,Elizabeth,Walker,M,M,2024-02-13
11966,AW00011966,Destiny,Young,M,M,2021-04-06
17653,AW00017653,Julio,Gray,M,F,2020-10-16
11736,AW00011736,Sydney,Ruiz,S,M,2021-02-28
27272,AW00027272,Lauren,Zhu,M,M,2021-12-12
25529,AW00025529,Ian,Verhoff,S,F,2019-03-11
27974,AW00027974,Julio,Zhu,S,M,2020-01-23
28320,AW00028320, Luke,Lu,S,M,2020-03-07
21662,AW00021662,Luke,Suarez,S,M,2024-04-25
19049,AW00019049,Ruben,Yang,S,M,2020-06-07
23430,AW00023430, Ruben,Verhoff,S,M,2021-12-19
15894,AW00015894,Luke ,Lu,M,M,2021-01-28
14410,AW00014410,Ethan,Watson,M,F,2023-05-06
18947,AW00018947,Lauren,Ward,M,F,2023-12-08
24364,AW00024364,Christy,Alvarez,M,M,2020-04-09
21023,AW00021023,Ian,Diaz,M,M,2019-06-07
15020,AW00015020,Shannon,Walker,S,M,2020-01-31
15970,AW00015970,Curtis,Watson,M,F,2019-04-20
14558,AW00014558,Eugene,Carlson,S,F,2021-09-05
20403,AW00020403,Rob,Jenkins,S,M,2022-07-06
23162,AW00023162,Russell,Mehta,M,F,2019-07-01
28488,AW00028488,Ian,Young,M,F,2021-12-22
13141,AW00013141,Wyatt,Ruiz,S,F,2023-10-02
25092,AW00025092, Rob,Torres,M,M,2020-07-20
26750,AW00026750,Marco,Suarez,S,M,2024-01-21
11506,AW00011506,Wyatt,Perez,,F,2019-03-12
23964,AW00023964,Russell, Suarez,S,M,2021-01-17
18697,AW00018697,Ruben,Perez,M,M,2019-11-28
11272,AW00011272,Julio,Watson,S,M,2022-01-19
25674,AW00025674,Eugene,Mehta,,F,2020-10-22
24671,AW00024671,Janet,Huang,M,F,2025-06-20
16096,AW00016096,Marco,Yang,S,F,2019-10-29
12413,AW00012413,Ruben,Wood,M,M,2024-09-27
23095,AW00023095,Jacquelyn,Ross,S,M,2024-09-10
22077,AW00022077,Destiny,Mehta,M,F,2025-05-25
17688,AW00017688,Jordan,Perez,M,F,2022-07-04
16585,AW00016585,Julio,Verhoff ,M,F,2020-05-07
11994,AW00011994,Seth,Hill,M,F,2019-02-04
28799,AW00028799,Wyatt,Walker,M,M,2022-05-08
21265,AW00021265, Chloe,Lu,M,M,2021-05-29
17821,AW00017821,Chloe,Ward,M,F,2024-01-05
20354,AW00020354,Russell,Walker,M,M,2024-12-11
22535,AW00022535,Luke,Verhoff,M,F,2023-12-22
28601,AW00028601,Shannon,Young,M,F,2021-11-20
12302,AW00012302,Jacquelyn,Huang,M,F,2020-12-29
12773,AW00012773,Wyatt,Wood,S,F,2022-11-09
17960,AW00017960,Chloe,Zhu,M,M,2019-04-19
22172,AW00022172,Curtis,Ward ,S,F,2021-07-16
21431,AW00021431,Eugene,Ward,M,M,2019-11-04
17181,AW00017181,Ethan,Torres,M,F,2020-06-30
16884,AW00016884,Chloe,Carlson,M,M,2022-07-17
26121,AW00026121,Jon,Diaz,S,M,2024-11-28
12045,AW00012045,Russell,Yang,S,,2020-09-09
25635,AW00025635,Christy,Sanchez,M,F,2021-02-25
11571,AW00011571,Jacquelyn,Alvarez,M,M,2021-12-10
28357,AW00028357,Eugene,Johnson,M,M,2024-12-02
26848,AW00026848,Lauren,Lu,M,M,2020-08-15
17395,AW00017395,Jon,Huang,S,M,2025-04-24
22940,AW00022940,Luke ,Jenkins,S,F,2025-07-02
20041,AW00020041,Luke,Jenkins,M,M,2020-04-18
27472,AW00027472, Russell, Zhu,M,M,2020-04-20
26163,AW00026163,Elizabeth,Diaz,M,F,2023-05-14
16814,AW00016814,Ian,Johnson,S,F,2020-06-02
20387,AW00020387,Destiny,Ruiz,S,F,2021-09-13
22363,AW00022363,Luke,Suarez,S,M,2019-05-14
28451,AW00028451,Destiny,Walker,S,F,2020-11-13
26732,AW00026732,Eugene,Johnson,S,F,2023-06-05
22059,AW00022059,Lauren,Bennett,M,F,2022-10-12
13942,AW00013942,Rob,Young,S,M,2021-06-20
15875,AW00015875,Janet,Alvarez,S,M,2025-02-18
25010,AW00025010,Seth,Johnson,M,M,2025-02-01
17141,AW00017141,Russell,Alvarez,M,M,2024-05-18
22912,AW00022912,Christy,Gray,M,M,2023-01-15
26338,AW00026338,Marco,Zhu,M,F,2020-10-04
27324,AW00027324,Rob,Hill,S,M,2022-02-17
21716,AW00021716,Marco,Wood,S,F,2024-08-30
22247,AW00022247,Christy,Diaz,S,M,2022-03-06
14739,AW00014739,Russell,Gray,S,F,2022-03-25
16375,AW00016375,Ruben,Zhu,S,F,2024-12-28
24617,AW00024617,Clarence,Mehta,M,M,2020-06-13
26261,AW00026261,Ethan,Zhu,S,M,2023-04-12
23826,AW00023826,Christy,Bennett,M,F,2022-06-17
14647,AW00014647,Lauren,Zhu ,S,F,2021-09-01
18623,AW00018623,Lauren,Sanchez,M,M,2025-06-30
15081,AW00015081,Sydney,Diaz,S,F,2023-02-08
23860,AW00023860,Jon,Walker,M,F,2020-08-03
27239,AW00027239,Seth,Torres,M,F,2021-09-13
19786,AW00019786,Clarence,Bennett,M,F,2021-04-27
28693,AW00028693,Luke,Suarez,M,M,2022-12-06
18435,AW00018435,Marco,Suarez,S,M,2024-01-19
26218,AW00026218,Ian,Watson,M,M,2023-11-20
23107,AW00023107,Marco,Bennett,M,F,2021-08-25
19118,AW00019118,Russell,Alvarez,S,F,2024-07-16
17795,AW00017795,Ruben,Walker ,M,M,2022-12-01
25631,AW00025631,Elizabeth,Huang,S,M,2022-03-30
25062,AW00025062,Wyatt,Ross,M,F,2020-05-19
27275,AW00027275,Clarence,Johnson,S,M,2021-01-14
20029,AW00020029,Marco,Ross,S,F,2022-06-29
20879,AW00020879,Shannon,Walker,S,M,2023-11-06
17127,AW00017127,Ruben,Young,M,F,2022-09-12
14096,AW00014096,Jacquelyn , Gray,S,F,2024-05-04
24273,AW00024273,Ian, Verhoff,S,M,2025-03-12
24502,AW00024502,Seth,Ross,M,F,2021-04-24
16429,AW00016429,Marco,Mehta,M,F,2021-06-01
13276,AW00013276,Ruben,Alvarez,M,M,2019-08-04
25698,AW00025698,Russell,Watson,S,M,2023-11-20
28321,AW00028321,Curtis ,Torres,M,F,2025-01-20
28169,AW00028169,Ian,Diaz,M,F,2025-01-16
21085,AW00021085,Destiny,Verhoff,M,M,2024-05-10
24595,AW00024595,Chloe,Mehta,S,M,2024-03-10
17943,AW00017943,Ruben,Yang,S,M,2020-04-16
14134,AW00014134,Marco,Sanchez,M,M,2022-12-02
14578,AW00014578,Chloe,Suarez,S,M,2023-07-27
16150,AW00016150,Julio,Bennett,M,M,2020-10-15
19326,AW00019326,Ian,Ross,S,F,2025-05-18
11330,AW00011330,Eugene,Carlson ,M,M,2024-04-05
27587,AW00027587,Chloe,Bennett,S,M,2024-09-23
28262,AW00028262,Destiny,Hill,S,F,2020-10-13
13584,AW00013584,Shannon,Hill,S,M,2025-04-13
15910,AW00015910,Destiny,Diaz,M,F,2020-01-17
19057,AW00019057,Luke,Wood,S,M,2019-03-08
12427,AW00012427,Jon,Yang,S,F,2022-05-14
27838,AW00027838,Ethan,Bennett,M,F,2019-08-01
12935,AW00012935,Jordan,Ward,M,F,2021-02-08
18639,AW00018639,Sydney,Mehta,M,M,2022-02-05
18773,AW00018773,Jordan,Carlson,M,M,2020-05-26
15636,AW00015636,Ruben,Sanchez,S,M,2024-07-02
15895,AW00015895,Ruben,Young,M,M,2019-03-18
20508,AW00020508,Luke,Ruiz,M,M,2024-05-24
19370,AW00019370,Eugene,Lu,M,F,2025-03-25
15642,AW00015642,Eugene, Hill,S,M,2021-07-06
12075,AW00012075,Wyatt,Ward,S,M,2020-06-15
11493,AW00011493,Russell,Young ,M,M,2023-02-27
13912,AW00013912,Lauren,Zhu,M,M,2022-08-19
15544,AW00015544,Shannon,Suarez,S,M,2022-05-11
23301,AW00023301,Russell,Zhu,S,M,2019-01-11
22389,AW00022389,Luke,Mehta,S,M,2019-12-10
20438,AW00020438,Shannon,Alvarez,M,F,2021-03-09
19696,AW00019696,Lauren,Verhoff,M,M,2024-12-04
13818,AW00013818,Lauren,Sanchez,S,M,2020-12-18
12468,AW00012468,Clarence,Jenkins,M,F,2021-02-12
27437,AW00027437,Julio,Diaz,S,M,2020-10-29
16765,AW00016765,Rob,Walker,M,M,2019-02-03
20948,AW00020948,Clarence,Torres,S,F,2019-01-14
14975,AW00014975,Russell,Walker,M,,2019-09-07
25512,AW00025512,Janet ,Mehta,M,M,2023-07-29
27248,AW00027248,Marco,Mehta,S,M,2020-08-02
15757,AW00015757,Elizabeth,Carlson,M,M,2021-06-21
28180,AW00028180,Destiny , Alvarez,M,F,2019-08-21
18910,AW00018910, Lauren,Sanchez,S,F,2020-07-25
22042,AW00022042,Jacquelyn,Lu,S,M,2023-11-02
21386,AW00021386,Ian,Ruiz,S,M,2024-02-24
23607,AW00023607,Chloe,Perez,S,M,2024-08-02
20689,AW00020689,Wyatt,Watson,S,F,2021-09-19
27163,AW00027163,Clarence,Carlson,S,F,2023-08-13
18090,AW00018090,Wyatt,Hill,M,M,2021-12-13
17933,AW00017933,Christy,Johnson,S,M,2019-12-20
18663,AW00018663,Christy,Bennett,M,M,2020-09-15
28652,AW00028652,Jon,Wood,S,F,2021-03-31
12584,AW00012584,Jon,Hill,S,F,2019-11-11
15686,AW00015686,Ruben,Yang,S,M,2021-04-01
17959,AW00017959,Janet,Gray,M,M,2019-04-30
17621,AW00017621,Julio,Zhu ,S,F,2024-11-06
24830,AW00024830,Ethan,Yang,M,F,2019-02-12
15759,AW00015759,Jordan,Torres,S,F,2020-12-19
12501,AW00012501,Lauren,Suarez,S,F,2020-02-14
13172,AW00013172,Lauren,Jenkins,S,F,2023-02-11
14313,AW00014313,Sydney,Johnson,M,M,2021-10-02
11360,AW00011360,Luke,Huang,S,F,2023-02-28
25901,AW00025901,Clarence,Suarez,S,M,2021-03-13
20842,AW00020842,Jacquelyn,Yang,M,M,2025-06-28
14625,AW00014625,Elizabeth,Mehta,M,F,2019-06-16
24256,AW00024256, Ethan,Ross,M,M,2022-05-09
23908,AW00023908,Sydney,Jenkins,S,M,2024-02-28
28162,AW00028162,Seth,Ward,S,M,2024-08-31
22392,AW00022392,Wyatt,Huang,M,M,2021-10-02
24928,AW00024928,Russell,Carlson,S,M,2022-02-21
26174,AW00026174,Shannon,Carlson,S,M,2021-04-21
17987,AW00017987,Ruben,Torres,M,F,2019-02-17
13520,AW00013520,Wyatt,Alvarez,M,M,2025-04-22
18188,AW00018188,Rob,Watson,S,M,2021-11-02
12160,AW00012160,Lauren,Hill,S,M,2022-04-07
20800,AW00020800,Shannon, Young,M,F,2019-12-29
26612,AW00026612,Ruben,Mehta,,F,2020-11-21
16914,AW00016914,Wyatt,Ward,M,M,2023-10-22
28800,AW00028800,Wyatt,Bennett,S,M,2019-11-27
22294,AW00022294,Wyatt,Bennett,M,M,2021-03-06
28624,AW00028624,Curtis,Bennett,M,F,2025-02-13
21047,AW00021047,Shannon,Gray,M,F,2019-10-26
22663,AW00022663,Shannon,Walker,,M,2023-07-13
28183,AW00028183,Seth,Ward,S,F,2019-10-06
18594,AW00018594,Elizabeth, Watson,S,M,2021-03-30
24141,AW00024141,Jordan,Alvarez,M,F,2022-10-09
17453,AW00017453,Destiny,Verhoff,M,F,2025-02-25
24325,AW00024325,Marco,Hill,S,M,2021-11-01
17185,AW00017185,Lauren,Wood,M,F,2024-03-30
19555,AW00019555,Rob,Diaz,M,F,2023-03-25
27279,AW00027279,Jordan,Alvarez,S,F,2021-11-18
23188,AW00023188,Sydney,Suarez,M,M,2023-11-14
14489,AW00014489,Ian,Gray,M,F,2024-01-27
15396,AW00015396,Seth,Jenkins,S,M,2019-11-04
28083,AW00028083,Russell,Jenkins,M,F,2021-03-01
26396,AW00026396, Curtis,Verhoff,M,M,2022-01-27
15611,AW00015611,Christy,Alvarez,M,M,2024-09-17
24658,AW00024658,Shannon ,Ross,M,F,2021-09-15
21969,AW00021969,Russell,Bennett,S,F,2022-08-25
24247,AW00024247,Lauren,Johnson,M,M,2025-06-15
12398,AW00012398,Curtis,Carlson,M,M,2020-10-20
11408,AW00011408,Sydney,Johnson,S,F,2022-07-28
26987,AW00026987,Clarence,Torres,S,F,2023-09-28
13933,AW00013933,Luke,Hill,M,M,2025-01-19
17860,AW00017860,Russell,Watson,S,M,2020-10-14
26496,AW00026496,Destiny,Mehta,S,M,2023-04-08
24622,AW00024622,Clarence,Gray,S,F,2019-10-28
18320,AW00018320,Julio,Watson,S,F,2021-01-12
20669,AW00020669,Elizabeth,Verhoff ,S,F,2024-05-18
15865,AW00015865,Seth,Zhu,S,F,2021-08-01
14076,AW00014076,Russell,Young,M,F,2022-05-14
16179,AW00016179,Christy,Hill,S,F,2025-06-10
27942,AW00027942,Ethan,Bennett,M,F,2019-03-25
17519,AW00017519,Chloe,Johnson,S,F,2022-09-05
27516,AW00027516,Clarence ,Diaz,M,M,2024-04-07
20271,AW00020271,Janet,Gray,S,M,2018-08-27
15233,AW00015233,Lauren,Ruiz,M,M,2023-03-03
22887,AW00022887,Sydney,Walker,M,M,2021-10-04
15444,AW00015444, Ian,Bennett,S,F,2024-02-21
26356,AW00026356,Ian,Verhoff,S,M,2023-01-30
12378,AW00012378,Lauren,Lu,M,M,2023-02-06
28386,AW00028386,Jacquelyn,Bennett,S,F,2025-04-06
26025,AW00026025,Sydney,Gray,S,F,2023-04-24
17125,AW00017125,Russell,Verhoff,M,F,2022-10-03
18804,AW00018804,Eugene,Lu,S,M,2019-11-05
25283,AW00025283,Clarence,Torres,S,F,2019-11-22
25159,AW00025159,Eugene,Mehta,S,F,2019-03-07
22868,AW00022868,Shannon,Sanchez,M,M,2023-06-20
25025,AW00025025,Destiny,Johnson,M,M,2024-10-15
22734,AW00022734,Jacquelyn,Ruiz,M,F,2024-02-21
26397,AW00026397,Marco,Wood,S,M,2025-01-28
28416,AW00028416,Ruben,Gray,M,F,2022-09-11
21202,AW00021202,Jon,Ward,S,M,2025-01-12
27032,AW00027032,Lauren,Alvarez,S,F,2019-05-24
17460,AW00017460,Shannon,Mehta,S,M,2023-12-03
28319,AW00028319,Sydney,Ruiz,S,M,2024-10-14
18921,AW00018921,Destiny,Walker,M,M,2020-05-27
20559,AW00020559,Ruben,Perez,S,F,2022-04-12
14270,AW00014270,Marco,Zhu,S,F,2023-12-25
27877,AW00027877,Janet,Wood,M,M,2021-08-14
22200,AW00022200,Christy,Walker,S,F,2024-04-14
17061,AW00017061,Eugene,Sanchez,S,M,2019-09-17
19139,AW00019139,Clarence,Ruiz,S,M,2025-02-19
22955,AW00022955,Marco,Watson,M,M,2023-07-12
13953,AW00013953,Ethan,Ruiz,S,M,2024-07-31
14768,AW00014768,Luke,Ruiz,M,M,2020-10-25
11623,AW00011623, Marco,Wood,M,M,2022-05-20
13018,AW00013018,Destiny ,Torres,M,F,2022-07-04
11821,AW00011821,Destiny,Ruiz,S,M,2019-08-29
28496,AW00028496,Seth,Johnson,S,M,2020-03-27
19498,AW00019498,Jordan,Huang,M,F,2022-02-26
22945,AW00022945,Destiny,Huang,S,M,2023-12-21
15103,AW00015103,Eugene,Ross,S,M,2021-06-15
21476,AW00021476,Ruben,Yang,M,M,2021-09-07
20726,AW00020726,Seth,Ruiz,M,F,2024-07-22
17119,AW00017119,Julio,Gray,S,M,2024-11-28
14776,AW00014776,Seth,Perez,M,F,2021-01-26
22395,AW00022395,Jordan,Ward,S,F,2022-12-21
13173,AW00013173,Wyatt,Diaz,M,F,2019-12-08
13419,AW00013419,Ruben,Verhoff,S,F,2023-01-02
12195,AW00012195,Jordan,Jenkins,M,M,2022-09-29
15052,AW00015052,Eugene,Verhoff,M,M,2020-09-21
19162,AW00019162,Russell,Johnson,S,F,2021-01-17
23602,AW00023602,Ruben,Ross,M,F,2024-03-29
25503,AW00025503,Sydney,Huang,S,F,2023-02-24
28128,AW00028128,Jon,Wood,S,F,2025-04-11
20291,AW00020291,Ian,Lu,M,M,2019-12-03
12012,AW00012012,Jacquelyn,Ward,S,F,2019-05-11
24425,AW00024425,Clarence,Huang,S,F,2023-05-25
13832,AW00013832,Christy,Ruiz,S,F,2021-04-15
18602,AW00018602,Marco,Mehta,,F,2020-12-29
23982,AW00023982,Jacquelyn,Verhoff ,S,F,2024-09-22
14273,AW00014273,Ian,Hill,M,F,2019-03-26
18237,AW00018237,Destiny,Johnson,M,F,2022-04-25
23047,AW00023047,Clarence,Bennett,M,F,2021-09-12
18551,AW00018551,Christy,Bennett,S,F,2023-12-11
19084,AW00019084,Marco,Ward,,F,2019-07-12
12637,AW00012637,Ethan,Young,S,M,2021-03-28
23928,AW00023928,Seth,Verhoff,S,M,2023-12-19
11738,AW00011738,Janet,Ross,S,F,2022-08-02
13094,AW00013094,Jacquelyn,Verhoff,S,F,2020-09-29
18760,AW00018760,Russell,Johnson,S,F,2022-02-16
25196,AW00025196,Ethan,Ward,M,M,2024-11-22
11072,AW00011072,Luke,Wood,S,F,2020-06-06
18393,AW00018393,Jordan,Diaz,S,M,2023-01-21
18894,AW00018894,Shannon,Mehta,M,F,2019-07-08
19496,AW00019496,Julio,Perez,M,M,2024-10-06
24060,AW00024060,Seth, Wood,S,M,2020-08-08
23774,AW00023774,Seth,Walker ,S,M,2020-07-06
24975,AW00024975,Christy,Alvarez,S,M,2022-06-25
14603,AW00014603,Jordan,Ross,M,F,2022-01-17
25162,AW00025162,Jon,Lu,S,F,2023-09-12
15964,AW00015964,Elizabeth,Jenkins,M,M,2021-08-13
25916,AW00025916,Jon,Watson,M,M,2023-08-20
27192,AW00027192,Shannon,Wood,M,F,2022-09-09
26675,AW00026675,Jon,Young,M,F,2021-10-14
16239,AW00016239,Jordan,Lu,S,F,2019-10-01
25041,AW00025041,Curtis,Diaz,M,F,2022-06-21
25049,AW00025049,Jon,Ross,M,M,2020-08-21
26182,AW00026182,Ruben,Suarez,S,,2024-01-25
28230,AW00028230,Christy,Johnson,M,M,2020-03-02
14398,AW00014398,Shannon,Carlson,S,M,2020-09-29
19782,AW00019782,Julio,Carlson,S,F,2023-05-17
11103,AW00011103,Sydney,Ward,M,F,2024-08-29
14668,AW00014668,Julio,Mehta,M,F,2020-10-14
17687,AW00017687,Chloe,Mehta,M,F,2025-07-13
22099,AW00022099,Ruben,Ward,M,F,2020-04-06
26114,AW00026114,Jacquelyn,Young,S,M,2021-02-20
24787,AW00024787,Elizabeth,Perez,M,F,2020-12-16
25931,AW00025931,Curtis,Diaz,M,M,2023-11-07
24873,AW00024873,Eugene,Verhoff,M,F,2020-09-02
12298,AW00012298,Seth,Ruiz,M,F,2024-03-27
14504,AW00014504,Rob,Diaz,S,M,2021-03-14
12606,AW00012606,Ian,Carlson,S,M,2019-07-04
22957,AW00022957,Ethan,Verhoff,M,M,2024-05-08
12159,AW00012159,Wyatt,Wood,M,M,2025-04-03
23656,AW00023656,Russell,Perez,M,F,2021-08-17
22273,AW00022273,Christy,Yang,S,M,2020-06-26
12259,AW00012259,Ethan,Jenkins,S,M,2020-07-16
15916,AW00015916,Rob,Diaz,M,M,2019-07-04
15554,AW00015554,Christy,Zhu,M,F,2021-10-05
28098,AW00028098,Eugene,Carlson,S,M,2020-09-05
24733,AW00024733,Jon,Ruiz,M,F,2023-01-25
25725,AW00025725,Christy,Verhoff,M,M,2024-07-19
26171,AW00026171,Ruben,Torres,M,F,2021-10-26
12668,AW00012668, Russell,Jenkins,S,M,2023-03-08
23191,AW00023191,Lauren,Walker,S,M,2025-03-27
18312,AW00018312,Jordan ,Ruiz,S,F,2025-07-24
28094,AW00028094,Eugene, Torres,S,F,2019-01-17
22187,AW00022187,Destiny,Ward,M,M,2022-06-06
22280,AW00022280,Christy,Carlson,M,M,2019-12-01
17106,AW00017106,Luke,Diaz,S,M,2024-09-15
11938,AW00011938,Destiny,Yang,M,M,2021-06-06
12627,AW00012627,Russell,Sanchez,M,M,2024-06-19
21160,AW00021160,Wyatt,Huang,M,F,2021-10-16
12688,AW00012688,Chloe,Yang,S,M,2023-09-24
13373,AW00013373,Destiny,Johnson,M,F,2024-02-26
22379,AW00022379,Julio,Perez,M,M,2023-10-05
11903,AW00011903,Ruben,Carlson,S,F,2020-02-07
12829,AW00012829,Shannon,Alvarez,S,F,2024-11-17
21532,AW00021532,Christy,Hill ,S,F,2021-01-06
17787,AW00017787,Elizabeth,Lu,M,F,2020-10-31
22332,AW00022332,Clarence,Bennett,M,F,2019-06-09
11647,AW00011647,Chloe,Lu,M,M,2021-01-03
21882,AW00021882,Elizabeth,Walker,M,M,2020-07-02
24201,AW00024201,Russell,Wood,S,F,2020-01-16
21146,AW00021146,Ethan,Ross,S,F,2019-05-04
26986,AW00026986,Sydney,Huang,S,M,2023-11-07
12505,AW00012505,Clarence,Alvarez,M,F,2019-07-14
26072,AW00026072,Janet,Walker,S,F,2021-05-11
28514,AW00028514,Elizabeth,Perez,S,F,2019-11-27
28659,AW00028659,Janet,Carlson,S,M,2024-11-19
28877,AW00028877,Russell,Diaz,S,M,2024-07-14
11560,AW00011560,Christy,Perez ,S,F,2022-07-01
14050,AW00014050,Seth,Ward,M,F,2022-10-06
14152,AW00014152,Curtis,Alvarez,S,F,2023-03-08
15938,AW00015938,Rob,Jenkins,M,M,2023-05-08
22272,AW00022272,Eugene,Yang,M,M,2019-03-26
23572,AW00023572,Destiny,Diaz,M,M,2023-12-18
18736,AW00018736,Destiny,Carlson,M,F,2021-05-22
26074,AW00026074,Rob,Jenkins,S,F,2024-09-28
16173,AW00016173, Wyatt,Ruiz,M,F,2023-09-18
17018,AW00017018,Jacquelyn,Ruiz,S,M,2023-08-13
27448,AW00027448,Clarence,Zhu,S,M,2021-01-11
15548,AW00015548,Seth,Lu,M,M,2021-05-06
23586,AW00023586,Shannon,Zhu,M,M,2024-08-15
20032,AW00020032,Ian,Alvarez,M,F,2024-11-13
23610,AW00023610,Ian,Gray,M,M,2022-09-13
19473,AW00019473,Jon,Alvarez,M,F,2024-04-07
26374,AW00026374,Marco,Hill,S,F,2024-05-25
25841,AW00025841,Luke,Sanchez,M,F,2022-06-23
19392,AW00019392,Elizabeth,Yang,S,M,2021-07-04
22728,AW00022728,Julio,Jenkins,S,M,2023-08-18
28161,AW00028161,Clarence,Young,S,F,2019-06-03
17188,AW00017188,Clarence,Yang,M,F,2022-05-19
20522,AW00020522,Christy,Huang,M,M,2024-12-19
19086,AW00019086,Clarence,Mehta,S,M,2023-06-07
19651,AW00019651,Russell,Lu,M,F,2019-02-04
15788,AW00015788,Chloe,Torres,S,F,2021-05-02
15318,AW00015318,Destiny,Ward,M,F,2022-03-17
11580,AW00011580,Jordan,Huang,M,M,2024-06-07
23686,AW00023686, Clarence,Walker,S,M,2019-06-09
20867,AW00020867,Ruben,Zhu,M,F,2023-04-13
13690,AW00013690,Clarence,Walker,M,M,2022-11-05
16423,AW00016423,Luke,Bennett,S,F,2024-01-24
28352,AW00028352,Ethan,Torres,S,F,2022-11-05
28131,AW00028131,Wyatt,Mehta,M,F,2020-07-14
11711,AW00011711,Curtis,Verhoff,S,M,2019-07-17
12348,AW00012348,Jordan,Watson,M,M,2020-03-03
20761,AW00020761,Ethan, Bennett,S,,2019-05-03
18700,AW00018700,Chloe,Ross,S,F,2024-05-17
13509,AW00013509,Ruben,Young,S,M,2019-06-08
20361,AW00020361,Jon,Bennett,M,M,2023-12-04
12613,AW00012613,Janet,Ruiz,S,F,2020-03-11
28644,AW00028644,Eugene,Ruiz,M,F,2019-09-05
15295,AW00015295,Eugene,Gray,S,M,2024-05-14
24248,AW00024248,Ian,Ward,S,F,2021-06-23
11559,AW00011559,Chloe, Zhu,M,F,2019-12-18
21535,AW00021535,Jacquelyn,Ruiz,S,F,2023-06-25
26206,AW00026206,Chloe,Mehta,M,M,2020-03-11
13820,AW00013820,Christy,Young,M,F,2023-08-28
21166,AW00021166,Wyatt,Mehta,M,F,2019-04-10
26292,AW00026292,Julio ,Jenkins,M,F,2019-06-05
26105,AW00026105,Julio,Sanchez,S,M,2019-04-13
20561,AW00020561,Jordan,Yang,M,M,2020-05-20
27030,AW00027030,Ian,Young,M,F,2024-08-13
12360,AW00012360,Christy, Bennett,M,F,2020-12-02
18229,AW00018229,Christy,Zhu,M,M,2021-07-23
21699,AW00021699,Curtis,Carlson,S,M,2021-02-26
11690,AW00011690,Rob,Huang,M,F,2025-07-20
21762,AW00021762,Christy,Zhu,M,M,2020-03-26
27844,AW00027844,Lauren,Watson,M,F,2022-06-13
17702,AW00017702,Lauren,Zhu ,S,F,2019-04-15
15510,AW00015510,Rob ,Walker,M,M,2024-05-16
26175,AW00026175,Julio,Wood,S,F,2023-05-01
27763,AW00027763,Chloe,Jenkins,S,F,2020-04-12
11011,AW00011011,Shannon,Torres,S,M,2023-04-06
27683,AW00027683,Christy, Yang,S,M,2023-02-20
25657,AW00025657, Sydney,Johnson,M,F,2022-01-27
14848,AW00014848,Luke,Mehta,S,F,2025-06-09
17586,AW00017586,Jon,Johnson,S,F,2021-12-08
26703,AW00026703,Ruben,Diaz,S,M,2019-06-09
13278,AW00013278,Ruben,Verhoff,M,F,2022-01-10
24053,AW00024053,Russell,Hill,S,M,2024-01-26
22823,AW00022823,Chloe,Diaz,M,M,2024-12-16
28835,AW00028835,Seth,Gray,S,M,2025-04-26
12308,AW00012308,Chloe,Johnson,S,M,2023-05-19
12945,AW00012945,Rob,Mehta,M,F,2020-05-19
22800,AW00022800,Elizabeth ,Ross,S,M,2025-03-09
21654,AW00021654,Chloe,Jenkins,S,F,2025-04-07
20184,AW00020184,Destiny,Ross,S,M,2023-06-18
19920,AW00019920,Ruben,Suarez,,F,2023-11-24
14630,AW00014630,Jon,Huang,S,F,2024-12-01
21667,AW00021667,Destiny,Alvarez,M,M,2025-05-23
,,Rob,Perez,,,2024-01-01
24377,AW00024377,Clarence,Hill,S,F,2021-07-30
28006,AW00028006,Ethan,Hill,S,M,2019-12-09
13608,AW00013608,Seth,Hill,M,M,2019-01-14
18866,AW00018866, Christy,Yang,M,M,2019-01-18
25900,AW00025900,Curtis,Gray,M,M,2024-07-10
27705,AW00027705,Eugene,Zhu,S,M,2024-06-12
15959,AW00015959,Lauren,Ward,M,M,2023-07-26
26981,AW00026981,Lauren,Walker,S,M,2024-09-20
27599,AW00027599,Ian,Huang,M,M,2021-12-18
25328,AW00025328,Clarence,Wood,M,M,2025-05-30
20984,AW00020984,Ethan,Yang,S,F,2022-05-06
27390,AW00027390,Jacquelyn,Torres,S,M,2025-04-28
18622,AW00018622,Jon,Hill,M,F,2019-03-09
19789,AW00019789,Wyatt,Gray,S,F,2024-03-04
19683,AW00019683,Ian,Gray,,F,2023-09-09
21987,AW00021987,Luke,Johnson,M,M,2021-05-12
22532,AW00022532,Julio,Lu,M,F,2019-03-20
23634,AW00023634,Janet,Suarez,S,M,2020-09-04
27556,AW00027556,Shannon,Young,M,M,2024-09-08
18478,AW00018478,Luke,Walker,M,F,2023-05-19
21131,AW00021131,Jacquelyn,Ward,M,F,2020-06-03
27709,AW00027709,Destiny,Jenkins,M,M,2023-03-12
22986,AW00022986,Jordan,Suarez,S,M,2024-03-03
17612,AW00017612,Ethan,Torres,S,M,2024-05-17
28917,AW00028917,Luke,Diaz,M,M,2019-05-22
14274,AW00014274,Chloe, Hill,M,F,2021-04-21
,,Chloe,Ruiz,,,2024-01-01
19977,AW00019977,Janet,Alvarez,M,M,2021-01-25
14585,AW00014585,Ian,Perez,S,M,2020-04-22
12569,AW00012569,Ethan,Lu,S,M,2025-07-05
19698,AW00019698,Elizabeth,Mehta,S,F,2020-08-28
27899,AW00027899,Luke, Verhoff,S,F,2019-01-02
23068,AW00023068,Seth,Ward,M,F,2025-04-17
12809,AW00012809,Ruben,Carlson,S,F,2021-07-21
17294,AW00017294,Jacquelyn,Bennett,S,F,2020-09-13
25231,AW00025231,Chloe,Sanchez,S,M,2022-02-18
23292,AW00023292,Ruben, Huang,S,F,2025-07-15
14155,AW00014155,Sydney,Alvarez,S,M,2024-05-05
16913,AW00016913,Jordan,Mehta,S,F,2023-06-27
11533,AW00011533,Ruben, Lu,S,F,2023-04-27
19725,AW00019725,Ruben,Ward,S,F,2019-01-07
14506,AW00014506,Luke,Zhu,S,M,2021-07-30
22804,AW00022804,Curtis,Huang,M,M,2019-11-21
16684,AW00016684,Ruben,Young,S,F,2023-09-30
15279,AW00015279,Eugene,Gray,M,F,2019-02-02
11035,AW00011035,Sydney,Zhu,S,M,2019-09-20
12415,AW00012415,Eugene,Ward ,M,F,2020-08-28
18124,AW00018124,Destiny,Wood,S,M,2022-03-15
12555,AW00012555,Jordan,Jenkins,S,M,2018-12-13
21526,AW00021526,Shannon,Wood,M,F,2019-12-12
18510,AW00018510,Ian,Lu,S,F,2020-06-27
12530,AW00012530,Janet,Johnson,S,M,2021-05-26
21069,AW00021069,Shannon,Alvarez,S,M,2025-06-26
21184,AW00021184,Shannon,Zhu,S,M,2020-05-02
21955,AW00021955,Wyatt,Ruiz,S,M,2021-05-10
18620,AW00018620,Ian,Ruiz,M,M,2021-03-28
25227,AW00025227,Janet,Watson,M,F,2021-01-04
11326,AW00011326,Marco,Bennett,M,M,2023-08-27
25760,AW00025760,Marco, Huang,S,F,2024-04-17
12510,AW00012510,Ethan,Wood,M,M,2023-08-25
15470,AW00015470,Eugene,Walker,S,M,2020-04-23
15218,AW00015218,Marco,Johnson,S,F,2023-10-15
27407,AW00027407,Ian,Alvarez,M,M,2021-11-17
24613,AW00024613,Shannon ,Ward,M,M,2025-04-09
23547,AW00023547,Marco,Suarez,M,F,2021-01-28
25518,AW00025518,Janet,Suarez,S,M,2022-01-18
18783,AW00018783,Ethan,Carlson,S,M,2024-03-13
12373,AW00012373,Elizabeth ,Gray,M,M,2023-02-26
16462,AW00016462,Ruben,Yang,S,F,2022-03-05
11180,AW00011180,Wyatt,Yang,M,F,2019-08-11
18098,AW00018098,Destiny,Bennett,S,F,2024-07-17
22905,AW00022905,Ruben,Ward,M,M,2023-08-01
19674,AW00019674,Wyatt ,Zhu,M,M,2019-02-03
18730,AW00018730,Jon,Wood,S,F,2019-07-06
22158,AW00022158,Shannon,Johnson,S,M,2020-02-06
26331,AW00026331,Curtis,Carlson,S,F,2025-05-23
25357,AW00025357,Ethan,Johnson,S,M,2022-09-08
20534,AW00020534,Jordan ,Ross,M,F,2025-04-28
21021,AW00021021,Jon,Lu,S,F,2022-08-09
28626,AW00028626,Ruben,Jenkins,,M,2025-02-12
13724,AW00013724,Seth,Hill,M,F,2020-05-23
28701,AW00028701,Ethan,Yang,S,M,2021-10-19
11029,AW00011029,Chloe,Yang,S,F,2022-06-13
26953,AW00026953,Curtis,Carlson,S,F,2024-07-11
20773,AW00020773,Ethan,Torres,M,M,2021-04-27
22891,AW00022891,Lauren,Suarez,M,F,2021-03-21
26735,AW00026735,Marco,Watson,M,F,2024-03-13
28057,AW00028057,Julio,Hill,M,M,2022-09-02
18803,AW00018803,Marco,Perez,M,M,2019-08-05
27478,AW00027478,Destiny ,Huang,S,M,2023-05-26
21012,AW00021012,Ian,Carlson,S,F,2023-07-07
18644,AW00018644,Janet,Suarez,S,M,2021-11-29
14613,AW00014613,Shannon,Wood,S,M,2022-08-27
25468,AW00025468,Jordan,Wood,M,F,2025-05-31
27446,AW00027446,Shannon,Alvarez,M,F,2024-12-02
28551,AW00028551,Ian,Gray,S,F,2025-06-14
20521,AW00020521,Ian,Walker,M,F,2025-05-21
25232,AW00025232,Shannon,Jenkins,M,F,2020-10-11
24139,AW00024139,Luke,Ross,M,M,2023-12-21
23244,AW00023244,Eugene,Bennett,S,F,2021-12-07
28239,AW00028239,Chloe,Mehta ,M,F,2024-06-27
14065,AW00014065,Wyatt,Yang,S,M,2021-03-20
14040,AW00014040,Ethan,Walker,S,M,2021-03-18
24559,AW00024559,Rob,Johnson,S,M,2025-04-18
21213,AW00021213,Seth,Mehta,S,M,2022-09-22
13996,AW00013996,Elizabeth, Carlson,S,M,2021-01-23
12300,AW00012300,Seth ,Ward,,F,2020-10-25
18640,AW00018640,Lauren,Walker,S,F,2021-11-27
17580,AW00017580,Ruben,Huang,M,F,2024-12-07
17445,AW00017445,Clarence,Wood,S,F,2024-05-14
15165,AW00015165,Christy,Ward,S,F,2020-02-06
13179,AW00013179,Sydney,Ross ,M,M,2019-12-18
22859,AW00022859,Chloe,Ward,M,F,2024-05-17
28817,AW00028817,Clarence,Yang,M,F,2021-06-26
21383,AW00021383,Julio,Ruiz,S,F,2023-02-23
19217,AW00019217,Wyatt,Verhoff,S,M,2019-09-10
27574,AW00027574,Lauren,Ross,S,M,2021-12-12
19444,AW00019444,Ethan,Yang,S,F,2019-02-23
12099,AW00012099,Russell,Suarez,M,M,2024-06-22
18213,AW00018213,Janet, Torres,S,F,2020-08-29
28822,AW00028822,Jacquelyn,Torres,M,F,2025-07-05
26891,AW00026891,Lauren,Jenkins,M,F,2022-01-04
16726,AW00016726,Ian,Suarez,M,F,2022-04-28
13409,AW00013409,Clarence,Young,S,F,2023-03-26
14425,AW00014425,Christy,Verhoff,M,F,2020-05-21
20513,AW00020513,Ruben,Yang,S,M,2023-10-27
22356,AW00022356,Russell,Ross,M,M,2020-05-15
28767,AW00028767,Shannon,Diaz,S,M,2021-10-23
27937,AW00027937,Ruben,Perez,M,M,2022-09-21
19864,AW00019864,Russell,Zhu,M,M,2023-04-05
19941,AW00019941,Clarence,Wood,S,M,2019-03-14
12333,AW00012333,Christy,Verhoff,S,F,2020-11-19
23042,AW00023042,Shannon,Lu,S,M,2022-02-08
23816,AW00023816,Shannon,Gray,S,F,2020-08-11
18533,AW00018533,Seth,Diaz,S,M,2021-09-13
28503,AW00028503,Jordan,Perez,M,F,2022-06-08
25675,AW00025675,Sydney ,Yang,M,M,2019-03-14
12341,AW00012341,Jordan,Torres,M,F,2023-09-12
22722,AW00022722,Seth,Yang,M,M,2024-03-28
24403,AW00024403,Sydney,Bennett,M,F,2022-04-17
21279,AW00021279,Destiny,Zhu,S,M,2023-06-02
22808,AW00022808,Shannon,Bennett,S,F,2021-12-29
21565,AW00021565,Janet,Alvarez,M,M,2022-01-07
15525,AW00015525,Sydney,Yang,M,F,2021-12-11
23154,AW00023154,Sydney,Walker,M,F,2020-05-06
16891,AW00016891,Sydney ,Ruiz,M,M,2023-09-11
12021,AW00012021,Lauren,Zhu,S,M,2024-04-22
28667,AW00028667,Chloe,Johnson,,M,2022-11-15
21878,AW00021878,Clarence,Perez,S,F,2019-03-21
18559,AW00018559,Russell,Lu,S,F,2025-02-23
22917,AW00022917,Julio,Ward,S,M,2019-08-30
20067,AW00020067,Jordan,Gray,S,F,2025-03-18
27329,AW00027329,Curtis,Lu,S,M,2023-05-30
28068,AW00028068,Ethan,Mehta,S,F,2024-09-25
12925,AW00012925,Ruben,Suarez,,M,2024-05-11
18092,AW00018092,Jordan,Bennett,M,M,2021-05-15
17147,AW00017147,Lauren,Walker,M,M,2022-11-17
13114,AW00013114,Shannon,Lu,S,F,2020-04-29
22856,AW00022856,Elizabeth,Perez,S,M,2023-07-22
12675,AW00012675,Luke,Alvarez,M,F,2020-02-06
23779,AW00023779,Jon,Ward,M,M,2022-10-13
24887,AW00024887,Seth,Hill,S,M,2021-08-29
13291,AW00013291,Ethan,Carlson,S,M,2024-03-03
18245,AW00018245,Elizabeth,Wood,M,F,2022-08-07
21302,AW00021302,Wyatt,Torres,S,M,2024-07-24
20222,AW00020222,Destiny,Jenkins,M,F,2024-06-06
18875,AW00018875,Chloe ,Johnson,,M,2025-04-15
17734,AW00017734,Jon,Ruiz,S,M,2019-09-12
14923,AW00014923,Wyatt,Sanchez,M,M,2019-07-12
26568,AW00026568,Ethan,Gray,M,F,2021-02-21
16346,AW00016346,Curtis,Ward,M,F,2025-07-04
28117,AW00028117,Jon,Yang,M,M,2020-01-20
11528,AW00011528,Elizabeth,Walker,S,F,2022-07-21
16746,AW00016746,Rob,Gray,M,F,2021-09-06
24268,AW00024268,Seth,Alvarez,S,M,2020-02-05
20530,AW00020530,Janet,Carlson,M,F,2021-12-14
28110,AW00028110,Christy,Carlson,M,F,2024-10-19
21821,AW00021821,Shannon,Alvarez,S,M,2024-02-09
13023,AW00013023,Ethan,Ward,,F,2019-02-26
11392,AW00011392,Marco,Johnson,S,M,2022-04-03
22627,AW00022627,Seth,Mehta,S,F,2024-06-19
15288,AW00015288,Seth,Verhoff,M,F,2022-03-13
15359,AW00015359,Shannon,Johnson,S,M,2023-03-19
20260,AW00020260,Russell,Suarez,M,F,2023-08-07
25082,AW00025082,Eugene,Walker,S,F,2019-08-06
22600,AW00022600,Curtis,Perez,M,F,2019-09-24
17503,AW00017503,Jordan,Watson,S,F,2019-01-27
20702,AW00020702, Lauren,Yang,S,F,2022-12-13
19890,AW00019890,Chloe,Suarez,M,M,2025-03-05
18037,AW00018037,Ethan,Perez,M,F,2019-01-20
21073,AW00021073,Wyatt,Alvarez,S,M,2025-04-16
14257,AW00014257,Ruben,Verhoff,S,F,2020-06-05
23575,AW00023575,Wyatt,Lu,S,F,2019-04-12
28261,AW00028261,Seth,Alvarez,S,M,2021-12-13
22889,AW00022889,Luke,Watson,M,F,2022-09-09
26866,AW00026866,Jordan,Wood,M,M,2023-06-08
25368,AW00025368,Janet,Ross,S,,2021-02-19
19147,AW00019147,Ethan,Walker,M,F,2023-12-07
13801,AW00013801,Ruben,Sanchez,M,M,2019-10-27
16872,AW00016872,Janet,Walker,S,M,2019-04-26
26519,AW00026519,Jordan,Diaz,M,M,2021-03-17
21907,AW00021907,Chloe,Bennett,M,F,2022-01-24
18899,AW00018899,Eugene,Bennett,M,F,2024-12-22
26400,AW00026400,Lauren,Johnson,S,M,2021-09-13
22775,AW00022775,Jacquelyn,Jenkins,M,M,2025-07-17
16357,AW00016357,Jon,Young,S,F,2020-02-03
27689,AW00027689,Luke,Walker,S,F,2024-11-27
13101,AW00013101,Christy,Perez,S,M,2020-02-13
26975,AW00026975,Clarence,Carlson,M,F,2025-07-08
11645,AW00011645,Luke,Ward,S,M,2024-09-15
27067,AW00027067,Destiny,Walker,M,F,2022-07-12
25970,AW00025970,Elizabeth,Jenkins,M,M,2019-03-10
12750,AW00012750,Jon,Perez,S,F,2019-11-01
21513,AW00021513,Lauren,Torres,S,F,2023-06-12
18917,AW00018917,Lauren,Walker,S,M,2025-07-05
17982,AW00017982,Russell,Watson,M,F,2019-11-22
26087,AW00026087,Sydney,Jenkins,M,M,2023-12-15
22456,AW00022456,Elizabeth,Diaz,M,F,2023-04-16
26521,AW00026521,Rob ,Alvarez,S,M,2023-10-31
14214,AW00014214,Ruben,Torres,M,F,2024-04-28
22860,AW00022860,Destiny,Ruiz,M,F,2021-03-07
24037,AW00024037,Rob,Gray,S,F,2020-01-01
11477,AW00011477,Elizabeth,Ward,S,F,2022-05-15
25715,AW00025715,Christy,Suarez,S,F,2020-05-20
17305,AW00017305,Ruben,Ward,S,,2023-11-29
14435,AW00014435,Destiny,Sanchez,S,M,2024-04-10
26265,AW00026265,Chloe,Torres,M,F,2019-09-18
26327,AW00026327,Lauren,Sanchez,S,F,2019-11-24
15577,AW00015577,Janet,Sanchez,S,F,2021-04-21
17097,AW00017097,Jon ,Verhoff,S,F,2023-11-20
24921,AW00024921,Sydney,Ross,S,M,2023-11-24
16797,AW00016797,Marco,Diaz,M,M,2023-11-21
25985,AW00025985,Luke, Ruiz,M,F,2019-06-14
25960,AW00025960,Chloe,Perez,M,M,2019-05-07
26898,AW00026898,Jacquelyn,Torres,S,M,2021-07-27
15420,AW00015420,Seth,Diaz,S,M,2025-01-23
17198,AW00017198,Sydney ,Yang,S,F,2020-02-17
12927,AW00012927,Rob,Watson,S,M,2020-02-01
26001,AW00026001,Elizabeth,Torres,M,M,2021-01-09
21761,AW00021761,Ian, Sanchez,M,M,2024-06-20
28851,AW00028851,Sydney,Ruiz,M,M,2019-12-24
24042,AW00024042,Ian,Zhu,M,F,2025-06-06
26583,AW00026583,Curtis,Suarez,M,F,2022-01-28
22546,AW00022546,Luke,Hill,S,F,2024-10-01
12124,AW00012124,Ethan,Hill,S,F,2020-11-28
24669,AW00024669,Ruben,Verhoff,M,F,2019-07-30
22579,AW00022579,Marco,Carlson,M,M,2023-04-13
18051,AW00018051,Rob,Diaz,S,F,2024-07-07
16112,AW00016112,Rob,Verhoff,S,M,2022-07-30
26994,AW00026994,Ethan,Zhu ,S,F,2024-08-26
13894,AW00013894,Wyatt ,Huang,M,F,2019-04-16
14418,AW00014418,Ian,Carlson,S,M,2019-08-13
13217,AW00013217,Eugene,Yang,S,M,2023-03-14
26017,AW00026017,Lauren,Mehta,S,M,2021-02-01
13738,AW00013738,Jon,Verhoff,M,F,2024-05-07
20267,AW00020267,Luke,Verhoff,S,F,2023-07-10
25050,AW00025050,Janet,Huang,,M,2023-12-10
21585,AW00021585,Curtis, Walker,S,F,2023-02-23
14563,AW00014563,Clarence,Huang,S,,2020-01-10
20488,AW00020488,Russell,Huang,M,F,2023-08-01
13541,AW00013541,Sydney,Alvarez,S,F,2025-06-18
14490,AW00014490,Clarence,Gray,S,M,2020-02-04
27796,AW00027796,Jon,Walker,M,F,2021-09-23
15212,AW00015212,Lauren,Ruiz,S,M,2025-06-15
19073,AW00019073,Jacquelyn,Bennett,S,,2021-09-30
19123,AW00019123,Wyatt,Walker,M,M,2023-11-06
19586,AW00019586,Chloe,Gray,S,M,2024-08-21
19169,AW00019169,Clarence,Carlson,M,M,2024-02-07
12657,AW00012657,Jon,Gray,S,M,2022-10-17
19912,AW00019912,Jacquelyn,Gray,S,M,2025-01-23
14725,AW00014725,Clarence ,Ross,M,F,2023-01-29
24036,AW00024036,Elizabeth,Mehta,M,M,2023-05-22
19672,AW00019672,Clarence,Diaz,M,M,2024-01-07
14030,AW00014030,Luke,Bennett,M,F,2020-12-18
21039,AW00021039,Elizabeth,Ward,S,M,2025-01-27
24831,AW00024831,Jon,Hill,M,M,2024-10-21
26038,AW00026038,Janet,Mehta,M,M,2022-04-08
17051,AW00017051,Jordan,Hill,M,M,2020-05-02
16481,AW00016481,Elizabeth,Wood,S,M,2020-12-17
21319,AW00021319,Ethan,Young,S,M,2022-09-16
19647,AW00019647,Marco,Ruiz,S,M,2023-03-29
28200,AW00028200,Sydney,Verhoff,M,F,2023-07-04
23128,AW00023128,Julio,Young,S,M,2023-05-12
21247,AW00021247,Ethan ,Johnson,S,F,2022-11-09
28022,AW00028022,Shannon,Zhu,M,F,2024-11-23
21775,AW00021775, Jordan,Verhoff,S,F,2022-06-10
14376,AW00014376,Janet,Perez,S,F,2019-06-07
22964,AW00022964,Ruben,Ruiz,M,F,2023-05-10
11041,AW00011041,Janet, Zhu,S,F,2022-12-22
23099,AW00023099,Chloe,Yang,S,F,2024-08-02
12811,AW00012811,Clarence,Alvarez,M,M,2022-09-10
22118,AW00022118,Destiny,Bennett,S,F,2020-02-07
12701,AW00012701,Rob,Alvarez,S,F,2019-12-13
22349,AW00022349,Janet,Hill,S,M,2023-08-19
15239,AW00015239,Jon,Ward,S,M,2023-04-28
11020,AW00011020,Lauren,Lu,S,M,2024-09-18
13797,AW00013797,Chloe,Huang,S,F,2019-03-08
28633,AW00028633,Jon,Diaz,M,M,2024-07-06
11696,AW00011696,Clarence,Carlson,S,F,2019-06-05
24625,AW00024625,Christy,Diaz,M,F,2025-06-16
26427,AW00026427,Clarence,Young,M,F,2022-04-16
23632,AW00023632,Jordan, Johnson,S,M,2020-11-27
27542,AW00027542,Russell,Torres,S,M,2023-02-02
21417,AW00021417,Shannon, Bennett,M,M,2023-11-17
19520,AW00019520,Jordan,Hill,M,M,2020-11-22
23862,AW00023862,Destiny,Sanchez,M,M,2024-03-07
26392,AW00026392,Destiny,Ward,S,M,2020-01-21
27195,AW00027195,Ian,Watson,S,M,2025-03-28
12546,AW00012546,Jon,Walker,S,F,2022-07-09
18144,AW00018144,Jon,Carlson,S,M,2024-05-07
27765,AW00027765,Wyatt,Walker,M,M,2021-12-08
13676,AW00013676,Russell,Hill,M,M,2019-11-10
20373,AW00020373,Eugene,Jenkins,M,F,2020-06-21
24099,AW00024099,Shannon,Torres,S,M,2022-05-17
23129,AW00023129,Shannon,Ruiz,S,M,2020-12-09
21271,AW00021271,Shannon,Hill,S,M,2021-03-07
14053,AW00014053,Shannon,Verhoff,S,F,2019-12-14
26307,AW00026307,Jacquelyn,Zhu ,S,F,2019-09-08
26391,AW00026391,Sydney,Alvarez,S,M,2020-08-29
12303,AW00012303,Sydney,Torres,M,M,2023-05-28
15723,AW00015723,Chloe,Johnson,S,F,2019-08-05
20322,AW00020322,Russell,Suarez,M,F,2023-06-09
22460,AW00022460,Rob,Carlson,S,M,2025-04-07
20815,AW00020815,Jacquelyn,Alvarez,S,M,2021-11-08
17553,AW00017553,Destiny,Bennett,S,M,2024-02-05
23549,AW00023549,Elizabeth,Torres,S,F,2022-09-23
21205,AW00021205,Jordan,Diaz,M,F,2025-03-26
15007,AW00015007,Clarence,Johnson,M,F,2020-10-14
17156,AW00017156,Julio,Torres,M,F,2021-06-09
12037,AW00012037,Seth ,Perez,M,F,2021-06-22
19832,AW00019832,Jon,Zhu,S,F,2024-06-15
26589,AW00026589,Jordan,Zhu,S,F,2022-01-11
25874,AW00025874,Marco,Watson,S,F,2020-11-04
17628,AW00017628,Chloe,Diaz,M,M,2023-06-09
16592,AW00016592, Janet,Verhoff,M,M,2019-10-26
14981,AW00014981,Wyatt,Mehta,S,M,2020-09-10
12993,AW00012993,Wyatt,Carlson,M,M,2025-06-21
11494,AW00011494,Jacquelyn,Jenkins,S,M,2020-08-20
21853,AW00021853,Elizabeth,Johnson,S,F,2021-10-07
11385,AW00011385,Shannon,Ross,M,F,2021-09-30
26093,AW00026093,Clarence,Huang,M,M,2020-12-04
27492,AW00027492,Rob,Perez,M,F,2022-12-21
28932,AW00028932,Rob,Verhoff ,S,M,2020-01-17
13478,AW00013478,Elizabeth,Walker,S,F,2020-05-02
22522,AW00022522,Shannon,Jenkins,M,F,2019-12-26
18788,AW00018788,Luke,Sanchez,S,F,2023-07-13
25403,AW00025403,Jacquelyn,Lu,M,M,2021-01-17
25934,AW00025934,Julio,Jenkins,S,M,2024-12-03
25145,AW00025145,Julio,Diaz,M,F,2024-11-09
21822,AW00021822,Sydney,Ruiz,S,M,2025-04-18
27173,AW00027173,Russell,Torres,M,M,2023-10-10
15911,AW00015911,Ian,Carlson,S,M,2020-02-11
12383,AW00012383,Ruben,Lu,M,F,2024-06-14
27983,AW00027983,Seth,Perez,S,F,2024-03-04
23081,AW00023081,Jordan,Hill,M,M,2020-07-20
11422,AW00011422,Shannon,Watson,M,M,2024-06-25
21794,AW00021794,Curtis,Lu,M,M,2022-08-30
26807,AW00026807,Lauren,Yang,M,F,2019-05-28
18294,AW00018294,Destiny,Hill,S,M,2023-08-10
25478,AW00025478,Rob,Ward,M,F,2024-12-10
20995,AW00020995,Jacquelyn,Perez,S,F,2025-04-15
18543,AW00018543,Clarence,Hill ,S,F,2020-02-08
11274,AW00011274,Ian,Verhoff,S,M,2022-11-14
27204,AW00027204,Seth,Hill,S,F,2019-03-16
28632,AW00028632,Sydney,Huang,M,F,2021-04-13
11355,AW00011355,Curtis,Bennett ,S,F,2023-11-17
13936,AW00013936,Jordan,Torres,M,M,2021-03-08
19038,AW00019038,Shannon,Verhoff,M,M,2021-06-21
16860,AW00016860,Chloe,Alvarez,M,M,2021-03-12
21690,AW00021690,Eugene,Alvarez,M,M,2021-05-27
27554,AW00027554,Luke,Huang,S,F,2024-04-26
19282,AW00019282,Seth,Mehta,S,M,2021-04-22
16449,AW00016449,Clarence,Ross,S,F,2020-01-12
22644,AW00022644,Eugene,Gray,M,F,2021-05-31
23859,AW00023859,Seth,Ross ,M,M,2024-03-22
13356,AW00013356,Russell,Yang ,M,M,2020-04-14
13994,AW00013994,Jacquelyn,Verhoff,S,F,2024-03-07
27875,AW00027875,Elizabeth,Lu,S,F,2022-11-25
15320,AW00015320,Shannon, Alvarez,M,M,2020-09-27
18139,AW00018139,Wyatt,Walker,M,M,2020-04-04
16633,AW00016633,Ian,Zhu,S,F,2023-04-28
20586,AW00020586,Lauren,Lu,M,M,2019-07-24
16832,AW00016832,Ethan,Gray,M,F,2022-05-03
24000,AW00024000,Ethan,Ruiz,S,F,2021-07-05
23003,AW00023003,Marco,Sanchez,S,M,2023-11-21
25787,AW00025787,Jordan,Bennett,S,F,2022-11-04
23676,AW00023676, Christy,Wood,M,M,2022-08-04
21060,AW00021060,Julio,Watson,S,M,2025-06-13
15213,AW00015213, Russell,Ross,M,M,2022-11-09
20034,AW00020034,Destiny,Yang,M,F,2025-02-06
27029,AW00027029,Julio,Torres,M,M,2023-08-18
25847,AW00025847,Eugene,Wood,S,F,2025-04-15
14229,AW00014229,Eugene,Watson,M,M,2022-08-05
13048,AW00013048,Christy,Yang,S,M,2022-11-10
20806,AW00020806,Curtis,Carlson,M,M,2022-07-14
18313,AW00018313,Jordan,Yang,S,M,2024-11-18
27518,AW00027518,Marco,Ross,M,M,2021-09-09
20116,AW00020116,Jon,Suarez,M,M,2022-12-05
17091,AW00017091,Julio,Gray,S,F,2024-09-27
17209,AW00017209,Clarence,Alvarez,M,M,2021-05-25
17423,AW00017423,Marco,Perez,M,M,2022-12-01
11747,AW00011747,Russell,Young,M,F,2019-03-24
18101,AW00018101,Clarence,Sanchez,M,M,2019-01-04
25909,AW00025909,Christy,Alvarez,M,F,2020-04-08
24088,AW00024088,Destiny,Ward,M,F,2023-12-07
15719,AW00015719,Ruben,Ruiz,M,F,2021-03-14
17053,AW00017053,Luke,Hill,M,,2020-11-30
17725,AW00017725,Seth,Lu,S,M,2021-11-17
25384,AW00025384,Christy,Suarez,M,M,2020-11-10
26562,AW00026562,Jordan,Ross,S,F,2020-11-15
23853,AW00023853,Wyatt,Carlson,M,F,2022-05-12
19055,AW00019055,Julio,Diaz,M,M,2025-02-10
27214,AW00027214,Rob,Suarez,,M,2021-09-10
15305,AW00015305,Luke,Suarez,M,M,2025-03-24
24213,AW00024213,Sydney,Ward,S,M,2024-01-18
23730,AW00023730,Jon,Diaz,S,M,2024-08-11
19589,AW00019589,Jacquelyn,Hill,M,M,2021-08-06
16732,AW00016732,Clarence,Wood,M,M,2020-04-12
21500,AW00021500,Eugene,Gray,S,F,2019-05-27
23548,AW00023548,Curtis,Ward,M,M,2020-04-17
19183,AW00019183,Russell,Ross,M,M,2022-01-14
27911,AW00027911,Ruben,Sanchez,S,F,2024-10-05
15348,AW00015348,Chloe,Mehta,S,F,2025-06-06
23653,AW00023653,Destiny,Bennett,M,M,2023-11-16
11269,AW00011269,Ruben,Perez,S,F,2023-09-16
22848,AW00022848,Shannon,Torres,S,M,2019-11-09
19861,AW00019861,Chloe,Sanchez,S,M,2021-02-06
17103,AW00017103,Elizabeth,Sanchez,S,M,2020-02-05
15184,AW00015184,Christy,Mehta,S,F,2022-02-05
17044,AW00017044,Chloe,Ross,S,F,2019-12-03
22323,AW00022323,Jordan,Perez,M,F,2024-06-06
27700,AW00027700,Wyatt,Lu,M,M,2019-04-05
27206,AW00027206,Sydney,Verhoff,M,M,2023-08-14
19177,AW00019177,Christy,Verhoff,S,M,2023-03-14
26609,AW00026609,Julio, Ross,S,M,2025-01-19
23731,AW00023731,Ruben,Ruiz,S,M,2023-07-21
24269,AW00024269,Ruben,Bennett,M,M,2025-02-06
26276,AW00026276,Jordan,Yang,S,F,2022-05-29
15461,AW00015461,Shannon,Zhu,M,M,2023-12-01
23760,AW00023760,Luke,Suarez,S,F,2021-10-26
26043,AW00026043,Julio,Ross,M,M,2022-09-04
21577,AW00021577,Ian,Ward,S,F,2023-10-14
15830,AW00015830,Sydney ,Walker,M,M,2024-02-02
12820,AW00012820,Elizabeth,Sanchez,S,F,2019-02-09
28413,AW00028413,Chloe,Sanchez,S,F,2022-05-24
19250,AW00019250,Ethan,Watson,M,F,2020-10-25
14627,AW00014627,Jon,Ward,,F,2023-05-14
26403,AW00026403,Curtis,Gray,S,M,2023-01-25
28437,AW00028437,Seth,Alvarez,M,M,2021-12-02
13206,AW00013206,Julio,Bennett,M,F,2020-12-25
26137,AW00026137,Seth,Gray,M,F,2021-12-18
28065,AW00028065,Marco,Torres,M,M,2019-08-21
27499,AW00027499,Christy,Wood,M,F,2019-04-08
17763,AW00017763,Ruben,Johnson,M,M,2025-02-13
25375,AW00025375,Marco,Yang,M,F,2020-06-18
20870,AW00020870, Shannon,Zhu,M,F,2022-11-30
11525,AW00011525,Curtis,Wood,M,F,2021-01-30
19869,AW00019869,Janet,Diaz,S,M,2019-08-15
27165,AW00027165,Jacquelyn,Johnson,S,M,2019-07-29
26558,AW00026558,Russell,Ward,M,M,2024-05-28
26464,AW00026464,Janet,Lu,S,M,2023-02-10
12957,AW00012957,Shannon,Mehta,M,F,2020-08-26
18282,AW00018282,Rob,Gray,S,M,2021-03-20
11806,AW00011806, Ian,Ward,S,F,2020-07-15
15630,AW00015630,Luke,Torres,S,F,2025-01-22
15999,AW00015999,Jordan,Yang,S,M,2021-07-01
28962,AW00028962,Ian,Jenkins,S,M,2024-10-01
18186,AW00018186,Julio,Torres,S,M,2019-07-20
28762,AW00028762,Shannon,Sanchez,M,M,2021-05-13
19991,AW00019991,Ruben,Walker,S,M,2020-03-15
21816,AW00021816,Christy,Gray ,M,F,2020-05-25
14690,AW00014690,Lauren,Perez,M,F,2025-05-20
15773,AW00015773,Shannon,Carlson,M,F,2022-02-21
22768,AW00022768,Curtis,Verhoff ,M,M,2021-04-30
15460,AW00015460,Destiny,Alvarez,S,F,2023-05-06
27633,AW00027633,Destiny,Hill,S,M,2025-06-19
20977,AW00020977,Christy,Huang,M,,2021-08-25
18901,AW00018901,Eugene,Walker,M,F,2020-09-11
24741,AW00024741,Destiny, Sanchez,S,M,2023-09-29
18864,AW00018864,Ethan ,Walker ,M,M,2024-07-27
16307,AW00016307,Sydney,Alvarez,M,F,2023-04-24
21333,AW00021333,Curtis,Lu,M,M,2024-09-16
28137,AW00028137,Sydney,Suarez,M,F,2023-01-20
11409,AW00011409,Julio ,Walker,M,F,2024-09-08
14459,AW00014459,Wyatt,Torres ,M,F,2022-05-26
27357,AW00027357,Shannon,Bennett,S,M,2023-06-28
26739,AW00026739,Jon,Verhoff,M,F,2024-07-28
28135,AW00028135,Marco,Diaz,M,F,2021-06-16
13436,AW00013436,Sydney,Jenkins,M,M,2023-04-11
26888,AW00026888,Russell,Suarez,S,F,2019-10-17
11636,AW00011636,Ian,Zhu,M,M,2022-06-20
13603,AW00013603,Clarence,Verhoff,S,M,2022-09-24
16933,AW00016933,Ian,Verhoff,S,F,2020-02-27
11916,AW00011916,Rob,Wood,M,M,2023-02-07
24581,AW00024581,Luke,Watson,M,M,2022-07-18
22957,AW00022957,Ethan,Verhoff,M,M,2024-01-14
16757,AW00016757,Janet,Jenkins,M,F,2024-10-21
19357,AW00019357,Jacquelyn,Alvarez,S,M,2019-07-27
16217,AW00016217,Eugene,Perez ,S,F,2019-03-23
14652,AW00014652,Luke ,Suarez,,M,2023-06-09
19692,AW00019692,Ian,Walker,M,F,2024-09-29
24192,AW00024192,Clarence,Carlson,M,F,2021-05-29
15328,AW00015328,Rob,Jenkins,M,F,2019-10-05
18577,AW00018577,Chloe,Huang,S,F,2024-03-16
28728,AW00028728,Destiny,Young,S,F,2024-09-05
21052,AW00021052,Seth,Lu,S,M,2019-09-01
26222,AW00026222,Marco,Carlson,S,F,2019-10-24
15972,AW00015972,Clarence,Bennett,S,M,2023-02-15
23829,AW00023829,Jon,Bennett,S,M,2020-06-24
24148,AW00024148,Rob,Jenkins,S,M,2019-07-02
12783,AW00012783,Shannon,Bennett,S,F,2019-06-29
13167,AW00013167,Sydney,Suarez,S,F,2020-10-23
18504,AW00018504,Seth,Alvarez,S,F,2019-07-15
22069,AW00022069,Julio,Suarez ,S,M,2021-01-25
14327,AW00014327,Rob,Walker,S,M,2019-06-30
26215,AW00026215,Jacquelyn,Walker,M,M,2025-05-10
23923,AW00023923,Ethan,Mehta,S,F,2020-03-07
12292,AW00012292,Jacquelyn,Wood,S,M,2019-10-06
22362,AW00022362,Russell,Jenkins,S,M,2021-08-28
11888,AW00011888,Ruben,Sanchez,S,F,2023-07-28
14838,AW00014838,Seth,Jenkins,M,F,2019-05-02
16900,AW00016900,Luke,Huang,S,F,2019-08-19
13928,AW00013928,Chloe,Gray,S,M,2022-12-22
22311,AW00022311,Russell,Sanchez,S,M,2024-11-04
15516,AW00015516,Luke,Yang,S,F,2020-11-01
11742,AW00011742,Elizabeth,Johnson,S,M,2025-04-23
16336,AW00016336,Janet,Torres,M,F,2022-10-03
15355,AW00015355,Jordan,Suarez,S,F,2020-02-22
15189,AW00015189,Janet,Gray,S,F,2025-05-09
16521,AW00016521,Ruben,Bennett ,S,F,2020-03-29
11978,AW00011978,Sydney,Ward,M,M,2024-05-28
27693,AW00027693,Julio,Johnson,S,M,2020-07-06
18116,AW00018116,Luke,Alvarez,S,F,2023-05-23
24585,AW00024585,Elizabeth,Torres,S,F,2019-07-29
25626,AW00025626,Chloe,Hill,S,F,2023-10-01
13609,AW00013609,Shannon,Verhoff,M,M,2022-10-30
22714,AW00022714,Elizabeth,Ross,M,M,2022-09-21
13452,AW00013452,Jon,Ward,M,M,2021-08-19
20704,AW00020704,Janet,Gray,,F,2024-02-28
23354,AW00023354,Janet,Ruiz,M,M,2021-08-08
28047,AW00028047,Ethan,Diaz,M,M,2023-12-15
23337,AW00023337,Julio,Lu,S,M,2023-10-23
28467,AW00028467,Ruben,Huang,S,M,2019-03-03
27571,AW00027571,Destiny,Young,S,M,2024-03-04
17240,AW00017240,Shannon,Bennett ,M,M,2025-06-05
20301,AW00020301,Elizabeth,Ward,S,F,2025-06-15
16085,AW00016085,Lauren,Mehta,S,M,2020-04-01
20560,AW00020560,Marco,Suarez,M,F,2022-08-28
22688,AW00022688,Jacquelyn,Alvarez,S,F,2022-12-02
22518,AW00022518, Destiny,Bennett,M,M,2022-02-07
13554,AW00013554,Rob,Gray,S,F,2025-02-12
20248,AW00020248,Ian,Sanchez,M,M,2024-12-14
23037,AW00023037,Clarence,Suarez,S,M,2022-02-09
20004,AW00020004,Curtis, Huang,M,F,2019-06-05
11796,AW00011796,Shannon,Carlson,M,F,2023-11-12
18912,AW00018912,Janet,Suarez,M,M,2020-07-31
20330,AW00020330,Julio,Jenkins,S,M,2025-03-09
23021,AW00023021,Jacquelyn,Young,M,M,2019-10-10
14391,AW00014391,Luke,Alvarez,M,M,2021-08-19
13282,AW00013282,Rob,Suarez,M,M,2020-01-12
14218,AW00014218,Ruben,Ward,S,F,2020-04-19
20772,AW00020772,Christy,Young,S,M,2023-01-27
13032,AW00013032,Destiny, Hill,S,F,2024-06-22
26122,AW00026122,Julio,Perez,M,F,2020-01-20
16236,AW00016236,Shannon ,Johnson,S,M,2020-01-30
20758,AW00020758,Ruben,Bennett,S,F,2019-09-21
11919,AW00011919,Wyatt,Yang,S,M,2024-10-06
12453,AW00012453,Christy,Verhoff,S,M,2022-05-20
20593,AW00020593,Chloe,Walker,S,M,2025-03-28
20875,AW00020875,Janet,Huang,S,F,2025-02-18
18135,AW00018135,Julio,Perez,M,M,2020-09-05
11824,AW00011824,Jordan,Yang,S,F,2024-06-22
12522,AW00012522,Julio,Verhoff,S,M,2021-11-24
28999,AW00028999,Rob,Ruiz,S,M,2019-12-05
19849,AW00019849, Christy,Diaz,S,F,2022-05-05
16790,AW00016790,Sydney,Verhoff,M,M,2020-07-29
24419,AW00024419,Lauren,Torres,M,F,2023-07-14
28384,AW00028384,Rob,Hill,S,M,2024-01-15
12670,AW00012670,Destiny,Zhu,M,F,2025-06-02
17550,AW00017550,Jon,Watson,S,F,2025-07-26
25399,AW00025399,Curtis,Jenkins,M,F,2019-11-20
13289,AW00013289,Curtis,Walker,M,M,2023-06-28
22397,AW00022397,Russell,Mehta,M,M,2022-04-06
27753,AW00027753,Elizabeth,Perez,S,M,2024-10-08
27783,AW00027783,Janet,Sanchez,S,M,2025-04-23
16463,AW00016463,Chloe, Perez,S,,2025-07-19
22902,AW00022902,Marco,Ruiz,M,M,2020-11-11
,,Clarence,Alvarez,,,2024-01-01
21149,AW00021149,Jordan,Diaz,M,M,2020-07-30
20046,AW00020046,Russell,Verhoff,S,F,2023-06-21
17139,AW00017139,Russell,Suarez,M,M,2020-12-07
18772,AW00018772,Ethan,Ward,S,F,2019-03-30
27293,AW00027293,Janet,Johnson,M,F,2024-09-12
17588,AW00017588,Wyatt, Alvarez,M,M,2023-08-23
23221,AW00023221,Julio,Zhu,M,M,2025-07-04
11096,AW00011096,Marco,Ward,M,M,2020-05-11
16160,AW00016160,Seth,Diaz,S,M,2025-03-07
26250,AW00026250,Shannon,Wood,S,F,2022-06-26
11435,AW00011435,Ian,Ruiz,S,F,2024-07-22
24275,AW00024275,Julio,Ruiz,M,F,2023-05-08
21556,AW00021556,Ruben,Hill,S,M,2024-07-25
19765,AW00019765,Rob,Ruiz,S,F,2022-04-15
20582,AW00020582,Curtis,Ross,M,M,2021-03-01
15783,AW00015783,Luke,Ruiz,M,F,2022-11-20
17371,AW00017371,Chloe,Ruiz,M,F,2024-05-05
13319,AW00013319,Seth,Suarez,M,M,2022-01-10
22018,AW00022018,Seth,Verhoff,S,M,2021-07-12
27174,AW00027174,Clarence,Torres,S,F,2023-05-15
27759,AW00027759,Jon,Ruiz,S,F,2021-07-26
14773,AW00014773,Lauren,Perez,S,M,2020-12-10
19026,AW00019026,Julio,Gray,S,M,2024-03-13
12970,AW00012970,Shannon,Johnson,S,M,2021-03-12
14825,AW00014825, Janet,Yang,M,M,2020-02-16
19236,AW00019236,Ruben,Hill,,M,2023-05-15
19583,AW00019583,Janet,Walker,S,M,2024-10-26
28638,AW00028638,Curtis,Mehta,M,F,2023-07-03
23880,AW00023880,Ethan,Sanchez,M,M,2019-08-13
22560,AW00022560,Sydney,Verhoff,M,,2021-06-08
23075,AW00023075,Jacquelyn,Lu,M,F,2021-10-07
11638,AW00011638,Seth,Johnson,S,M,2024-07-26
25788,AW00025788,Wyatt,Bennett,M,M,2021-05-12
28160,AW00028160,Lauren,Mehta,S,F,2022-06-06
25656,AW00025656,Janet,Ruiz,M,F,2021-04-03
28730,AW00028730,Marco,Zhu,S,F,2023-01-03
28656,AW00028656,Ian,Torres,M,F,2021-05-19
15748,AW00015748, Curtis,Bennett,,F,2024-04-17
28828,AW00028828,Curtis,Ward,M,F,2019-10-12
18857,AW00018857,Jordan,Alvarez,M,F,2021-06-07
28129,AW00028129,Jordan,Johnson,S,M,2022-09-30
26524,AW00026524,Sydney, Watson,S,M,2019-07-27
23092,AW00023092,Luke,Ruiz,M,F,2025-07-27
15186,AW00015186,Julio,Walker,S,F,2019-08-04
14160,AW00014160,Eugene,Young,M,F,2023-08-17
19349,AW00019349,Shannon,Yang,S,M,2020-10-14
22496,AW00022496,Rob,Zhu,M,M,2021-05-30
24540,AW00024540,Seth,Ruiz,S,M,2019-06-07
24822,AW00024822,Ruben,Lu,S,F,2023-05-21
18009,AW00018009,Jordan,Perez,,F,2025-06-17
25833,AW00025833,Chloe,Wood,S,F,2024-05-02
26330,AW00026330,Ian,Carlson,S,M,2019-04-16
19820,AW00019820,Ian,Alvarez,S,M,2020-08-28
25795,AW00025795,Lauren,Yang,,M,2024-01-20
27184,AW00027184,Lauren,Huang,M,F,2022-04-05
26512,AW00026512,Marco,Lu,M,F,2022-07-01
24367,AW00024367,Rob ,Bennett,M,F,2023-01-05
21978,AW00021978,Janet,Lu,M,F,2023-11-01
15064,AW00015064,Ruben,Lu,M,M,2021-04-23
18879,AW00018879,Elizabeth,Mehta,S,M,2022-09-04
25807,AW00025807,Russell,Ward,M,F,2022-04-02
19096,AW00019096,Julio,Young,S,M,2021-09-28
13706,AW00013706,Julio,Ruiz,M,F,2019-01-14
22429,AW00022429,Chloe,Young,S,M,2021-04-24
15966,AW00015966,Ian,Carlson,M,M,2023-07-18
13059,AW00013059,Ian,Hill,M,M,2021-06-27
22934,AW00022934,Jon,Ross,S,M,2024-10-19
22585,AW00022585,Jon,Johnson,M,F,2019-09-03
13807,AW00013807,Jon,Mehta,M,F,2020-09-08
25206,AW00025206,Russell,Yang,S,F,2023-04-28
11893,AW00011893,Shannon,Watson,M,F,2023-06-07
25209,AW00025209,Elizabeth,Gray,S,F,2022-08-19
15683,AW00015683,Sydney,Diaz,S,M,2019-08-15
20729,AW00020729,Jordan,Suarez,M,M,2022-07-18
21771,AW00021771,Wyatt,Ward,S,F,2024-02-26
27008,AW00027008,Rob,Ross,S,F,2020-10-07
13613,AW00013613,Janet,Ross,M,F,2019-11-29
21707,AW00021707,Ian,Zhu,S,M,2022-06-15
24676,AW00024676,Janet,Young,S,M,2021-06-18
25946,AW00025946,Eugene,Perez,M,F,2025-04-26
26545,AW00026545,Curtis,Mehta,M,M,2020-04-25
11046,AW00011046,Sydney,Wood,S,M,2025-01-23
16304,AW00016304,Marco,Ruiz,M,M,2023-03-20
24561,AW00024561,Chloe,Mehta,S,M,2025-03-02
14345,AW00014345,Christy,Carlson,S,F,2024-07-07
19974,AW00019974,Jon,Lu,M,M,2024-09-22
27583,AW00027583,Jacquelyn,Lu,,M,2019-05-24
11693,AW00011693,Lauren,Lu,S,M,2021-08-26
18055,AW00018055,Jacquelyn,Bennett,S,F,2024-04-12
25509,AW00025509,Marco,Ross,M,M,2022-02-11
26679,AW00026679,Elizabeth, Ross,S,F,2019-08-31
22721,AW00022721,Elizabeth,Jenkins,S,F,2019-09-11
24878,AW00024878,Clarence,Wood,S,M,2025-06-26
22206,AW00022206,Julio,Zhu,S,M,2025-01-04
17673,AW00017673,Ruben,Walker,S,F,2024-12-13
27644,AW00027644,Seth,Young ,S,F,2020-11-12
12256,AW00012256,Janet, Wood,M,F,2023-09-05
23411,AW00023411,Luke,Verhoff,M,F,2024-12-23
24305,AW00024305,Seth,Diaz,S,F,2022-05-26
22185,AW00022185,Christy, Walker,S,M,2020-07-01
13580,AW00013580,Julio,Yang,S,M,2020-01-10
28126,AW00028126,Jordan,Carlson,S,M,2023-05-09
27469,AW00027469,Jon,Diaz,M,M,2025-01-02
26876,AW00026876,Lauren,Yang,S,M,2025-04-15
14672,AW00014672,Luke,Johnson,M,F,2024-02-14
27970,AW00027970,Ruben,Young,S,F,2020-03-01
19336,AW00019336,Curtis,Ruiz,M,M,2021-11-30
19712,AW00019712,Clarence,Alvarez,S,F,2024-01-21
28254,AW00028254, Chloe,Wood,S,M,2022-07-31
14439,AW00014439,Marco,Huang,M,M,2023-05-11
23254,AW00023254,Marco ,Watson,M,F,2019-11-19
24674,AW00024674,Destiny,Walker,M,F,2024-09-03
28839,AW00028839,Jon,Ross,M,F,2022-06-12
12648,AW00012648,Janet,Lu,S,F,2023-12-14
12987,AW00012987,Julio,Diaz,M,M,2024-07-14
16724,AW00016724,Clarence,Zhu,S,F,2022-10-30
24360,AW00024360,Wyatt,Huang,M,F,2022-07-26
28778,AW00028778,Chloe,Torres,S,F,2021-05-07
21728,AW00021728,Seth,Lu,S,F,2021-11-14
28097,AW00028097,Clarence ,Young,S,M,2025-07-13
28221,AW00028221,Ethan,Lu,S,M,2025-07-20
14693,AW00014693,Rob,Ruiz,M,F,2023-06-03
14210,AW00014210, Julio,Johnson ,S,M,2023-11-30
27040,AW00027040,Jordan,Carlson,M,M,2025-04-01
27392,AW00027392,Julio,Ward,M,F,2024-08-02
22386,AW00022386,Lauren,Walker,S,M,2025-02-16
11137,AW00011137,Luke,Diaz,M,F,2019-04-28
28830,AW00028830,Jon ,Gray,S,M,2023-12-23
17714,AW00017714,Jordan,Suarez,S,M,2023-01-02
24106,AW00024106,Ian,Johnson,S,F,2020-11-27
11299,AW00011299,Clarence,Perez,S,F,2025-05-30
16645,AW00016645,Julio,Bennett,S,F,2023-04-23
13357,AW00013357,Ruben,Yang,S,M,2024-10-30
15699,AW00015699,Lauren,Bennett,S,F,2023-09-10
26117,AW00026117,Destiny,Young,S,F,2020-11-28
27035,AW00027035,Jacquelyn, Diaz,M,F,2024-02-17
28359,AW00028359,Julio,Watson,M,M,2021-08-23
21868,AW00021868,Marco,Bennett,S,F,2020-08-04
25662,AW00025662,Seth,Hill,M,M,2022-07-01
17110,AW00017110,Luke,Gray,S,F,2024-02-26
28109,AW00028109,Shannon,Torres ,M,F,2020-09-15
28607,AW00028607,Rob,Hill ,S,M,2022-10-06
25728,AW00025728,Russell,Mehta,M,M,2020-10-14
19286,AW00019286,Elizabeth,Jenkins,S,F,2022-11-06
16218,AW00016218,Marco,Jenkins,S,M,2022-05-06
18200,AW00018200,Jacquelyn,Alvarez,M,F,2023-07-22
12154,AW00012154,Ian,Mehta,S,M,2019-09-28
12177,AW00012177,Luke,Ward,M,F,2023-08-07
22703,AW00022703,Shannon,Hill,S,F,2020-11-26
28155,AW00028155,Christy,Suarez,S,F,2024-03-09
14992,AW00014992,Russell,Mehta,M,F,2021-09-26
24212,AW00024212,Christy,Verhoff,S,F,2024-03-12
19533,AW00019533,Seth,Johnson,M,M,2021-08-06
28417,AW00028417,Shannon,Verhoff,M,M,2021-01-13
22970,AW00022970,Luke,Alvarez,M,F,2024-07-02
26378,AW00026378,Julio,Ross,M,F,2019-09-16
17872,AW00017872,Destiny,Johnson,M,F,2019-05-30
24197,AW00024197,Julio,Walker,M,F,2025-03-01
15833,AW00015833,Sydney,Perez ,S,F,2022-05-19
15191,AW00015191,Ethan,Yang,S,M,2024-07-23
11252,AW00011252,Elizabeth,Verhoff,M,F,2024-12-13
17610,AW00017610,Luke,Suarez,M,M,2025-04-30
18821,AW00018821,Rob,Gray,M,F,2024-06-24
19311,AW00019311,Ethan,Torres,M,F,2019-05-13
15918,AW00015918,Jacquelyn,Zhu,M,M,2019-12-21
25629,AW00025629,Russell,Lu,M,M,2020-06-11
28994,AW00028994,Elizabeth,Zhu,S,F,2025-07-19
23976,AW00023976,Russell, Suarez,S,M,2023-05-16
22539,AW00022539,Elizabeth,Ward,S,F,2019-10-15
16229,AW00016229,Jon,Sanchez,M,F,2021-07-01
28275,AW00028275,Jordan,Ruiz,M,F,2019-04-12
27674,AW00027674,Marco,Perez,M,F,2023-03-23
26909,AW00026909,Ian,Watson,M,F,2020-10-26
25236,AW00025236,Rob,Johnson,S,F,2025-03-20
14657,AW00014657,Russell,Young,S,M,2019-11-04
13137,AW00013137,Luke,Jenkins,S,M,2024-04-08
24926,AW00024926,Eugene ,Jenkins,M,M,2020-06-09
23290,AW00023290,Lauren,Alvarez,S,F,2023-07-13
12531,AW00012531,Rob,Bennett,M,F,2019-08-18
25177,AW00025177,Ruben,Watson,M,F,2025-01-26
21359,AW00021359,Ethan,Mehta,M,M,2025-07-28
16828,AW00016828,Destiny,Lu,S,M,2022-07-19
18824,AW00018824,Ian ,Carlson,S,M,2023-11-16
26697,AW00026697,Ruben,Torres,M,M,2024-07-03
12478,AW00012478,Rob,Young,M,M,2020-07-05
23119,AW00023119,Marco,Zhu,M,F,2024-11-26
23594,AW00023594,Shannon,Torres,S,M,2022-10-11
17236,AW00017236,Rob, Ward,S,M,2021-09-22
22793,AW00022793,Janet,Ward,S,M,2024-03-03
19234,AW00019234,Ethan,Bennett,M,M,2024-06-14
20509,AW00020509,Marco,Ross,M,M,2023-06-22
22054,AW00022054,Ian,Alvarez,M,M,2022-11-29
25355,AW00025355,Seth,Verhoff,S,F,2020-01-17
28586,AW00028586,Rob, Johnson,S,F,2021-11-23
14539,AW00014539,Rob,Hill,S,M,2021-12-07
11684,AW00011684,Ian,Wood,M,M,2019-12-26
27461,AW00027461,Sydney,Huang,S,F,2020-05-11
23295,AW00023295,Christy,Sanchez,S,M,2023-01-24
23237,AW00023237,Sydney,Ward,M,F,2024-07-01
15194,AW00015194,Rob,Suarez,S,M,2023-01-25
14101,AW00014101,Ruben,Hill,M,F,2021-12-25
27116,AW00027116,Chloe,Hill,M,F,2021-04-24
23981,AW00023981,Julio,Hill,S,M,2020-02-03
14487,AW00014487,Janet,Jenkins,,M,2019-12-30
18387,AW00018387,Sydney, Wood,S,,2021-11-15
28890,AW00028890,Ethan,Carlson,M,F,2023-04-20
28684,AW00028684,Eugene,Watson,M,F,2019-01-20
19394,AW00019394,Julio, Yang,M,F,2024-05-06
22300,AW00022300,Janet,Diaz,S,M,2022-05-10
26604,AW00026604,Jacquelyn,Young,S,F,2019-12-30
17837,AW00017837,Jordan,Mehta,M,F,2023-07-26
11594,AW00011594,Ethan,Zhu,S,F,2019-08-31
20913,AW00020913,Clarence,Yang,M,F,2023-11-28
21933,AW00021933,Marco,Mehta,M,M,2024-06-05
25284,AW00025284,Destiny ,Lu,S,M,2020-03-26
15983,AW00015983,Wyatt,Ross,S,M,2024-02-04
28618,AW00028618,Chloe,Zhu ,S,M,2021-01-05
19377,AW00019377,Lauren,Perez,S,F,2022-12-12
14899,AW00014899,Clarence,Hill,S,F,2022-09-23
26681,AW00026681,Destiny,Lu,S,M,2023-10-01
13872,AW00013872,Chloe,Ruiz,S,F,2020-10-15
22778,AW00022778,Lauren,Sanchez ,S,M,2025-05-21
21027,AW00021027,Wyatt,Gray,M,M,2024-03-08
23783,AW00023783,Lauren,Alvarez,S,F,2023-09-22
20862,AW00020862,Russell ,Ward,S,F,2021-10-18
16843,AW00016843,Russell,Walker,S,F,2024-09-21
13451,AW00013451,Seth,Mehta ,S,F,2021-11-20
20396,AW00020396,Curtis,Huang,S,F,2022-01-03
12062,AW00012062, Curtis,Ross,S,M,2020-05-30
20649,AW00020649,Clarence,Ruiz,S,F,2022-12-20
23462,AW00023462,Wyatt,Bennett,S,F,2023-04-22
28742,AW00028742,Christy,Walker,S,F,2021-05-21
24814,AW00024814,Destiny ,Alvarez,S,F,2024-04-08
13882,AW00013882,Julio,Gray,M,F,2021-07-09
27729,AW00027729,Lauren,Young,M,M,2020-12-06
28989,AW00028989,Lauren,Carlson,S,F,2024-08-07
13304,AW00013304,Jordan,Gray,M,F,2023-05-29
24736,AW00024736,Destiny,Alvarez,M,M,2023-04-09
28051,AW00028051,Julio,Hill,M,M,2024-12-02
16415,AW00016415,Shannon,Walker,,F,2023-12-16
13592,AW00013592,Julio,Perez,,M,2023-12-16
11942,AW00011942,Marco,Walker,M,M,2020-03-20
22870,AW00022870,Sydney, Sanchez,M,F,2019-10-21
25353,AW00025353,Christy,Carlson,S,F,2021-08-14
16113,AW00016113,Shannon,Perez,M,F,2022-09-11
28915,AW00028915,Jacquelyn,Torres,M,F,2021-01-30
14901,AW00014901,Shannon,Young,S,,2020-05-25
17344,AW00017344, Julio,Huang,S,F,2019-08-15
16763,AW00016763,Eugene,Lu,,F,2022-07-31
15501,AW00015501,Jordan,Ruiz,M,M,2024-10-02
13598,AW00013598,Jordan,Ross,M,F,2020-12-12
12965,AW00012965,Ethan,Young,M,F,2023-05-21
27340,AW00027340,Christy,Wood,M,,2019-07-25
28393,AW00028393,Elizabeth,Verhoff,S,M,2022-12-21
19283,AW00019283,Curtis,Ward,S,F,2024-10-31
19894,AW00019894,Russell,Gray,S,F,2019-12-03
27767,AW00027767,Ethan,Wood,M,F,2022-05-01
23405,AW00023405,Luke,Sanchez ,S,F,2022-02-13
13674,AW00013674, Clarence,Zhu,S,M,2024-07-14
19556,AW00019556,Jon,Bennett,S,M,2023-06-01
13105,AW00013105,Clarence,Perez,M,M,2021-04-08
26010,AW00026010,Ruben,Walker ,M,M,2020-06-26
26150,AW00026150,Elizabeth,Alvarez,S,M,2020-07-12
26557,AW00026557,Ethan,Suarez,M,M,2019-07-19
25569,AW00025569,Jon,Ruiz ,S,M,2024-09-18
17556,AW00017556,Russell,Wood,M,F,2022-09-11
15373,AW00015373, Jordan,Johnson,S,F,2025-06-03
24659,AW00024659,Curtis,Huang,S,M,2024-09-30
11915,AW00011915,Luke,Walker,S,M,2025-03-09
12295,AW00012295,Eugene,Yang,S,M,2021-06-07
26844,AW00026844,Wyatt,Torres,M,M,2023-05-07
25356,AW00025356,Eugene,Gray,S,F,2021-07-05
17520,AW00017520,Ethan,Young,M,M,2024-02-07
13575,AW00013575,Clarence,Wood,S,M,2020-09-16
15371,AW00015371,Curtis,Sanchez,S,M,2023-09-10
18418,AW00018418,Clarence,Carlson,S,F,2019-05-05
21981,AW00021981,Ethan,Ross,S,M,2023-06-07
26857,AW00026857,Luke,Watson,M,M,2022-05-19
22275,AW00022275,Janet,Diaz,S,F,2020-01-28
23357,AW00023357,Jon ,Mehta,M,M,2024-07-02
15478,AW00015478,Christy,Mehta,S,F,2019-01-26
22367,AW00022367,Ethan,Perez,S,M,2020-12-20
24058,AW00024058,Jacquelyn,Jenkins,M,M,2023-04-28
22370,AW00022370,Christy,Perez,S,M,2023-12-28
23934,AW00023934,Curtis,Diaz,S,M,2025-02-19
19197,AW00019197,Luke,Ruiz,S,M,2022-10-23
28789,AW00028789,Jacquelyn,Zhu,S,F,2019-11-13
23669,AW00023669,Shannon,Young,S,F,2020-04-03
12727,AW00012727,Ethan,Suarez,M,M,2024-02-27
28887,AW00028887,Ian,Johnson,S,F,2020-03-24
24690,AW00024690,Ian,Perez,,M,2020-09-16
26485,AW00026485,Jon,Young,M,M,2019-10-04
11351,AW00011351,Wyatt,Verhoff,S,F,2019-11-20
25683,AW00025683,Janet,Perez,S,M,2024-10-29
25014,AW00025014,Janet,Ward,S,F,2024-08-27
14387,AW00014387,Jon,Hill,S,M,2021-06-27
17751,AW00017751,Elizabeth,Huang,M,M,2020-09-09
26303,AW00026303,Sydney,Torres,M,F,2022-09-15
14681,AW00014681,Lauren,Bennett,M,F,2021-03-13
19381,AW00019381,Luke,Carlson,M,F,2021-02-16
20420,AW00020420,Christy,Alvarez,M,M,2021-11-01
11874,AW00011874,Marco, Ruiz,S,M,2023-08-31
18452,AW00018452,Lauren,Wood,M,M,2021-09-20
25474,AW00025474,Jon,Walker,S,F,2022-03-09
20480,AW00020480,Sydney,Zhu,S,F,2024-11-24
20381,AW00020381,Rob,Carlson,M,F,2024-12-24
12002,AW00012002,Marco,Wood,M,F,2020-09-08
18129,AW00018129,Luke,Yang,M,F,2023-11-24
24295,AW00024295,Jon,Yang,S,F,2022-06-15
28680,AW00028680,Ethan,Perez,M,M,2021-05-31
11318,AW00011318,Ian,Lu,S,F,2022-03-13
21334,AW00021334,Curtis,Sanchez,S,M,2025-03-29
21837,AW00021837,Chloe,Huang,S,M,2022-05-04
28378,AW00028378,Janet,Sanchez,S,F,2022-04-01
27400,AW00027400,Shannon,Perez,M,M,2020-08-24
24698,AW00024698,Jon,Wood,M,F,2025-04-25
11242,AW00011242,Elizabeth,Wood,M,M,2020-03-26
28918,AW00028918, Rob,Alvarez,S,M,2023-07-17
12283,AW00012283,Christy,Huang,S,F,2023-06-22
14928,AW00014928,Chloe,Watson,M,F,2025-01-10
15820,AW00015820,Marco,Zhu,M,M,2025-04-25
23381,AW00023381,Sydney,Huang,S,M,2018-09-23
17530,AW00017530,Clarence,Diaz,M,F,2022-04-24
27452,AW00027452,Eugene,Bennett,S,F,2025-05-27
22981,AW00022981,Jon ,Verhoff,S,M,2021-10-09
15146,AW00015146,Jordan,Torres,M,M,2024-04-07
24131,AW00024131,Luke,Johnson,M,F,2022-07-15
23963,AW00023963,Chloe,Yang,M,F,2024-07-04
17104,AW00017104,Russell,Alvarez,M,M,2022-02-18
15249,AW00015249,Julio,Huang,M,M,2020-07-15
13521,AW00013521,Jacquelyn,Verhoff,M,F,2023-05-23
19240,AW00019240,Curtis,Diaz,S,F,2023-07-19
18476,AW00018476,Shannon,Ross,S,M,2022-02-17
25696,AW00025696,Luke,Ross,M,M,2019-04-29
25600,AW00025600,Sydney,Yang,S,M,2025-06-12
18862,AW00018862,Sydney,Watson,S,M,2021-11-20
16052,AW00016052,Janet,Carlson,S,F,2022-06-25
12366,AW00012366,Jon,Jenkins,S,M,2024-04-11
15588,AW00015588,Ruben,Yang,S,F,2022-01-19
25888,AW00025888,Seth,Johnson,M,M,2022-02-20
24509,AW00024509,Shannon,Verhoff,S,F,2019-07-24
18986,AW00018986,Eugene,Ross,M,F,2023-04-17
22278,AW00022278,Russell,Sanchez,S,M,2023-04-14
20651,AW00020651,Ruben,Jenkins,M,M,2025-05-15
16264,AW00016264,Lauren,Wood,S,F,2025-03-04
20660,AW00020660,Jordan,Watson,S,F,2020-09-29
16230,AW00016230,Luke,Verhoff,S,F,2025-07-22
22333,AW00022333,Luke,Watson,S,F,2021-04-07
13153,AW00013153,Eugene,Suarez,S,F,2019-02-04
27912,AW00027912,Julio,Johnson,M,F,2020-12-09
19546,AW00019546,Jacquelyn,Sanchez,S,F,2020-04-27
13533,AW00013533,Eugene,Ruiz,M,F,2019-04-10
23626,AW00023626,Curtis,Mehta,M,M,2023-06-30
22344,AW00022344,Shannon, Mehta,S,M,2024-02-23
15383,AW00015383,Eugene,Huang,M,M,2020-10-05
12058,AW00012058,Rob,Sanchez,S,F,2021-09-22
25606,AW00025606,Rob,Lu,M,F,2024-07-22
24522,AW00024522,Jon,Jenkins,M,F,2020-11-10
25225,AW00025225,Julio,Yang,S,F,2024-09-05
21388,AW00021388, Clarence,Perez,S,M,2024-11-09
25323,AW00025323,Luke,Perez,S,M,2022-05-29
26764,AW00026764,Janet,Zhu,S,F,2022-05-20
15137,AW00015137,Destiny,Alvarez,S,F,2020-09-03
12339,AW00012339,Elizabeth,Ross,M,F,2023-08-15
12798,AW00012798,Sydney,Ruiz,M,F,2024-11-22
22337,AW00022337,Destiny,Sanchez ,M,F,2021-06-24
14550,AW00014550,Curtis,Watson,M,F,2019-06-23
20691,AW00020691,Elizabeth,Ward,S,M,2022-02-15
18955,AW00018955,Wyatt,Young,S,F,2023-01-16
20177,AW00020177,Eugene,Ross,M,M,2021-08-12
28090,AW00028090,Wyatt,Ruiz,S,F,2023-12-12
11465,AW00011465,Sydney,Walker,M,M,2025-01-17
17254,AW00017254,Seth, Diaz,M,M,2020-05-20
11173,AW00011173,Luke,Huang,M,F,2024-09-13
11152,AW00011152,Eugene,Wood,M,M,2024-07-03
11735,AW00011735,Ruben,Walker,S,M,2020-05-07
13871,AW00013871,Eugene,Watson,M,M,2020-08-11
18241,AW00018241,Eugene,Mehta,M,F,2023-02-06
11212,AW00011212,Curtis,Sanchez,M,F,2021-10-21
26710,AW00026710,Curtis,Alvarez,S,F,2021-10-14
17124,AW00017124,Jacquelyn,Wood,S,F,2022-01-06
12106,AW00012106,Eugene,Ward,M,F,2025-06-14
12919,AW00012919,Julio,Ruiz,M,M,2020-07-04
14368,AW00014368,Chloe,Ross,S,F,2020-10-03
16486,AW00016486,Jordan,Zhu,S,F,2020-02-21
24258,AW00024258,Eugene,Diaz,M,F,2021-12-05
18275,AW00018275,Sydney,Yang,S,F,2023-04-26
13605,AW00013605,Jon,Ward,M,F,2019-09-09
17697,AW00017697,Wyatt,Suarez,M,M,2024-07-28
27736,AW00027736,Curtis,Zhu,M,M,2024-02-27
11857,AW00011857,Clarence,Young ,M,F,2023-09-27
25363,AW00025363,Curtis,Verhoff,S,M,2023-11-17
24070,AW00024070,Jon,Perez,M,F,2024-04-26
19684,AW00019684,Jon,Johnson,S,M,2022-04-05
24055,AW00024055,Clarence,Wood,S,F,2022-03-12
17145,AW00017145,Shannon,Wood,S,M,2022-09-28
17407,AW00017407,Janet,Mehta,S,M,2021-10-05
25884,AW00025884,Elizabeth,Ward,M,F,2023-03-18
19979,AW00019979,Christy,Perez,S,M,2023-07-24
25295,AW00025295,Wyatt,Zhu,S,M,2022-09-20
28296,AW00028296,Ruben,Torres,S,M,2019-08-29
18417,AW00018417,Ethan,Suarez,S,F,2024-09-30
12471,AW00012471,Wyatt,Ward,S,M,2020-08-10
23480,AW00023480,Lauren,Carlson,S,M,2021-02-27
22390,AW00022390,Ruben, Suarez,M,F,2022-07-02
13418,AW00013418,Jordan,Walker,M,M,2019-11-11
17667,AW00017667,Seth,Watson,M,F,2021-01-11
20025,AW00020025,Julio,Johnson,S,M,2020-07-07
25551,AW00025551,Seth,Huang,M,F,2023-05-12
13085,AW00013085,Marco,Huang,S,F,2019-06-10
11247,AW00011247,Curtis ,Hill,S,F,2024-08-25
22743,AW00022743,Shannon,Carlson,S,F,2022-03-27
25521,AW00025521,Elizabeth,Carlson,M,M,2019-11-11
14832,AW00014832,Marco,Huang,M,M,2022-09-22
17950,AW00017950,Seth,Johnson,M,F,2020-09-14
25689,AW00025689,Eugene,Ward,M,F,2022-11-22
26566,AW00026566,Janet,Young,S,M,2025-02-12
13309,AW00013309,Julio,Suarez,S,M,2021-02-06
22788,AW00022788,Lauren,Ruiz,S,M,2023-07-18
16912,AW00016912,Christy,Suarez,M,M,2019-08-04
12318,AW00012318,Chloe,Torres,M,M,2020-07-27
23925,AW00023925,Jacquelyn,Bennett,M,M,2020-05-08
18716,AW00018716,Rob,Johnson,M,F,2024-08-19
23498,AW00023498,Chloe,Walker,M,F,2021-05-23
17206,AW00017206,Ian,Young,S,F,2022-12-29
16315,AW00016315,Shannon,Verhoff,M,F,2019-08-28
20215,AW00020215,Eugene,Torres,S,M,2024-04-11
13772,AW00013772,Jordan,Ward,,F,2024-10-16
26165,AW00026165,Elizabeth,Zhu,M,M,2019-10-28
13275,AW00013275,Seth,Perez,M,M,2020-11-28
13086,AW00013086,Destiny,Johnson,S,M,2021-11-19
17417,AW00017417,Jacquelyn,Wood,M,M,2021-12-28
13285,AW00013285,Chloe,Huang,S,M,2021-06-04
22613,AW00022613,Rob,Diaz,S,F,2022-01-20
12486,AW00012486,Sydney,Huang,S,M,2025-03-30
12216,AW00012216,Sydney,Walker,S,M,2022-06-27
19686,AW00019686,Wyatt, Zhu,S,F,2025-05-07
23813,AW00023813,Ruben,Yang,S,M,2021-04-20
13700,AW00013700, Elizabeth,Walker,S,M,2023-06-09
27585,AW00027585,Eugene,Gray,M,F,2025-06-20
14052,AW00014052,Elizabeth,Lu,M,M,2024-06-25
11954,AW00011954,Rob,Verhoff,M,F,2022-02-02
11220,AW00011220,Ruben,Carlson ,M,F,2020-12-20
25219,AW00025219,Russell,Ross,S,M,2019-11-09
21639,AW00021639,Janet,Suarez,M,F,2023-05-10
22468,AW00022468,Wyatt, Verhoff,M,F,2024-03-27
26700,AW00026700,Destiny,Verhoff,S,M,2023-11-04
20443,AW00020443,Sydney,Diaz,M,F,2021-07-23
14394,AW00014394,Jacquelyn,Ross,S,F,2019-03-26
17599,AW00017599,Clarence,Young,M,M,2022-09-29
18100,AW00018100,Luke,Ward,M,M,2020-08-05
22946,AW00022946,Lauren,Walker,,F,2019-01-18
16103,AW00016103,Jon,Diaz,S,M,2020-06-12
12338,AW00012338,Seth,Watson,M,M,2021-04-24
11196,AW00011196,Ethan,Ross,S,F,2019-06-01
14091,AW00014091,Chloe,Yang,M,M,2022-10-18
25781,AW00025781,Clarence,Johnson,S,M,2020-08-09
22554,AW00022554,Clarence,Walker,M,M,2020-09-23
16071,AW00016071,Marco,Hill,M,F,2022-02-15
23398,AW00023398,Shannon,Diaz,M,M,2024-11-18
22036,AW00022036,Jordan, Diaz,S,M,2022-11-11
23456,AW00023456,Ruben,Suarez,M,F,2024-09-08
24503,AW00024503,Luke,Bennett,M,F,2023-04-20
28432,AW00028432,Russell,Sanchez,S,F,2021-07-04
18619,AW00018619,Lauren,Sanchez,M,F,2022-12-14
27619,AW00027619,Jacquelyn,Ruiz,S,M,2022-05-23
27966,AW00027966,Luke,Watson,S,M,2023-05-05
23737,AW00023737,Clarence,Ruiz,M,M,2020-02-11
22043,AW00022043,Janet,Bennett,S,M,2024-07-15
20135,AW00020135,Jon,Diaz,M,M,2019-05-23
17195,AW00017195,Shannon,Zhu,M,F,2025-05-31
21734,AW00021734,Lauren,Suarez,S,M,2021-12-12
15273,AW00015273,Eugene,Yang,M,M,2022-12-16
17634,AW00017634,Ian,Yang,M,M,2020-06-12
11792,AW00011792,Jon,Suarez,S,M,2019-01-17
16320,AW00016320,Luke,Perez,M,M,2020-04-22
20599,AW00020599,Sydney,Suarez,M,M,2020-02-02
19875,AW00019875, Wyatt,Ross,S,F,2021-02-18
28777,AW00028777,Eugene,Bennett,M,F,2021-12-26
17085,AW00017085,Elizabeth,Watson,S,F,2019-07-21
23777,AW00023777,Ian,Diaz,S,M,2022-12-05
25644,AW00025644,Ruben,Watson,S,F,2019-07-22
12334,AW00012334,Seth,Lu,S,F,2021-09-24
13665,AW00013665,Jacquelyn,Gray,M,M,2024-10-10
19572,AW00019572,Elizabeth,Perez,M,M,2024-11-07
25418,AW00025418,Janet,Suarez,S,M,2022-11-28
21854,AW00021854,Clarence,Verhoff,S,F,2022-09-15
12654,AW00012654,Elizabeth,Watson,M,M,2020-07-19
12513,AW00012513,Ethan,Perez,M,F,2024-12-22
22218,AW00022218,Janet,Bennett,S,,2023-11-25
19736,AW00019736,Christy,Carlson,M,F,2019-05-23
17741,AW00017741,Julio,Zhu,M,M,2019-10-30
18487,AW00018487,Jacquelyn,Sanchez,M,F,2024-01-15
21147,AW00021147,Christy ,Verhoff,S,F,2019-09-11
20187,AW00020187,Elizabeth,Zhu ,M,M,2022-01-12
13095,AW00013095,Sydney,Mehta,S,F,2019-07-31
14308,AW00014308,Janet,Watson,S,M,2023-11-19
19761,AW00019761,Jacquelyn,Sanchez,M,M,2021-11-03
21318,AW00021318,Ruben,Gray ,M,M,2025-02-19
15496,AW00015496,Christy,Lu,M,F,2021-03-27
24602,AW00024602,Jordan,Bennett,M,M,2023-03-09
28888,AW00028888,Lauren,Sanchez,S,M,2024-08-30
11278,AW00011278,Janet,Watson,S,F,2022-03-31
20192,AW00020192,Lauren,Bennett,S,M,2019-04-10
22942,AW00022942,Ian,Hill,S,M,2022-02-07
24086,AW00024086,Eugene,Torres,S,M,2019-01-30
18317,AW00018317,Ethan,Yang,M,F,2025-06-02
12602,AW00012602,Destiny,Ward,,F,2024-11-29
27454,AW00027454,Ian,Perez,M,M,2024-08-03
22222,AW00022222,Curtis,Watson,M,M,2020-08-07
15500,AW00015500,Ruben,Gray,,M,2024-11-04
19643,AW00019643,Rob,Mehta,M,M,2020-11-13
22040,AW00022040,Wyatt,Watson,S,M,2020-09-07
27737,AW00027737,Ruben,Ross,S,M,2023-08-16
20220,AW00020220,Shannon,Mehta,S,F,2019-03-30
25769,AW00025769,Jon,Ruiz,M,M,2023-08-08
24624,AW00024624,Eugene,Ross,M,F,2022-10-29
26546,AW00026546,Seth,Young,S,F,2021-03-03
16518,AW00016518,Julio,Suarez,S,F,2021-01-24
13300,AW00013300,Wyatt,Diaz ,M,F,2020-03-23
12326,AW00012326,Seth,Ross,S,M,2020-12-06
22424,AW00022424,Russell,Yang,S,M,2024-10-30
13740,AW00013740,Jacquelyn,Hill,S,F,2024-01-28
13590,AW00013590,Curtis,Bennett,M,F,2021-05-25
13875,AW00013875,Lauren,Zhu,S,M,2023-12-22
14089,AW00014089,Ruben,Suarez,M,F,2020-08-02
25408,AW00025408,Sydney ,Diaz,M,M,2019-01-15
13012,AW00013012,Curtis,Perez,M,F,2020-06-06
18960,AW00018960,Eugene,Walker,M,M,2022-06-04
21016,AW00021016,Destiny,Suarez,M,M,2020-06-24
21154,AW00021154,Elizabeth,Watson,S,F,2021-01-28
24596,AW00024596,Elizabeth,Sanchez,M,M,2024-12-07
11759,AW00011759,Chloe,Sanchez,M,F,2020-10-31
15518,AW00015518,Shannon,Carlson,S,F,2023-05-16
14940,AW00014940,Seth, Zhu,S,F,2024-08-23
28721,AW00028721,Ian,Watson,S,F,2020-01-20
14667,AW00014667,Jon,Walker,S,M,2020-12-01
22019,AW00022019,Ruben,Young,M,M,2021-12-06
27068,AW00027068,Chloe,Diaz,,M,2021-10-04
18925,AW00018925,Jon,Young,M,F,2020-02-11
27230,AW00027230,Seth,Perez,,M,2024-02-19
21937,AW00021937,Julio,Zhu,M,F,2019-01-02
17352,AW00017352,Jon,Zhu,M,M,2020-03-13
20295,AW00020295,Janet,Sanchez,M,M,2025-04-03
25122,AW00025122,Sydney,Ruiz,S,M,2024-09-07
27578,AW00027578,Sydney,Johnson,S,F,2020-04-26
14311,AW00014311,Jon,Mehta,M,F,2024-06-16
17885,AW00017885,Ethan,Verhoff,M,F,2021-07-23
21344,AW00021344,Clarence,Walker,M,M,2020-11-01
20690,AW00020690,Christy,Bennett,M,M,2022-08-02
26775,AW00026775,Chloe,Lu,M,M,2020-02-11
27493,AW00027493,Marco,Hill,M,F,2022-07-19
20919,AW00020919,Jon,Gray,M,M,2022-09-21
12816,AW00012816,Marco,Mehta,S,F,2021-08-15
17148,AW00017148,Jacquelyn,Verhoff,M,F,2019-03-06
21839,AW00021839,Shannon,Young ,M,M,2019-07-26
23769,AW00023769,Lauren,Torres,M,F,2022-05-28
17756,AW00017756,Ian,Yang,M,M,2023-10-14
13555,AW00013555,Chloe,Suarez,S,F,2024-03-04
19374,AW00019374,Marco,Hill,S,M,2019-10-30
11585,AW00011585,Sydney,Sanchez,M,M,2025-06-03
12051,AW00012051,Lauren,Watson,M,M,2019-05-18
20649,AW00020649,Clarence,Ruiz,S,F,2023-07-20
24203,AW00024203,Chloe,Ross,M,M,2025-06-05
25885,AW00025885,Christy,Young,M,M,2022-06-04
13158,AW00013158,Luke,Walker,M,M,2022-04-03
21038,AW00021038,Seth,Lu,M,F,2019-09-18
18835,AW00018835,Curtis,Ward,S,F,2022-04-30
18797,AW00018797,Russell,Johnson,M,F,2024-04-05
22825,AW00022825,Chloe,Lu,M,M,2023-02-15
25711,AW00025711,Elizabeth,Zhu,S,M,2019-05-10
21963,AW00021963,Julio,Hill,M,M,2019-11-11
23967,AW00023967,Ethan,Verhoff,S,M,2021-02-07
18990,AW00018990,Ethan,Lu,S,M,2022-03-25
17480,AW00017480,Ian,Watson,M,M,2024-09-28
24742,AW00024742,Ian ,Jenkins,S,F,2020-05-24
19489,AW00019489,Shannon,Ross,S,F,2023-12-01
23005,AW00023005,Shannon,Ruiz,S,M,2021-09-13
22666,AW00022666,Destiny,Alvarez,S,M,2022-11-16
19911,AW00019911,Curtis,Yang,M,M,2021-01-02
19066,AW00019066,Wyatt,Johnson,M,F,2023-06-24
11287,AW00011287,Wyatt,Torres,M,F,2022-10-22
28293,AW00028293,Jon,Wood,S,F,2020-02-13
12827,AW00012827,Julio,Zhu,S,M,2024-06-24
12239,AW00012239,Jordan,Mehta,S,F,2023-04-22
20098,AW00020098,Ian,Watson,M,F,2019-02-09
22032,AW00022032,Shannon,Young,S,M,2024-01-04
27886,AW00027886,Lauren,Lu,M,F,2022-05-09
19612,AW00019612,Destiny,Diaz,M,M,2023-08-11
15056,AW00015056,Ian,Hill,S,F,2022-01-23
21880,AW00021880,Sydney,Johnson,M,F,2022-09-10
19873,AW00019873,Wyatt,Ruiz,S,F,2019-01-01
27969,AW00027969,Jordan,Walker,S,F,2024-11-08
25797,AW00025797,Sydney,Lu,M,M,2020-04-22
26161,AW00026161,Ian,Sanchez,S,F,2024-02-16
11401,AW00011401,Eugene,Walker,S,M,2023-01-24
17786,AW00017786,Russell,Ruiz,S,F,2019-07-16
22565,AW00022565,Janet,Walker,M,M,2024-12-03
22564,AW00022564,Marco ,Johnson,M,F,2024-08-02
12996,AW00012996,Eugene,Alvarez,S,F,2021-05-31
28710,AW00028710,Marco,Diaz ,M,F,2023-07-30
15671,AW00015671,Seth,Watson,S,M,2020-07-18
11932,AW00011932,Julio,Ruiz,M,M,2021-08-01
23784,AW00023784,Ethan,Sanchez,M,M,2021-01-05
25040,AW00025040,Curtis,Hill,M,M,2021-08-12
15450,AW00015450,Lauren,Johnson,M,M,2023-06-13
17319,AW00017319,Christy,Sanchez,S,F,2020-11-13
27850,AW00027850,Chloe,Perez,S,F,2021-08-29
16495,AW00016495,Christy,Ross,M,F,2024-04-07
12149,AW00012149,Marco,Ward,S,F,2019-11-22
26830,AW00026830,Ruben,Bennett ,S,,2023-05-15
13408,AW00013408,Jon,Watson,S,F,2019-03-16
21738,AW00021738,Marco,Huang,S,M,2020-07-21
11630,AW00011630,Janet,Huang,S,F,2024-09-06
22676,AW00022676,Rob, Yang,M,M,2024-05-06
21894,AW00021894,Wyatt, Torres,S,M,2019-01-16
25972,AW00025972,Jon,Lu,M,F,2022-10-14
19678,AW00019678, Janet,Alvarez,,M,2022-10-24
25543,AW00025543,Wyatt,Ross,S,F,2021-06-08
20061,AW00020061,Luke,Ruiz,S,F,2023-12-31
19158,AW00019158,Sydney,Watson,S,M,2020-09-16
22685,AW00022685,Clarence,Verhoff,S,M,2023-10-11
23071,AW00023071,Julio,Bennett,S,M,2021-05-27
21753,AW00021753,Sydney,Zhu,S,F,2024-08-06
26136,AW00026136,Wyatt, Ruiz,M,M,2022-04-05
27332,AW00027332,Luke,Lu,M,F,2020-05-13
22960,AW00022960,Seth,Walker,M,F,2021-09-21
17229,AW00017229,Christy,Hill,S,F,2019-12-16
15945,AW00015945,Jacquelyn,Huang,S,M,2023-12-25
14420,AW00014420,Elizabeth,Verhoff,M,F,2019-11-01
24339,AW00024339,Chloe,Gray,M,M,2024-03-09
19711,AW00019711,Chloe,Suarez,S,F,2020-05-17
15307,AW00015307,Seth,Lu,M,M,2021-11-28
18137,AW00018137,Jordan,Ross,S,F,2021-06-29
25918,AW00025918,Sydney,Suarez,M,M,2025-06-17
21659,AW00021659,Janet,Mehta,M,M,2023-01-05
14568,AW00014568,Sydney,Hill,M,M,2019-02-13
18397,AW00018397,Jon,Mehta,S,F,2020-04-25
11897,AW00011897,Clarence,Johnson,S,M,2019-01-21
17379,AW00017379,Chloe,Jenkins,S,F,2020-11-18
25066,AW00025066,Sydney,Yang,S,F,2019-12-30
17388,AW00017388,Rob,Johnson,S,M,2022-09-13
14827,AW00014827,Julio,Jenkins,S,M,2024-10-18
16741,AW00016741,Elizabeth,Ruiz,S,M,2021-02-13
23110,AW00023110,Jordan,Diaz,M,M,2020-07-21
15942,AW00015942,Christy,Yang,M,F,2019-06-17
13241,AW00013241,Jordan,Yang,S,M,2021-06-04
12346,AW00012346,Julio,Ruiz,S,M,2023-01-31
18876,AW00018876,Destiny,Ross,M,M,2020-10-03
11222,AW00011222,Rob,Young,M,F,2020-04-16
25981,AW00025981,Curtis,Zhu,S,F,2023-10-04
16821,AW00016821,Ian,Watson,M,M,2019-04-21
15204,AW00015204,Jacquelyn,Ross ,S,M,2019-04-14
24752,AW00024752,Sydney,Yang,M,F,2023-10-27
11698,AW00011698,Wyatt,Young,S,F,2021-04-05
12495,AW00012495,Curtis,Huang,S,M,2021-08-19
17803,AW00017803,Shannon,Diaz,M,M,2022-01-31
19649,AW00019649,Jacquelyn,Lu,S,F,2020-03-27
11203,AW00011203,Marco,Perez,S,F,2020-02-08
25486,AW00025486,Ruben,Watson,M,,2023-12-29
12533,AW00012533,Clarence,Jenkins,M,M,2022-02-11
28331,AW00028331,Destiny,Jenkins,M,F,2024-11-23
24072,AW00024072, Russell,Young,M,M,2019-11-28
21076,AW00021076,Jacquelyn,Jenkins,S,F,2023-03-25
18776,AW00018776,Christy,Yang,M,F,2023-08-02
23744,AW00023744,Jordan,Diaz,S,F,2022-12-05
17701,AW00017701,Destiny, Ward,S,F,2024-03-22
26642,AW00026642,Elizabeth,Torres,S,M,2023-04-19
21646,AW00021646,Luke,Carlson,S,M,2019-11-09
16830,AW00016830,Marco,Ross,S,F,2019-02-04
14234,AW00014234,Ian,Diaz,S,F,2019-09-29
27236,AW00027236,Ruben,Lu,S,M,2020-01-14
16256,AW00016256,Jacquelyn,Verhoff,M,M,2025-03-11
27880,AW00027880,Jordan,Suarez,M,F,2024-02-16
27496,AW00027496,Christy,Suarez,M,M,2022-07-18
24104,AW00024104,Jordan,Jenkins,S,F,2023-10-18
16188,AW00016188,Jon,Yang,S,M,2024-01-19
12282,AW00012282,Luke,Perez,M,M,2021-12-18
20653,AW00020653,Curtis, Sanchez,M,M,2024-04-05
20505,AW00020505, Ruben,Huang,S,F,2023-07-03
19012,AW00019012,Eugene,Ross,S,M,2021-11-09
20037,AW00020037,Jordan ,Sanchez,S,M,2020-04-18
15421,AW00015421,Wyatt,Perez,S,F,2021-02-04
20434,AW00020434,Ruben,Johnson,M,M,2021-04-13
17412,AW00017412,Destiny,Sanchez,M,M,2024-02-22
12041,AW00012041,Elizabeth,Carlson,S,F,2024-01-29
20401,AW00020401,Jacquelyn,Wood,M,F,2021-09-13
22896,AW00022896,Jon,Watson,S,F,2021-08-31
13288,AW00013288,Destiny,Johnson,S,M,2021-06-15
26915,AW00026915,Clarence,Torres,M,M,2023-06-16
17079,AW00017079,Elizabeth,Jenkins,S,M,2019-12-09
20422,AW00020422,Wyatt,Young,M,M,2023-01-20
23067,AW00023067,Rob,Walker,M,F,2020-09-23
23307,AW00023307,Jordan,Torres,S,F,2020-07-30
11464,AW00011464,Elizabeth ,Watson,M,F,2023-04-16
14629,AW00014629,Janet,Torres,S,M,2022-10-03
19553,AW00019553,Wyatt,Ward,M,F,2022-09-11
12233,AW00012233,Julio,Gray,M,F,2024-01-31
25871,AW00025871,Jordan,Zhu,S,M,2024-08-19
23943,AW00023943,Destiny,Yang,M,M,2019-04-03
17766,AW00017766,Rob,Zhu,M,,2019-01-06
26718,AW00026718,Elizabeth,Verhoff,S,F,2025-07-26
24421,AW00024421,Rob,Lu,S,F,2023-07-24
22403,AW00022403,Marco,Alvarez,S,F,2021-06-27
23271,AW00023271,Christy,Ross,S,F,2021-09-01
18053,AW00018053,Jordan ,Jenkins,M,M,2024-04-28
18761,AW00018761,Shannon,Diaz,S,M,2025-07-18
17221,AW00017221,Wyatt,Walker,M,M,2019-12-29
27498,AW00027498,Ruben,Torres,S,F,2025-01-16
21376,AW00021376,Julio,Diaz,S,M,2021-02-01
27078,AW00027078,Jordan,Ross,M,M,2019-05-19
20042,AW00020042,Eugene,Torres,M,F,2019-05-07
11480,AW00011480,Jacquelyn,Gray,,F,2020-09-03
11307,AW00011307,Russell,Ward,S,F,2019-11-30
24381,AW00024381,Marco ,Wood,M,M,2020-08-13
15039,AW00015039,Luke,Lu,S,M,2024-03-14
22407,AW00022407,Julio,Suarez,S,F,2023-04-13
28690,AW00028690,Ian,Hill,S,F,2023-02-27
28312,AW00028312,Christy, Sanchez,S,F,2025-06-16
15332,AW00015332,Russell,Huang,S,F,2023-02-25
18777,AW00018777,Chloe,Torres,M,F,2022-01-24
18126,AW00018126,Ian,Jenkins,M,F,2024-07-15
21169,AW00021169,Shannon,Lu,M,M,2023-03-27
23450,AW00023450,Elizabeth,Bennett,,M,2025-03-06
18440,AW00018440,Seth, Ross,S,F,2020-02-27
28450,AW00028450,Clarence,Hill,,F,2025-05-25
14934,AW00014934,Destiny,Suarez,M,M,2019-08-08
20961,AW00020961,Wyatt,Wood,S,F,2023-11-18
26166,AW00026166,Destiny,Sanchez,S,F,2019-04-25
27066,AW00027066,Ethan,Huang,S,M,2021-11-10
25953,AW00025953, Chloe,Torres,M,F,2021-01-01
17749,AW00017749,Eugene,Suarez,,F,2024-07-04
18775,AW00018775,Curtis,Ward,M,M,2022-02-18
20005,AW00020005,Elizabeth,Jenkins,S,M,2022-06-27
13966,AW00013966,Eugene,Alvarez,S,F,2025-05-28
11928,AW00011928,Rob,Walker,S,F,2022-12-16
27929,AW00027929,Christy,Hill,S,F,2024-07-04
18156,AW00018156,Julio,Carlson,M,F,2020-01-23
23330,AW00023330,Lauren,Gray,M,M,2022-12-03
18686,AW00018686,Jon,Gray,M,M,2022-03-07
18528,AW00018528,Elizabeth,Bennett ,M,M,2019-02-01
18238,AW00018238,Russell,Ruiz,S,F,2021-04-09
20228,AW00020228,Lauren,Sanchez,M,F,2023-02-05
15571,AW00015571,Julio,Ruiz,M,F,2022-01-09
22296,AW00022296,Ruben, Gray,S,M,2019-02-28
24430,AW00024430,Elizabeth ,Jenkins,S,F,2019-08-13
18446,AW00018446,Wyatt ,Huang,M,M,2022-05-20
25336,AW00025336,Destiny,Gray ,S,M,2021-02-20
14081,AW00014081,Jon,Johnson,M,F,2020-09-03
15609,AW00015609, Jordan,Bennett,S,M,2019-05-22
21914,AW00021914,Russell,Alvarez,S,M,2024-04-25
16523,AW00016523,Jordan,Zhu,M,F,2022-07-15
18244,AW00018244,Ian,Walker,M,M,2024-12-20
15637,AW00015637, Shannon,Diaz,S,M,2023-11-26
26478,AW00026478,Chloe,Wood,S,M,2024-10-01
26152,AW00026152,Christy,Perez,M,M,2020-03-14
12872,AW00012872,Ruben,Alvarez,M,F,2024-08-08
27277,AW00027277,Jordan ,Perez,S,M,2023-04-14
17804,AW00017804,Rob,Sanchez,S,M,2021-05-16
28517,AW00028517,Destiny,Perez,S,M,2020-09-05
11104,AW00011104,Ian,Wood,M,M,2024-04-28
22609,AW00022609,Wyatt,Lu,S,F,2023-04-20
12774,AW00012774,Janet,Alvarez,S,M,2022-10-30
24414,AW00024414,Rob,Ross,S,F,2025-05-28
23150,AW00023150,Jon,Walker,S,M,2024-03-11
16294,AW00016294,Curtis,Jenkins ,M,F,2023-08-15
17998,AW00017998,Seth,Zhu,M,M,2023-05-19
17499,AW00017499,Sydney,Mehta,M,M,2022-05-14
15113,AW00015113,Julio,Walker,S,M,2021-09-11
13899,AW00013899,Seth,Ross,M,M,2021-05-07
16348,AW00016348,Rob,Gray,M,F,2022-07-21
17102,AW00017102,Lauren,Ward,S,F,2020-06-08
18502,AW00018502,Ruben,Ross,M,M,2021-01-30
21050,AW00021050,Curtis,Gray,S,F,2019-08-01
25190,AW00025190,Luke,Gray,M,F,2021-03-01
15668,AW00015668,Seth,Verhoff,M,F,2023-12-14
12719,AW00012719,Sydney,Huang,S,F,2022-03-30
23338,AW00023338,Julio ,Ruiz,S,F,2021-03-10
13218,AW00013218,Wyatt,Perez,M,F,2020-11-29
14583,AW00014583,Clarence,Jenkins ,S,F,2019-03-29
18743,AW00018743,Russell,Young,S,M,2021-08-08
16476,AW00016476,Jon,Ross,M,F,2025-01-26
19067,AW00019067, Ian,Walker,M,F,2025-04-20
13655,AW00013655,Shannon,Carlson,M,F,2019-05-23
21274,AW00021274,Marco,Mehta,M,F,2024-09-18
13587,AW00013587,Julio,Ross,M,M,2023-11-26
25710,AW00025710,Rob,Ross,S,F,2022-12-05
12871,AW00012871,Ruben ,Ward,M,F,2019-06-29
14689,AW00014689,Seth,Verhoff,S,F,2023-05-18
12949,AW00012949,Marco ,Verhoff,S,F,2019-12-26
22005,AW00022005,Christy ,Wood,S,M,2024-12-16
15925,AW00015925,Jon, Ruiz,M,F,2025-01-04
11968,AW00011968,Jordan,Hill,S,M,2019-05-28
27654,AW00027654,Julio,Sanchez,S,M,2021-04-12
14417,AW00014417,Destiny,Suarez,S,F,2025-01-08
19802,AW00019802,Seth,Perez,M,M,2023-08-30
21607,AW00021607,Lauren,Young,S,M,2024-11-30
23609,AW00023609,Destiny,Lu,M,F,2021-03-01
12484,AW00012484,Clarence,Yang,S,F,2020-05-02
14638,AW00014638,Russell,Walker,M,M,2020-07-15
22210,AW00022210,Eugene,Johnson,M,M,2021-08-10
21467,AW00021467,Jon,Hill,S,F,2019-08-09
21438,AW00021438,Rob,Perez,S,F,2024-04-26
11215,AW00011215,Shannon,Gray,M,M,2023-06-10
21436,AW00021436,Rob,Hill,S,F,2019-10-22
19418,AW00019418,Christy, Sanchez,M,F,2024-08-01
19714,AW00019714,Wyatt,Yang,S,F,2024-07-29
23310,AW00023310,Janet,Torres,M,M,2022-12-13
26401,AW00026401,Jordan,Alvarez,M,F,2023-10-25
17242,AW00017242,Clarence,Mehta,M,F,2020-08-14
11064,AW00011064,Shannon,Ward,S,M,2021-12-19
16760,AW00016760,Jordan,Carlson,S,M,2023-08-01
22824,AW00022824,Lauren,Huang,M,M,2024-03-30
28071,AW00028071,Christy,Diaz ,S,F,2022-03-11
25235,AW00025235,Jon,Johnson,S,F,2023-03-07
18815,AW00018815,Clarence,Lu,S,F,2024-09-24
18385,AW00018385,Rob,Diaz,S,F,2021-01-26
19088,AW00019088,Ian,Sanchez,S,M,2021-04-13
20640,AW00020640,Sydney,Sanchez,S,F,2021-06-06
23576,AW00023576,Russell,Lu,M,M,2022-04-27
22348,AW00022348,Ethan,Verhoff,M,M,2022-02-26
28226,AW00028226,Eugene,Torres,S,M,2023-02-06
18810,AW00018810,Ian,Gray,S,,2022-09-11
26494,AW00026494,Marco,Bennett,S,M,2021-06-11
15469,AW00015469,Clarence,Walker ,M,M,2022-05-17
22209,AW00022209,Jordan,Ward ,S,M,2019-12-21
16262,AW00016262,Ruben,Suarez,M,M,2025-04-03
27558,AW00027558,Jacquelyn,Verhoff,M,M,2019-03-05
20729,AW00020729,Jordan,Suarez,M,M,2021-11-08
20038,AW00020038, Sydney,Johnson,S,M,2021-07-18
27435,AW00027435,Shannon,Watson,M,F,2023-03-06
20218,AW00020218,Julio,Ward,M,M,2025-03-30
15458,AW00015458,Eugene,Yang,S,M,2022-11-13
12573,AW00012573,Eugene,Johnson,M,F,2023-01-16
22705,AW00022705,Jon,Carlson,M,F,2021-10-24
18451,AW00018451,Destiny,Gray,M,M,2021-07-02
16245,AW00016245,Julio,Bennett,M,F,2022-04-13
25568,AW00025568,Chloe,Zhu,S,F,2023-09-12
12638,AW00012638,Julio,Diaz,M,M,2023-08-31
19263,AW00019263,Ruben,Torres,M,F,2021-02-12
23615,AW00023615,Elizabeth,Watson,S,M,2024-11-13
25962,AW00025962,Ethan,Suarez,M,F,2025-02-11
13239,AW00013239,Jacquelyn,Lu,M,M,2020-10-10
23413,AW00023413,Curtis,Perez,M,F,2022-09-22
25536,AW00025536,Russell,Hill,S,M,2020-05-06
19952,AW00019952,Marco,Ross,S,M,2022-10-11
26089,AW00026089,Christy,Wood,M,M,2023-09-10
14233,AW00014233,Jordan,Hill,M,F,2019-11-04
15817,AW00015817,Ethan,Yang,S,F,2025-07-17
24052,AW00024052,Russell,Alvarez,M,M,2024-01-15
26709,AW00026709,Jordan, Ruiz,S,M,2024-11-24
11466,AW00011466,Elizabeth,Ross,M,M,2021-01-01
11273,AW00011273,Sydney,Ward,M,F,2023-12-16
24898,AW00024898,Lauren,Lu,M,M,2023-07-27
24281,AW00024281,Jordan, Sanchez,S,M,2023-06-08
14330,AW00014330,Clarence,Sanchez,M,M,2019-01-03
19749,AW00019749,Destiny,Suarez,S,M,2020-04-15
16270,AW00016270,Destiny,Wood,M,M,2024-09-23
11289,AW00011289,Destiny,Zhu,S,F,2022-12-09
15787,AW00015787,Sydney,Ross,M,M,2020-08-12
12724,AW00012724,Lauren,Gray,S,M,2025-03-29
21288,AW00021288,Jacquelyn,Diaz,S,F,2020-02-11
14228,AW00014228,Destiny,Lu,S,F,2023-07-23
26877,AW00026877,Ethan, Wood,M,F,2025-04-04
26636,AW00026636,Jon,Ross,M,M,2020-08-29
14895,AW00014895,Janet,Zhu,S,F,2020-10-30
12133,AW00012133,Russell ,Ruiz,S,F,2022-12-12
28341,AW00028341, Janet,Mehta,M,M,2020-12-13
19469,AW00019469,Rob,Ward,S,F,2019-12-30
25642,AW00025642,Clarence,Hill,S,M,2021-01-19
25074,AW00025074,Ethan,Perez,S,M,2020-04-10
24371,AW00024371,Clarence,Young,M,F,2022-02-20
14240,AW00014240, Wyatt,Diaz,S,F,2022-01-03
28111,AW00028111,Seth,Ross,M,F,2019-11-21
15027,AW00015027,Chloe,Huang,M,F,2024-09-02
15873,AW00015873,Russell,Yang,M,F,2024-07-10
23927,AW00023927,Wyatt,Diaz,S,F,2023-08-06
18390,AW00018390,Rob,Huang,M,M,2019-04-09
17814,AW00017814,Wyatt,Ward,S,M,2024-02-03
12775,AW00012775,Janet,Ward,M,F,2022-09-18
27342,AW00027342,Jacquelyn,Hill,M,M,2022-08-20
16554,AW00016554,Sydney,Yang,S,F,2022-12-15
16142,AW00016142,Chloe,Perez,S,F,2021-09-27
13942,AW00013942,Rob,Young,S,M,2021-12-03
15500,AW00015500,Ruben,Gray,S,M,2024-07-30
12324,AW00012324,Marco,Torres,S,M,2024-06-25
18450,AW00018450,Ethan,Young,M,M,2019-06-25
13488,AW00013488,Russell,Perez,S,F,2024-10-27
16223,AW00016223,Jon,Sanchez,M,M,2024-05-02
15473,AW00015473,Christy,Diaz,S,F,2021-08-24
23485,AW00023485,Chloe,Jenkins,M,M,2019-07-14
26919,AW00026919,Elizabeth,Suarez,M,F,2022-12-31
19380,AW00019380,Destiny,Suarez,M,M,2020-06-20
19272,AW00019272,Chloe,Wood,S,,2019-10-01
22524,AW00022524,Chloe,Gray,M,M,2020-12-31
25771,AW00025771,Elizabeth,Alvarez,M,F,2021-07-27
19330,AW00019330,Ruben,Hill,S,F,2023-06-06
21517,AW00021517,Sydney,Gray,M,M,2023-11-03
15223,AW00015223,Christy,Yang,M,M,2020-09-30
12512,AW00012512,Destiny,Gray,S,F,2021-05-22
17758,AW00017758,Julio,Lu,M,M,2024-01-30
19500,AW00019500,Rob,Ross,S,M,2021-07-25
13227,AW00013227,Ruben,Sanchez,M,M,2020-06-18
,,Shannon,Mehta,,,2024-01-01
13327,AW00013327,Wyatt,Gray,M,M,2023-11-11
12971,AW00012971,Russell,Ross,S,F,2025-06-15
28854,AW00028854,Clarence,Huang,M,F,2021-05-28
27330,AW00027330,Julio,Watson,M,,2021-12-24
12536,AW00012536,Rob,Wood,M,F,2023-01-26
14349,AW00014349,Christy,Torres,S,M,2020-09-06
28163,AW00028163,Shannon,Perez,M,F,2025-02-07
26627,AW00026627,Rob,Carlson ,S,M,2022-09-08
17698,AW00017698,Jacquelyn,Jenkins,S,F,2024-05-07
17350,AW00017350,Marco,Johnson,M,F,2019-11-06
19933,AW00019933,Rob,Ross,M,F,2021-10-11
15801,AW00015801,Ian,Torres,S,M,2024-11-28
14280,AW00014280,Lauren,Sanchez,M,F,2023-04-10
20327,AW00020327,Jon,Ruiz,S,F,2021-05-22
12797,AW00012797,Wyatt,Walker,M,F,2024-10-26
21117,AW00021117,Janet,Watson,S,M,2022-03-29
17325,AW00017325,Russell,Sanchez,S,M,2020-05-16
27479,AW00027479,Christy,Huang,S,M,2020-03-19
27359,AW00027359,Sydney,Young,M,M,2024-03-19
12985,AW00012985,Clarence,Hill,M,M,2024-10-26
24187,AW00024187,Clarence,Johnson,S,F,2019-11-25
24966,AW00024966,Seth,Gray,S,F,2025-07-01
12674,AW00012674,Russell,Mehta,S,F,2024-10-16
21856,AW00021856,Curtis, Ward,M,M,2020-10-16
26445,AW00026445,Jon,Jenkins,S,F,2024-03-18
22399,AW00022399,Janet,Yang,S,F,2022-04-12
24899,AW00024899,Ian,Torres,S,F,2022-11-13
19730,AW00019730,Russell,Carlson,S,M,2022-08-22
20252,AW00020252,Ethan,Carlson,M,F,2024-05-09
15046,AW00015046,Seth,Suarez,M,M,2020-07-30
12210,AW00012210,Curtis,Bennett,M,M,2024-11-20
24763,AW00024763,Eugene,Alvarez,S,M,2019-05-25
19836,AW00019836,Lauren,Ross,M,F,2022-09-15
28143,AW00028143,Luke,Hill,M,F,2024-11-18
17386,AW00017386,Ruben,Verhoff,M,F,2023-09-21
23148,AW00023148,Janet,Zhu,M,M,2021-09-04
17692,AW00017692,Destiny,Watson,M,F,2021-08-09
25586,AW00025586,Shannon,Diaz,M,F,2021-01-03
16736,AW00016736,Chloe ,Lu,M,M,2021-08-12
13455,AW00013455,Luke,Lu,M,M,2023-10-13
28840,AW00028840,Janet,Johnson,S,M,2024-09-23
17632,AW00017632,Rob,Gray,S,M,2023-10-25
24930,AW00024930,Christy,Verhoff,S,F,2023-01-29
23959,AW00023959,Julio,Suarez,S,F,2019-04-18
24813,AW00024813,Lauren,Wood,S,M,2019-12-21
20721,AW00020721,Ethan,Walker,S,F,2025-05-24
19752,AW00019752,Jordan,Verhoff,M,M,2024-07-17
25051,AW00025051,Ruben ,Diaz,M,F,2024-05-07
15841,AW00015841,Ruben,Huang,S,F,2022-09-19
12686,AW00012686,Luke,Carlson,S,M,2020-04-27
13528,AW00013528,Ruben,Ross,S,M,2023-01-23
28387,AW00028387,Russell,Suarez,M,M,2021-06-08
14754,AW00014754,Destiny,Young,S,,2024-02-16
24358,AW00024358,Ian,Alvarez,S,F,2023-01-10
18958,AW00018958,Ian,Diaz,S,F,2021-08-08
13262,AW00013262,Destiny,Jenkins,M,F,2022-08-04
26404,AW00026404,Shannon,Hill,M,M,2024-03-29
13787,AW00013787,Curtis,Bennett,M,M,2024-04-16
27381,AW00027381,Destiny,Ward,S,M,2020-08-30
15116,AW00015116,Rob,Bennett,M,M,2020-05-31
12223,AW00012223,Clarence,Lu,M,F,2020-08-02
28229,AW00028229,Sydney,Gray,S,M,2024-10-21
19908,AW00019908,Curtis,Sanchez,,F,2021-09-24
23618,AW00023618,Luke,Bennett,M,M,2025-02-26
20884,AW00020884,Elizabeth,Sanchez,S,M,2022-06-05
16137,AW00016137,Seth,Walker,S,F,2022-09-14
11791,AW00011791,Lauren,Yang,S,M,2023-03-09
22971,AW00022971,Destiny,Sanchez,S,F,2021-01-17
23361,AW00023361,Clarence,Suarez,S,F,2019-12-12
20861,AW00020861,Ian,Perez,S,F,2021-10-22
12874,AW00012874,Jordan,Suarez,M,M,2022-09-22
26869,AW00026869,Curtis,Sanchez,S,F,2021-12-12
24236,AW00024236,Christy,Perez,M,F,2020-09-04
19463,AW00019463,Russell,Perez,M,F,2021-04-10
11155,AW00011155,Chloe, Zhu,S,F,2024-07-07
20104,AW00020104,Ian,Sanchez,M,F,2023-03-20
16290,AW00016290,Clarence,Bennett,S,F,2023-05-31
19238,AW00019238,Destiny, Carlson,S,M,2020-06-19
20123,AW00020123,Clarence,Perez,S,F,2024-08-19
26379,AW00026379,Lauren,Carlson,M,M,2022-11-09
22048,AW00022048,Christy,Alvarez,S,F,2023-02-01
19006,AW00019006,Chloe,Mehta,M,F,2022-06-23
23912,AW00023912,Christy,Wood,M,F,2020-03-03
13352,AW00013352,Shannon,Sanchez,,F,2019-09-07
24553,AW00024553,Lauren,Suarez,S,F,2020-09-06
28750,AW00028750,Ian,Mehta,S,F,2023-03-02
12304,AW00012304,Julio,Ross,M,M,2020-08-12
15465,AW00015465,Jon,Zhu,S,F,2023-03-06
14194,AW00014194,Seth,Sanchez,M,F,2019-04-22
19540,AW00019540,Rob,Alvarez,M,M,2025-04-21
28655,AW00028655,Jacquelyn,Ross,M,F,2020-12-07
26094,AW00026094,Wyatt,Zhu,M,F,2019-05-12
27512,AW00027512,Sydney,Zhu,,M,2023-03-19
12199,AW00012199,Ethan,Suarez,M,F,2025-05-19
11093,AW00011093,Janet,Jenkins,M,F,2023-12-15
27141,AW00027141,Eugene,Ross,S,F,2020-11-09
17750,AW00017750,Russell,Wood,M,M,2025-02-20
23867,AW00023867,Jacquelyn,Alvarez,S,F,2022-06-11
11807,AW00011807,Ian,Zhu,S,F,2020-04-11
26115,AW00026115,Rob,Torres,S,F,2021-11-25
25032,AW00025032,Jacquelyn,Zhu ,S,F,2019-04-07
25563,AW00025563,Jacquelyn,Wood,M,M,2023-01-06
28599,AW00028599,Jordan,Zhu,M,M,2019-07-01
14624,AW00014624,Janet,Watson,M,F,2025-01-26
13274,AW00013274,Eugene,Yang,S,M,2022-08-15
15163,AW00015163,Rob,Alvarez,M,M,2022-11-08
28195,AW00028195,Destiny,Lu,S,M,2021-10-07
15846,AW00015846,Lauren,Ruiz,M,M,2019-01-30
13781,AW00013781,Clarence,Wood,S,M,2024-08-22
25705,AW00025705,Jacquelyn,Gray,S,M,2022-09-02
21286,AW00021286, Sydney,Gray,M,F,2021-03-04
24792,AW00024792,Chloe,Zhu,M,M,2023-09-07
19895,AW00019895,Janet,Huang,M,F,2024-01-11
24357,AW00024357,Lauren,Huang,S,F,2024-10-02
20786,AW00020786,Luke,Verhoff,M,F,2024-09-23
25973,AW00025973,Sydney ,Bennett,M,M,2023-07-13
22915,AW00022915,Ian,Carlson,M,F,2023-08-09
24461,AW00024461,Curtis,Diaz,M,M,2022-04-03
26836,AW00026836,Curtis,Yang,M,F,2019-11-07
21922,AW00021922,Christy,Young,M,M,2020-08-25
,,Ruben,Watson,,,2024-01-01
25654,AW00025654,Chloe,Diaz,M,M,2024-07-25
11847,AW00011847,Sydney,Bennett,S,F,2019-01-18
17868,AW00017868,Ruben,Perez,S,F,2021-01-15
21119,AW00021119,Jon,Verhoff,S,M,2024-03-11
24334,AW00024334,Chloe,Mehta,S,F,2019-12-13
12799,AW00012799,Seth,Young,M,F,2022-01-04
18557,AW00018557,Jordan,Zhu,M,M,2025-04-24
22719,AW00022719,Sydney,Alvarez,M,F,2020-01-31
16314,AW00016314,Clarence,Torres,M,M,2021-07-22
26746,AW00026746,Ian,Young,M,M,2021-03-26
17944,AW00017944,Wyatt,Watson,M,F,2019-05-27
16902,AW00016902,Curtis,Hill,M,M,2022-10-31
12269,AW00012269,Jacquelyn,Wood,S,F,2024-02-03
25692,AW00025692,Jon,Huang,S,M,2020-11-03
13144,AW00013144,Lauren,Johnson ,S,F,2019-08-18
28584,AW00028584,Clarence,Torres,M,M,2023-06-19
26948,AW00026948,Russell, Jenkins,S,M,2023-05-21
26853,AW00026853,Ian,Walker,M,M,2023-12-27
28776,AW00028776,Luke,Walker,S,F,2023-11-11
27320,AW00027320,Christy,Ward,S,M,2024-02-16
15296,AW00015296,Eugene ,Young,,F,2024-10-25
18449,AW00018449,Ruben,Young,S,F,2022-09-12
25057,AW00025057,Ian,Walker,S,F,2019-08-09
14411,AW00014411,Jacquelyn,Ross,M,M,2018-10-27
15374,AW00015374,Russell,Ruiz,S,F,2020-04-24
12592,AW00012592,Eugene,Perez,S,F,2020-01-15
18165,AW00018165,Chloe,Gray,S,F,2019-12-09
13749,AW00013749,Luke,Hill,S,M,2021-11-14
18039,AW00018039,Marco,Ruiz,,M,2020-10-04
23284,AW00023284,Jordan,Jenkins,M,F,2024-09-08
11751,AW00011751,Russell, Jenkins,S,M,2023-12-15
15321,AW00015321,Marco,Wood,M,M,2020-10-31
11129,AW00011129,Ruben,Sanchez,S,M,2022-05-20
21552,AW00021552,Seth,Hill,M,F,2019-04-04
21638,AW00021638,Janet,Ruiz,S,M,2021-12-24
16424,AW00016424,Ethan,Yang,M,M,2021-06-13
22061,AW00022061,Jordan,Johnson,M,F,2024-08-22
25016,AW00025016,Wyatt,Zhu,S,F,2022-04-22
22352,AW00022352,Marco,Wood,M,F,2022-10-08
28306,AW00028306,Julio,Sanchez,S,M,2021-04-12
24129,AW00024129,Christy,Carlson,S,F,2022-02-19
12092,AW00012092,Sydney,Bennett,M,M,2019-05-22
22028,AW00022028,Jordan,Sanchez,S,M,2025-04-01
22341,AW00022341,Destiny,Jenkins,S,M,2024-11-25
11496,AW00011496,Janet,Suarez,S,F,2025-05-22
19751,AW00019751,Marco,Ross,M,M,2019-12-24
14680,AW00014680,Ruben,Lu,S,M,2025-02-06
25733,AW00025733,Janet,Lu,M,M,2023-03-25
20839,AW00020839,Clarence,Hill,M,M,2020-03-04
18060,AW00018060,Elizabeth,Huang,S,F,2021-01-05
14807,AW00014807,Jacquelyn,Wood,M,F,2022-06-11
21353,AW00021353,Rob,Yang,S,F,2022-09-13
13010,AW00013010,Curtis,Gray,M,F,2020-02-10
27657,AW00027657,Jon,Yang,S,,2019-01-05
20734,AW00020734,Christy,Carlson,S,M,2023-06-28
12766,AW00012766,Elizabeth,Ross,M,F,2023-09-21
22921,AW00022921,Christy,Carlson,M,M,2020-06-23
12566,AW00012566,Christy ,Wood,S,M,2022-09-25
24672,AW00024672,Russell,Gray,M,,2024-10-11
18805,AW00018805,Ethan,Carlson,M,M,2023-10-03
24255,AW00024255,Jacquelyn,Perez,S,M,2022-12-17
15793,AW00015793,Wyatt,Walker,S,M,2019-08-24
19295,AW00019295,Russell,Watson,M,M,2024-02-03
26523,AW00026523,Jon,Zhu,M,M,2019-10-15
22146,AW00022146, Luke,Torres,M,F,2022-12-29
23830,AW00023830,Janet,Mehta,S,F,2021-07-15
26760,AW00026760,Rob,Yang,M,F,2023-08-17
22438,AW00022438,Clarence, Gray,S,F,2020-12-06
23406,AW00023406,Jon,Hill,S,M,2023-03-19
12313,AW00012313,Clarence,Lu,M,F,2023-06-29
15855,AW00015855,Janet,Bennett,M,M,2025-07-28
11625,AW00011625,Destiny,Huang,S,F,2023-04-30
22782,AW00022782,Shannon,Torres,M,F,2020-04-08
28370,AW00028370,Chloe,Carlson,M,M,2019-03-30
20281,AW00020281,Elizabeth,Alvarez,S,F,2019-07-08
18388,AW00018388,Marco,Perez,S,F,2024-07-10
14623,AW00014623,Jacquelyn,Sanchez,M,M,2021-10-28
15284,AW00015284,Shannon,Jenkins,M,M,2022-05-07
27806,AW00027806,Jacquelyn,Carlson,M,F,2022-10-11
16854,AW00016854,Lauren,Zhu,S,F,2023-10-19
26715,AW00026715,Seth,Ross,S,F,2020-08-04
26789,AW00026789,Wyatt ,Diaz,S,M,2022-09-02
12375,AW00012375,Seth,Suarez,S,F,2023-10-11
16589,AW00016589,Ethan,Huang,M,M,2024-01-07
17727,AW00017727,Jacquelyn,Huang,,F,2021-05-19
11837,AW00011837,Ian,Huang,S,M,2022-06-01
18678,AW00018678,Julio,Mehta,M,F,2019-06-11
13980,AW00013980,Lauren,Verhoff,S,F,2021-11-04
17213,AW00017213,Ian,Walker,S,F,2024-05-19
23403,AW00023403,Lauren,Carlson,S,M,2019-07-17
22345,AW00022345,Jacquelyn,Mehta,M,M,2022-02-05
26758,AW00026758,Shannon,Yang,S,M,2019-11-04
27339,AW00027339,Luke,Yang,M,M,2025-06-10
22475,AW00022475,Clarence,Ross,S,M,2024-07-13
12499,AW00012499,Wyatt,Jenkins,M,M,2024-04-07
11372,AW00011372,Clarence,Johnson,S,M,2022-06-20
19465,AW00019465,Shannon,Diaz,M,M,2022-02-16
25253,AW00025253,Ethan,Alvarez,M,F,2019-02-17
22779,AW00022779,Destiny,Zhu,M,F,2022-01-22
15009,AW00015009,Marco,Wood,M,M,2024-04-19
23362,AW00023362,Julio,Johnson,M,F,2019-07-06
25198,AW00025198,Ruben,Suarez,S,M,2020-09-29
18781,AW00018781,Sydney,Bennett,S,M,2021-09-19
24379,AW00024379,Lauren,Bennett,M,M,2022-11-16
14359,AW00014359,Seth,Carlson,S,F,2022-10-19
28056,AW00028056,Wyatt,Perez,M,M,2021-12-13
11459,AW00011459,Ian,Bennett,S,F,2022-06-16
11206,AW00011206,Eugene,Carlson,M,F,2023-10-31
17547,AW00017547,Russell,Jenkins,M,F,2020-10-24
14151,AW00014151,Lauren,Perez,S,M,2019-08-08
26900,AW00026900,Eugene,Carlson,S,F,2023-05-30
18518,AW00018518,Janet,Bennett ,S,F,2024-01-05
14938,AW00014938,Lauren ,Johnson,M,M,2023-05-18
24754,AW00024754,Ruben,Jenkins,M,M,2025-02-01
18675,AW00018675,Russell,Perez,M,F,2020-12-14
14654,AW00014654,Rob,Carlson,S,M,2024-01-25
24417,AW00024417,Rob,Sanchez,S,M,2019-12-22
21479,AW00021479,Ian,Mehta,S,M,2025-07-16
11546,AW00011546,Lauren,Lu,S,M,2025-02-12
16281,AW00016281,Marco,Perez,S,M,2021-06-12
18133,AW00018133,Marco,Verhoff,M,M,2023-07-10
17293,AW00017293,Sydney,Lu,M,F,2023-09-10
21936,AW00021936,Jon ,Jenkins,M,M,2019-11-16
17088,AW00017088,Jacquelyn,Diaz,M,M,2021-11-06
25244,AW00025244,Janet,Ross,S,F,2021-02-17
24459,AW00024459,Destiny,Torres,S,M,2022-06-29
13514,AW00013514,Clarence,Young,M,M,2021-06-15
13623,AW00013623,Seth,Hill,M,M,2024-10-03
23194,AW00023194,Curtis,Wood,S,M,2025-07-24
24646,AW00024646,Ian,Walker,M,M,2022-10-24
21861,AW00021861,Curtis,Ross,S,F,2023-08-26
18146,AW00018146,Ian,Perez,S,M,2023-10-12
20737,AW00020737,Janet,Young,S,M,2021-03-23
11659,AW00011659,Janet,Hill,,F,2024-07-08
21031,AW00021031,Jon,Torres,M,F,2022-08-05
19232,AW00019232,Destiny,Jenkins,M,F,2019-03-03
24568,AW00024568,Rob,Yang,M,F,2019-12-18
21618,AW00021618,Jordan,Johnson,M,F,2025-01-07
23125,AW00023125,Jon,Alvarez ,M,F,2024-08-24
23351,AW00023351,Jacquelyn,Torres,S,M,2020-11-18
24623,AW00024623,Lauren,Carlson,S,M,2024-07-14
20013,AW00020013,Wyatt,Walker,M,F,2019-07-23
14479,AW00014479,Sydney,Jenkins,S,M,2025-02-24
15731,AW00015731,Luke,Ross,M,,2024-11-15
25005,AW00025005,Clarence,Torres,S,M,2022-10-13
25853,AW00025853,Destiny,Watson,M,M,2022-02-03
18161,AW00018161,Christy,Ward,,F,2024-12-20
22766,AW00022766, Ian,Wood,M,M,2021-03-12
13969,AW00013969,Curtis,Wood,S,F,2024-09-13
22412,AW00022412,Russell,Alvarez,S,F,2021-11-09
22094,AW00022094,Luke ,Huang,M,F,2020-12-13
24378,AW00024378,Jon,Ruiz,M,M,2020-08-25
19896,AW00019896,Julio,Torres,S,M,2022-07-24
12987,AW00012987,Julio,Diaz,S,M,2025-03-22
14715,AW00014715,Elizabeth,Gray,M,F,2019-01-27
27834,AW00027834,Jacquelyn,Diaz,S,F,2020-06-21
21128,AW00021128,Destiny,Ross,S,F,2019-11-20
12267,AW00012267,Rob,Bennett,S,M,2021-10-01
12490,AW00012490,Clarence,Ruiz,S,F,2021-12-14
22191,AW00022191,Elizabeth,Carlson,S,M,2024-04-12
17016,AW00017016,Russell,Verhoff,M,M,2024-11-21
13038,AW00013038,Chloe,Yang,S,F,2021-07-15
21612,AW00021612,Russell,Ward,,F,2024-05-18
12063,AW00012063,Chloe,Mehta,M,F,2023-12-02
28028,AW00028028,Elizabeth,Bennett,M,M,2023-04-20
18966,AW00018966,Rob,Hill,M,F,2024-11-12
27128,AW00027128,Ian,Yang,S,F,2021-08-25
11249,AW00011249,Destiny,Yang,S,F,2023-07-04
23064,AW00023064,Russell,Lu,S,F,2024-03-11
14339,AW00014339,Clarence,Mehta,S,M,2024-03-16
26543,AW00026543,Sydney,Gray,S,M,2025-05-30
21304,AW00021304,Wyatt, Gray,S,F,2025-07-09
19812,AW00019812,Ian,Yang,S,M,2021-10-19
20692,AW00020692,Marco,Verhoff,S,M,2021-04-17
16190,AW00016190,Luke,Hill,S,F,2021-12-22
12550,AW00012550,Ethan,Sanchez,M,F,2021-03-24
18993,AW00018993, Marco,Huang,M,F,2022-07-07
12999,AW00012999,Rob,Verhoff,M,M,2023-06-27
25647,AW00025647,Curtis,Alvarez,S,F,2020-04-06
24068,AW00024068,Julio,Diaz,S,M,2020-09-25
17484,AW00017484,Eugene,Yang,S,M,2021-10-20
26918,AW00026918,Destiny,Bennett,M,M,2024-04-19
17439,AW00017439,Wyatt,Hill,S,M,2019-06-06
18481,AW00018481,Rob,Walker,M,M,2021-01-30
22801,AW00022801,Eugene,Ward,M,M,2025-06-10
19569,AW00019569,Marco,Young,M,F,2020-10-03
16185,AW00016185,Christy,Johnson,S,M,2025-02-22
21790,AW00021790,Chloe,Alvarez,S,F,2020-03-03
27228,AW00027228,Elizabeth,Carlson,S,M,2021-07-17
28666,AW00028666,Clarence ,Huang,M,M,2022-12-04
27663,AW00027663,Luke,Suarez,S,F,2022-01-14
28689,AW00028689,Jon,Lu,S,M,2021-08-04
25197,AW00025197,Jordan,Ward,,M,2022-06-30
12354,AW00012354,Janet,Walker,S,M,2024-04-13
25875,AW00025875,Clarence,Perez,M,M,2020-11-15
12175,AW00012175,Jon,Bennett,M,F,2025-02-04
24125,AW00024125,Jacquelyn,Yang,M,M,2024-04-02
27572,AW00027572,Jacquelyn,Ruiz,M,F,2024-09-30
25083,AW00025083,Jacquelyn,Gray,S,F,2022-04-01
16764,AW00016764,Eugene,Lu,S,M,2024-12-19
28971,AW00028971,Julio,Zhu,M,F,2020-12-30
27301,AW00027301,Curtis,Gray,S,F,2021-02-18
15832,AW00015832,Luke,Young,M,F,2019-04-06
24092,AW00024092,Chloe,Carlson,S,F,2022-05-14
23470,AW00023470,Destiny,Torres,M,M,2022-05-30
24713,AW00024713,Chloe,Zhu,S,F,2019-10-09
23902,AW00023902,Elizabeth,Bennett,M,F,2022-05-13
12507,AW00012507,Seth,Sanchez,S,F,2022-01-24
13343,AW00013343,Julio,Walker,,M,2020-07-21
20191,AW00020191,Jacquelyn,Johnson,S,F,2021-06-15
13389,AW00013389, Elizabeth,Yang,M,F,2025-05-16
17003,AW00017003,Clarence,Suarez,S,F,2024-07-24
26895,AW00026895,Russell,Bennett,S,M,2023-12-12
28657,AW00028657,Lauren,Zhu,S,F,2021-02-17
22194,AW00022194,Elizabeth,Wood,S,M,2020-01-04
17856,AW00017856,Luke,Gray,M,M,2025-01-07
15781,AW00015781,Shannon,Torres,M,F,2024-02-24
24722,AW00024722,Destiny,Zhu,M,F,2020-09-23
22682,AW00022682,Rob,Suarez,M,M,2025-07-24
20536,AW00020536,Ethan,Lu,M,M,2024-12-08
19502,AW00019502,Marco,Watson,M,F,2021-01-02
26547,AW00026547,Lauren,Walker,S,M,2023-08-05
12711,AW00012711,Marco,Watson,S,,2024-09-14
11940,AW00011940,Marco,Jenkins,S,M,2024-03-12
15426,AW00015426,Destiny,Wood,S,F,2021-10-10
12359,AW00012359,Seth,Sanchez,S,F,2020-07-13
20476,AW00020476,Russell,Perez,M,F,2019-08-18
20538,AW00020538,Lauren,Verhoff,S,M,2021-10-05
17992,AW00017992,Shannon,Ward,M,F,2022-02-24
25035,AW00025035,Jon ,Walker,S,M,2020-07-16
16115,AW00016115, Jon,Ross,S,F,2022-11-25
11406,AW00011406,Lauren,Hill,S,M,2019-06-09
13347,AW00013347,Elizabeth,Diaz,M,M,2025-07-05
16215,AW00016215,Elizabeth,Alvarez,S,F,2024-12-28
22726,AW00022726,Ian , Lu,M,F,2019-07-22
14354,AW00014354,Christy,Huang,S,M,2019-01-01
12329,AW00012329,Chloe,Diaz,S,M,2021-04-10
26861,AW00026861,Lauren,Lu,S,M,2023-03-13
17020,AW00017020,Sydney,Yang,S,M,2019-09-03
16383,AW00016383,Rob,Sanchez,M,F,2021-03-02
16102,AW00016102,Eugene,Johnson,S,F,2021-12-25
27847,AW00027847,Russell,Jenkins,S,F,2023-02-01
16674,AW00016674,Eugene,Perez,S,M,2019-10-11
14599,AW00014599,Eugene,Zhu ,M,F,2019-03-15
17614,AW00017614,Janet,Gray,M,M,2022-12-25
24634,AW00024634,Janet,Mehta,S,F,2023-03-07
15990,AW00015990,Christy,Ruiz,M,F,2023-05-25
24406,AW00024406,Shannon,Hill,S,F,2024-09-09
13415,AW00013415,Eugene,Torres,S,M,2023-12-02
16441,AW00016441,Rob,Johnson,S,M,2022-07-31
19478,AW00019478,Julio,Lu,S,F,2020-01-24
28808,AW00028808,Lauren,Carlson,M,M,2022-09-21
17315,AW00017315,Jordan,Carlson,S,M,2024-09-02
20419,AW00020419,Curtis,Torres ,M,F,2019-08-18
24288,AW00024288,Lauren,Gray,M,M,2023-08-19
25997,AW00025997,Luke,Wood ,S,M,2019-07-14
12777,AW00012777,Jacquelyn,Ruiz,S,F,2019-06-22
27781,AW00027781,Elizabeth,Sanchez,M,M,2021-02-08
27938,AW00027938,Destiny,Ross,S,M,2024-12-19
18605,AW00018605,Chloe,Hill,S,M,2021-02-02
13448,AW00013448,Elizabeth,Mehta,S,M,2019-07-23
15120,AW00015120,Ruben,Lu,S,F,2019-01-18
11443,AW00011443,Ian,Hill,M,M,2023-06-30
21046,AW00021046,Seth,Hill ,S,M,2024-09-06
21377,AW00021377,Julio,Hill,S,M,2024-11-08
13454,AW00013454,Wyatt,Torres,S,M,2022-08-27
22357,AW00022357,Jon,Yang,S,F,2023-06-25
21540,AW00021540,Jordan,Bennett,S,F,2020-06-14
28757,AW00028757,Jordan,Watson ,M,F,2025-05-24
23168,AW00023168,Jordan,Watson,S,M,2021-04-24
16055,AW00016055,Ian,Johnson,S,,2019-09-27
27237,AW00027237,Jordan,Watson,M,M,2024-04-18
22339,AW00022339,Marco,Johnson,S,F,2022-10-07
27317,AW00027317,Lauren,Watson,M,M,2024-11-24
21958,AW00021958,Seth,Ward,M,M,2024-03-12
28253,AW00028253,Shannon,Alvarez,M,F,2024-04-18
14094,AW00014094,Curtis,Sanchez,M,M,2019-03-14
17514,AW00017514, Shannon,Bennett,S,F,2023-08-24
27620,AW00027620,Clarence,Zhu,S,F,2023-09-06
16473,AW00016473,Destiny,Verhoff,S,M,2019-01-21
15903,AW00015903,Ethan,Perez,M,M,2024-04-25
16494,AW00016494,Shannon,Torres,M,M,2024-09-22
18722,AW00018722,Luke,Jenkins,S,F,2021-06-09
19225,AW00019225,Jacquelyn,Suarez,M,F,2025-06-12
25017,AW00025017,Jacquelyn,Carlson,S,F,2024-07-22
13530,AW00013530,Shannon,Ruiz,M,F,2023-08-21
26514,AW00026514,Chloe,Torres,M,F,2020-03-15
19100,AW00019100,Lauren,Sanchez,S,M,2019-01-24
17364,AW00017364, Julio,Carlson,M,M,2025-07-15
28608,AW00028608,Curtis,Diaz,M,M,2019-08-21
17226,AW00017226,Jacquelyn,Bennett,M,F,2023-03-27
21635,AW00021635,Sydney,Young,,M,2020-01-26
23414,AW00023414,Rob,Sanchez,S,F,2024-03-08
19309,AW00019309,Elizabeth,Watson,M,M,2020-06-09
23407,AW00023407,Sydney,Zhu,S,M,2023-12-14
21563,AW00021563,Janet,Perez,M,F,2023-04-21
20170,AW00020170,Julio,Sanchez,S,F,2019-08-26
19784,AW00019784,Elizabeth,Lu,S,F,2025-06-04
27409,AW00027409,Sydney,Jenkins,M,F,2024-02-13
18774,AW00018774,Julio,Carlson,M,M,2023-12-22
28975,AW00028975,Ruben,Watson,S,F,2021-07-05
23564,AW00023564,Wyatt,Sanchez,S,M,2019-05-08
18612,AW00018612,Jacquelyn, Suarez,M,F,2024-05-30
23984,AW00023984,Curtis,Ward,M,M,2019-10-17
20014,AW00020014,Clarence,Alvarez,M,M,2023-05-22
13545,AW00013545,Chloe,Perez,M,F,2025-02-16
11324,AW00011324,Christy,Carlson,S,M,2022-01-22
14326,AW00014326,Elizabeth,Watson,S,M,2023-04-22
13089,AW00013089,Ruben,Gray,M,M,2023-07-31
23282,AW00023282,Ruben,Jenkins,M,M,2023-06-17
25939,AW00025939,Jordan,Gray,S,F,2022-01-20
21509,AW00021509,Marco,Ross,S,M,2024-08-21
18838,AW00018838,Shannon,Mehta,M,F,2020-09-25
11969,AW00011969,Curtis,Mehta,S,M,2019-12-22
25525,AW00025525,Russell, Ward,M,F,2023-03-31
16985,AW00016985,Destiny, Carlson,S,F,2025-04-09
27503,AW00027503,Wyatt, Perez,S,F,2021-08-25
27193,AW00027193,Rob,Torres,S,M,2022-02-09
22413,AW00022413,Chloe,Verhoff,S,F,2019-09-20
26071,AW00026071,Wyatt,Perez,M,M,2025-07-17
12016,AW00012016,Marco,Suarez,M,F,2021-12-31
17391,AW00017391,Ethan,Jenkins,M,F,2019-12-04
18690,AW00018690,Ian,Watson,S,F,2021-01-28
28303,AW00028303,Ian,Diaz,S,M,2020-07-21
11399,AW00011399,Clarence,Yang,S,F,2020-07-02
23259,AW00023259,Rob ,Alvarez,M,F,2019-07-12
14541,AW00014541,Chloe,Young,S,M,2023-03-29
21940,AW00021940,Rob,Torres,M,M,2021-03-11
24620,AW00024620,Jordan,Hill,M,F,2022-03-13
17326,AW00017326,Marco, Torres,M,M,2020-01-17
19936,AW00019936,Seth,Perez,M,F,2020-11-09
27968,AW00027968,Jordan,Johnson,S,F,2021-09-11
25327,AW00025327,Russell,Bennett,S,F,2020-10-04
18263,AW00018263,Seth,Lu,M,M,2024-12-13
27086,AW00027086,Clarence,Zhu,S,M,2023-08-31
18906,AW00018906,Russell,Verhoff,M,M,2021-11-25
24019,AW00024019,Clarence,Sanchez,S,M,2019-05-02
27971,AW00027971,Janet,Torres,S,F,2024-10-10
21664,AW00021664,Jordan,Torres,S,F,2022-04-14
27749,AW00027749,Julio,Gray,M,F,2025-05-24
16289,AW00016289,Destiny,Suarez,S,M,2023-06-29
24591,AW00024591,Janet,Ruiz,S,M,2022-05-29
14799,AW00014799,Jon, Wood,M,M,2022-10-12
21731,AW00021731,Shannon,Johnson,M,F,2020-12-03
27213,AW00027213,Russell,Verhoff,S,M,2020-08-08
20520,AW00020520,Chloe,Watson,S,M,2020-03-22
16138,AW00016138, Lauren,Zhu,S,M,2022-08-13
18093,AW00018093,Ruben,Gray ,M,M,2021-09-01
17033,AW00017033,Luke,Gray ,S,F,2023-09-28
17528,AW00017528,Eugene,Lu ,M,F,2021-09-15
27387,AW00027387,Ruben,Huang,S,M,2020-04-07
22034,AW00022034,Sydney,Yang,S,M,2020-11-27
18526,AW00018526,Elizabeth,Jenkins,M,M,2019-08-10
15715,AW00015715,Marco,Suarez,M,M,2019-09-23
14674,AW00014674,Jordan,Diaz,M,M,2020-10-10
25564,AW00025564,Rob,Young,M,F,2020-02-19
24882,AW00024882,Shannon,Mehta,S,M,2020-06-01
28595,AW00028595,Shannon,Sanchez,S,F,2023-03-16
20364,AW00020364,Luke,Young,S,M,2024-03-29
24826,AW00024826,Ruben,Carlson,M,M,2020-12-11
19618,AW00019618,Jon,Watson,S,F,2022-03-31
24102,AW00024102,Ian,Wood,M,F,2019-09-29
11264,AW00011264,Christy,Lu,M,M,2022-02-15
26491,AW00026491,Jon,Ward,M,M,2020-06-04
26034,AW00026034,Destiny,Huang,S,F,2023-04-22
18004,AW00018004,Rob,Hill,M,F,2021-02-12
12065,AW00012065,Russell,Johnson,M,M,2024-06-10
20108,AW00020108,Rob,Gray,S,F,2024-04-04
27126,AW00027126,Destiny,Mehta,M,M,2022-12-09
15655,AW00015655,Ethan,Wood ,M,M,2023-05-10
18985,AW00018985,Elizabeth,Zhu,M,M,2025-06-01
13853,AW00013853,Clarence,Bennett,S,F,2024-10-08
15946,AW00015946,Rob,Jenkins,S,M,2019-04-21
26275,AW00026275,Clarence,Suarez,M,F,2019-06-27
22813,AW00022813,Ethan,Mehta,M,F,2021-01-30
14171,AW00014171,Ethan,Wood,M,F,2023-11-04
18719,AW00018719,Ruben,Bennett,S,M,2022-12-18
21885,AW00021885,Elizabeth,Suarez,S,M,2023-05-27
20974,AW00020974,Chloe,Johnson,S,M,2023-04-12
11583,AW00011583,Julio,Torres,S,M,2022-04-11
23183,AW00023183,Chloe,Ward,S,M,2019-07-13
27922,AW00027922,Sydney,Torres,S,F,2023-05-27
17444,AW00017444,Destiny ,Huang,M,F,2023-06-28
25952,AW00025952,Janet ,Walker,M,M,2020-11-04
14485,AW00014485,Jordan,Wood,S,M,2024-05-03
11447,AW00011447,Luke,Perez,S,F,2023-01-12
28462,AW00028462,Christy,Sanchez,M,F,2020-02-26
13878,AW00013878,Marco,Ward,M,F,2020-05-26
28944,AW00028944,Shannon,Diaz,M,M,2020-07-12
17040,AW00017040,Russell,Perez,M,M,2021-12-05
19438,AW00019438,Marco,Mehta,S,M,2024-04-08
21293,AW00021293,Lauren,Carlson,M,M,2025-01-19
16643,AW00016643,Ian,Wood,M,M,2019-01-18
25453,AW00025453,Rob,Bennett,M,F,2022-12-15
12612,AW00012612,Ethan,Bennett,M,F,2021-02-05
27474,AW00027474,Ian,Carlson,S,F,2023-05-18
11133,AW00011133,Christy,Jenkins,M,F,2020-09-18
24584,AW00024584,Seth,Jenkins,S,M,2023-11-28
16232,AW00016232,Jon,Ruiz,M,F,2020-08-25
12699,AW00012699,Ruben,Alvarez,S,M,2024-05-03
13150,AW00013150,Christy,Torres,S,M,2022-06-20
17098,AW00017098,Lauren,Gray,M,M,2019-05-25
26708,AW00026708,Rob,Young,S,M,2024-03-13
26109,AW00026109,Christy,Wood,M,F,2019-05-29
19256,AW00019256,Elizabeth,Jenkins,M,F,2022-08-04
19994,AW00019994, Janet,Zhu,M,M,2024-09-28
11635,AW00011635,Russell,Mehta,S,M,2019-12-20
16358,AW00016358,Eugene,Diaz,M,F,2023-09-30
13318,AW00013318,Curtis,Bennett,S,F,2022-05-18
21767,AW00021767,Lauren,Ruiz,M,F,2024-09-17
17676,AW00017676,Janet,Walker,M,M,2019-02-01
24696,AW00024696,Clarence,Lu,M,M,2019-08-25
17295,AW00017295,Julio,Walker,M,F,2023-11-17
11281,AW00011281,Clarence,Ward,M,M,2023-06-15
21269,AW00021269,Clarence,Lu,S,F,2023-04-24
17419,AW00017419,Elizabeth,Ross,M,F,2023-05-30
24487,AW00024487,Sydney,Carlson,S,M,2024-02-13
17626,AW00017626,Jon,Wood,M,M,2025-02-09
11985,AW00011985,Chloe,Perez,S,M,2021-09-18
14491,AW00014491,Destiny,Sanchez,S,F,2021-02-27
25505,AW00025505,Ethan,Huang,M,F,2025-07-22
15958,AW00015958,Destiny,Wood,M,M,2025-02-10
24743,AW00024743,Ian,Walker,S,F,2022-08-16
21930,AW00021930,Ian,Zhu,S,F,2024-03-23
24234,AW00024234,Rob,Young,S,F,2021-06-15
15726,AW00015726,Ruben,Verhoff,S,M,2021-05-09
26385,AW00026385,Chloe,Bennett,M,F,2025-06-22
25834,AW00025834,Chloe,Verhoff,M,F,2021-02-07
11566,AW00011566,Ian,Bennett,S,,2021-01-25
25117,AW00025117,Lauren,Lu,S,M,2023-07-24
27981,AW00027981,Sydney,Hill,S,M,2022-09-15
19367,AW00019367,Seth,Verhoff,M,M,2024-01-10
27264,AW00027264,Marco,Watson,S,F,2025-01-24
20555,AW00020555,Ethan,Lu,M,F,2020-04-24
23080,AW00023080,Luke,Hill,S,,2023-05-17
19953,AW00019953,Chloe,Zhu,M,M,2022-02-11
22540,AW00022540,Eugene,Huang,S,F,2022-07-18
24432,AW00024432,Russell,Yang ,M,M,2022-06-05
21058,AW00021058,Rob,Watson,S,M,2022-08-05
12884,AW00012884,Jon,Mehta,M,F,2021-09-19
25609,AW00025609,Chloe,Watson ,M,M,2024-09-10
18831,AW00018831,Rob,Lu,S,F,2019-06-28
13765,AW00013765,Chloe,Young,S,M,2019-09-26
26127,AW00026127,Marco, Hill,M,F,2023-03-23
22203,AW00022203,Shannon,Mehta,M,M,2025-02-25
11988,AW00011988,Ruben,Ward,M,M,2025-01-26
25604,AW00025604,Marco,Bennett,M,M,2020-10-01
17203,AW00017203,Ethan,Zhu,M,M,2020-03-25
16340,AW00016340,Clarence,Suarez,S,M,2022-10-02
12474,AW00012474,Christy,Mehta,M,F,2022-02-14
18540,AW00018540,Russell,Hill,M,F,2020-03-28
23091,AW00023091,Ruben,Johnson,M,M,2019-06-25
16690,AW00016690,Ethan ,Perez,M,M,2022-08-02
26069,AW00026069,Rob,Zhu,S,M,2020-03-23
20845,AW00020845,Luke,Zhu,M,M,2024-09-19
16652,AW00016652,Chloe,Young,M,M,2020-05-10
18848,AW00018848,Ethan,Johnson,M,F,2020-02-24
18698,AW00018698,Destiny ,Alvarez,M,M,2022-07-03
11156,AW00011156,Ruben,Sanchez,S,M,2020-09-03
25039,AW00025039,Curtis,Johnson,M,M,2023-02-08
28442,AW00028442,Rob,Watson,M,M,2020-07-27
15593,AW00015593,Luke,Perez,M,M,2023-05-16
22393,AW00022393,Ian,Mehta,S,M,2023-02-21
21064,AW00021064,Russell,Diaz,S,F,2020-08-05
25168,AW00025168,Marco,Verhoff ,M,F,2019-09-12
20132,AW00020132,Destiny,Gray,M,M,2020-08-12
24526,AW00024526,Elizabeth,Johnson,S,M,2023-04-26
19246,AW00019246,Ruben,Ruiz,S,F,2025-03-06
27546,AW00027546,Ian,Sanchez,S,M,2024-03-27
17828,AW00017828, Ian,Diaz,,F,2024-04-11
18338,AW00018338,Curtis,Lu,S,F,2023-12-21
22279,AW00022279,Sydney,Jenkins,M,M,2019-06-12
26390,AW00026390,Ian,Johnson,M,M,2025-06-11
26140,AW00026140,Ian,Wood,M,F,2021-01-18
25042,AW00025042,Julio,Ruiz,S,F,2024-05-30
13333,AW00013333,Chloe,Carlson,S,F,2022-12-13
12238,AW00012238,Clarence,Bennett,M,F,2021-09-04
16999,AW00016999,Chloe,Gray,S,F,2021-06-19
20719,AW00020719,Ethan,Perez,M,M,2021-05-08
19360,AW00019360,Lauren,Walker,S,F,2022-05-29
17268,AW00017268,Julio,Perez,S,F,2019-07-12
17446,AW00017446,Julio,Hill,S,M,2024-05-16
15956,AW00015956, Ethan,Ross,M,M,2020-07-23
19700,AW00019700,Christy,Ruiz,M,M,2021-06-10
23218,AW00023218,Ruben,Mehta,S,M,2020-11-21
28534,AW00028534,Janet,Ward,M,M,2025-04-13
19476,AW00019476,Julio,Perez,M,M,2020-12-20
16836,AW00016836,Ruben,Huang,M,M,2021-09-25
24292,AW00024292,Russell ,Huang,S,M,2024-01-09
19850,AW00019850,Chloe,Perez,S,F,2023-11-21
25896,AW00025896,Rob,Perez,M,M,2024-03-12
14332,AW00014332,Ruben,Mehta,M,M,2024-07-14
16956,AW00016956,Curtis,Ruiz ,M,F,2024-05-18
11793,AW00011793,Destiny,Perez,S,M,2022-11-11
11908,AW00011908,Luke,Lu,M,F,2020-11-21
24136,AW00024136,Ethan,Hill,M,M,2022-11-06
11844,AW00011844,Christy,Verhoff,S,M,2020-05-09
17338,AW00017338,Ethan,Ruiz,S,M,2024-06-26
18786,AW00018786,Janet,Ross,S,F,2021-07-21
18366,AW00018366,Destiny,Lu,M,F,2024-12-03
15852,AW00015852,Ruben,Young,M,F,2023-03-03
26674,AW00026674,Seth,Verhoff,S,M,2025-06-12
15304,AW00015304,Curtis,Hill,M,M,2022-09-16
26678,AW00026678,Elizabeth,Mehta,M,M,2021-07-29
15984,AW00015984,Julio,Walker,S,M,2023-08-26
16466,AW00016466,Jon,Lu,S,F,2023-11-08
16625,AW00016625,Jacquelyn, Lu,S,M,2019-06-22
20883,AW00020883,Wyatt,Torres,S,F,2020-07-01
12193,AW00012193,Jordan,Mehta,M,M,2019-01-07
26050,AW00026050,Clarence,Sanchez,M,M,2022-07-02
18933,AW00018933,Ian,Jenkins,,M,2022-04-04
15330,AW00015330,Curtis, Yang,M,F,2020-08-04
19501,AW00019501,Christy,Huang,S,F,2023-08-15
18097,AW00018097,Russell,Ross,M,M,2023-07-10
20119,AW00020119,Wyatt,Huang,M,M,2020-12-05
22137,AW00022137,Julio,Torres,,F,2024-01-25
26384,AW00026384,Luke,Watson,S,M,2022-01-01
23187,AW00023187,Clarence, Johnson,M,M,2024-05-22
22327,AW00022327,Jordan,Torres,M,F,2024-05-27
12377,AW00012377,Russell,Huang,M,M,2020-03-30
22928,AW00022928,Christy,Walker,S,F,2024-12-05
23858,AW00023858,Lauren,Young,S,M,2021-06-05
27564,AW00027564,Clarence, Huang,S,M,2020-12-26
11766,AW00011766,Curtis,Bennett,M,M,2024-03-26
24159,AW00024159,Destiny,Ward,S,M,2020-07-05
22373,AW00022373,Shannon,Sanchez,S,,2022-10-11
14260,AW00014260,Jacquelyn,Diaz,M,F,2023-10-27
25139,AW00025139,Ian,Sanchez,M,F,2021-10-19
23296,AW00023296,Eugene,Diaz,S,F,2021-05-15
15326,AW00015326,Lauren,Sanchez,S,M,2021-04-17
13119,AW00013119,Seth,Torres,S,M,2020-08-23
15480,AW00015480,Russell,Lu,S,M,2020-11-11
17517,AW00017517,Janet,Torres,S,M,2020-03-04
21503,AW00021503,Lauren,Young,M,M,2022-08-24
12518,AW00012518,Shannon,Ross,S,F,2021-08-25
12212,AW00012212,Janet,Torres,M,M,2024-05-30
15752,AW00015752,Eugene,Perez,,F,2022-05-06
25487,AW00025487,Destiny,Hill,S,F,2023-02-15
25350,AW00025350,Jon,Johnson,S,M,2021-03-08
23145,AW00023145,Janet,Sanchez,S,F,2023-09-12
28907,AW00028907,Wyatt,Bennett,M,M,2023-03-01
23347,AW00023347,Destiny,Zhu,S,F,2020-08-13
20763,AW00020763,Ruben,Watson,M,F,2023-05-07
11851,AW00011851,Jordan,Gray,S,F,2023-06-18
12577,AW00012577,Elizabeth,Huang,S,M,2019-05-27
11413,AW00011413,Destiny,Watson,S,M,2025-07-18
24456,AW00024456,Curtis,Watson,S,M,2021-05-03
21876,AW00021876,Ruben,Diaz,M,M,2023-09-02
25673,AW00025673,Jacquelyn,Sanchez,M,M,2023-08-03
12370,AW00012370,Elizabeth,Lu,M,M,2020-01-07
23265,AW00023265,Sydney,Huang,S,M,2024-09-23
18369,AW00018369,Julio,Watson,M,M,2023-07-11
26320,AW00026320,Ruben,Ward,S,M,2021-08-13
26563,AW00026563,Janet,Wood,M,F,2025-03-19
23903,AW00023903,Destiny ,Walker,S,F,2025-03-20
25222,AW00025222,Luke ,Alvarez,S,M,2019-07-11
14822,AW00014822,Rob,Young,S,M,2021-10-25
18642,AW00018642,Eugene,Mehta,S,M,2023-12-14
26933,AW00026933,Jordan,Lu,M,M,2021-12-14
18863,AW00018863,Janet,Ross,M,F,2025-05-20
28812,AW00028812, Rob,Zhu,M,M,2019-06-01
17747,AW00017747,Clarence,Johnson,S,M,2024-03-12
22831,AW00022831,Marco,Torres,S,F,2020-01-10
11031,AW00011031,Russell,Young,S,M,2020-06-09
17741,AW00017741,Julio,Zhu,M,M,2018-11-16
23302,AW00023302,Jon,Jenkins,S,M,2024-12-19
27361,AW00027361,Luke, Mehta,M,M,2022-06-16
14930,AW00014930,Marco,Alvarez,S,F,2020-06-19
14740,AW00014740,Janet,Torres,S,M,2024-01-16
12261,AW00012261,Sydney,Hill,M,F,2023-04-25
21102,AW00021102,Chloe,Johnson,S,M,2022-05-16
17176,AW00017176,Seth ,Mehta,M,M,2022-11-17
22312,AW00022312,Sydney,Watson,S,M,2020-12-11
15070,AW00015070,Jacquelyn,Carlson,M,F,2019-08-10
17136,AW00017136,Jordan,Jenkins,S,M,2019-07-24
26468,AW00026468,Wyatt,Watson,S,F,2019-09-29
27901,AW00027901,Sydney,Ward,M,M,2024-12-23
24791,AW00024791,Russell,Sanchez,S,M,2023-11-07
24819,AW00024819,Sydney,Watson,S,M,2019-01-21
21865,AW00021865,Elizabeth,Young,M,M,2021-04-06
22814,AW00022814,Sydney,Jenkins,S,M,2025-05-17
25340,AW00025340,Curtis,Huang,M,M,2020-12-18
26880,AW00026880,Wyatt,Wood,S,M,2024-12-08
25938,AW00025938,Wyatt,Hill,S,M,2020-10-21
13716,AW00013716,Ruben,Yang,S,F,2024-02-24
25380,AW00025380,Luke,Ruiz,S,M,2020-07-31
16751,AW00016751,Curtis,Ross,M,F,2023-03-07
12430,AW00012430,Christy,Watson,M,F,2019-10-01
18017,AW00018017,Ian,Verhoff,M,M,2019-07-09
16205,AW00016205,Curtis ,Suarez,M,F,2022-02-11
23459,AW00023459,Rob,Wood,S,M,2023-04-01
16886,AW00016886,Christy,Verhoff,M,F,2023-09-07
13128,AW00013128,Curtis,Yang,S,M,2023-01-24
28623,AW00028623,Jordan,Diaz,M,M,2019-06-16
27089,AW00027089,Destiny,Zhu,S,F,2019-03-14
23834,AW00023834,Shannon,Zhu,M,F,2025-04-17
23766,AW00023766,Jon,Diaz,S,,2021-05-04
20720,AW00020720,Wyatt,Huang,M,M,2025-04-08
17774,AW00017774,Ethan,Ward,M,M,2023-06-22
15329,AW00015329,Russell,Gray,S,F,2024-02-12
21999,AW00021999,Janet,Huang,S,F,2020-01-01
17010,AW00017010,Sydney,Lu,S,F,2023-12-29
17118,AW00017118,Ethan,Ward,S,M,2024-11-22
24232,AW00024232,Eugene,Ruiz,M,F,2019-01-16
13847,AW00013847,Jacquelyn ,Jenkins,M,M,2025-07-01
25344,AW00025344,Curtis,Suarez,M,M,2022-02-18
17665,AW00017665,Clarence,Jenkins,S,,2020-06-21
18303,AW00018303,Shannon,Torres,M,F,2019-10-26
27023,AW00027023,Christy,Wood,S,M,2024-10-13
26701,AW00026701,Seth,Suarez,M,M,2023-10-01
27832,AW00027832,Jordan,Mehta,M,M,2025-06-10
26388,AW00026388,Clarence, Alvarez,S,M,2021-02-02
15399,AW00015399,Janet,Zhu,M,F,2024-09-24
12635,AW00012635,Russell,Gray,,F,2023-01-15
27692,AW00027692,Russell,Lu,M,,2020-10-12
13126,AW00013126,Clarence,Mehta ,M,M,2025-07-07
24047,AW00024047,Shannon,Diaz,M,F,2021-06-01
21343,AW00021343,Wyatt,Diaz,S,F,2022-08-16
24555,AW00024555,Ethan,Torres,S,M,2024-11-16
28220,AW00028220, Clarence,Gray,M,F,2020-05-09
19153,AW00019153,Chloe,Gray,M,F,2023-12-04
19378,AW00019378,Sydney,Jenkins,M,M,2024-09-12
21688,AW00021688,Ethan,Ward,S,F,2025-01-20
27244,AW00027244,Destiny,Ward,M,F,2020-11-28
14611,AW00014611,Chloe,Johnson,M,M,2024-02-16
25547,AW00025547,Rob, Lu,S,M,2023-02-27
12588,AW00012588,Ruben,Bennett,M,F,2022-01-08
18653,AW00018653,Seth,Watson,M,M,2023-12-05
24448,AW00024448,Sydney,Torres,M,F,2023-05-24
12549,AW00012549,Sydney,Young,S,F,2020-12-11
11600,AW00011600,Jacquelyn,Sanchez,S,M,2024-02-21
18677,AW00018677,Jon ,Johnson,M,M,2021-11-02
24847,AW00024847,Clarence,Wood,S,M,2023-04-08
11589,AW00011589,Ruben,Bennett,S,M,2021-05-09
13305,AW00013305,Christy,Mehta,M,F,2021-04-22
21470,AW00021470,Curtis,Bennett,S,M,2025-04-20
25260,AW00025260,Wyatt,Johnson,M,M,2023-11-12
17237,AW00017237,Jacquelyn,Verhoff,S,M,2020-03-31
17295,AW00017295,Julio ,Walker,S,F,2024-09-07
19982,AW00019982,Russell,Jenkins,M,F,2023-11-15
28471,AW00028471,Christy,Alvarez,S,M,2025-07-27
14086,AW00014086,Julio,Carlson,M,M,2021-02-17
23478,AW00023478,Eugene,Johnson,S,F,2020-12-31
27846,AW00027846,Marco,Young,M,M,2020-05-23
13298,AW00013298,Christy,Huang,M,F,2021-03-05
22841,AW00022841, Julio, Hill,S,M,2020-07-24
18172,AW00018172,Seth,Bennett,M,M,2023-05-11
20345,AW00020345,Luke,Verhoff,M,M,2024-07-08
18685,AW00018685,Janet,Gray,S,F,2019-10-27
22506,AW00022506,Ethan,Sanchez,M,M,2019-11-25
25276,AW00025276,Wyatt,Gray,M,F,2020-07-31
21218,AW00021218,Janet,Gray,M,F,2023-05-23
26573,AW00026573,Luke,Alvarez,,F,2021-06-16
22265,AW00022265,Elizabeth,Bennett,M,M,2024-07-01
11175,AW00011175,Ian,Ross,M,M,2024-04-09
19964,AW00019964,Shannon,Ruiz,M,F,2019-01-10
18372,AW00018372,Jordan,Ruiz,S,F,2020-01-24
23969,AW00023969,Shannon,Lu,S,F,2019-05-15
11495,AW00011495,Jon,Verhoff,M,F,2020-09-16
28997,AW00028997,Curtis ,Alvarez,M,M,2020-04-26
11737,AW00011737,Elizabeth,Huang,M,M,2023-11-19
20694,AW00020694,Ian,Ruiz,S,F,2021-03-19
14851,AW00014851,Destiny,Diaz,M,F,2024-12-07
28706,AW00028706,Luke,Ross,M,M,2022-03-03
16026,AW00016026,Elizabeth,Walker,S,M,2019-01-19
17930,AW00017930,Janet,Diaz,M,M,2024-03-06
25045,AW00025045,Julio,Huang,M,F,2024-08-18
11018,AW00011018,Lauren,Ross,M,M,2021-12-20
18939,AW00018939,Elizabeth,Alvarez,S,M,2020-05-17
27539,AW00027539,Lauren,Carlson,S,M,2020-01-18
22231,AW00022231, Christy,Watson,M,F,2021-01-21
19584,AW00019584, Russell,Yang,M,M,2024-07-28
13754,AW00013754,Luke,Watson,M,F,2020-02-07
11540,AW00011540,Sydney,Zhu,S,F,2019-01-28
20478,AW00020478,Destiny,Yang,M,M,2021-05-16
21217,AW00021217,Clarence,Torres,M,M,2020-11-12
26470,AW00026470,Russell,Walker,S,M,2022-12-16
19893,AW00019893,Wyatt,Alvarez,M,M,2024-02-01
27685,AW00027685,Julio,Verhoff,M,F,2021-08-20
14914,AW00014914,Christy ,Zhu,S,M,2019-08-28
24257,AW00024257,Shannon,Watson,M,F,2019-01-09
26368,AW00026368,Rob,Ross,M,F,2021-11-26
13785,AW00013785,Jordan,Sanchez,M,M,2020-02-20
28970,AW00028970,Janet ,Watson,S,M,2021-12-22
28643,AW00028643,Janet,Bennett,M,F,2019-06-10
21335,AW00021335,Rob,Alvarez,M,F,2024-12-10
12113,AW00012113,Ruben,Verhoff,M,F,2025-06-17
25546,AW00025546,Sydney,Ross,,F,2022-06-23
11896,AW00011896,Shannon,Ward,M,M,2025-03-17
26145,AW00026145,Sydney,Verhoff,S,M,2022-09-29
28725,AW00028725,Luke,Wood,S,M,2024-10-20
24657,AW00024657,Eugene,Lu,S,F,2019-07-10
28892,AW00028892,Jon,Ruiz,S,F,2023-10-13
17356,AW00017356,Elizabeth,Wood,M,M,2021-09-02
23734,AW00023734,Julio,Ruiz,M,M,2021-03-29
24843,AW00024843,Curtis,Johnson,M,F,2022-05-09
23366,AW00023366,Shannon,Hill,M,M,2024-04-14
17233,AW00017233,Russell,Jenkins,M,M,2025-01-08
21858,AW00021858,Ian,Yang,M,M,2021-08-20
25558,AW00025558,Janet,Huang ,S,F,2024-07-11
19989,AW00019989,Lauren,Ross,M,F,2024-08-15
28546,AW00028546,Lauren,Mehta,M,M,2024-05-18
24937,AW00024937,Rob,Walker,M,F,2023-03-25
26232,AW00026232, Wyatt,Yang,M,M,2019-08-28
23910,AW00023910,Christy,Gray,M,F,2023-01-30
15079,AW00015079,Eugene,Bennett,M,M,2024-07-09
17284,AW00017284,Rob,Sanchez,M,F,2022-09-27
20850,AW00020850,Lauren,Ruiz,M,M,2020-11-03
21884,AW00021884,Elizabeth,Zhu,M,F,2021-09-02
26321,AW00026321,Destiny,Ross,M,F,2019-06-17
14632,AW00014632,Destiny,Diaz,S,F,2019-08-11
17005,AW00017005,Destiny,Mehta,M,F,2020-07-20
22723,AW00022723,Rob,Yang,M,M,2021-11-24
15922,AW00015922,Rob,Torres,M,M,2021-06-16
15364,AW00015364,Rob,Bennett,S,M,2019-02-12
20183,AW00020183,Jon,Watson,S,F,2025-06-01
16728,AW00016728,Jon,Suarez,S,M,2022-04-06
19481,AW00019481,Wyatt,Mehta,S,F,2019-01-15
21207,AW00021207,Marco,Bennett,M,F,2022-08-11
26826,AW00026826,Wyatt,Ross,S,M,2020-08-29
28478,AW00028478,Christy, Suarez,S,F,2021-01-08
13552,AW00013552,Chloe ,Verhoff,M,F,2022-10-15
19564,AW00019564,Chloe,Bennett,M,M,2023-10-30
13507,AW00013507,Russell,Young,M,M,2021-03-24
15696,AW00015696,Marco, Lu,M,M,2024-07-04
23473,AW00023473,Curtis,Alvarez,M,F,2020-02-27
28536,AW00028536,Shannon,Sanchez,M,F,2021-11-25
16991,AW00016991, Destiny,Hill,M,M,2024-06-28
14011,AW00014011,Elizabeth,Huang,M,F,2025-01-26
26044,AW00026044,Jordan,Zhu,M,F,2024-03-25
16448,AW00016448,Sydney,Ward,S,M,2024-11-03
19914,AW00019914,Jacquelyn,Young,M,F,2024-04-19
28603,AW00028603,Destiny,Alvarez,M,F,2020-05-18
21182,AW00021182,Rob,Ward,M,M,2024-06-08
11834,AW00011834,Ruben ,Bennett,M,F,2019-12-27
21405,AW00021405,Destiny,Hill,S,F,2019-07-22
13945,AW00013945,Jordan,Huang,S,F,2020-01-27
11878,AW00011878,Ethan,Lu,M,M,2021-09-25
16504,AW00016504,Clarence ,Suarez,M,F,2023-03-05
18665,AW00018665,Jordan,Hill,M,F,2023-01-30
28687,AW00028687,Russell,Ward,M,M,2022-03-17
23280,AW00023280,Shannon,Verhoff,S,F,2021-01-04
22013,AW00022013,Ian,Carlson,M,M,2019-10-12
18089,AW00018089,Seth,Johnson,M,M,2023-10-22
21755,AW00021755,Eugene,Zhu,S,M,2024-06-03
24084,AW00024084,Julio,Ruiz,S,M,2024-07-01
11761,AW00011761,Lauren,Huang,S,M,2021-06-25
11364,AW00011364,Lauren,Wood,S,F,2021-12-02
25030,AW00025030,Christy,Ross,M,F,2022-06-16
21472,AW00021472,Ruben,Gray,M,M,2019-03-08
24384,AW00024384,Wyatt ,Watson,M,M,2022-05-29
13095,AW00013095,Sydney,Mehta,M,F,2020-08-30
21505,AW00021505,Shannon,Alvarez,S,F,2019-01-05
16859,AW00016859,Clarence,Mehta,S,F,2023-01-28
14612,AW00014612,Ian,Yang,M,M,2021-06-03
15016,AW00015016,Shannon,Torres,S,F,2020-07-24
14320,AW00014320,Rob,Huang,S,M,2024-11-04
14035,AW00014035,Eugene,Johnson,M,F,2023-04-03
14013,AW00014013,Lauren,Jenkins,M,F,2024-01-27
25220,AW00025220,Christy,Torres,S,M,2025-06-02
11602,AW00011602,Lauren,Alvarez,M,M,2024-07-19
20586,AW00020586,Lauren,Lu,S,M,2020-04-06
24644,AW00024644,Rob,Young,M,F,2022-05-12
11096,AW00011096,Marco,Ward,M,M,2021-03-26
20858,AW00020858,Ruben,Ross,M,M,2022-12-21
17643,AW00017643,Curtis,Verhoff,M,M,2019-03-19
18217,AW00018217,Sydney,Ruiz,S,F,2019-08-20
12076,AW00012076,Julio, Huang,S,M,2024-06-11
12005,AW00012005,Clarence,Perez,M,F,2022-05-13
17934,AW00017934,Seth,Gray,S,M,2021-07-05
16974,AW00016974,Seth,Alvarez,M,F,2025-06-15
13060,AW00013060,Jacquelyn,Jenkins,M,M,2024-09-19
27672,AW00027672,Eugene,Yang,S,M,2022-09-09
15155,AW00015155,Wyatt,Walker,M,F,2019-09-05
17343,AW00017343,Julio,Walker,M,F,2022-02-03
27391,AW00027391,Destiny,Sanchez,M,M,2022-05-02
11509,AW00011509,Jordan,Hill,M,F,2021-12-30
27712,AW00027712,Shannon,Zhu,M,M,2024-04-30
23931,AW00023931,Seth,Walker,M,M,2019-09-30
19830,AW00019830,Russell,Carlson,M,M,2022-10-18
12340,AW00012340,Marco,Ruiz,S,M,2024-08-09
27343,AW00027343,Sydney,Alvarez,S,M,2019-04-02
22879,AW00022879,Destiny,Johnson,S,F,2025-06-06
21792,AW00021792,Christy,Ross,S,F,2023-04-14
28400,AW00028400,Clarence,Wood,M,F,2020-02-25
14574,AW00014574,Lauren, Lu,M,M,2019-08-26
27740,AW00027740,Seth,Diaz,S,M,2023-03-05
19259,AW00019259,Jacquelyn,Ruiz,M,F,2019-10-16
21041,AW00021041,Ian,Verhoff,M,M,2019-11-08
13895,AW00013895,Janet,Sanchez,S,M,2022-09-09
15275,AW00015275,Eugene,Sanchez,M,F,2025-05-03
15617,AW00015617,Ian,Huang,,M,2022-05-20
19219,AW00019219,Rob,Johnson ,M,F,2019-02-26
27000,AW00027000,Russell,Perez,M,M,2019-02-19
15306,AW00015306,Ian,Torres,S,M,2021-12-05
11263,AW00011263,Wyatt, Alvarez,S,F,2021-07-07
18844,AW00018844,Russell,Alvarez,S,F,2022-03-25
11213,AW00011213,Sydney,Carlson,S,F,2024-06-02
25723,AW00025723,Jordan,Mehta,M,M,2020-01-17
21564,AW00021564,Seth,Huang,S,F,2024-01-27
12600,AW00012600,Jordan,Ruiz,M,F,2020-01-16
27744,AW00027744,Rob,Hill,M,M,2022-07-08
28419,AW00028419,Eugene,Carlson,M,M,2021-11-15
20390,AW00020390,Lauren,Bennett,M,M,2023-11-20
25382,AW00025382,Rob,Yang,S,F,2020-01-14
20632,AW00020632,Sydney,Huang,M,,2022-01-07
14276,AW00014276, Lauren,Alvarez,S,F,2022-12-17
15568,AW00015568,Christy,Hill,S,F,2021-05-15
11854,AW00011854,Destiny,Alvarez,S,M,2022-04-05
12729,AW00012729,Jordan,Young,S,,2020-12-11
24906,AW00024906,Russell,Yang,S,M,2023-04-05
28815,AW00028815,Jacquelyn,Zhu,M,M,2019-02-25
19335,AW00019335,Ruben,Sanchez,M,M,2019-08-28
22742,AW00022742,Destiny,Watson,M,M,2019-10-29
22401,AW00022401,Shannon,Zhu,M,F,2022-11-19
19938,AW00019938,Lauren,Zhu,M,M,2025-05-01
13762,AW00013762,Rob,Wood,S,F,2022-02-01
13637,AW00013637,Julio,Carlson,S,M,2020-06-16
25395,AW00025395,Christy, Huang,S,M,2024-08-23
19190,AW00019190,Rob,Watson,M,M,2021-10-27
14549,AW00014549,Eugene,Walker,M,F,2020-10-03
23534,AW00023534,Janet,Ross,S,M,2022-04-27
19843,AW00019843,Jacquelyn,Huang,M,M,2020-04-17
22883,AW00022883,Elizabeth,Mehta,S,F,2019-10-04
17574,AW00017574,Ruben,Suarez,M,M,2023-08-28
25585,AW00025585,Jacquelyn,Watson,S,M,2018-03-25
19876,AW00019876,Sydney, Jenkins,S,M,2024-04-04
18337,AW00018337,Luke,Ross,M,F,2019-11-17
18274,AW00018274,Chloe,Perez,M,F,2019-01-27
24896,AW00024896,Jacquelyn,Yang,M,F,2022-02-15
19258,AW00019258,Ethan,Diaz,M,F,2021-10-11
20022,AW00020022,Chloe,Carlson,M,F,2024-11-13
19567,AW00019567,Lauren,Young,S,F,2022-07-14
25804,AW00025804,Jacquelyn,Young,S,M,2024-09-09
27766,AW00027766,Sydney,Yang ,M,M,2019-06-27
13270,AW00013270,Rob,Suarez,M,F,2019-11-23
16522,AW00016522,Russell,Suarez ,M,M,2023-06-20
12380,AW00012380,Jacquelyn,Mehta,S,F,2025-07-04
20257,AW00020257,Jacquelyn,Bennett,M,M,2023-02-25
11065,AW00011065,Christy,Zhu,S,F,2022-02-28
19579,AW00019579,Ian,Bennett ,S,F,2023-02-02
25247,AW00025247,Curtis,Sanchez,M,F,2019-12-22
14283,AW00014283,Rob,Lu,M,F,2020-10-09
24124,AW00024124,Marco,Alvarez,M,M,2021-03-23
20542,AW00020542,Wyatt,Jenkins,M,F,2019-08-09
26542,AW00026542,Christy,Wood,M,F,2023-08-19
19631,AW00019631,Ruben,Walker,S,M,2022-07-28
28529,AW00028529,Elizabeth,Walker,M,M,2019-07-28
15851,AW00015851,Elizabeth,Mehta,M,F,2021-03-22
21515,AW00021515,Marco,Sanchez,M,F,2019-11-03
28256,AW00028256,Clarence,Walker,S,F,2024-10-07
20615,AW00020615,Jon,Watson,S,M,2021-01-29
28351,AW00028351,Shannon,Ruiz,M,M,2024-02-21
28714,AW00028714,Jordan,Yang,M,M,2023-06-30
24463,AW00024463,Jacquelyn,Torres,S,F,2023-04-11
26799,AW00026799,Lauren,Perez,M,M,2020-05-26
26103,AW00026103,Ruben,Wood,M,M,2022-02-16
28403,AW00028403,Destiny,Yang,S,M,2019-08-29
13232,AW00013232,Christy,Zhu,M,M,2020-03-14
23706,AW00023706,Jon,Lu,S,F,2023-06-03
25887,AW00025887,Jon,Diaz,S,M,2025-06-10
15220,AW00015220,Lauren,Torres,S,F,2019-07-06
20881,AW00020881,Eugene,Wood,M,M,2023-11-13
23474,AW00023474,Christy,Young,S,M,2019-06-26
26941,AW00026941,Ethan,Jenkins,S,F,2019-11-10
17418,AW00017418,Destiny,Gray,S,F,2020-09-14
14323,AW00014323,Curtis,Huang,S,F,2024-06-19
20598,AW00020598,Janet,Wood,M,M,2019-04-18
23642,AW00023642,Wyatt,Gray,S,F,2021-03-17
11331,AW00011331,Sydney,Diaz,S,M,2019-03-19
16469,AW00016469,Sydney,Ross,S,F,2020-10-01
11044,AW00011044,Janet,Alvarez,M,M,2023-09-25
23086,AW00023086,Clarence,Diaz,S,M,2023-04-04
15687,AW00015687,Elizabeth,Sanchez,M,M,2022-12-08
19746,AW00019746,Russell,Bennett,M,M,2024-10-30
28036,AW00028036,Ruben,Mehta,S,M,2020-06-17
24685,AW00024685,Lauren,Lu,M,F,2021-08-26
22916,AW00022916,Wyatt,Verhoff,M,M,2021-02-17
19739,AW00019739,Wyatt,Carlson,S,M,2022-03-14
20766,AW00020766,Eugene,Ross,M,F,2019-07-18
18404,AW00018404,Wyatt,Zhu,S,M,2019-08-18
28970,AW00028970,Janet,Watson,M,M,2021-08-24
16987,AW00016987,Wyatt,Lu,S,M,2019-12-13
17071,AW00017071,Ian,Perez,M,M,2022-06-05
,,Marco,Ward,,,2024-01-01
16867,AW00016867,Christy, Ward,M,M,2020-02-23
15414,AW00015414,Janet,Hill,M,M,2021-05-28
17397,AW00017397,Shannon,Bennett,M,M,2022-06-30
20812,AW00020812,Janet,Jenkins,S,F,2022-04-25
20637,AW00020637,Jordan,Jenkins,M,M,2020-03-18
24310,AW00024310,Shannon,Mehta,S,F,2024-12-04
12966,AW00012966,Ruben,Hill,M,F,2021-03-10
12103,AW00012103,Marco ,Perez,S,F,2019-08-10
15581,AW00015581,Rob,Zhu,S,M,2019-02-21
16823,AW00016823, Sydney,Ross,M,F,2019-11-28
25134,AW00025134,Marco,Sanchez,M,M,2020-03-02
13885,AW00013885,Destiny,Zhu,M,F,2021-10-27
14608,AW00014608,Janet,Zhu,S,M,2022-04-20
24208,AW00024208,Marco,Alvarez,M,F,2023-11-29
15653,AW00015653,Ruben,Walker,S,M,2020-07-22
12013,AW00012013,Lauren,Diaz,M,F,2020-08-16
28232,AW00028232,Lauren,Verhoff,M,F,2019-12-23
28685,AW00028685,Jacquelyn,Diaz,S,F,2020-05-04
11984,AW00011984,Janet,Sanchez,M,M,2021-02-17
11529,AW00011529,Curtis,Zhu,S,M,2022-06-16
16689,AW00016689,Lauren,Ward,S,M,2022-05-30
13226,AW00013226,Jon,Ross,S,M,2025-02-04
24973,AW00024973,Janet,Lu,M,F,2024-03-04
18784,AW00018784,Marco,Johnson,M,F,2023-09-30
18978,AW00018978,Ian,Gray,S,M,2023-05-31
17184,AW00017184,Jacquelyn,Verhoff,M,F,2020-01-26
25634,AW00025634,Wyatt,Zhu,S,M,2021-04-07
15268,AW00015268,Ian,Wood,M,F,2022-06-08
11375,AW00011375,Sydney,Bennett,M,M,2025-03-08
21357,AW00021357,Jon,Zhu,S,M,2024-01-08
17524,AW00017524,Lauren,Perez,M,M,2021-01-31
14005,AW00014005,Destiny,Young,M,F,2023-05-04
12747,AW00012747,Curtis ,Hill,S,M,2019-07-12
17995,AW00017995,Ruben,Diaz,M,M,2020-09-15
18535,AW00018535,Destiny,Lu,M,F,2025-07-14
28167,AW00028167,Clarence,Young,S,M,2024-06-07
15266,AW00015266,Luke,Ross,M,F,2024-05-19
20479,AW00020479,Sydney,Hill,S,F,2021-09-14
28412,AW00028412,Marco,Hill,M,M,2025-05-25
12560,AW00012560,Ian,Alvarez,S,F,2021-02-14
17238,AW00017238,Julio,Bennett,S,M,2023-05-14
28895,AW00028895,Elizabeth,Bennett,S,F,2024-11-07
24262,AW00024262,Elizabeth,Sanchez,M,F,2021-08-09
20331,AW00020331,Jordan,Ruiz,S,F,2019-03-05
17190,AW00017190,Eugene,Johnson,M,M,2021-03-03
12808,AW00012808,Sydney,Mehta,M,M,2023-01-10
23647,AW00023647,Seth,Huang,M,F,2021-12-14
11382,AW00011382,Elizabeth,Ruiz,M,M,2019-04-27
13096,AW00013096,Chloe,Torres,M,M,2024-02-25
14351,AW00014351,Eugene,Yang,M,M,2019-05-14
12469,AW00012469,Ruben,Young,M,M,2019-02-22
25772,AW00025772,Eugene,Sanchez,S,F,2021-07-07
21019,AW00021019,Wyatt,Diaz ,S,F,2024-09-10
19300,AW00019300,Lauren,Ward,M,F,2023-11-07
18467,AW00018467,Chloe,Verhoff,S,F,2022-06-11
24151,AW00024151,Jon,Bennett,M,M,2023-09-22
23947,AW00023947,Ethan,Yang,S,M,2025-03-19
26240,AW00026240,Jacquelyn,Diaz,M,F,2024-11-21
19422,AW00019422,Destiny,Torres,S,M,2025-07-15
27648,AW00027648,Clarence,Young,S,F,2019-02-11
28900,AW00028900,Rob,Diaz,M,,2022-09-15
18401,AW00018401,Clarence,Suarez,S,M,2022-04-11
26769,AW00026769,Ruben,Ruiz,M,F,2024-05-19
28726,AW00028726, Shannon,Huang,S,F,2021-11-17
26838,AW00026838,Seth,Perez,S,M,2021-09-02
26971,AW00026971,Rob ,Huang,S,M,2021-11-18
18112,AW00018112,Russell,Bennett,S,F,2023-03-21
23553,AW00023553,Ian,Young,M,F,2022-05-07
25510,AW00025510,Curtis,Ross,M,M,2023-07-23
12112,AW00012112,Destiny,Sanchez,S,M,2021-09-19
18203,AW00018203,Elizabeth,Hill,M,M,2024-04-06
23887,AW00023887,Luke,Ruiz,M,F,2022-10-29
16200,AW00016200,Luke,Watson,M,M,2025-01-27
15264,AW00015264,Christy,Sanchez,S,F,2019-04-07
25823,AW00025823,Julio,Torres,S,F,2025-03-12
25762,AW00025762,Jordan,Ross,S,F,2021-02-04
15596,AW00015596,Elizabeth,Ruiz,M,M,2021-12-21
15096,AW00015096,Luke,Carlson,M,F,2021-07-10
21354,AW00021354,Shannon,Johnson,S,F,2020-10-01
21560,AW00021560,Janet,Diaz,M,M,2019-08-16
24775,AW00024775,Luke,Lu,M,F,2020-07-26
13045,AW00013045,Ethan,Alvarez,M,F,2020-05-01
17613,AW00017613,Ethan,Alvarez,M,F,2019-02-18
21528,AW00021528,Russell,Gray,S,F,2021-08-07
21675,AW00021675,Julio,Watson,M,F,2020-12-08
11976,AW00011976,Christy,Hill,M,F,2023-12-19
11490,AW00011490,Lauren,Mehta,M,F,2023-04-09
18088,AW00018088,Ian,Carlson,S,F,2021-04-24
23735,AW00023735,Janet,Suarez,M,M,2024-09-09
24710,AW00024710,Russell,Hill,M,M,2022-03-28
27836,AW00027836,Jacquelyn,Hill,M,M,2019-04-06
16778,AW00016778,Marco,Ward,M,M,2022-01-30
26874,AW00026874,Ian,Suarez ,S,F,2023-10-01
28844,AW00028844,Julio,Johnson,S,M,2022-09-08
28173,AW00028173,Jon,Jenkins,S,F,2025-03-17
26995,AW00026995,Eugene,Ruiz,S,M,2021-05-20
17737,AW00017737,Destiny,Bennett,S,M,2022-10-27
17489,AW00017489,Wyatt,Ross,S,M,2022-10-11
13441,AW00013441,Destiny,Watson,S,M,2022-06-11
25202,AW00025202,Sydney,Mehta,M,F,2023-02-14
28468,AW00028468,Lauren,Ward,S,F,2022-04-25
11598,AW00011598,Sydney, Torres,S,F,2024-10-12
15158,AW00015158,Janet,Ward,M,M,2021-07-09
23870,AW00023870, Janet,Carlson,S,F,2021-08-23
19795,AW00019795, Eugene,Sanchez,M,M,2022-10-11
18693,AW00018693,Sydney,Wood,M,M,2024-05-12
19001,AW00019001,Chloe,Zhu,S,M,2022-09-07
13684,AW00013684,Rob,Hill,S,F,2021-01-12
14887,AW00014887,Jon,Johnson,M,M,2023-04-30
26129,AW00026129,Jacquelyn,Perez,M,F,2025-02-17
19275,AW00019275,Sydney,Bennett,S,F,2022-11-02
27597,AW00027597,Shannon,Mehta,M,M,2022-03-12
20922,AW00020922,Chloe,Carlson,S,F,2025-02-25
14772,AW00014772,Elizabeth,Yang,S,M,2023-02-01
15271,AW00015271,Ruben,Jenkins,S,F,2022-11-24
23757,AW00023757,Ethan,Ruiz,S,F,2020-11-22
16368,AW00016368,Eugene,Zhu,M,M,2021-11-14
28913,AW00028913,Chloe,Verhoff,M,F,2024-02-16
13491,AW00013491,Chloe,Bennett,S,M,2022-03-27
15864,AW00015864,Elizabeth,Verhoff,S,M,2020-11-11
27843,AW00027843,Luke,Walker,M,M,2019-01-26
15156,AW00015156,Shannon,Sanchez,M,F,2022-05-15
18269,AW00018269,Janet,Zhu,S,M,2021-02-01
21900,AW00021900,Jordan,Diaz,S,,2023-08-17
18596,AW00018596,Destiny,Sanchez,S,M,2023-04-12
11052,AW00011052,Russell,Wood,S,F,2019-08-23
26255,AW00026255,Ethan,Suarez,M,F,2020-10-04
26772,AW00026772,Curtis,Torres,S,M,2024-12-12
13841,AW00013841,Ethan,Wood,M,M,2024-05-11
20044,AW00020044,Julio,Yang,M,M,2020-12-14
17650,AW00017650,Christy,Lu,S,F,2019-03-16
23952,AW00023952,Ruben,Perez,S,M,2019-03-02
23516,AW00023516,Curtis,Perez,,F,2025-05-28
25100,AW00025100,Ethan,Sanchez,M,F,2025-05-04
21595,AW00021595,Clarence,Suarez,S,F,2019-09-15
22378,AW00022378,Rob,Wood,S,F,2023-11-10
21488,AW00021488,Luke,Perez ,M,M,2020-06-03
17501,AW00017501,Clarence, Huang,S,F,2023-04-09
11535,AW00011535,Russell,Wood,S,M,2023-04-09
14462,AW00014462,Marco,Bennett,S,M,2021-08-18
17835,AW00017835,Marco,Hill,S,M,2020-09-19
15836,AW00015836,Luke,Ruiz,S,M,2021-02-01
24903,AW00024903, Lauren,Ruiz,S,M,2025-07-21
24133,AW00024133,Russell,Mehta,S,M,2019-08-20
15693,AW00015693,Lauren,Yang,S,M,2022-09-25
13701,AW00013701,Janet, Alvarez,S,F,2021-01-01
20350,AW00020350,Curtis ,Young,S,M,2023-07-03
14575,AW00014575,Ruben,Carlson,S,M,2024-11-24
16826,AW00016826,Elizabeth,Watson,M,M,2025-04-14
25502,AW00025502,Wyatt,Ruiz,M,M,2024-09-24
27934,AW00027934,Ian,Sanchez,M,M,2021-07-19
21919,AW00021919,Lauren,Mehta,S,F,2021-12-05
11485,AW00011485,Sydney ,Lu,S,M,2019-07-31
27695,AW00027695,Shannon,Johnson,M,M,2020-11-15
24301,AW00024301,Rob,Ross,S,F,2020-03-09
12838,AW00012838,Jordan,Mehta,M,F,2024-02-28
21296,AW00021296,Russell,Huang,S,F,2021-03-04
16626,AW00016626,Jordan,Ross,S,M,2023-07-10
12805,AW00012805,Eugene,Bennett ,M,F,2024-01-22
28026,AW00028026,Elizabeth,Ross,M,M,2021-03-25
28950,AW00028950, Curtis,Sanchez,S,F,2025-07-05
23090,AW00023090,Rob,Verhoff,M,F,2021-09-20
17442,AW00017442,Chloe, Gray,M,M,2024-11-30
14889,AW00014889, Rob,Wood,S,M,2024-08-20
19097,AW00019097,Christy,Wood,M,F,2021-02-06
20178,AW00020178, Ruben,Zhu,S,F,2020-01-18
26207,AW00026207,Rob,Verhoff,M,F,2020-02-19
14138,AW00014138,Jordan, Verhoff,M,M,2022-09-01
28965,AW00028965,Wyatt,Ross,M,F,2019-12-20
19660,AW00019660,Ruben,Sanchez,S,F,2024-11-03
22849,AW00022849,Jacquelyn,Verhoff,S,M,2022-06-16
26035,AW00026035,Jon,Mehta,M,M,2021-12-24
27372,AW00027372,Jon,Wood,M,F,2024-11-03
15768,AW00015768,Elizabeth,Wood,S,F,2024-07-11
16713,AW00016713,Chloe,Jenkins,M,M,2024-09-16
23672,AW00023672,Seth,Walker,M,F,2024-10-28
20054,AW00020054,Ian,Watson,M,M,2023-01-06
20783,AW00020783,Chloe,Lu,S,M,2022-06-24
28127,AW00028127,Curtis,Diaz,M,F,2022-01-30
20865,AW00020865,Janet,Lu,M,M,2023-11-27
18584,AW00018584,Lauren,Mehta,M,F,2024-12-13
27943,AW00027943, Marco,Carlson,M,M,2019-05-20
26300,AW00026300,Rob,Ross,S,M,2020-09-07
21477,AW00021477,Jordan,Yang,S,F,2023-05-21
21049,AW00021049,Ethan,Verhoff,S,F,2019-03-17
27117,AW00027117,Janet,Carlson,S,M,2022-12-07
20137,AW00020137,Christy,Lu,M,M,2022-03-23
12708,AW00012708,Julio,Yang,S,F,2023-05-17
15162,AW00015162,Ian,Zhu,S,F,2020-08-24
16132,AW00016132,Luke ,Verhoff,S,F,2021-12-18
24807,AW00024807,Ian,Perez,M,F,2019-05-16
12355,AW00012355,Luke,Young,S,F,2020-08-16
13668,AW00013668,Sydney,Lu,S,F,2021-10-30
12695,AW00012695,Russell,Suarez ,S,F,2023-05-06
14884,AW00014884,Jordan,Walker,M,M,2021-12-20
13374,AW00013374,Seth,Johnson,M,F,2023-06-02
18953,AW00018953,Julio,Torres,M,F,2019-09-12
19611,AW00019611,Luke,Perez,S,F,2020-04-15
16145,AW00016145,Marco,Alvarez,S,M,2024-05-16
27809,AW00027809,Jacquelyn,Yang,M,M,2021-07-09
14535,AW00014535,Eugene,Jenkins,S,M,2023-08-08
23374,AW00023374,Eugene,Huang,M,M,2019-12-08
19022,AW00019022,Eugene,Yang,M,F,2021-02-15
21290,AW00021290,Rob,Diaz,S,F,2024-05-19
16663,AW00016663,Lauren,Watson,M,F,2022-04-27
14503,AW00014503,Julio,Diaz,M,F,2022-07-17
15390,AW00015390,Shannon,Watson,S,M,2019-06-24
20703,AW00020703,Clarence,Johnson,S,F,2020-08-11
18823,AW00018823,Lauren, Verhoff,S,M,2022-06-07
17605,AW00017605,Russell,Walker,M,M,2021-06-05
15635,AW00015635,Rob,Yang,S,F,2025-04-02
28115,AW00028115,Ethan,Zhu,M,F,2019-05-01
12479,AW00012479,Jon,Zhu,S,M,2024-08-02
12365,AW00012365,Jacquelyn,Jenkins,S,M,2025-06-07
17504,AW00017504,Lauren,Torres,S,F,2024-02-04
17412,AW00017412,Destiny,Sanchez,S,M,2023-03-21
16296,AW00016296,Ian ,Perez,M,F,2019-03-30
17551,AW00017551,Luke,Ruiz,M,F,2022-11-26
12105,AW00012105,Luke,Johnson,M,M,2020-09-19
12102,AW00012102,Jacquelyn,Lu,M,F,2020-05-08
12615,AW00012615,Christy,Yang,S,F,2024-02-28
16246,AW00016246,Wyatt,Alvarez,S,F,2021-02-27
22283,AW00022283,Luke,Suarez,M,M,2023-11-08
22528,AW00022528,Curtis,Carlson,M,F,2023-05-03
23268,AW00023268,Ruben,Hill,S,M,2020-12-07
28072,AW00028072,Julio,Lu,S,F,2024-03-24
18631,AW00018631,Ruben,Suarez,M,M,2021-02-11
12786,AW00012786,Marco ,Ruiz,S,M,2020-12-22
18626,AW00018626,Chloe,Watson,M,F,2021-03-01
15072,AW00015072,Lauren,Gray,M,M,2022-07-14
11433,AW00011433,Shannon,Suarez,M,M,2020-01-02
28027,AW00028027, Jacquelyn,Yang,M,M,2020-04-16
25583,AW00025583,Ethan,Wood,M,F,2021-05-19
25964,AW00025964,Jordan,Zhu,M,M,2020-02-23
14375,AW00014375,Eugene,Johnson,S,F,2022-02-12
18613,AW00018613,Luke,Torres,M,F,2021-04-14
17454,AW00017454,Janet,Jenkins,,M,2021-12-01
21009,AW00021009,Marco,Mehta,M,M,2024-12-27
23591,AW00023591,Janet,Ward,M,M,2023-03-28
20843,AW00020843,Sydney,Huang,M,F,2022-04-16
12843,AW00012843,Ethan,Ruiz,S,F,2019-06-28
18951,AW00018951,Curtis ,Johnson,S,F,2020-07-26
24392,AW00024392,Chloe,Young,M,M,2019-03-02
11285,AW00011285,Julio,Diaz,M,F,2019-12-27
12534,AW00012534,Elizabeth,Lu,M,F,2022-06-16
28916,AW00028916,Destiny,Carlson,S,F,2020-07-26
15185,AW00015185,Elizabeth,Mehta,M,M,2021-12-24
13224,AW00013224,Lauren,Watson,M,M,2022-08-13
22799,AW00022799,Julio,Lu,M,M,2023-10-04
27242,AW00027242,Jacquelyn,Walker,,M,2023-08-26
12769,AW00012769,Luke,Jenkins,M,F,2025-07-18
12526,AW00012526,Russell, Johnson,S,M,2025-05-27
18067,AW00018067,Rob,Bennett,M,F,2023-02-16
24867,AW00024867,Lauren,Bennett,M,F,2025-07-11
22170,AW00022170,Marco,Lu,S,M,2019-01-03
26273,AW00026273,Russell,Carlson,S,M,2023-10-03
13142,AW00013142,Ethan,Bennett,M,F,2021-07-20
27798,AW00027798,Rob,Young,S,,2024-04-22
18005,AW00018005,Russell,Young,M,M,2019-03-05
28032,AW00028032,Luke,Bennett,M,F,2023-03-15
27129,AW00027129,Julio,Johnson,M,M,2024-01-19
15065,AW00015065,Luke,Ruiz,S,M,2025-01-24
19251,AW00019251,Janet,Diaz,M,F,2021-11-09
27676,AW00027676,Lauren,Sanchez,M,M,2024-08-10
23425,AW00023425,Lauren,Bennett,M,M,2019-09-08
13308,AW00013308,Seth,Diaz,M,F,2021-09-04
28940,AW00028940,Russell,Gray,S,M,2023-11-03
16402,AW00016402,Janet,Ward,M,F,2025-02-24
26533,AW00026533,Jon,Ward,M,F,2021-05-19
22193,AW00022193, Eugene,Bennett,M,M,2022-12-27
15152,AW00015152,Eugene,Lu,M,F,2023-09-07
23759,AW00023759,Destiny,Yang,S,M,2024-01-30
22988,AW00022988,Janet,Walker,S,M,2024-10-15
20650,AW00020650,Shannon,Diaz,S,M,2024-01-15
13431,AW00013431,Janet,Walker,S,F,2024-12-21
12801,AW00012801,Janet,Bennett,S,F,2021-06-14
13484,AW00013484,Jacquelyn,Bennett ,S,F,2020-02-01
11053,AW00011053,Eugene,Sanchez,M,M,2019-08-21
19107,AW00019107,Seth,Gray,M,M,2020-06-30
14839,AW00014839,Janet,Zhu,S,F,2021-03-25
13718,AW00013718,Sydney,Hill,S,F,2020-10-14
26444,AW00026444,Elizabeth,Perez,S,F,2022-07-20
17500,AW00017500,Curtis,Huang,S,M,2020-03-26
17069,AW00017069,Jordan, Perez,M,F,2025-02-26
16172,AW00016172,Jon,Ward,M,F,2023-02-11
28345,AW00028345,Chloe,Wood,S,M,2025-02-26
17660,AW00017660,Jacquelyn,Suarez,M,M,2024-03-11
18283,AW00018283,Jon,Carlson,M,F,2025-05-23
27853,AW00027853,Jordan,Sanchez,S,F,2022-03-08
11624,AW00011624,Janet,Hill,S,F,2022-04-25
19916,AW00019916,Shannon,Zhu,S,F,2019-12-17
22428,AW00022428,Christy,Walker,M,F,2019-11-26
16761,AW00016761,Jordan,Wood,S,F,2022-05-16
12578,AW00012578,Chloe,Verhoff,S,F,2023-11-23
24828,AW00024828,Christy,Sanchez,M,F,2019-11-30
25757,AW00025757, Jon,Huang,S,M,2020-03-03
12125,AW00012125,Eugene,Carlson,S,F,2019-08-06
16520,AW00016520,Janet,Carlson,S,M,2022-01-26
19966,AW00019966,Ian,Verhoff,M,M,2020-11-28
12096,AW00012096,Eugene,Bennett,M,M,2020-07-20
17335,AW00017335,Jon,Yang,S,M,2019-01-19
26180,AW00026180,Wyatt,Huang,S,F,2024-06-02
26884,AW00026884,Seth,Hill,S,F,2020-10-24
25009,AW00025009,Luke,Mehta,M,M,2023-05-25
25333,AW00025333,Ethan,Wood,S,F,2023-04-23
16352,AW00016352,Wyatt,Alvarez,S,F,2024-08-18
11601,AW00011601,Destiny,Ward,M,M,2024-12-29
15874,AW00015874,Eugene,Jenkins,M,F,2025-06-11
12117,AW00012117,Sydney,Huang,S,M,2023-03-12
14515,AW00014515, Ruben,Jenkins,S,F,2024-03-02
24897,AW00024897,Sydney,Torres,M,F,2020-07-22
20298,AW00020298,Chloe, Perez,M,M,2022-06-09
28061,AW00028061,Chloe,Jenkins,S,F,2025-05-21
16565,AW00016565,Christy,Wood,M,M,2019-10-21
17646,AW00017646,Shannon,Carlson,M,M,2020-02-13
28549,AW00028549,Jacquelyn,Zhu,S,M,2025-07-05
14818,AW00014818,Jordan,Lu,M,F,2025-04-30
20569,AW00020569,Lauren,Ward,S,M,2023-12-23
13833,AW00013833,Shannon,Walker,M,F,2022-08-08
24270,AW00024270,Destiny,Johnson,S,F,2019-02-19
26340,AW00026340,Seth,Sanchez,S,F,2021-08-30
20059,AW00020059,Christy,Huang,M,F,2022-08-30
12372,AW00012372,Luke,Perez,S,F,2024-03-14
24641,AW00024641,Christy,Perez,M,F,2022-07-19
26850,AW00026850,Elizabeth,Jenkins,M,M,2021-05-17
21483,AW00021483,Wyatt,Ross ,S,M,2022-10-23
28096,AW00028096,Christy,Diaz,S,F,2025-01-04
16267,AW00016267,Ruben,Johnson,S,F,2020-03-21
19152,AW00019152,Christy,Watson,M,F,2023-07-25
25285,AW00025285,Luke,Verhoff,S,M,2024-03-27
24587,AW00024587,Chloe,Torres,M,F,2021-01-10
13093,AW00013093,Destiny,Ross,S,F,2021-06-22
18167,AW00018167,Ruben, Watson,S,F,2025-06-19
15706,AW00015706,Elizabeth,Mehta,M,F,2021-05-08
25292,AW00025292,Rob,Ward,M,M,2020-05-22
11204,AW00011204,Destiny,Gray,S,F,2020-11-12
14408,AW00014408,Wyatt,Watson,M,M,2020-11-17
17393,AW00017393,Ian,Watson,S,F,2024-03-19
21998,AW00021998,Luke,Huang,S,F,2025-04-18
18757,AW00018757,Destiny, Ross,S,F,2024-06-07
24473,AW00024473,Christy,Watson,M,F,2025-03-12
23332,AW00023332,Shannon,Verhoff ,S,F,2023-03-13
22122,AW00022122,Russell,Huang ,S,M,2019-08-10
21744,AW00021744,Ethan,Diaz,S,M,2024-05-13
19542,AW00019542,Jon,Hill,M,F,2020-01-29
12912,AW00012912,Ruben,Hill,S,F,2020-11-10
25183,AW00025183,Curtis,Ross,M,M,2022-09-26
16590,AW00016590,Ian,Gray,M,M,2021-08-05
16616,AW00016616,Janet,Lu,S,M,2019-11-14
13571,AW00013571,Jordan,Bennett,S,M,2022-12-06
16254,AW00016254,Christy,Bennett,S,M,2020-12-02
26054,AW00026054,Ethan,Sanchez,M,F,2023-09-23
21572,AW00021572,Ethan ,Lu,M,F,2021-04-11
20425,AW00020425,Christy,Johnson,S,M,2024-07-10
25121,AW00025121,Russell,Zhu,M,M,2024-02-19
12249,AW00012249,Luke,Ward,M,F,2022-11-11
26365,AW00026365,Clarence,Sanchez,S,F,2025-01-29
26238,AW00026238,Chloe,Wood,M,F,2021-01-16
17132,AW00017132,Jordan ,Diaz,M,F,2021-11-19
15173,AW00015173,Jon,Lu,M,F,2024-03-27
22754,AW00022754,Janet,Yang,S,M,2020-02-25
19690,AW00019690, Marco,Mehta,S,F,2023-11-08
16683,AW00016683,Ethan,Mehta,S,M,2021-04-30
22130,AW00022130,Chloe,Young,M,M,2021-11-20
17012,AW00017012,Jacquelyn,Watson,,M,2021-05-01
19042,AW00019042,Christy,Bennett,M,F,2021-04-15
14464,AW00014464,Wyatt,Ross,S,M,2022-01-01
14142,AW00014142,Janet,Watson,M,M,2022-05-27
12056,AW00012056,Eugene,Ward,S,M,2021-08-24
18296,AW00018296,Destiny,Gray,M,F,2020-11-14
26435,AW00026435,Jacquelyn,Yang,S,M,2019-07-28
27932,AW00027932,Clarence,Lu,M,M,2020-12-14
17707,AW00017707,Clarence,Suarez,S,M,2021-07-07
23106,AW00023106,Elizabeth,Alvarez,S,F,2021-11-20
11283,AW00011283,Ruben,Suarez,M,F,2023-09-07
18850,AW00018850,Eugene,Verhoff,M,F,2023-02-10
22095,AW00022095,Jacquelyn,Suarez,S,F,2022-06-27
28335,AW00028335,Jacquelyn,Gray,S,F,2023-07-21
25684,AW00025684,Clarence,Mehta,M,F,2019-01-07
17956,AW00017956,Ian,Walker,M,M,2019-02-25
20753,AW00020753,Jacquelyn,Diaz,S,M,2023-08-25
28527,AW00028527,Destiny,Walker,S,M,2024-04-03
24679,AW00024679,Marco,Carlson,S,F,2021-10-10
14168,AW00014168,Russell,Wood,S,F,2022-11-21
20944,AW00020944,Ethan,Young,M,F,2021-01-13
13489,AW00013489,Rob,Sanchez,M,M,2022-11-23
17201,AW00017201,Lauren,Bennett,M,M,2024-06-25
24233,AW00024233, Jordan,Alvarez,S,F,2023-05-22
20375,AW00020375,Marco,Carlson,S,F,2021-04-20
24299,AW00024299,Jacquelyn,Ross,M,M,2020-03-20
13660,AW00013660,Jon,Young,M,F,2019-08-12
13365,AW00013365,Shannon,Carlson,S,F,2023-02-13
17663,AW00017663,Luke,Yang,S,M,2021-11-09
21977,AW00021977,Russell,Ward,M,F,2019-03-22
16397,AW00016397,Clarence,Suarez,S,M,2022-04-01
18952,AW00018952,Luke,Jenkins,M,F,2022-08-06
17289,AW00017289,Shannon,Ruiz,M,M,2023-11-20
17624,AW00017624,Clarence,Lu,S,M,2019-01-11
15042,AW00015042,Sydney,Huang,S,M,2019-06-29
15626,AW00015626,Destiny,Bennett,M,M,2020-07-02
21465,AW00021465,Chloe,Young,M,M,2023-04-28
22144,AW00022144,Marco,Verhoff,M,F,2025-01-28
23973,AW00023973,Jacquelyn,Hill,M,F,2019-10-18
18886,AW00018886,Destiny,Wood,M,F,2022-12-02
25747,AW00025747,Eugene,Perez,M,F,2024-11-19
23909,AW00023909,Jacquelyn,Yang,M,F,2019-11-18
27684,AW00027684,Shannon,Carlson,M,F,2019-09-18
21151,AW00021151,Elizabeth,Suarez,M,M,2020-01-10
23741,AW00023741,Shannon,Young,M,F,2023-11-01
22626,AW00022626,Jacquelyn,Young,S,F,2025-06-04
20543,AW00020543,Shannon,Young,M,M,2021-12-08
23871,AW00023871,Russell, Ward,S,M,2019-01-12
15315,AW00015315,Russell,Gray,M,M,2019-05-14
11367,AW00011367,Julio,Gray,M,M,2022-08-02
13160,AW00013160,Seth,Mehta,S,M,2020-10-21
14927,AW00014927,Jon,Carlson,M,F,2023-01-31
17867,AW00017867,Chloe,Bennett,S,F,2023-11-28
25899,AW00025899,Clarence,Alvarez,S,F,2022-12-16
20489,AW00020489,Ian,Johnson,S,F,2019-02-27
28841,AW00028841,Clarence,Diaz,M,M,2025-06-15
28304,AW00028304,Destiny,Ward,M,M,2025-04-24
23595,AW00023595,Wyatt,Young,M,F,2025-02-21
20300,AW00020300,Jon,Perez,S,F,2024-04-29
24272,AW00024272,Julio,Lu,M,M,2023-08-24
23253,AW00023253,Elizabeth,Alvarez,S,F,2022-03-01
14735,AW00014735,Shannon,Hill,M,F,2024-07-02
19771,AW00019771, Marco,Suarez,S,F,2024-03-12
13328,AW00013328,Sydney,Sanchez,M,F,2020-03-27
15111,AW00015111,Luke,Wood,M,F,2025-05-05
20217,AW00020217,Christy,Ruiz,S,F,2022-12-16
22943,AW00022943,Curtis,Yang,S,F,2020-03-01
21954,AW00021954,Jacquelyn,Ross ,M,M,2024-09-08
23139,AW00023139,Eugene,Lu,S,M,2020-11-14
13854,AW00013854,Jacquelyn,Suarez,S,F,2022-10-28
25272,AW00025272,Elizabeth,Walker,S,M,2020-05-16
11974,AW00011974,Luke,Yang,M,M,2023-07-26
22243,AW00022243,Seth,Bennett,M,F,2021-01-12
27325,AW00027325,Janet,Yang,S,F,2022-08-21
21271,AW00021271,Shannon,Hill,M,M,2021-07-07
20015,AW00020015,Clarence,Ward,S,M,2022-04-06
25645,AW00025645,Curtis,Suarez,M,F,2019-04-21
27799,AW00027799,Clarence,Yang,M,F,2021-10-25
22838,AW00022838,Seth,Walker,M,F,2019-12-27
20227,AW00020227,Christy,Jenkins,,F,2022-02-12
17359,AW00017359,Jacquelyn,Hill,S,M,2022-11-08
26033,AW00026033,Shannon,Watson,S,F,2022-11-13
17810,AW00017810,Ruben,Gray,S,F,2019-10-18
21682,AW00021682,Luke,Zhu,S,M,2024-10-02
28634,AW00028634,Sydney,Torres,M,F,2025-01-03
22653,AW00022653,Sydney,Torres,S,M,2023-07-24
22189,AW00022189,Christy,Johnson,S,M,2023-02-07
25992,AW00025992,Marco,Lu,S,M,2021-08-18
22649,AW00022649,Jordan ,Gray,M,M,2022-03-01
24621,AW00024621,Ian,Sanchez,S,M,2023-09-13
19366,AW00019366,Ethan,Perez,S,M,2020-09-28
18003,AW00018003,Janet,Jenkins,M,M,2021-09-12
,,Ethan,Zhu,,,2024-01-01
17768,AW00017768,Ian,Huang,M,F,2023-06-18
16030,AW00016030,Christy,Yang,S,F,2022-08-09
20334,AW00020334,Eugene,Ruiz,M,M,2022-01-14
21243,AW00021243,Russell,Wood,S,F,2021-01-29
22007,AW00022007,Ethan,Alvarez,S,M,2019-10-02
21525,AW00021525,Clarence,Huang,S,M,2025-01-25
24264,AW00024264,Marco,Diaz,M,F,2021-08-01
23026,AW00023026,Ethan,Mehta,S,F,2024-01-13
20674,AW00020674,Jordan,Jenkins,S,M,2022-06-24
19459,AW00019459,Clarence,Yang,S,M,2019-10-05
26199,AW00026199, Elizabeth,Bennett,S,M,2023-10-23
17609,AW00017609,Russell,Bennett,S,F,2024-06-25
19416,AW00019416,Shannon,Mehta,M,M,2025-06-08
23192,AW00023192,Julio,Wood,S,M,2019-03-13
12286,AW00012286,Elizabeth,Hill,M,M,2022-03-28
22599,AW00022599,Luke,Suarez,S,F,2019-02-24
26271,AW00026271,Seth,Torres,S,F,2025-07-15
12140,AW00012140,Sydney,Wood,S,M,2020-07-21
21582,AW00021582,Rob,Ward,S,M,2024-12-17
22319,AW00022319,Luke,Carlson ,M,M,2025-03-19
15127,AW00015127,Lauren,Diaz,S,F,2020-12-07
11292,AW00011292,Destiny,Torres,S,F,2024-03-15
26324,AW00026324,Chloe,Lu,S,F,2021-05-02
21206,AW00021206,Russell,Carlson,S,M,2025-05-03
16631,AW00016631,Seth ,Zhu,M,M,2020-03-13
16564,AW00016564,Marco,Johnson,S,M,2024-06-14
24832,AW00024832,Russell,Yang,M,M,2019-03-19
20201,AW00020201,Ian,Young,M,M,2025-04-29
11511,AW00011511,Luke,Mehta,,F,2019-11-27
16628,AW00016628,Christy,Young,M,F,2019-05-28
13163,AW00013163,Seth, Watson,M,M,2021-05-05
21050,AW00021050,Curtis,Gray,M,F,2019-01-20
26155,AW00026155,Luke,Carlson,S,M,2023-12-15
11379,AW00011379,Wyatt,Carlson,S,F,2021-03-15
21111,AW00021111,Sydney,Ross,M,F,2025-01-18
11945,AW00011945,Chloe,Ward,S,M,2023-11-03
26753,AW00026753,Jon,Walker,M,F,2021-07-31
14910,AW00014910,Destiny,Walker,M,F,2025-01-14
21426,AW00021426,Ethan,Watson,S,F,2020-11-25
13652,AW00013652,Destiny,Mehta,S,F,2021-02-08
17476,AW00017476,Luke,Torres,M,M,2022-07-05
17970,AW00017970,Janet,Carlson,S,M,2023-10-21
15885,AW00015885, Julio,Lu,S,M,2024-12-24
20645,AW00020645,Rob,Young,M,F,2019-03-07
22073,AW00022073,Russell ,Zhu,M,F,2021-12-15
15542,AW00015542,Russell,Jenkins,S,M,2024-12-15
24678,AW00024678,Sydney,Zhu,M,F,2020-09-12
27196,AW00027196,Julio,Perez,S,F,2020-10-11
23130,AW00023130,Marco,Wood,M,M,2024-10-15
20613,AW00020613,Ethan,Walker,S,M,2022-09-25
13861,AW00013861,Janet, Johnson,S,M,2021-03-24
12658,AW00012658,Jacquelyn,Walker,S,F,2019-09-09
16175,AW00016175,Jon,Huang,S,F,2021-02-20
14931,AW00014931,Marco,Lu,M,F,2023-04-11
24934,AW00024934,Marco,Lu,M,F,2025-06-26
20920,AW00020920,Destiny,Torres,S,F,2025-04-01
13263,AW00013263,Janet,Alvarez,S,F,2024-08-04
13589,AW00013589,Clarence,Jenkins,M,M,2019-04-14
13195,AW00013195,Jordan,Alvarez,S,M,2022-08-19
28656,AW00028656,Ian,Torres,M,F,2021-09-19
13257,AW00013257,Curtis,Johnson,M,M,2019-02-09
28764,AW00028764,Marco,Torres,S,M,2023-02-22
12903,AW00012903,Chloe,Carlson,S,F,2019-06-09
16816,AW00016816,Julio,Hill,S,F,2020-08-01
25489,AW00025489,Ian,Alvarez,S,F,2020-03-28
19237,AW00019237,Julio,Ward,S,F,2022-06-27
13948,AW00013948,Julio,Alvarez,M,,2025-01-01
14372,AW00014372,Elizabeth,Suarez,M,F,2025-05-09
15595,AW00015595,Julio,Lu,S,F,2022-05-07
14445,AW00014445,Luke,Ruiz,S,M,2020-06-26
11716,AW00011716,Rob,Zhu,S,F,2020-11-27
19156,AW00019156,Eugene,Sanchez,S,M,2024-01-17
24601,AW00024601,Julio, Gray,M,F,2019-05-22
16010,AW00016010,Wyatt,Lu,M,F,2023-08-11
17527,AW00017527,Sydney,Lu,S,M,2025-03-29
11719,AW00011719,Destiny,Ruiz,M,M,2019-08-08
19415,AW00019415,Sydney,Watson,S,F,2024-07-25
27202,AW00027202,Clarence,Young,M,F,2023-12-27
11038,AW00011038,Eugene,Suarez ,S,M,2022-02-14
11861,AW00011861,Seth,Carlson,S,M,2023-01-09
20808,AW00020808,Luke,Verhoff,S,F,2020-01-16
21689,AW00021689,Destiny,Suarez,M,M,2025-02-07
19271,AW00019271,Destiny,Diaz,,M,2021-06-30
21650,AW00021650,Luke,Sanchez,S,F,2020-07-04
12432,AW00012432,Ian,Verhoff,M,M,2023-03-09
15645,AW00015645,Ruben,Ruiz,S,F,2020-08-30
23517,AW00023517,Christy ,Alvarez,M,M,2019-02-12
21814,AW00021814,Russell,Huang,M,M,2023-08-15
15214,AW00015214,Elizabeth,Perez,M,F,2021-05-23
19745,AW00019745,Seth,Ward,M,F,2023-08-13
16721,AW00016721,Ruben,Walker,M,M,2021-02-06
13175,AW00013175,Jordan,Ross,S,M,2025-04-16
15154,AW00015154,Seth,Walker,S,M,2025-05-25
26480,AW00026480,Rob,Lu,M,M,2020-08-20
21968,AW00021968,Clarence,Jenkins,S,M,2025-06-08
27292,AW00027292, Elizabeth,Yang,S,F,2023-10-08
19346,AW00019346,Curtis,Jenkins,M,M,2022-12-16
27123,AW00027123,Jacquelyn,Huang,S,M,2023-03-13
21152,AW00021152,Curtis,Ross,M,M,2021-07-31
19199,AW00019199,Russell,Alvarez,S,M,2024-08-22
18636,AW00018636,Christy,Mehta,M,F,2023-05-14
24650,AW00024650,Destiny,Alvarez,S,M,2020-11-04
26459,AW00026459,Lauren,Young,S,M,2019-05-23
19860,AW00019860,Luke,Hill,M,F,2023-03-10
16899,AW00016899,Marco,Torres,M,F,2022-01-01
22478,AW00022478,Jon,Mehta,S,F,2022-09-17
11009,AW00011009,Ruben,Wood,M,F,2025-06-22
22885,AW00022885,Chloe,Watson ,M,M,2025-01-25
26416,AW00026416,Curtis,Mehta,M,F,2023-07-14
23689,AW00023689,Marco,Wood,S,F,2025-06-28
16718,AW00016718,Lauren,Ruiz,S,M,2023-10-08
23915,AW00023915,Jon,Torres,S,F,2024-09-07
20638,AW00020638,Jordan,Hill,S,M,2024-10-02
23389,AW00023389,Seth,Torres,S,M,2020-03-16
28827,AW00028827,Marco,Alvarez,S,F,2023-01-30
17656,AW00017656, Destiny,Carlson,S,F,2022-01-15
11655,AW00011655,Curtis,Sanchez,M,M,2025-02-16
17369,AW00017369,Rob,Carlson,S,F,2021-03-20
14423,AW00014423,Shannon,Suarez,S,M,2020-07-16
19946,AW00019946,Marco,Zhu,S,F,2021-06-16
28966,AW00028966,Lauren,Jenkins,S,F,2021-07-02
11922,AW00011922,Eugene,Mehta,M,M,2019-09-15
23127,AW00023127,Ethan,Ruiz ,M,F,2019-05-22
27058,AW00027058,Marco,Ruiz,S,F,2024-09-02
14154,AW00014154,Eugene,Zhu,M,M,2021-12-12
28974,AW00028974,Rob,Yang,S,F,2022-04-26
14204,AW00014204,Shannon,Ruiz,S,F,2022-09-19
24670,AW00024670,Seth,Suarez,M,M,2021-09-23
11783,AW00011783,Wyatt,Zhu,M,F,2023-08-20
20200,AW00020200,Destiny,Lu,S,F,2022-08-27
22125,AW00022125,Rob,Sanchez,M,F,2020-04-01
23054,AW00023054,Russell,Ruiz,S,F,2019-05-05
11059,AW00011059,Lauren,Johnson,M,F,2022-07-19
24469,AW00024469,Christy,Jenkins,M,F,2019-06-27
26647,AW00026647,Christy,Ross,M,F,2020-07-11
18442,AW00018442,Shannon,Lu,M,M,2022-04-01
12977,AW00012977,Chloe,Carlson,,F,2020-01-03
14878,AW00014878,Eugene,Sanchez,M,M,2020-04-27
18201,AW00018201,Lauren,Diaz,S,F,2021-03-10
25522,AW00025522,Ethan,Jenkins ,S,M,2019-10-26
27543,AW00027543,Luke,Carlson,M,M,2021-02-10
27161,AW00027161,Shannon,Ruiz,M,M,2021-04-07
14348,AW00014348,Julio,Diaz,M,F,2019-12-06
16151,AW00016151,Marco,Perez,M,M,2019-07-11
28805,AW00028805,Janet,Jenkins,M,M,2020-08-26
20610,AW00020610,Jon,Young,M,M,2022-01-26
28613,AW00028613,Marco, Alvarez,S,F,2025-04-24
22508,AW00022508,Luke,Walker,S,F,2022-07-30
19076,AW00019076,Janet,Watson,S,F,2021-10-26
24449,AW00024449,Jordan,Alvarez,M,F,2019-10-12
15701,AW00015701, Elizabeth,Verhoff,S,F,2023-08-02
17322,AW00017322,Shannon,Johnson,M,F,2019-05-03
19987,AW00019987,Destiny,Young,S,F,2023-08-02
13778,AW00013778,Sydney,Watson,M,M,2021-04-08
28074,AW00028074,Christy,Watson,M,F,2020-05-27
16308,AW00016308,Chloe,Gray,M,F,2020-12-24
,,Janet,Huang,,,2024-01-01
20349,AW00020349,Clarence,Yang,S,F,2022-09-14
19411,AW00019411,Ruben,Watson,M,F,2020-05-15
20414,AW00020414,Shannon,Young,S,M,2025-01-28
15293,AW00015293,Ethan,Wood,M,M,2021-10-17
27807,AW00027807,Christy,Suarez,M,M,2022-02-13
13414,AW00013414,Ian,Perez,S,M,2021-10-20
20114,AW00020114,Clarence,Sanchez,M,F,2019-03-15
21402,AW00021402,Christy,Perez,S,F,2022-12-25
28758,AW00028758,Sydney,Jenkins,M,M,2019-07-28
11320,AW00011320,Chloe,Alvarez,M,F,2024-03-06
20624,AW00020624,Destiny,Yang,M,M,2023-03-17
28678,AW00028678,Wyatt,Yang,S,M,2022-10-08
22777,AW00022777,Jon,Young,M,F,2025-05-19
16853,AW00016853,Elizabeth,Diaz,M,F,2022-10-18
15602,AW00015602,Elizabeth,Watson,S,M,2022-10-05
25034,AW00025034,Sydney,Watson,S,M,2023-01-25
20901,AW00020901,Clarence,Torres,S,M,2023-12-25
11803,AW00011803,Destiny,Yang,S,M,2023-09-04
26223,AW00026223,Seth,Perez,M,M,2024-06-10
12551,AW00012551,Ruben,Jenkins,M,M,2023-05-31
25519,AW00025519,Elizabeth,Huang,M,M,2024-09-10
21805,AW00021805,Eugene,Sanchez,S,M,2020-04-25
14594,AW00014594,Destiny,Johnson ,S,F,2022-04-04
17387,AW00017387,Luke,Yang,S,M,2024-11-06
21979,AW00021979,Lauren, Mehta,S,F,2023-12-14
22062,AW00022062,Sydney ,Yang,M,M,2023-10-06
16235,AW00016235,Rob,Diaz,S,F,2021-02-22
18376,AW00018376,Chloe,Jenkins,M,M,2022-10-01
22874,AW00022874,Wyatt,Diaz,S,F,2019-06-27
26236,AW00026236,Jon,Suarez,M,M,2020-09-22
18950,AW00018950,Rob,Young,M,M,2025-04-21
12134,AW00012134,Curtis,Ross,M,M,2024-08-15
15505,AW00015505,Ethan ,Torres,M,M,2020-05-15
22796,AW00022796,Jordan,Alvarez,M,F,2021-04-14
14953,AW00014953,Curtis,Watson,M,M,2019-05-09
23646,AW00023646,Sydney,Johnson,S,F,2019-04-25
16582,AW00016582,Curtis,Ward,M,F,2023-04-30
16080,AW00016080, Eugene,Ward,S,M,2025-01-24
26598,AW00026598,Marco,Jenkins,S,M,2022-07-24
12693,AW00012693,Chloe,Perez,S,,2024-08-29
19229,AW00019229,Christy,Suarez,S,F,2021-07-30
18687,AW00018687,Sydney,Johnson,M,F,2021-01-18
12498,AW00012498,Jacquelyn,Huang ,M,F,2025-05-15
14253,AW00014253,Luke,Verhoff,M,M,2021-12-24
16497,AW00016497,Clarence ,Huang ,S,M,2024-09-19
22803,AW00022803,Shannon,Perez,S,F,2019-01-09
26522,AW00026522,Julio,Yang,M,M,2021-10-27
16009,AW00016009,Seth,Sanchez,M,F,2021-10-15
23758,AW00023758,Curtis,Verhoff,M,F,2022-07-13
25605,AW00025605,Russell,Huang,M,F,2022-12-05
22677,AW00022677,Elizabeth,Sanchez,M,M,2024-06-18
26978,AW00026978,Seth,Perez,S,F,2024-08-08
25216,AW00025216, Ruben,Zhu,S,F,2020-07-26
17881,AW00017881,Ian,Young,S,F,2025-07-19
15913,AW00015913,Russell,Alvarez,M,M,2024-03-15
27328,AW00027328,Julio,Ross,M,M,2025-02-04
27592,AW00027592,Rob,Yang,S,F,2021-06-29
25053,AW00025053,Lauren,Jenkins,S,M,2022-11-26
14794,AW00014794,Jordan,Perez,S,M,2022-04-17
24717,AW00024717,Jacquelyn,Ross,M,M,2022-07-13
15600,AW00015600,Janet,Huang,M,M,2020-09-03
19687,AW00019687,Wyatt,Alvarez,M,M,2019-07-31
11522,AW00011522,Christy,Jenkins,S,M,2022-10-27
24811,AW00024811,Jacquelyn,Perez,M,F,2023-01-21
11990,AW00011990,Luke,Verhoff,M,M,2024-09-24
28007,AW00028007,Julio,Torres,M,M,2020-02-28
22830,AW00022830,Sydney,Watson,M,M,2021-02-20
12374,AW00012374, Destiny,Bennett,S,M,2023-04-26
23998,AW00023998,Rob,Zhu,M,F,2024-06-12
14020,AW00014020,Jordan,Jenkins,S,M,2021-06-08
25201,AW00025201,Eugene,Mehta ,,F,2023-01-09
23753,AW00023753,Eugene,Zhu,S,F,2023-01-29
16535,AW00016535,Sydney,Wood,S,M,2023-01-11
25089,AW00025089,Christy,Bennett,S,M,2022-04-06
19126,AW00019126,Ethan,Suarez,S,M,2022-03-04
17729,AW00017729,Chloe,Young,M,M,2021-08-08
17399,AW00017399,Russell,Gray,M,F,2021-11-30
24328,AW00024328,Jon,Verhoff,S,M,2020-07-31
21631,AW00021631,Marco,Lu,S,M,2020-12-17
13776,AW00013776,Shannon,Jenkins,M,F,2019-01-24
18195,AW00018195,Rob , Suarez,M,F,2025-04-02
27992,AW00027992,Wyatt,Young,S,F,2020-01-03
17850,AW00017850,Ruben,Suarez,M,F,2024-09-22
16636,AW00016636,Jon,Suarez,S,F,2021-02-15
15309,AW00015309,Ruben,Torres,S,F,2019-07-16
13943,AW00013943,Lauren ,Alvarez,S,F,2019-12-01
21890,AW00021890,Luke,Suarez,S,M,2021-03-27
17164,AW00017164,Chloe ,Lu,M,M,2020-09-19
19637,AW00019637,Lauren,Torres,S,F,2019-05-01
20317,AW00020317,Marco,Gray,S,F,2019-08-19
15045,AW00015045,Seth,Ross,S,F,2025-04-20
18013,AW00018013,Christy,Jenkins,S,F,2021-04-18
23903,AW00023903,Destiny,Walker,S,F,2024-10-14
27755,AW00027755,Julio,Walker,M,M,2024-06-06
24484,AW00024484,Jon,Watson,S,F,2025-02-09
15316,AW00015316,Clarence,Ross,M,M,2025-05-19
11200,AW00011200, Rob,Suarez,M,M,2022-09-07
28591,AW00028591,Julio,Watson,S,F,2024-01-17
17001,AW00017001,Sydney,Bennett,M,M,2023-08-21
22450,AW00022450,Seth,Ward,M,F,2023-09-09
12745,AW00012745,Ian,Ross,S,F,2023-11-07
18030,AW00018030,Chloe,Perez,S,M,2023-09-03
26977,AW00026977,Christy,Alvarez,S,M,2020-03-04
26677,AW00026677,Julio,Watson,S,M,2020-05-20
16460,AW00016460,Ruben,Jenkins,M,F,2022-10-12
17761,AW00017761,Jon,Gray,M,F,2022-07-26
18327,AW00018327,Ethan,Young,S,M,2023-08-22
11618,AW00011618,Luke,Yang,S,F,2022-12-09
18503,AW00018503,Julio,Gray,M,F,2023-08-10
20496,AW00020496,Clarence,Jenkins,M,F,2020-12-15
23819,AW00023819, Eugene,Watson,S,M,2020-06-29
15427,AW00015427,Ruben,Diaz,S,F,2023-12-27
12381,AW00012381,Seth,Alvarez,S,F,2022-12-15
28692,AW00028692,Marco,Suarez,M,F,2020-05-29
25681,AW00025681,Ethan,Perez,S,F,2022-04-04
27855,AW00027855,Russell,Zhu,M,F,2024-06-21
21502,AW00021502,Chloe,Carlson,M,F,2023-01-14
15131,AW00015131,Janet,Diaz ,M,M,2021-07-25
11773,AW00011773,Ethan,Suarez,S,M,2024-07-30
24017,AW00024017,Jon,Wood,S,M,2021-08-24
17742,AW00017742,Clarence,Ross ,S,M,2021-08-05
15198,AW00015198,Seth,Hill,M,F,2020-08-27
22483,AW00022483,Luke,Carlson,M,F,2023-11-26
22303,AW00022303,Julio,Sanchez,M,M,2020-10-03
15610,AW00015610,Destiny,Bennett,S,M,2020-01-19
20814,AW00020814,Julio,Ruiz,M,M,2022-10-06
17384,AW00017384,Elizabeth,Bennett,,M,2020-04-10
16874,AW00016874,Lauren,Perez,S,M,2022-11-12
19445,AW00019445,Lauren,Bennett,M,F,2020-03-29
26160,AW00026160,Ethan, Ruiz,M,M,2019-10-28
28217,AW00028217,Marco,Lu,S,F,2024-03-18
21241,AW00021241,Luke,Verhoff,S,M,2025-06-18
20077,AW00020077,Christy,Ross,S,F,2023-07-10
14048,AW00014048,Jordan ,Yang,S,F,2023-04-09
17669,AW00017669,Jacquelyn, Bennett,M,M,2020-03-14
13866,AW00013866,Clarence,Diaz,M,M,2021-04-02
19341,AW00019341,Chloe,Walker,S,M,2020-01-06
26549,AW00026549,Rob,Verhoff,M,M,2025-05-10
27013,AW00027013,Ruben,Ward,M,M,2020-07-28
18568,AW00018568,Destiny,Perez,S,F,2020-03-29
25166,AW00025166,Marco,Yang,M,F,2020-08-20
12939,AW00012939,Ian,Young,S,F,2022-04-18
13896,AW00013896,Christy,Carlson,M,M,2024-02-14
21691,AW00021691,Sydney,Young,S,M,2020-09-20
27780,AW00027780,Wyatt,Young,M,F,2019-04-16
25852,AW00025852,Wyatt,Hill,M,,2025-07-19
17655,AW00017655,Eugene,Suarez,S,F,2023-12-28
23722,AW00023722,Chloe,Ruiz,M,F,2020-12-16
20923,AW00020923,Rob,Ross,S,F,2023-07-16
28783,AW00028783,Ian,Ross,M,M,2023-07-18
24471,AW00024471,Jordan,Hill,M,F,2023-11-15
22817,AW00022817,Rob,Ruiz,S,F,2019-01-07
18641,AW00018641,Chloe,Ward,S,M,2023-09-05
25133,AW00025133,Chloe,Verhoff,M,F,2020-07-04
24345,AW00024345,Marco,Watson,,F,2021-03-05
12705,AW00012705,Ruben,Zhu,S,M,2022-03-14
18115,AW00018115,Russell,Alvarez,M,F,2022-01-02
23048,AW00023048,Rob,Ross,S,F,2022-03-11
20139,AW00020139,Elizabeth,Ward,M,M,2019-01-09
18042,AW00018042,Ian,Perez,S,M,2025-01-25
24512,AW00024512,Julio,Watson,M,M,2021-05-29
20459,AW00020459,Wyatt,Gray,M,M,2020-03-03
20409,AW00020409,Rob,Young,S,M,2024-06-24
23484,AW00023484,Jon,Diaz,S,M,2023-09-24
16140,AW00016140,Sydney,Walker,S,F,2024-04-03
28746,AW00028746,Chloe,Zhu,M,F,2021-09-20
13635,AW00013635,Wyatt,Zhu,,F,2022-01-08
13884,AW00013884,Ethan,Young,M,F,2019-08-21
16090,AW00016090,Chloe,Perez ,S,M,2021-03-16
27270,AW00027270,Lauren,Alvarez,S,M,2022-07-14
24629,AW00024629,Julio,Verhoff,M,F,2020-05-03
15950,AW00015950,Luke,Ross,M,M,2019-03-08
26662,AW00026662,Chloe,Ruiz,S,,2019-04-21
25790,AW00025790,Jon,Ross,S,F,2024-09-30
11491,AW00011491,Sydney,Wood,M,F,2021-12-07
23745,AW00023745,Ruben,Alvarez,M,F,2024-12-31
13269,AW00013269,Ruben,Young,S,F,2022-05-17
23958,AW00023958,Shannon, Hill,M,M,2020-11-10
14498,AW00014498,Eugene,Wood,S,F,2020-03-20
27778,AW00027778,Marco,Verhoff,,F,2020-07-27
28671,AW00028671,Destiny,Walker,M,M,2019-09-05
28380,AW00028380,Ruben ,Perez,S,F,2025-01-30
24380,AW00024380, Elizabeth,Sanchez,M,M,2022-12-18
18735,AW00018735,Ethan,Johnson,S,F,2021-02-07
17403,AW00017403,Luke,Mehta,S,F,2021-08-04
20683,AW00020683,Rob,Alvarez,M,F,2025-01-13
23245,AW00023245,Lauren,Yang,M,M,2019-11-30
21614,AW00021614,Shannon,Bennett,S,M,2021-11-21
15618,AW00015618,Shannon,Johnson,S,F,2020-08-13
25409,AW00025409,Rob,Diaz,M,F,2019-04-06
28494,AW00028494,Ethan,Sanchez,S,M,2020-04-09
22854,AW00022854,Ethan,Lu,S,F,2023-06-14
14715,AW00014715,Elizabeth,Gray,S,F,2019-12-23
22790,AW00022790,Sydney,Alvarez,M,F,2022-04-03
25911,AW00025911,Ruben,Mehta,M,M,2020-07-22
15953,AW00015953,Chloe,Watson,S,F,2021-04-17
13551,AW00013551,Elizabeth,Walker,M,M,2019-08-30
24250,AW00024250,Seth,Alvarez,S,F,2024-08-10
12508,AW00012508,Ruben,Sanchez,M,F,2021-05-09
23116,AW00023116,Sydney ,Young,S,F,2021-11-04
23299,AW00023299,Ian,Lu,M,M,2020-03-31
11924,AW00011924,Wyatt,Lu,M,F,2024-02-06
14044,AW00014044,Jon,Young,M,M,2019-08-02
23457,AW00023457,Marco,Suarez,M,M,2025-03-25
21975,AW00021975,Shannon,Johnson,M,F,2021-12-07
16047,AW00016047,Chloe,Alvarez,S,M,2024-07-25
22396,AW00022396,Lauren, Torres,S,M,2023-12-09
18493,AW00018493,Eugene,Lu ,M,M,2021-11-11
16454,AW00016454,Clarence,Torres,S,F,2022-05-20
11599,AW00011599,Russell,Verhoff,M,F,2024-06-22
25679,AW00025679,Russell,Verhoff,S,F,2024-04-23
16988,AW00016988,Jon,Watson,S,M,2023-12-05
23214,AW00023214,Eugene,Young,S,F,2019-09-28
27136,AW00027136,Russell ,Lu,S,F,2019-09-20
12289,AW00012289,Jacquelyn,Verhoff,M,M,2021-11-11
25856,AW00025856,Sydney,Huang,S,F,2020-03-14
27812,AW00027812,Destiny,Yang,S,M,2025-06-21
24751,AW00024751,Jordan,Hill,,F,2025-03-10
27348,AW00027348, Clarence,Perez,M,M,2023-09-02
28105,AW00028105, Chloe,Jenkins,M,M,2022-11-08
20107,AW00020107,Chloe,Carlson,M,M,2021-09-02
28139,AW00028139,Destiny,Perez,M,M,2025-05-04
25892,AW00025892,Jordan,Mehta,M,F,2025-02-19
25171,AW00025171,Ruben,Gray,M,F,2022-12-05
25055,AW00025055,Russell,Walker,S,F,2022-03-03
16527,AW00016527,Marco,Watson,S,M,2020-08-14
11998,AW00011998,Jordan,Suarez,M,M,2024-08-04
25021,AW00025021,Julio,Sanchez,S,M,2025-01-30
26430,AW00026430,Luke,Hill,S,M,2020-11-11
22513,AW00022513,Curtis,Gray,M,F,2020-01-31
22418,AW00022418,Chloe,Zhu,S,M,2024-08-29
19606,AW00019606,Marco, Watson,S,M,2023-09-28
14192,AW00014192,Chloe,Suarez,M,M,2021-11-13
14966,AW00014966,Jordan,Mehta,M,M,2022-06-05
16098,AW00016098,Curtis,Young,M,M,2021-06-04
25720,AW00025720,Wyatt,Ruiz,M,F,2019-06-20
27884,AW00027884,Janet,Ross,M,M,2021-12-01
23285,AW00023285,Destiny ,Zhu,S,,2019-09-22
22864,AW00022864,Jordan,Sanchez,M,M,2022-04-29
18715,AW00018715,Marco,Young,S,M,2021-08-29
28033,AW00028033,Lauren,Alvarez,S,F,2023-08-02
16191,AW00016191,Julio,Ross,S,F,2023-06-17
16192,AW00016192,Seth,Bennett,M,M,2024-10-03
27317,AW00027317,Lauren,Watson,M,M,2025-07-21
27319,AW00027319,Ian,Johnson,M,F,2020-07-09
14925,AW00014925,Jordan,Jenkins,M,F,2023-08-09
19163,AW00019163,Clarence,Verhoff,M,M,2023-01-17
19050,AW00019050,Jacquelyn,Torres,M,F,2022-12-17
26350,AW00026350,Wyatt,Watson,M,M,2023-11-16
13213,AW00013213,Janet,Young,S,F,2024-03-15
14704,AW00014704,Clarence,Suarez,S,F,2024-06-20
22873,AW00022873,Jordan,Alvarez,S,F,2024-01-25
12483,AW00012483,Chloe,Hill,M,F,2025-01-23
25213,AW00025213,Curtis,Suarez,M,M,2021-08-21
15682,AW00015682,Ethan,Walker,S,M,2019-09-07
22577,AW00022577,Wyatt,Watson,M,M,2022-11-13
13259,AW00013259,Sydney,Sanchez,M,M,2025-04-19
26227,AW00026227,Marco,Torres,S,F,2022-07-21
22941,AW00022941,Jon,Watson,S,M,2024-01-24
20784,AW00020784,Ian ,Hill,S,M,2022-01-02
19058,AW00019058,Jordan,Watson,S,F,2020-08-31
13286,AW00013286,Sydney,Walker,S,F,2020-03-04
22684,AW00022684,Elizabeth,Hill,M,M,2022-06-28
28986,AW00028986,Chloe,Perez,S,M,2020-11-16
23269,AW00023269,Ruben,Mehta,S,F,2019-05-13
14955,AW00014955,Shannon,Ross,M,F,2020-08-19
28815,AW00028815,Jacquelyn,Zhu,M,M,2020-01-09
21490,AW00021490,Eugene,Lu,S,M,2025-07-21
11348,AW00011348, Eugene,Ross,M,F,2020-05-24
13162,AW00013162,Jacquelyn,Carlson,M,F,2019-06-13
22092,AW00022092,Ethan,Hill,M,M,2024-10-05
20150,AW00020150,Shannon,Gray,S,M,2021-05-14
11775,AW00011775, Russell,Huang,S,F,2021-06-29
21159,AW00021159, Janet,Jenkins,S,F,2023-11-18
23938,AW00023938, Jacquelyn,Verhoff,S,F,2023-08-14
28106,AW00028106,Luke,Alvarez,S,F,2023-09-17
19389,AW00019389,Elizabeth,Ross,M,M,2023-08-28
11661,AW00011661,Marco,Hill,M,F,2024-02-21
13506,AW00013506,Rob,Young,S,F,2021-02-05
17537,AW00017537,Christy,Yang,S,F,2024-04-03
24447,AW00024447,Ruben,Yang,M,M,2022-02-04
22610,AW00022610,Eugene,Wood,S,M,2025-05-27
27354,AW00027354,Jon,Walker,S,F,2020-11-29
25773,AW00025773,Janet,Watson,S,M,2020-10-18
26676,AW00026676,Elizabeth,Sanchez,M,M,2019-01-11
27483,AW00027483,Christy,Perez,M,M,2020-06-09
28401,AW00028401,Julio,Young,S,F,2024-06-26
18755,AW00018755,Clarence,Ward,S,F,2025-06-28
28376,AW00028376,Ian,Perez,S,F,2025-03-07
20232,AW00020232,Rob,Perez,M,F,2020-10-05
22492,AW00022492,Russell,Alvarez,S,F,2025-04-06
12248,AW00012248,Sydney,Alvarez,S,F,2022-05-12
12946,AW00012946,Ethan ,Johnson,M,M,2022-09-25
18350,AW00018350,Eugene,Verhoff,S,F,2019-01-06
21828,AW00021828, Ethan,Sanchez,S,M,2024-12-09
21121,AW00021121,Sydney,Lu,M,F,2024-01-04
19451,AW00019451,Sydney,Lu,S,F,2023-12-22
28658,AW00028658,Curtis,Wood,M,M,2022-04-03
24893,AW00024893,Wyatt,Wood,M,F,2023-12-05
16528,AW00016528,Jordan,Suarez,M,F,2021-01-12
28715,AW00028715,Eugene,Suarez,M,M,2022-01-01
28168,AW00028168,Ethan,Johnson,S,F,2019-01-09
12397,AW00012397,Chloe,Lu,M,M,2020-08-30
21909,AW00021909,Ethan,Carlson,S,M,2024-05-18
25893,AW00025893,Eugene,Yang,S,M,2023-07-28
13383,AW00013383,Sydney,Watson,M,M,2020-12-13
20562,AW00020562,Elizabeth,Hill,S,M,2020-02-17
16969,AW00016969,Jacquelyn,Walker,M,F,2023-09-12
28375,AW00028375,Eugene,Ward,S,M,2020-11-26
25735,AW00025735,Clarence,Torres,S,F,2022-12-05
13525,AW00013525,Julio,Wood,S,M,2022-09-12
21806,AW00021806, Russell,Sanchez,M,F,2021-03-10
28929,AW00028929,Wyatt, Huang,M,M,2019-07-26
24983,AW00024983,Eugene,Yang,M,F,2024-10-13
13088,AW00013088,Christy,Yang,M,F,2022-08-22
15647,AW00015647,Janet,Yang,S,M,2019-03-16
22810,AW00022810,Janet,Diaz,M,M,2022-03-30
23633,AW00023633,Christy,Johnson,S,F,2019-03-27
23424,AW00023424,Wyatt,Verhoff,M,M,2021-12-14
17317,AW00017317,Lauren,Verhoff,M,F,2022-03-22
12862,AW00012862,Janet,Mehta,M,M,2021-03-30
21135,AW00021135,Marco,Lu,S,M,2022-09-29
19788,AW00019788,Ruben,Perez,S,F,2020-12-21
21993,AW00021993,Janet,Gray,S,F,2024-07-18
22576,AW00022576,Jacquelyn,Torres,M,M,2022-06-25
15476,AW00015476,Shannon,Wood,M,F,2023-03-06
24277,AW00024277,Chloe,Gray,M,F,2023-06-19
19781,AW00019781,Chloe,Johnson,S,F,2020-05-05
22121,AW00022121,Russell,Torres,S,M,2020-12-08
17984,AW00017984,Seth,Alvarez ,M,M,2019-10-25
20675,AW00020675,Jordan,Carlson,M,F,2021-12-17
13678,AW00013678,Lauren,Hill,S,F,2022-05-21
19743,AW00019743,Jacquelyn,Mehta ,S,M,2020-09-07
24399,AW00024399,Destiny,Watson,M,M,2023-06-27
24573,AW00024573, Marco,Ruiz,S,M,2024-05-30
21134,AW00021134,Wyatt,Zhu,M,F,2023-10-23
18970,AW00018970,Rob,Lu,M,M,2022-07-23
14896,AW00014896,Janet,Gray,M,M,2021-08-10
12162,AW00012162,Julio,Jenkins,M,M,2024-10-18
19466,AW00019466,Jacquelyn,Bennett,S,F,2019-11-12
28063,AW00028063,Chloe,Jenkins,M,F,2022-10-08
28058,AW00028058,Luke,Hill,M,F,2020-09-24
18149,AW00018149,Curtis,Wood,M,M,2025-04-25
17652,AW00017652,Russell,Perez,S,M,2022-09-13
13995,AW00013995,Janet,Ross ,S,F,2023-04-06
11105,AW00011105,Sydney,Verhoff,S,F,2024-11-05
22375,AW00022375,Marco,Wood,M,F,2019-10-14
22442,AW00022442,Luke,Jenkins,M,F,2024-01-01
19242,AW00019242,Destiny,Mehta,,F,2022-09-17
27606,AW00027606,Jacquelyn,Carlson,S,F,2022-04-22
27405,AW00027405,Janet,Zhu,M,F,2023-11-05
11558,AW00011558,Lauren,Bennett,S,F,2019-04-11
16259,AW00016259,Jacquelyn,Suarez,S,M,2025-02-08
27356,AW00027356,Sydney,Young,M,F,2019-03-27
17513,AW00017513,Destiny,Zhu,,M,2022-06-22
21617,AW00021617,Ruben,Ross,M,F,2024-02-29
14776,AW00014776,Seth,Perez,S,F,2020-03-29
19220,AW00019220,Destiny,Young,S,F,2020-11-25
26644,AW00026644,Marco,Zhu,S,M,2020-04-20
17668,AW00017668,Eugene,Suarez,M,F,2023-12-20
13758,AW00013758,Luke,Yang,M,M,2023-12-19
12057,AW00012057,Destiny,Jenkins,M,M,2020-11-16
16595,AW00016595,Janet,Carlson,M,F,2025-03-03
23698,AW00023698,Jon,Johnson,S,F,2021-01-06
20608,AW00020608,Destiny,Zhu ,,M,2020-01-03
14470,AW00014470,Ian,Sanchez,M,M,2024-05-24
20524,AW00020524,Chloe,Torres,S,F,2019-01-04
15226,AW00015226,Ethan,Ross,M,F,2024-12-27
11521,AW00011521,Seth,Perez,S,F,2019-08-08
17479,AW00017479,Luke,Sanchez,M,F,2022-01-16
19305,AW00019305,Chloe,Yang,S,F,2024-06-22
26357,AW00026357,Curtis,Sanchez,S,M,2024-08-07
27637,AW00027637,Ethan,Torres ,M,M,2023-02-16
13500,AW00013500,Russell,Mehta,,F,2020-10-03
24631,AW00024631,Chloe,Alvarez,S,F,2022-12-15
24275,AW00024275,Julio,Ruiz,M,F,2023-03-21
20341,AW00020341,Ian,Huang,M,F,2024-08-19
19499,AW00019499,Luke,Torres,S,F,2021-09-08
17310,AW00017310,Elizabeth,Alvarez,S,F,2022-02-20
25669,AW00025669,Jordan,Johnson,M,F,2019-10-11
18497,AW00018497,Sydney,Gray,S,F,2020-07-16
15242,AW00015242,Ruben,Suarez,M,F,2019-07-04
18210,AW00018210,Christy,Walker,M,F,2020-10-06
27168,AW00027168,Curtis,Sanchez,M,F,2025-01-22
11786,AW00011786,Seth,Ruiz,S,F,2022-09-24
12404,AW00012404,Curtis,Bennett,S,F,2020-05-12
27245,AW00027245,Clarence, Ross,S,F,2019-11-09
15623,AW00015623,Jordan,Yang ,S,M,2023-09-20
23557,AW00023557,Julio,Yang,M,F,2022-08-04
21599,AW00021599,Rob,Huang,S,F,2025-01-02
20962,AW00020962,Luke,Walker,M,M,2025-02-17
15401,AW00015401,Jordan,Bennett ,S,F,2022-02-11
20527,AW00020527,Ian,Verhoff,S,F,2025-06-14
19243,AW00019243,Eugene,Bennett,M,F,2022-08-14
21644,AW00021644,Sydney ,Watson,S,M,2019-04-22
16103,AW00016103,Jon,Diaz,S,M,2021-06-05
18763,AW00018763,Jon,Jenkins,S,F,2023-09-19
25016,AW00025016,Wyatt,Zhu,S,F,2021-10-05
25319,AW00025319,Shannon,Ross,M,F,2024-11-09
24875,AW00024875,Luke,Torres,M,M,2024-01-26
14724,AW00014724,Chloe,Gray,M,F,2022-02-19
23108,AW00023108,Eugene,Perez,M,F,2025-01-12
19571,AW00019571,Janet,Diaz,M,M,2023-02-10
28216,AW00028216,Eugene, Ruiz,M,F,2022-11-09
22258,AW00022258,Jon,Walker ,S,M,2024-11-17
23972,AW00023972,Ian, Sanchez,M,M,2023-07-26
18707,AW00018707,Luke,Suarez,M,M,2021-03-14
23003,AW00023003, Marco, Sanchez,S,M,2024-11-22
11656,AW00011656,Marco,Johnson,S,F,2019-04-08
26022,AW00026022,Marco,Young,S,F,2023-09-14
24293,AW00024293,Luke,Young,M,F,2023-04-19
11221,AW00011221,Janet,Johnson,,F,2020-11-04
18537,AW00018537,Chloe, Huang,M,F,2021-02-10
12523,AW00012523, Rob,Ward,S,M,2024-06-13
17703,AW00017703,Destiny,Ross,S,F,2024-09-11
15386,AW00015386, Wyatt,Ward,S,F,2025-01-13
28406,AW00028406, Luke,Ruiz,S,M,2019-01-16
25136,AW00025136,Sydney,Walker,S,F,2025-06-25
24239,AW00024239,Eugene,Torres,S,F,2019-09-25
24413,AW00024413,Jon,Hill,S,M,2020-08-02
24789,AW00024789,Destiny,Johnson,S,F,2019-08-14
12824,AW00012824,Jacquelyn,Sanchez,M,F,2021-04-16
20600,AW00020600,Shannon,Ross,M,F,2022-01-01
26381,AW00026381,Elizabeth,Walker,S,F,2022-11-05
19699,AW00019699,Rob,Perez,M,F,2021-11-09
21796,AW00021796,Curtis,Jenkins,M,M,2023-07-11
18130,AW00018130,Curtis,Torres,S,F,2025-01-30
19667,AW00019667,Seth,Jenkins,M,M,2020-09-11
27109,AW00027109,Elizabeth,Suarez,S,M,2019-03-09
20365,AW00020365,Lauren, Jenkins,S,M,2022-07-05
15232,AW00015232,Julio,Perez,M,,2019-08-23
18455,AW00018455,Eugene,Lu,M,M,2019-11-17
11083,AW00011083,Christy,Verhoff,S,F,2019-06-06
15171,AW00015171,Marco,Verhoff,S,M,2021-09-13
28396,AW00028396,Russell,Zhu,S,M,2025-02-23
24918,AW00024918,Jordan,Torres,M,F,2021-03-30
11145,AW00011145,Wyatt,Lu,M,F,2022-12-12
22572,AW00022572,Clarence,Ward,M,M,2024-09-12
19495,AW00019495,Shannon,Walker,M,M,2024-02-17
22248,AW00022248,Ian,Young,S,M,2024-03-16
13009,AW00013009,Russell,Carlson ,M,M,2024-12-06
20073,AW00020073,Sydney,Torres,M,F,2020-01-14
22835,AW00022835,Shannon,Alvarez,S,M,2021-04-25
15641,AW00015641,Rob,Hill,M,F,2024-01-14
25732,AW00025732,Jacquelyn,Yang,S,F,2025-03-05
24530,AW00024530,Shannon,Johnson,S,F,2025-02-28
20161,AW00020161,Clarence,Watson,S,M,2021-03-19
28831,AW00028831,Jordan,Jenkins,S,F,2024-02-15
17101,AW00017101,Curtis,Jenkins,S,M,2021-04-23
17710,AW00017710,Seth,Ward,M,M,2022-03-12
28470,AW00028470,Clarence,Bennett,S,M,2024-03-05
25538,AW00025538,Jon,Watson,M,F,2021-06-20
17152,AW00017152,Eugene,Ross,M,M,2023-06-07
21373,AW00021373,Luke,Young,M,F,2021-03-11
24511,AW00024511,Julio,Jenkins,M,F,2024-05-21
27386,AW00027386,Elizabeth,Mehta,S,F,2023-03-23
16669,AW00016669,Ruben,Sanchez,S,F,2021-09-25
14707,AW00014707,Chloe,Diaz,M,M,2019-07-12
17775,AW00017775,Jon,Torres,S,F,2025-03-28
20740,AW00020740,Ethan,Hill,S,F,2021-08-12
24450,AW00024450,Julio,Yang,M,F,2020-03-30
28178,AW00028178, Jacquelyn,Yang,S,F,2019-08-15
28998,AW00028998,Wyatt, Watson,M,M,2024-03-30
16901,AW00016901,Marco,Young,S,F,2022-04-26
21200,AW00021200,Luke,Zhu,M,F,2022-01-16
27530,AW00027530,Rob,Sanchez,M,M,2024-11-13
15125,AW00015125,Lauren,Wood,S,M,2022-10-23
28959,AW00028959,Seth,Watson,S,M,2023-07-18
18688,AW00018688,Ian,Lu,M,M,2023-11-25
16672,AW00016672,Ian,Huang,S,F,2024-07-11
25226,AW00025226,Destiny,Zhu,S,F,2021-08-25
14833,AW00014833,Ruben,Huang,M,F,2024-12-13
18652,AW00018652,Jacquelyn,Diaz,S,F,2023-11-01
18524,AW00018524,Curtis,Suarez,S,F,2020-08-19
20776,AW00020776,Jon,Young,M,M,2021-04-05
27373,AW00027373,Jacquelyn,Mehta,S,F,2019-07-01
19907,AW00019907,Eugene,Walker,,F,2023-03-02
28518,AW00028518,Wyatt, Verhoff,S,F,2023-08-13
18855,AW00018855,Julio,Hill,S,F,2023-09-17
19192,AW00019192,Sydney,Ruiz,M,F,2021-04-16
15433,AW00015433,Christy,Johnson,M,F,2021-04-16
23190,AW00023190,Ian,Diaz,M,M,2023-01-12
12118,AW00012118,Elizabeth,Watson,S,M,2019-08-12
22295,AW00022295,Elizabeth, Yang,S,M,2023-06-29
12869,AW00012869,Jacquelyn,Ruiz,S,F,2022-07-19
20535,AW00020535,Russell,Ruiz,S,F,2019-10-13
24858,AW00024858,Destiny,Huang,S,M,2024-10-27
17545,AW00017545,Jacquelyn,Sanchez,M,F,2022-02-18
28186,AW00028186,Sydney,Huang,S,,2019-10-05
20989,AW00020989,Wyatt,Watson,M,F,2021-08-08
28578,AW00028578,Chloe,Wood,S,M,2021-02-03
25064,AW00025064,Eugene,Yang,S,F,2020-01-04
13978,AW00013978,Ethan,Sanchez,M,M,2022-01-21
21700,AW00021700,Ethan,Verhoff,S,M,2025-07-14
27000,AW00027000,Russell,Perez,M,M,2018-07-18
20873,AW00020873,Lauren,Walker,S,F,2019-03-19
24748,AW00024748,Clarence,Zhu,S,M,2021-06-07
23069,AW00023069,Sydney,Alvarez,S,M,2022-09-20
20503,AW00020503,Elizabeth,Lu,M,F,2024-08-14
26985,AW00026985,Luke,Hill,M,,2024-01-20
23657,AW00023657,Marco,Mehta,M,M,2024-08-16
18621,AW00018621,Luke,Zhu,M,F,2024-03-01
12940,AW00012940,Jordan,Alvarez,S,M,2020-06-07
24150,AW00024150,Luke,Hill,S,F,2018-08-07
17135,AW00017135,Christy,Diaz,M,F,2024-12-08
28743,AW00028743,Ian,Torres,S,F,2024-08-07
28044,AW00028044,Sydney,Young,M,F,2019-07-17
28070,AW00028070,Janet,Mehta,S,F,2024-08-07
23213,AW00023213,Jon,Mehta,M,M,2020-12-15
25475,AW00025475,Wyatt,Lu,,F,2019-12-28
17373,AW00017373,Wyatt,Ward,S,M,2025-05-29
21087,AW00021087,Clarence,Ross,S,M,2019-10-04
23235,AW00023235,Ethan,Yang,M,F,2022-12-25
15344,AW00015344,Ethan,Young,S,F,2024-09-02
11707,AW00011707,Jordan,Suarez,S,M,2024-07-25
11440,AW00011440,Julio,Perez,M,F,2021-02-01
25860,AW00025860,Ruben,Wood,M,M,2025-04-16
18287,AW00018287,Rob,Ross,M,M,2022-10-24
25806,AW00025806,Eugene,Yang,M,M,2025-03-17
25685,AW00025685,Eugene,Sanchez,M,F,2020-03-06
24977,AW00024977,Elizabeth,Diaz,S,M,2023-03-25
14904,AW00014904,Luke,Jenkins,M,M,2024-04-09
19955,AW00019955,Sydney,Torres,M,F,2019-06-01
12519,AW00012519,Lauren,Mehta,S,M,2021-02-25
23792,AW00023792,Jacquelyn,Bennett ,M,F,2024-03-07
24967,AW00024967,Elizabeth,Torres,M,F,2019-10-28
16958,AW00016958,Shannon,Suarez,S,F,2020-01-29
28510,AW00028510,Sydney,Walker,S,M,2021-12-25
17538,AW00017538,Jon,Watson,S,F,2024-06-14
16127,AW00016127,Marco,Ward,S,F,2024-07-28
11021,AW00011021,Chloe,Torres,S,M,2020-09-18
21879,AW00021879,Jordan,Alvarez,S,F,2020-12-25
11842,AW00011842,Curtis,Ross,M,F,2020-03-11
13117,AW00013117,Elizabeth,Ward,M,F,2022-11-27
26058,AW00026058,Shannon,Jenkins,M,M,2022-09-22
17468,AW00017468,Elizabeth,Verhoff ,S,M,2023-03-16
13757,AW00013757,Janet,Zhu,S,F,2022-05-13
11112,AW00011112,Seth,Yang,M,F,2019-01-25
22596,AW00022596,Janet,Diaz,M,M,2024-01-06
12477,AW00012477,Rob,Johnson,M,M,2020-05-15
21584,AW00021584,Jacquelyn,Ruiz,S,F,2024-05-14
15601,AW00015601,Clarence,Walker,M,M,2019-08-18
16024,AW00016024,Julio,Huang,M,M,2020-01-27
22922,AW00022922,Janet,Watson,M,M,2022-10-15
27186,AW00027186,Shannon,Yang,S,M,2023-04-29
12598,AW00012598,Sydney,Walker,M,F,2025-04-25
17989,AW00017989,Curtis,Verhoff,S,F,2024-08-13
21062,AW00021062,Jon,Suarez,S,M,2019-06-05
20754,AW00020754,Janet,Yang,M,M,2023-04-10
11843,AW00011843,Eugene,Ruiz,M,M,2023-08-04
20397,AW00020397,Jon,Diaz,M,F,2021-04-16
19728,AW00019728,Destiny,Wood,M,F,2024-05-02
22281,AW00022281,Ian,Mehta,S,M,2020-09-13
28291,AW00028291,Destiny,Mehta,S,M,2019-12-22
16037,AW00016037,Jordan,Verhoff,M,M,2025-05-17
21415,AW00021415,Russell,Torres,S,M,2023-01-28
22529,AW00022529, Jacquelyn,Alvarez,S,M,2021-12-03
27939,AW00027939,Ian,Yang,M,M,2021-08-29
11075,AW00011075,Clarence,Jenkins,S,M,2020-10-27
27769,AW00027769,Seth,Sanchez,M,M,2019-02-26
22293,AW00022293,Christy,Ward,M,F,2022-03-23
26132,AW00026132,Sydney,Mehta,M,M,2024-03-21
22525,AW00022525,Jon, Alvarez,S,M,2023-03-29
16664,AW00016664,Eugene,Diaz,M,M,2021-03-08
20972,AW00020972,Jordan,Diaz,S,M,2024-05-01
26565,AW00026565,Russell,Young,S,M,2023-06-13
12917,AW00012917,Julio,Young,S,M,2019-10-14
15811,AW00015811,Jon,Alvarez,S,M,2019-05-02
23786,AW00023786,Jacquelyn,Hill,M,M,2024-04-20
25488,AW00025488,Russell,Ross,M,F,2021-07-24
26963,AW00026963,Christy,Jenkins,M,F,2019-07-14
27520,AW00027520,Marco,Wood,S,F,2023-05-22
14898,AW00014898,Julio,Mehta,S,F,2022-08-08
13955,AW00013955, Ethan,Wood,M,F,2020-04-21
24766,AW00024766,Chloe,Mehta,M,F,2023-01-31
21896,AW00021896,Seth,Torres,M,F,2022-09-12
20086,AW00020086,Clarence,Johnson,M,M,2020-05-18
18289,AW00018289,Wyatt,Ward,M,F,2022-12-10
22936,AW00022936,Seth,Carlson,S,F,2020-01-14
20841,AW00020841,Luke,Johnson,M,M,2018-04-22
15060,AW00015060,Jacquelyn,Mehta,M,F,2023-07-21
17544,AW00017544,Rob,Carlson,M,M,2022-12-31
17720,AW00017720,Luke,Mehta,S,M,2024-05-10
27629,AW00027629, Rob,Huang,M,M,2021-07-22
27720,AW00027720,Jon,Diaz,S,M,2023-01-24
24190,AW00024190,Elizabeth,Young,S,F,2023-04-09
13789,AW00013789,Elizabeth,Johnson,M,M,2025-04-20
15674,AW00015674,Curtis,Hill,S,F,2021-12-09
17508,AW00017508,Clarence ,Ward,S,F,2019-09-17
11063,AW00011063,Sydney,Wood,M,M,2025-03-21
13437,AW00013437,Sydney, Perez,S,M,2019-03-04
12202,AW00012202,Destiny,Johnson,M,M,2024-03-01
26536,AW00026536,Jacquelyn,Gray,M,M,2020-06-29
27793,AW00027793,Jordan,Ward,M,M,2025-05-23
14003,AW00014003,Jon,Sanchez,S,F,2025-05-11
27243,AW00027243,Julio,Hill,M,M,2023-05-01
26632,AW00026632,Jacquelyn , Huang,M,F,2021-08-27
27429,AW00027429,Ian,Ward,S,M,2024-08-21
22671,AW00022671,Chloe,Watson,M,M,2023-07-27
24824,AW00024824,Clarence,Walker,M,M,2019-11-10
15115,AW00015115,Sydney,Lu,M,M,2019-11-15
22410,AW00022410,Curtis,Gray,S,F,2019-12-02
20120,AW00020120,Shannon,Torres,M,M,2020-01-06
11827,AW00011827,Russell,Sanchez,S,F,2024-10-27
11002,AW00011002,Eugene,Yang,S,M,2021-08-10
16707,AW00016707,Eugene,Lu,S,M,2019-02-04
14031,AW00014031,Shannon,Carlson,S,M,2020-09-14
26208,AW00026208,Seth,Gray,M,M,2024-07-10
23986,AW00023986,Curtis,Ross,M,F,2023-06-14
15745,AW00015745,Ethan,Carlson,S,M,2021-05-23
17073,AW00017073,Elizabeth,Jenkins,,F,2020-09-17
13646,AW00013646,Sydney,Gray,S,M,2023-05-07
13377,AW00013377,Seth,Suarez,M,F,2019-10-04
16045,AW00016045,Ethan,Alvarez,M,F,2023-07-16
28906,AW00028906,Jon,Gray,S,F,2019-09-10
25191,AW00025191,Ian,Walker,S,F,2022-12-31
18806,AW00018806,Sydney,Ross,S,F,2021-03-30
22490,AW00022490,Shannon,Ross,M,F,2019-10-07
11554,AW00011554,Ethan,Ward,M,M,2019-07-01
15857,AW00015857,Seth,Mehta,S,F,2023-03-06
25443,AW00025443,Chloe,Walker,S,F,2024-01-25
17385,AW00017385,Sydney,Ruiz,S,F,2022-06-26
19230,AW00019230,Luke,Huang,S,F,2023-11-12
11846,AW00011846,Christy,Watson,M,M,2020-05-19
20724,AW00020724,Russell,Johnson,,M,2023-04-11
27459,AW00027459,Luke,Verhoff,M,M,2025-06-04
13384,AW00013384,Jacquelyn,Zhu,M,F,2020-06-29
28198,AW00028198,Rob,Johnson ,S,M,2020-02-19
12552,AW00012552,Lauren,Sanchez,S,M,2019-04-05
23322,AW00023322,Sydney,Wood,S,F,2024-09-29
21266,AW00021266,Ian,Wood,S,F,2023-03-29
24158,AW00024158,Julio,Ward,S,F,2019-04-05
16039,AW00016039,Elizabeth,Yang,S,F,2023-02-01
28431,AW00028431,Ethan,Verhoff,M,M,2025-05-12
11439,AW00011439,Sydney,Verhoff,S,M,2022-09-16
19669,AW00019669,Russell,Ward,S,M,2020-03-15
12252,AW00012252,Seth,Wood,M,M,2022-03-01
14304,AW00014304,Wyatt,Jenkins,S,F,2020-06-01
13152,AW00013152,Rob,Torres,,F,2019-07-07
19688,AW00019688,Sydney,Verhoff,M,F,2019-11-03
25377,AW00025377,Destiny,Sanchez,M,M,2024-02-20
20182,AW00020182,Marco,Young,M,M,2024-03-25
20455,AW00020455, Chloe,Alvarez,S,M,2021-04-04
21341,AW00021341,Christy,Bennett,M,M,2022-09-26
15167,AW00015167,Russell,Carlson,S,F,2021-12-15
20698,AW00020698,Chloe,Ward,S,F,2021-02-05
22680,AW00022680,Wyatt,Mehta,M,F,2020-09-03
17282,AW00017282,Ethan,Ross,S,M,2024-04-19
11158,AW00011158,Clarence,Watson,M,M,2024-11-10
21095,AW00021095, Ethan,Watson,S,M,2019-01-22
14078,AW00014078,Eugene,Gray,M,F,2024-03-19
27865,AW00027865,Ethan,Johnson,S,M,2025-01-10
25264,AW00025264,Sydney,Verhoff,M,F,2021-10-24
22791,AW00022791,Russell,Alvarez,S,M,2022-10-24
11421,AW00011421,Janet,Mehta,M,F,2021-07-10
14760,AW00014760,Clarence,Johnson,S,M,2022-08-24
16105,AW00016105,Russell,Mehta,S,M,2023-02-03
16642,AW00016642,Eugene, Torres,M,F,2023-10-09
20158,AW00020158,Destiny,Huang,S,M,2024-01-03
26489,AW00026489,Christy,Verhoff,S,M,2023-05-16
13449,AW00013449,Marco,Zhu,,M,2024-09-06
17447,AW00017447,Elizabeth,Gray,M,M,2019-01-08
26098,AW00026098,Curtis,Lu,S,F,2019-04-05
11297,AW00011297,Eugene,Huang,M,F,2019-11-11
15261,AW00015261,Christy,Diaz,S,F,2022-09-08
22792,AW00022792,Curtis,Bennett,M,M,2019-07-05
18420,AW00018420,Ian,Gray,M,M,2021-08-30
24113,AW00024113,Shannon,Diaz,M,M,2023-02-02
20382,AW00020382,Clarence, Yang,S,M,2020-11-07
14993,AW00014993,Destiny,Torres,S,F,2022-02-05
23442,AW00023442,Clarence,Mehta,M,M,2022-09-02
24090,AW00024090,Rob,Zhu,S,M,2022-06-11
16975,AW00016975,Wyatt,Suarez,S,F,2022-08-20
22710,AW00022710,Eugene,Yang,S,F,2023-03-27
19205,AW00019205,Lauren,Diaz,M,M,2024-01-01
16083,AW00016083,Christy,Zhu,M,F,2025-03-17
28600,AW00028600,Luke,Hill,M,F,2021-09-29
27077,AW00027077,Rob,Ross,M,F,2021-04-10
28382,AW00028382,Shannon ,Alvarez,S,M,2023-08-12
16436,AW00016436,Shannon,Ross,S,M,2020-09-08
26375,AW00026375,Ian,Ross,M,F,2021-01-20
19224,AW00019224,Chloe,Gray,S,M,2019-04-28
13248,AW00013248,Luke,Watson,M,M,2021-04-23
19089,AW00019089,Chloe,Young,S,M,2020-01-08
18506,AW00018506,Christy,Yang,M,M,2024-09-01
13819,AW00013819,Wyatt,Sanchez,S,M,2021-05-08
16446,AW00016446,Christy,Alvarez,S,M,2025-07-15
11323,AW00011323,Destiny,Young,M,M,2024-10-14
21942,AW00021942,Clarence,Ross,M,F,2025-04-05
24755,AW00024755,Janet,Mehta,S,M,2024-07-01
24541,AW00024541,Clarence,Walker,S,M,2020-07-24
12493,AW00012493,Curtis,Lu,S,F,2023-04-08
15424,AW00015424,Chloe ,Walker,S,M,2023-09-27
25782,AW00025782,Eugene,Johnson,S,F,2020-08-09
22990,AW00022990,Clarence,Alvarez,M,M,2023-08-01
17404,AW00017404,Ethan,Sanchez,M,M,2022-02-09
19441,AW00019441,Luke,Johnson,S,M,2021-07-21
19609,AW00019609,Russell, Wood,M,F,2020-09-22
24529,AW00024529,Destiny,Huang,S,M,2021-05-13
15904,AW00015904,Ian,Johnson ,M,F,2021-06-13
24373,AW00024373,Luke, Watson,S,F,2022-06-13
25334,AW00025334, Jon,Ruiz,S,M,2022-01-07
13748,AW00013748,Clarence,Perez,S,M,2024-01-04
11240,AW00011240,Janet,Sanchez,S,M,2022-09-07
13006,AW00013006,Jacquelyn,Watson,M,M,2021-07-13
28957,AW00028957,Chloe,Walker,M,F,2023-12-18
19228,AW00019228,Eugene,Lu,S,F,2025-01-02
12496,AW00012496,Destiny,Carlson,S,M,2022-06-02
13439,AW00013439,Clarence,Carlson,M,F,2019-06-08
22168,AW00022168,Chloe,Huang,S,F,2021-08-25
14198,AW00014198,Russell,Suarez,S,F,2019-05-21
17874,AW00017874,Wyatt,Lu,M,M,2019-09-07
12791,AW00012791,Elizabeth, Johnson,S,M,2024-12-21
13750,AW00013750,Russell,Ruiz,S,M,2024-02-12
21295,AW00021295,Julio,Perez,S,F,2025-04-30
22290,AW00022290,Curtis,Diaz,M,M,2020-11-29
18391,AW00018391,Janet,Ruiz,S,F,2023-03-03
15354,AW00015354,Curtis, Zhu,M,,2020-12-30
18434,AW00018434,Christy,Johnson,M,F,2025-07-28
23563,AW00023563,Luke,Alvarez,S,F,2023-05-09
27256,AW00027256,Lauren,Bennett,,F,2021-11-20
25792,AW00025792,Ruben,Diaz,S,M,2023-08-06
22143,AW00022143,Russell,Suarez,S,M,2020-03-05
28719,AW00028719,Ian,Bennett,S,M,2023-01-14
23157,AW00023157,Rob,Alvarez ,M,F,2024-06-26
25928,AW00025928,Ethan,Watson,S,M,2022-10-20
20099,AW00020099,Ian,Huang,M,F,2020-02-28
16693,AW00016693,Destiny,Alvarez,S,M,2021-08-18
14950,AW00014950,Eugene,Bennett,M,M,2023-02-18
27551,AW00027551,Rob,Ross,,F,2021-10-24
16735,AW00016735,Rob,Verhoff,S,F,2025-04-17
23545,AW00023545,Seth,Jenkins,M,F,2019-09-05
25185,AW00025185, Clarence,Torres,M,F,2020-11-08
20848,AW00020848,Russell,Lu,M,F,2023-10-06
27259,AW00027259,Jon,Walker,S,F,2019-04-01
20685,AW00020685,Christy,Suarez,M,F,2023-07-19
11067,AW00011067,Wyatt,Young,M,M,2020-01-14
23569,AW00023569,Destiny,Bennett,S,F,2020-10-25
18833,AW00018833,Jordan,Mehta,S,F,2024-04-03
14148,AW00014148,Clarence,Diaz,M,M,2019-11-15
22834,AW00022834,Destiny,Jenkins,S,M,2023-02-16
27924,AW00027924,Jon,Huang,S,M,2023-02-24
18485,AW00018485,Ian,Young,M,F,2024-07-23
17583,AW00017583,Elizabeth,Torres,S,M,2019-03-27
16333,AW00016333,Shannon,Walker,M,F,2022-06-12
28813,AW00028813,Christy,Ross,M,M,2023-06-10
21695,AW00021695,Jon,Perez,M,M,2022-01-26
22802,AW00022802,Russell,Perez,S,F,2020-05-23
14505,AW00014505,Lauren,Carlson,M,F,2020-01-08
20851,AW00020851, Seth,Young,S,M,2021-12-19
26809,AW00026809,Ethan,Young,S,F,2020-02-08
20755,AW00020755,Curtis,Johnson,M,M,2023-06-12
21469,AW00021469,Seth,Gray,S,M,2020-02-02
23177,AW00023177,Lauren,Wood,M,M,2020-03-07
26754,AW00026754,Ian,Wood,M,M,2021-08-22
16474,AW00016474,Lauren,Hill,M,M,2021-12-03
27803,AW00027803,Elizabeth ,Young,S,M,2020-02-27
15225,AW00015225,Ethan,Wood,S,M,2024-07-12
13704,AW00013704,Destiny,Zhu,M,F,2021-07-11
23718,AW00023718,Julio,Suarez,S,M,2021-03-25
28768,AW00028768,Curtis,Walker,S,F,2021-08-04
21444,AW00021444,Christy,Huang,M,M,2023-09-24
27890,AW00027890,Ethan,Ruiz,S,F,2023-05-25
19040,AW00019040,Destiny,Watson,M,F,2019-09-24
24800,AW00024800,Shannon,Diaz,M,M,2022-02-11
12173,AW00012173,Shannon,Perez,M,F,2021-01-10
16619,AW00016619,Wyatt,Perez,,F,2021-11-11
27005,AW00027005,Ethan,Verhoff,M,F,2019-01-29
15809,AW00015809, Rob,Wood,M,M,2019-05-13
11291,AW00011291,Elizabeth,Verhoff,S,M,2020-09-18
15073,AW00015073,Rob,Gray ,S,M,2019-01-03
18085,AW00018085,Shannon,Lu,M,F,2022-05-23
20173,AW00020173,Chloe, Perez,M,M,2024-03-17
19732,AW00019732,Rob,Johnson,M,F,2024-05-07
14025,AW00014025,Ian,Suarez,M,M,2020-06-18
12770,AW00012770,Clarence,Watson,S,M,2024-04-07
22589,AW00022589,Christy ,Jenkins,S,M,2019-06-03
12790,AW00012790,Wyatt,Diaz,S,M,2019-05-10
28807,AW00028807,Curtis,Bennett,M,M,2021-09-08
19433,AW00019433,Christy,Hill,,F,2021-09-05
19827,AW00019827,Sydney,Ward,S,M,2020-02-25
26579,AW00026579,Ethan,Ward,S,F,2024-11-17
20891,AW00020891,Seth,Watson,S,M,2023-01-30
14255,AW00014255,Ian,Walker,M,M,2020-07-26
12587,AW00012587,Luke ,Zhu,M,M,2019-04-29
25095,AW00025095,Chloe,Mehta,S,F,2024-08-12
22129,AW00022129,Seth,Zhu,,M,2021-09-04
15179,AW00015179,Elizabeth,Torres,S,F,2022-03-15
14422,AW00014422,Russell,Carlson,M,M,2019-04-18
11187,AW00011187,Seth,Carlson,M,F,2024-05-30
13726,AW00013726,Curtis,Jenkins,M,M,2021-09-22
13602,AW00013602,Destiny,Gray,S,F,2020-02-04
13191,AW00013191,Eugene,Torres,M,F,2022-05-01
16511,AW00016511,Rob,Lu,,M,2019-12-06
27467,AW00027467,Janet,Torres,S,M,2024-05-30
28423,AW00028423,Destiny,Huang,M,M,2023-08-13
22727,AW00022727,Destiny,Watson,S,F,2022-03-27
11853,AW00011853,Ian,Diaz,M,F,2025-03-17
27675,AW00027675,Shannon,Carlson,S,M,2020-04-16
14712,AW00014712,Janet,Perez,S,F,2020-10-06
19996,AW00019996,Clarence,Yang,S,,2023-10-01
13547,AW00013547,Jon,Walker,S,F,2023-02-23
21995,AW00021995,Clarence,Carlson,,M,2023-04-15
26928,AW00026928,Christy,Diaz,M,M,2021-04-08
11341,AW00011341,Marco,Perez,S,F,2020-06-30
15499,AW00015499,Christy,Hill,S,F,2019-12-07
27021,AW00027021,Lauren,Lu,S,M,2022-11-22
20209,AW00020209,Jon,Carlson,M,F,2023-01-09
28515,AW00028515,Russell,Alvarez,M,F,2020-02-05
13391,AW00013391,Chloe,Alvarez,S,F,2024-08-13
13731,AW00013731,Luke,Verhoff,S,M,2020-08-29
21754,AW00021754,Jacquelyn,Huang,M,M,2020-06-08
21289,AW00021289,Rob,Mehta,M,F,2024-04-10
13474,AW00013474,Sydney,Yang,S,M,2023-09-11
22461,AW00022461,Rob,Alvarez,M,M,2020-04-03
24673,AW00024673,Wyatt,Suarez,M,M,2021-12-05
18538,AW00018538,Elizabeth,Zhu,S,M,2020-08-28
12861,AW00012861,Sydney,Huang,S,M,2023-03-26
26713,AW00026713,Julio,Walker,M,M,2020-05-15
13836,AW00013836,Clarence,Walker,S,M,2020-02-15
19870,AW00019870,Ian,Suarez,S,M,2023-03-04
14699,AW00014699,Jacquelyn,Walker,S,M,2023-07-12
28901,AW00028901,Wyatt,Bennett,M,F,2020-05-15
24289,AW00024289, Sydney,Gray,M,F,2020-03-29
17415,AW00017415,Elizabeth,Mehta,S,F,2020-01-28
14113,AW00014113,Christy,Verhoff,M,F,2021-03-21
25612,AW00025612,Christy,Young,S,F,2023-07-11
28622,AW00028622,Janet,Hill,S,M,2024-08-26
20595,AW00020595,Ethan,Walker,S,M,2023-06-07
21815,AW00021815,Elizabeth,Mehta,S,M,2023-01-25
26269,AW00026269,Christy,Carlson,S,F,2019-05-10
28615,AW00028615,Chloe,Hill,S,F,2020-09-10
28214,AW00028214,Christy,Hill,M,,2020-01-04
19310,AW00019310,Wyatt,Gray,S,M,2022-06-22
13364,AW00013364,Russell ,Gray,S,F,2024-05-21
23663,AW00023663,Elizabeth,Verhoff,S,F,2020-10-10
17252,AW00017252,Rob,Sanchez,S,,2019-03-05
18601,AW00018601,Destiny,Walker,S,F,2023-03-12
26945,AW00026945,Chloe,Huang,S,F,2025-04-07
17437,AW00017437,Eugene,Torres,M,F,2020-01-29
12813,AW00012813,Seth,Perez,M,M,2022-05-11
16971,AW00016971,Ruben,Wood,M,M,2020-01-28
13739,AW00013739,Jordan,Ruiz,M,M,2024-08-14
23445,AW00023445,Ian,Jenkins,,M,2021-07-26
22045,AW00022045,Julio,Ruiz,M,M,2024-03-27
17767,AW00017767,Jacquelyn,Alvarez,M,M,2024-10-14
11817,AW00011817,Eugene,Yang,S,M,2022-09-08
27584,AW00027584,Lauren,Yang,S,F,2019-08-06
15504,AW00015504,Shannon,Wood,M,M,2022-07-18
26998,AW00026998,Shannon, Diaz,S,M,2020-04-04
28334,AW00028334,Jon,Verhoff,M,M,2020-02-23
22180,AW00022180,Ethan,Bennett,S,F,2020-06-06
21112,AW00021112,Destiny,Lu,M,F,2024-01-17
17760,AW00017760,Clarence,Wood,M,M,2023-12-14
12585,AW00012585,Marco,Watson,M,M,2022-09-08
27421,AW00027421,Shannon,Alvarez,S,F,2019-10-17
15546,AW00015546,Ruben,Suarez,M,M,2023-04-02
12147,AW00012147,Janet,Zhu,S,M,2019-04-18
11905,AW00011905,Elizabeth,Ward,S,M,2022-03-13
18870,AW00018870,Sydney,Mehta,S,M,2024-05-05
24263,AW00024263,Destiny,Jenkins,M,F,2023-10-18
16598,AW00016598,Christy,Hill,M,M,2024-02-23
16387,AW00016387,Marco,Lu,M,M,2022-10-02
21329,AW00021329,Rob,Lu,,F,2023-01-30
27258,AW00027258,Chloe,Bennett,M,M,2022-04-06
20454,AW00020454,Ian,Hill,S,F,2021-04-20
18935,AW00018935, Rob,Ruiz,,F,2021-08-15
24989,AW00024989,Rob,Hill,S,F,2025-04-06
21951,AW00021951, Shannon,Torres,M,M,2022-12-28
25898,AW00025898,Janet,Ruiz,S,M,2021-11-05
21531,AW00021531,Jordan,Carlson,M,F,2021-06-04
17696,AW00017696,Russell,Huang,S,F,2022-07-09
22675,AW00022675,Jon,Hill,M,F,2024-01-05
11733,AW00011733,Clarence ,Huang,M,F,2025-01-02
14350,AW00014350,Clarence,Jenkins,M,M,2020-09-14
21342,AW00021342,Ian,Ward,M,F,2022-08-16
17487,AW00017487,Julio,Lu,S,F,2024-10-25
12981,AW00012981,Luke,Young,M,M,2021-01-11
26419,AW00026419,Elizabeth,Wood,S,M,2023-08-02
27052,AW00027052,Jordan,Diaz,S,,2021-08-07
26171,AW00026171, Ruben,Torres,S,F,2022-03-27
13498,AW00013498,Chloe,Verhoff,S,M,2022-02-14
11451,AW00011451,Elizabeth,Young,S,F,2023-03-11
14900,AW00014900,Seth,Yang,S,F,2022-02-14
15151,AW00015151,Christy,Jenkins,M,M,2024-08-14
26665,AW00026665,Ian,Ruiz,S,F,2021-08-08
11917,AW00011917,Lauren,Mehta,M,M,2024-03-18
14244,AW00014244,Jordan,Jenkins,S,M,2022-04-23
18800,AW00018800,Christy, Torres,M,F,2020-03-23
11097,AW00011097,Elizabeth,Yang,S,M,2024-04-30
14082,AW00014082,Lauren,Lu,S,F,2020-12-08
11620,AW00011620,Janet,Torres,S,M,2020-05-19
13390,AW00013390,Clarence,Torres,M,M,2024-12-03
18913,AW00018913,Curtis,Walker,M,M,2019-10-24
13794,AW00013794,Sydney,Mehta,M,F,2022-09-26
18701,AW00018701,Curtis,Yang,M,F,2025-06-24
12145,AW00012145,Elizabeth,Perez,S,F,2023-08-23
21892,AW00021892,Sydney ,Suarez,S,F,2023-06-07
17522,AW00017522,Sydney,Verhoff,M,F,2019-01-16
23283,AW00023283,Rob,Bennett,S,,2023-11-18
21036,AW00021036,Marco,Ward,S,F,2023-02-18
15744,AW00015744,Wyatt,Huang,S,M,2021-11-18
21548,AW00021548,Jordan,Gray,M,F,2021-07-11
20064,AW00020064,Chloe,Suarez,S,M,2020-06-10
28179,AW00028179,Luke,Yang,M,M,2025-04-09
14711,AW00014711,Christy,Suarez,M,M,2020-03-15
15750,AW00015750,Ian,Diaz,S,M,2025-06-25
25101,AW00025101,Christy,Ruiz,S,F,2021-11-17
15567,AW00015567,Christy,Verhoff,M,F,2024-01-31
11943,AW00011943,Jon, Alvarez,M,M,2020-01-30
22417,AW00022417,Jon ,Torres,S,M,2024-10-04
17170,AW00017170,Curtis,Walker,M,M,2024-05-25
13322,AW00013322,Jon,Mehta,M,F,2021-04-25
21859,AW00021859,Ethan,Carlson,S,M,2021-03-07
26743,AW00026743,Ethan,Lu,M,F,2020-12-27
20621,AW00020621, Ian,Hill,M,M,2020-09-14
16258,AW00016258,Ruben,Ross,M,F,2024-07-26
16244,AW00016244,Ian,Yang,M,F,2022-02-20
17884,AW00017884,Jordan,Yang,M,F,2024-10-10
22480,AW00022480,Elizabeth,Verhoff,S,M,2022-01-21
18826,AW00018826,Clarence,Jenkins,S,F,2023-01-31
24245,AW00024245,Marco,Mehta,M,F,2024-02-13
14133,AW00014133,Ruben,Huang,S,M,2021-05-05
28473,AW00028473,Eugene,Huang,S,F,2023-04-28
24081,AW00024081,Ian,Torres,M,M,2024-08-30
18433,AW00018433,Elizabeth ,Alvarez,M,F,2024-06-24
20332,AW00020332, Jon,Jenkins,S,M,2024-11-17
25766,AW00025766,Russell,Lu,S,F,2021-03-20
20611,AW00020611,Rob,Perez,M,F,2023-10-26
23808,AW00023808,Marco,Ross,S,F,2022-03-15
18630,AW00018630,Jacquelyn,Alvarez,M,M,2020-02-17
16204,AW00016204,Elizabeth,Yang,S,F,2022-08-14
11452,AW00011452,Ian,Gray,M,M,2021-10-10
16627,AW00016627, Wyatt,Suarez,M,F,2024-01-07
19760,AW00019760,Julio,Suarez,S,F,2024-06-23
12078,AW00012078,Wyatt,Diaz,M,M,2023-02-09
26243,AW00026243,Lauren,Carlson,M,M,2022-11-10
21137,AW00021137,Christy,Torres,S,F,2019-01-27
19265,AW00019265,Jordan,Alvarez,S,M,2022-03-20
25331,AW00025331,Jacquelyn,Zhu,S,M,2019-02-18
16202,AW00016202,Lauren,Zhu,S,M,2025-06-08
26037,AW00026037,Ian,Sanchez,S,M,2021-10-02
24948,AW00024948,Eugene,Suarez,S,M,2024-05-25
15129,AW00015129,Ethan,Zhu,S,M,2024-05-06
20143,AW00020143,Luke,Lu,M,M,2021-06-30
23835,AW00023835,Russell,Perez,M,F,2024-12-03
17526,AW00017526,Lauren,Yang,S,M,2023-10-14
23043,AW00023043,Elizabeth,Bennett,S,F,2023-04-30
20688,AW00020688,Julio,Alvarez,M,F,2019-02-27
26812,AW00026812,Marco,Johnson,S,F,2024-07-01
14758,AW00014758,Julio,Zhu,M,F,2025-07-24
23866,AW00023866, Elizabeth,Bennett,S,M,2023-01-22
15586,AW00015586,Marco,Torres,S,F,2024-01-19
16324,AW00016324,Russell,Walker,S,F,2020-12-13
21097,AW00021097,Marco,Ruiz,S,F,2020-10-10
12933,AW00012933,Seth,Walker,S,M,2020-05-18
18995,AW00018995,Julio,Huang,S,F,2024-12-07
22114,AW00022114,Christy,Wood,S,M,2020-05-06
21893,AW00021893,Russell , Carlson,M,M,2020-01-18
28207,AW00028207,Russell, Yang,M,F,2023-02-28
16508,AW00016508,Elizabeth,Hill,M,M,2023-03-26
27180,AW00027180,Elizabeth,Bennett,M,F,2024-02-09
28039,AW00028039,Destiny,Perez,S,M,2021-10-17
27378,AW00027378,Ethan,Suarez,S,F,2022-10-01
26796,AW00026796,Wyatt ,Huang,M,F,2023-11-23
15670,AW00015670,Clarence,Johnson,M,M,2020-07-24
17658,AW00017658,Julio,Suarez,S,F,2019-07-11
12516,AW00012516,Elizabeth,Perez,M,F,2023-08-08
19198,AW00019198,Sydney,Wood,S,F,2022-08-21
24362,AW00024362,Janet,Torres,M,M,2022-09-30
16939,AW00016939,Jacquelyn,Walker,M,F,2021-01-12
27869,AW00027869,Sydney,Carlson,S,M,2023-09-08
21566,AW00021566,Julio ,Verhoff,M,F,2019-12-13
25237,AW00025237,Luke,Wood,,M,2022-05-18
17180,AW00017180,Marco,Watson,M,F,2021-09-11
21586,AW00021586,Rob,Suarez,M,M,2021-08-17
21325,AW00021325,Russell,Mehta,M,F,2024-04-11
19209,AW00019209,Ruben,Lu,S,M,2020-03-16
27547,AW00027547,Sydney, Yang,M,M,2022-09-12
27822,AW00027822,Eugene,Lu,S,M,2019-12-18
17596,AW00017596,Seth, Perez,M,M,2020-04-20
18271,AW00018271,Eugene,Bennett,S,F,2024-01-20
22806,AW00022806,Seth,Ruiz,M,M,2023-08-26
25961,AW00025961,Chloe,Alvarez,M,M,2020-09-14
18517,AW00018517,Lauren,Wood,M,F,2022-10-21
25943,AW00025943,Jordan,Ross,S,M,2019-10-08
25535,AW00025535,Eugene,Lu ,M,F,2021-12-17
24304,AW00024304,Sydney,Watson,M,F,2023-08-30
25176,AW00025176,Marco,Gray,M,M,2019-04-21
20451,AW00020451,Shannon,Bennett,S,F,2020-09-17
26168,AW00026168,Shannon,Ruiz,M,M,2022-05-18
12753,AW00012753,Ian,Yang,M,F,2021-10-09
21551,AW00021551,Sydney,Diaz,S,M,2022-04-08
21504,AW00021504,Ruben,Suarez,S,F,2024-07-15
24191,AW00024191,Marco , Lu,M,F,2020-08-06
18239,AW00018239,Jacquelyn,Zhu,S,F,2024-11-26
20283,AW00020283,Russell,Carlson,S,M,2021-05-04
22400,AW00022400,Jacquelyn,Ward,M,F,2024-04-04
14392,AW00014392,Lauren,Wood,M,M,2025-02-10
27444,AW00027444,Chloe,Gray,,F,2022-06-26
17303,AW00017303,Destiny,Alvarez,M,M,2023-03-22
14161,AW00014161,Julio ,Yang,S,M,2022-02-24
23426,AW00023426,Rob,Ward,S,,2023-12-23
23674,AW00023674,Julio,Carlson,S,M,2019-01-08
19202,AW00019202,Shannon,Alvarez,S,M,2022-01-05
25768,AW00025768,Ethan,Yang,,M,2025-07-09
13501,AW00013501,Wyatt,Suarez,M,F,2024-10-01
14200,AW00014200,Christy,Yang ,S,M,2024-09-04
15849,AW00015849,Luke,Huang,,F,2023-05-28
23385,AW00023385,Jacquelyn,Zhu,M,M,2021-08-11
17288,AW00017288,Ruben,Lu,M,M,2022-10-28
23161,AW00023161,Ian,Watson,S,M,2021-05-06
13073,AW00013073,Janet,Wood,S,M,2020-06-07
28734,AW00028734,Seth,Young,M,M,2023-12-31
14266,AW00014266, Christy,Mehta,M,M,2021-09-18
12904,AW00012904,Christy,Walker,S,M,2023-11-23
26217,AW00026217,Seth,Ross,M,M,2020-10-04
12976,AW00012976,Marco,Huang,S,M,2023-06-13
16409,AW00016409,Jon,Mehta,S,F,2021-05-02
26551,AW00026551,Curtis,Yang,M,M,2023-11-04
23652,AW00023652,Lauren,Ward,S,M,2019-01-09
13143,AW00013143,Ian,Ruiz,M,M,2024-11-06
16685,AW00016685,Curtis,Johnson ,S,F,2023-05-29
17245,AW00017245,Julio,Zhu,M,M,2019-06-21
17972,AW00017972,Lauren, Sanchez,S,M,2021-09-12
21125,AW00021125,Janet,Lu,S,M,2024-04-28
22232,AW00022232,Rob,Yang,S,F,2019-04-04
28154,AW00028154,Seth,Bennett,M,F,2020-01-30
19859,AW00019859,Curtis,Walker,S,M,2025-02-23
20450,AW00020450,Clarence,Jenkins,M,F,2024-10-10
27751,AW00027751,Jacquelyn,Carlson,M,F,2022-02-19
21396,AW00021396,Ethan,Bennett,M,F,2022-12-04
12841,AW00012841,Jordan,Ruiz,M,M,2021-01-05
28547,AW00028547,Jon, Huang,M,F,2019-09-10
22459,AW00022459,Janet,Walker,M,F,2024-02-04
23617,AW00023617,Janet,Carlson,M,F,2021-08-02
16977,AW00016977,Seth,Sanchez,S,F,2022-11-06
15274,AW00015274,Jacquelyn,Gray ,S,F,2021-03-26
11090,AW00011090,Lauren,Gray,M,M,2021-02-24
11395,AW00011395, Chloe,Hill,M,F,2022-06-17
15372,AW00015372,Ruben,Walker,M,M,2020-08-03
16811,AW00016811,Ian,Diaz,M,M,2019-12-13
11920,AW00011920,Elizabeth,Bennett,S,M,2025-05-08
26418,AW00026418,Destiny,Alvarez,M,F,2024-05-01
18858,AW00018858,Marco,Ross,M,M,2020-06-29
14732,AW00014732,Ruben,Alvarez,M,F,2022-02-01
22463,AW00022463,Ethan,Verhoff,S,M,2022-10-05
27172,AW00027172,Ethan,Lu,M,,2020-07-07
13664,AW00013664,Lauren,Ward,S,M,2019-01-29
18794,AW00018794,Christy,Ruiz,M,F,2019-11-27
16888,AW00016888,Ian,Torres,M,M,2022-07-07
15256,AW00015256, Julio,Jenkins,M,F,2021-08-05
19666,AW00019666,Ethan,Walker,S,,2020-09-01
22606,AW00022606,Clarence ,Bennett,M,M,2024-08-31
25091,AW00025091,Elizabeth,Carlson,S,M,2021-10-13
13393,AW00013393,Ian,Ross,M,M,2025-05-20
15680,AW00015680, Christy,Ward,M,M,2020-12-24
19023,AW00019023,Lauren,Verhoff,S,F,2021-12-29
21923,AW00021923,Eugene,Walker,S,F,2022-10-28
17256,AW00017256,Lauren,Wood,S,F,2024-03-17
19372,AW00019372,Jacquelyn,Johnson,M,F,2025-01-28
25722,AW00025722,Clarence,Yang,M,M,2022-03-10
21199,AW00021199,Destiny,Hill,M,M,2019-01-19
15529,AW00015529,Janet,Hill,M,F,2025-01-05
14684,AW00014684,Chloe,Diaz,M,F,2025-01-28
13982,AW00013982,Elizabeth,Ward,S,M,2020-04-13
26628,AW00026628,Sydney,Sanchez,M,F,2021-06-22
24123,AW00024123,Russell,Young,S,M,2020-08-04
14083,AW00014083,Elizabeth,Sanchez,S,M,2020-01-24
24475,AW00024475,Jacquelyn,Mehta,S,M,2023-03-28
24623,AW00024623,Lauren,Carlson,M,M,2024-03-03
22523,AW00022523,Ethan,Watson,M,F,2024-09-24
17104,AW00017104,Russell,Alvarez,S,M,2021-02-27
21797,AW00021797,Shannon,Johnson,M,M,2023-11-29
19993,AW00019993,Shannon,Huang,S,M,2021-02-14
23087,AW00023087,Lauren,Yang,M,F,2024-11-18
18257,AW00018257,Janet,Torres,M,M,2020-05-16
23306,AW00023306,Ethan,Gray,M,M,2024-07-05
28987,AW00028987,Wyatt,Zhu,S,F,2025-04-26
21458,AW00021458,Curtis,Verhoff,S,F,2022-09-16
23016,AW00023016,Sydney,Gray,S,M,2024-04-18
18752,AW00018752,Curtis,Zhu,S,F,2022-01-10
27957,AW00027957,Julio,Bennett,S,M,2023-08-25
26564,AW00026564,Elizabeth,Mehta,S,M,2020-02-02
13311,AW00013311,Ian,Suarez,S,M,2021-12-16
24883,AW00024883,Jordan,Sanchez,S,M,2020-01-23
27923,AW00027923,Curtis,Verhoff,S,F,2023-01-23
13247,AW00013247,Julio,Alvarez,M,F,2020-02-26
15667,AW00015667,Lauren,Sanchez,M,F,2025-07-11
11339,AW00011339,Eugene,Ross,M,F,2021-11-04
28251,AW00028251,Lauren,Torres,S,F,2020-07-27
22655,AW00022655,Ian,Wood,M,F,2022-07-08
15681,AW00015681,Destiny ,Suarez,M,M,2022-03-20
11267,AW00011267,Curtis,Yang,S,M,2025-05-08
14063,AW00014063,Janet,Young,S,F,2021-02-01
13280,AW00013280,Elizabeth, Suarez,S,F,2024-01-05
12086,AW00012086,Destiny,Sanchez,M,F,2023-10-16
25708,AW00025708,Jon,Young,S,M,2019-11-10
16588,AW00016588,Lauren,Wood,M,M,2020-08-08
26164,AW00026164,Sydney,Diaz,S,M,2024-03-06
13511,AW00013511,Marco, Ross,M,F,2024-12-12
13295,AW00013295,Christy,Wood,S,F,2023-11-03
12567,AW00012567,Marco,Young,M,M,2019-01-22
24013,AW00024013,Christy,Young,M,M,2023-05-19
24329,AW00024329,Jon,Huang,M,F,2025-02-16
16808,AW00016808,Sydney,Ruiz,S,M,2022-09-18
24719,AW00024719,Eugene ,Carlson,S,F,2020-06-04
24628,AW00024628,Destiny,Verhoff,M,M,2022-08-04
18720,AW00018720,Shannon,Ward,M,F,2020-07-23
23193,AW00023193,Chloe,Suarez,M,F,2021-06-17
15823,AW00015823,Jacquelyn,Verhoff,S,M,2022-12-03
27616,AW00027616,Ian,Young,S,M,2023-11-19
14344,AW00014344,Ian,Young,S,F,2023-02-26
22875,AW00022875,Ian,Sanchez,S,M,2019-08-13
26805,AW00026805,Marco,Lu,S,F,2020-12-09
28101,AW00028101,Destiny,Ross,M,M,2024-05-14
17300,AW00017300,Janet,Hill,S,F,2025-02-22
16146,AW00016146,Janet,Ward,S,M,2025-05-05
28237,AW00028237,Wyatt,Bennett,M,M,2025-04-29
17576,AW00017576,Rob,Verhoff,S,M,2019-12-26
25621,AW00025621,Shannon, Huang,M,F,2023-11-10
14494,AW00014494,Sydney,Huang,M,M,2020-07-04
27605,AW00027605,Elizabeth,Diaz ,M,M,2024-03-31
15722,AW00015722,Shannon,Diaz,M,M,2021-09-08
18717,AW00018717,Sydney,Huang,S,M,2021-06-05
21927,AW00021927,Russell,Ruiz,M,F,2021-03-11
26702,AW00026702,Wyatt,Hill,M,M,2021-06-26
12689,AW00012689, Eugene,Carlson ,M,M,2021-01-19
21406,AW00021406,Russell,Suarez,M,F,2024-06-04
24762,AW00024762,Shannon,Sanchez,M,M,2019-03-14
21811,AW00021811,Janet, Walker,M,F,2019-10-23
22863,AW00022863,Jon,Ruiz,M,F,2020-05-09
27480,AW00027480,Christy,Zhu,M,M,2022-05-13
11768,AW00011768,Wyatt,Ward,M,F,2022-05-07
18682,AW00018682,Clarence,Gray,M,F,2020-07-03
26412,AW00026412,Curtis, Hill,S,M,2020-08-19
22516,AW00022516,Lauren,Perez,M,M,2024-06-27
24237,AW00024237,Seth,Jenkins,S,F,2024-02-05
13519,AW00013519,Ethan,Mehta,S,F,2022-01-02
21478,AW00021478,Chloe,Alvarez,M,M,2024-12-05
27772,AW00027772,Marco,Ward,M,F,2021-03-22
13560,AW00013560,Julio,Ross,M,M,2025-02-18
18469,AW00018469,Janet,Watson,S,F,2023-11-14
12332,AW00012332,Eugene, Sanchez,S,F,2019-09-16
25338,AW00025338,Clarence,Carlson,S,F,2022-02-11
11606,AW00011606,Julio,Bennett,M,M,2023-10-19
28934,AW00028934,Elizabeth,Perez ,M,F,2021-10-18
23434,AW00023434,Ian,Lu,S,F,2021-06-08
14028,AW00014028,Ruben,Suarez,M,M,2020-09-08
26723,AW00026723,Jacquelyn,Ross,M,M,2019-10-15
14366,AW00014366,Jacquelyn,Gray,M,M,2024-05-26
26741,AW00026741,Jordan,Lu,S,F,2020-11-13
17183,AW00017183,Jacquelyn,Walker ,M,M,2021-07-03
19731,AW00019731,Janet,Sanchez,S,M,2020-07-02
12089,AW00012089,Jacquelyn,Wood,M,F,2023-08-16
20657,AW00020657,Jordan,Huang,M,F,2022-06-04
24604,AW00024604,Jacquelyn,Carlson,S,M,2020-05-16
21534,AW00021534,Shannon,Sanchez,S,F,2025-01-09
25485,AW00025485,Luke,Perez,M,M,2023-06-10
15015,AW00015015,Destiny,Hill,S,F,2019-03-02
24478,AW00024478,Marco,Carlson,S,F,2024-03-22
24285,AW00024285,Luke,Wood,M,M,2024-02-15
15423,AW00015423,Seth,Watson,S,F,2024-05-29
21925,AW00021925,Shannon,Lu,M,M,2025-03-30
23039,AW00023039,Ian,Ross,S,F,2023-12-13
25914,AW00025914,Destiny,Jenkins,S,F,2025-01-16
15258,AW00015258,Destiny,Walker ,S,F,2022-10-21
19639,AW00019639,Elizabeth,Johnson,S,F,2023-04-22
22477,AW00022477,Ian,Wood,M,M,2019-03-14
22881,AW00022881,Eugene,Bennett,S,M,2021-03-17
16329,AW00016329,Sydney,Diaz,S,F,2020-09-05
20180,AW00020180,Jon,Diaz,S,F,2021-04-21
14679,AW00014679,Curtis,Bennett,M,M,2023-12-13
20670,AW00020670,Chloe,Gray,M,F,2020-12-24
16434,AW00016434,Ruben,Verhoff,S,M,2023-06-29
27044,AW00027044,Ethan,Mehta,M,M,2020-08-17
14047,AW00014047,Ethan,Torres ,M,M,2020-06-19
28511,AW00028511,Julio,Wood,S,M,2021-03-01
23636,AW00023636,Shannon,Verhoff,S,F,2019-10-20
28164,AW00028164,Julio,Hill ,S,F,2023-07-12
28434,AW00028434,Chloe,Johnson,M,F,2025-03-03
14399,AW00014399,Christy ,Yang,S,M,2022-01-11
15672,AW00015672,Destiny,Mehta,M,F,2019-01-05
20091,AW00020091,Eugene,Ross,M,F,2020-06-01
28029,AW00028029,Elizabeth,Jenkins,M,M,2019-04-12
19511,AW00019511,Jordan, Ward,M,M,2024-09-24
14132,AW00014132,Shannon,Young,S,F,2025-03-02
13976,AW00013976,Marco,Lu,M,M,2020-09-30
17575,AW00017575,Ruben,Sanchez,M,M,2025-04-20
21736,AW00021736,Wyatt,Watson,S,M,2020-03-13
11214,AW00011214,Christy,Mehta,M,F,2025-06-12
16117,AW00016117,Jacquelyn,Walker,M,M,2020-11-18
17327,AW00017327,Jordan,Gray,M,F,2023-08-26
15921,AW00015921,Clarence,Mehta,M,F,2021-12-28
18335,AW00018335,Curtis,Diaz,M,F,2022-10-03
18223,AW00018223,Russell,Gray,S,M,2019-12-15
25464,AW00025464,Lauren,Watson,M,F,2019-02-08
23419,AW00023419,Jon,Young,S,F,2023-10-02
11262,AW00011262,Jordan,Carlson,M,M,2025-06-25
21905,AW00021905,Ethan,Verhoff,S,F,2020-02-29
25504,AW00025504,Lauren,Carlson,M,M,2020-05-03
24916,AW00024916,Jon,Alvarez,M,F,2021-10-02
24235,AW00024235,Jordan,Gray,M,F,2020-11-02
15700,AW00015700,Seth,Walker,M,F,2020-09-17
11329,AW00011329,Christy,Gray,M,M,2020-07-17
15395,AW00015395,Shannon,Ward,S,M,2020-07-31
15000,AW00015000,Ethan,Walker,M,F,2020-01-12
17214,AW00017214,Seth,Watson,M,F,2019-09-14
28960,AW00028960,Destiny,Watson,S,F,2021-11-23
22669,AW00022669,Shannon,Carlson,M,M,2023-12-31
21414,AW00021414,Clarence,Mehta,S,F,2021-09-13
11530,AW00011530,Sydney,Lu,M,M,2020-06-26
12707,AW00012707,Shannon ,Jenkins,S,M,2022-08-25
13250,AW00013250,Jordan,Perez,M,F,2020-03-16
15050,AW00015050,Ian,Perez,S,M,2024-04-26
12929,AW00012929,Rob,Young,M,F,2023-10-26
23884,AW00023884,Curtis,Ruiz,M,F,2023-05-18
26028,AW00026028,Luke,Verhoff,S,F,2022-01-03
11245,AW00011245, Rob,Huang,S,F,2024-11-24
15352,AW00015352,Ethan,Torres,M,M,2024-06-08
27187,AW00027187,Jon,Johnson,M,M,2019-04-06
20094,AW00020094,Jordan,Lu,S,F,2020-09-01
13686,AW00013686,Janet,Yang,M,M,2022-01-30
26527,AW00026527,Christy,Suarez,S,F,2024-03-15
12387,AW00012387,Ruben,Torres,M,M,2022-03-27
24071,AW00024071,Rob,Gray,S,F,2019-07-22
18987,AW00018987,Julio,Carlson,M,F,2021-01-19
12087,AW00012087,Christy,Ruiz,S,F,2024-08-29
11776,AW00011776,Ethan,Wood,M,F,2024-09-08
17661,AW00017661, Sydney,Gray,S,F,2019-06-15
16480,AW00016480,Curtis,Ward,S,M,2021-07-28
20289,AW00020289,Rob,Huang,S,M,2020-03-14
13906,AW00013906,Sydney,Lu,S,M,2022-08-15
15639,AW00015639,Russell,Perez ,S,F,2020-06-07
19551,AW00019551,Christy,Young,M,M,2019-05-02
23538,AW00023538,Ruben,Diaz,M,M,2021-04-17
19923,AW00019923,Eugene,Carlson,M,F,2019-05-19
19766,AW00019766,Russell,Gray,M,F,2022-12-02
21221,AW00021221,Jon,Watson,S,F,2020-07-03
12634,AW00012634,Jordan,Gray,M,M,2022-04-16
12666,AW00012666,Ruben,Hill,M,F,2020-10-17
27296,AW00027296,Destiny,Yang,M,M,2025-05-12
15702,AW00015702,Clarence,Bennett,M,F,2024-04-22
26047,AW00026047,Jon,Ward,S,M,2022-11-09
20202,AW00020202,Julio,Huang,S,F,2024-08-03
18740,AW00018740,Ruben,Yang,M,M,2021-03-27
11980,AW00011980,Ethan,Gray,S,F,2023-08-17
21591,AW00021591,Rob ,Verhoff,M,F,2023-01-06
28596,AW00028596,Janet, Verhoff,S,F,2023-05-12
27018,AW00027018,Lauren,Sanchez,M,M,2022-11-11
24759,AW00024759,Wyatt,Carlson,S,F,2021-05-29
25311,AW00025311,Jordan,Ross,S,M,2024-08-09
24552,AW00024552,Eugene,Watson,S,M,2020-02-24
11387,AW00011387,Seth,Huang,S,F,2023-08-30
20237,AW00020237, Elizabeth,Ross,M,F,2025-04-13
19857,AW00019857,Rob,Mehta,S,M,2019-01-11
20272,AW00020272,Chloe,Diaz,M,M,2023-11-06
25065,AW00025065,Jon,Watson,M,M,2024-12-03
24859,AW00024859,Sydney,Wood,S,M,2021-04-11
20676,AW00020676,Destiny,Zhu,M,F,2024-09-03
15790,AW00015790,Seth,Johnson,M,M,2021-06-11
28717,AW00028717,Russell,Watson,M,F,2022-05-23
18869,AW00018869,Chloe,Diaz,S,M,2024-03-28
12978,AW00012978,Sydney ,Ross,M,F,2023-12-29
18890,AW00018890,Eugene,Carlson,M,M,2021-10-13
24618,AW00024618,Rob,Young,S,M,2019-02-17
23991,AW00023991,Julio,Sanchez,S,M,2022-05-21
11302,AW00011302,Seth,Torres,S,M,2021-10-11
11686,AW00011686,Destiny,Hill,S,M,2023-04-16
17089,AW00017089,Janet,Wood,M,M,2020-08-15
25508,AW00025508,Luke,Jenkins,M,F,2021-12-16
23515,AW00023515,Russell,Diaz,M,F,2021-12-17
27095,AW00027095,Luke, Zhu,M,M,2019-01-28
23863,AW00023863,Curtis,Ross,S,M,2022-05-30
18692,AW00018692,Luke,Alvarez,M,M,2020-11-12
24427,AW00024427,Ian,Huang,,F,2019-08-27
15646,AW00015646,Jon,Lu,M,M,2021-05-02
18972,AW00018972,Ethan,Mehta,M,F,2023-06-16
21193,AW00021193,Shannon,Ward,M,M,2025-05-16
28649,AW00028649,Seth,Yang,M,F,2025-06-22
19122,AW00019122,Julio,Suarez,S,,2021-02-12
25570,AW00025570,Jon,Verhoff,M,M,2020-09-15
20605,AW00020605,Curtis,Bennett,S,F,2024-12-02
16563,AW00016563,Destiny,Young,M,M,2022-10-05
16699,AW00016699,Seth,Verhoff,S,F,2025-02-05
19211,AW00019211,Ruben,Jenkins,S,M,2021-11-07
18699,AW00018699,Seth,Bennett,S,F,2019-01-29
14804,AW00014804,Jordan,Lu,S,F,2019-03-11
16411,AW00016411,Seth,Ruiz,S,M,2022-01-26
14881,AW00014881,Chloe,Carlson,S,F,2023-03-26
24134,AW00024134,Rob,Yang,S,M,2022-10-20
21680,AW00021680,Eugene,Suarez,M,F,2020-02-13
21674,AW00021674,Jacquelyn,Alvarez,S,F,2021-06-21
11836,AW00011836,Russell,Ross,S,M,2023-07-11
28049,AW00028049,Sydney,Sanchez,M,F,2025-03-27
24375,AW00024375,Wyatt,Sanchez,S,,2019-01-04
20637,AW00020637,Jordan,Jenkins,S,M,2020-09-04
16019,AW00016019,Janet,Lu,M,M,2025-02-23
13825,AW00013825,Destiny,Carlson,S,M,2023-05-16
18856,AW00018856, Chloe,Young,M,M,2021-04-24
20723,AW00020723,Ruben,Huang ,M,M,2024-10-25
12950,AW00012950,Christy,Torres,M,M,2020-04-20
21769,AW00021769,Janet,Bennett,S,F,2024-03-06
15486,AW00015486,Jacquelyn,Gray,M,F,2020-12-01
15174,AW00015174, Russell,Walker,M,F,2022-09-17
20003,AW00020003,Wyatt,Jenkins,S,M,2023-04-06
16148,AW00016148,Clarence,Johnson,M,M,2020-11-02
13102,AW00013102,Lauren,Walker,M,M,2018-06-12
13767,AW00013767,Jacquelyn,Ross,S,M,2020-03-21
13109,AW00013109,Eugene,Zhu,M,M,2024-09-26
13015,AW00013015,Seth ,Watson,S,F,2024-02-19
,,Sydney,Huang,,,2024-01-01
11513,AW00011513,Lauren,Walker,M,M,2019-02-08
16405,AW00016405,Elizabeth,Carlson,M,M,2025-02-15
24363,AW00024363,Lauren,Walker,M,F,2023-12-23
18052,AW00018052,Russell,Carlson,M,F,2020-12-21
20413,AW00020413,Christy,Diaz,M,F,2022-09-07
22553,AW00022553,Janet,Carlson,S,F,2019-08-24
11639,AW00011639,Curtis ,Hill,M,M,2023-03-04
25455,AW00025455,Rob,Yang,S,M,2023-06-06
11405,AW00011405,Curtis,Watson,S,M,2024-09-16
21877,AW00021877,Ruben,Ward,S,M,2024-12-28
20199,AW00020199,Julio,Huang,M,F,2019-08-16
25881,AW00025881,Marco,Ross,S,M,2022-06-02
20934,AW00020934,Chloe,Hill,S,F,2025-03-24
15952,AW00015952,Wyatt,Watson,M,M,2023-05-06
18637,AW00018637,Jordan,Gray ,S,M,2021-10-20
18166,AW00018166,Elizabeth,Sanchez,S,M,2020-07-29
23533,AW00023533,Curtis,Torres,M,F,2022-11-05
23630,AW00023630,Jon,Jenkins,M,M,2022-01-03
21339,AW00021339,Destiny,Walker,S,F,2019-02-11
14947,AW00014947,Russell,Zhu,S,M,2021-04-15
22350,AW00022350,Chloe,Carlson,S,F,2022-06-26
20546,AW00020546,Luke,Yang,M,F,2019-11-02
16049,AW00016049,Luke,Watson,S,M,2020-08-23
12620,AW00012620,Chloe,Ross,S,M,2023-11-20
16557,AW00016557,Eugene,Lu,S,F,2023-09-09
16822,AW00016822,Curtis ,Johnson,M,F,2019-01-05
21634,AW00021634,Jordan,Torres,M,F,2025-05-27
14328,AW00014328,Shannon,Yang,S,M,2023-09-10
14006,AW00014006,Sydney,Perez,S,F,2021-05-17
22536,AW00022536,Marco,Zhu,M,M,2023-10-03
22520,AW00022520,Shannon,Alvarez,S,,2021-06-17
26503,AW00026503,Chloe,Zhu,S,M,2020-02-23
14216,AW00014216,Jon,Ruiz,S,M,2021-03-15
27906,AW00027906,Jordan,Ross,M,F,2021-01-09
16890,AW00016890,Christy,Ruiz,,F,2022-12-14
11867,AW00011867,Shannon,Bennett,S,M,2021-02-04
13043,AW00013043,Christy,Alvarez,M,M,2020-07-01
24340,AW00024340,Rob,Huang,S,F,2021-04-16
14911,AW00014911,Jordan,Mehta,M,F,2022-06-30
12601,AW00012601,Eugene,Hill,M,F,2021-07-07
13035,AW00013035,Russell,Ruiz,M,F,2019-02-06
14051,AW00014051,Curtis,Hill,M,F,2022-11-02
11134,AW00011134,Ian,Ruiz,M,F,2024-03-19
28228,AW00028228,Jon,Perez,M,F,2022-10-28
22840,AW00022840,Jacquelyn,Torres,M,F,2020-11-22
27031,AW00027031,Ruben,Hill,S,M,2019-10-02
27144,AW00027144, Luke,Suarez,M,M,2019-04-19
27051,AW00027051,Marco,Diaz ,S,F,2022-05-20
25466,AW00025466,Jacquelyn,Torres,S,F,2019-08-24
26319,AW00026319,Rob,Alvarez,M,M,2023-12-04
22161,AW00022161,Chloe,Young,S,F,2020-05-14
14787,AW00014787,Elizabeth,Walker,S,M,2020-09-13
16541,AW00016541,Elizabeth,Huang,M,M,2025-07-24
21489,AW00021489,Rob,Alvarez ,M,M,2023-05-27
15738,AW00015738,Jon,Wood,S,F,2020-09-25
24557,AW00024557,Jacquelyn,Ross,S,F,2024-04-09
25004,AW00025004,Sydney,Bennett,S,F,2022-02-23
26868,AW00026868,Ian,Bennett,M,M,2019-02-08
17980,AW00017980, Lauren,Huang,S,F,2023-01-07
13616,AW00013616,Rob,Johnson,M,F,2021-07-14
17420,AW00017420,Shannon,Torres,S,M,2023-03-01
15614,AW00015614,Seth,Watson,M,F,2020-04-03
17247,AW00017247,Christy,Hill,M,M,2019-07-03
26135,AW00026135,Chloe,Wood,S,M,2023-10-15
15245,AW00015245, Ian,Perez,M,M,2019-11-14
27735,AW00027735, Sydney,Sanchez,S,M,2019-01-17
12558,AW00012558,Marco,Gray,S,M,2021-12-26
16332,AW00016332,Marco,Watson,M,M,2024-02-19
21245,AW00021245,Jon,Torres,M,F,2021-05-11
14278,AW00014278, Lauren,Diaz,M,M,2025-04-26
20141,AW00020141,Jordan,Gray,S,F,2022-04-24
27487,AW00027487,Sydney,Young,S,F,2024-07-23
21057,AW00021057,Rob,Walker,M,M,2021-10-22
23502,AW00023502,Rob,Sanchez,S,M,2023-07-22
14746,AW00014746,Jon,Wood,S,F,2023-07-13
17196,AW00017196,Jacquelyn, Huang,S,F,2022-03-06
16116,AW00016116,Destiny,Lu,S,F,2022-03-05
20827,AW00020827,Jacquelyn,Huang,M,F,2019-08-26
28410,AW00028410, Eugene,Torres ,M,M,2022-02-26
27681,AW00027681,Eugene,Lu,M,F,2025-02-18
14705,AW00014705,Ethan,Carlson,M,M,2019-02-01
23551,AW00023551,Marco,Verhoff,S,F,2021-11-24
25891,AW00025891,Wyatt,Gray,S,M,2018-08-19
12630,AW00012630,Ruben,Verhoff,M,F,2020-04-23
21698,AW00021698,Eugene,Yang,S,F,2024-10-09
14069,AW00014069,Destiny,Carlson,S,F,2021-10-24
19759,AW00019759,Ian,Ward,M,,2023-06-07
19610,AW00019610,Sydney,Alvarez,M,F,2024-06-11
18260,AW00018260,Jordan, Bennett,S,M,2019-04-14
16061,AW00016061,Eugene,Diaz,S,F,2024-09-15
11795,AW00011795,Luke,Carlson,S,M,2019-07-07
11520,AW00011520,Lauren,Ward,M,F,2020-07-27
20949,AW00020949,Jacquelyn,Walker,S,F,2022-07-12
22142,AW00022142,Elizabeth ,Sanchez,S,M,2021-10-01
28329,AW00028329,Rob,Young,M,M,2021-09-21
21819,AW00021819,Marco, Torres,M,M,2022-01-12
19286,AW00019286,Elizabeth,Jenkins,S,F,2023-12-08
27310,AW00027310,Eugene,Verhoff,S,F,2025-06-03
20288,AW00020288,Destiny, Gray,S,F,2023-09-19
25110,AW00025110,Seth,Diaz,S,M,2024-04-20
26761,AW00026761,Chloe,Hill,M,M,2024-12-17
20978,AW00020978,Lauren ,Young,M,F,2023-04-05
26410,AW00026410,Chloe,Yang,S,M,2019-06-02
24524,AW00024524,Rob,Suarez,M,F,2024-09-16
25800,AW00025800,Shannon,Alvarez,M,M,2021-01-19
24144,AW00024144,Clarence,Gray,S,F,2024-06-03
18389,AW00018389,Russell,Hill,M,F,2021-12-05
19214,AW00019214,Christy,Ruiz,S,F,2019-11-24
25826,AW00025826,Ethan,Mehta,S,M,2021-10-10
15747,AW00015747,Luke,Huang,M,F,2025-03-08
27820,AW00027820,Ian,Wood,S,F,2024-12-29
17215,AW00017215,Seth,Verhoff,S,M,2019-02-15
12079,AW00012079,Marco,Diaz,S,M,2021-05-04
12280,AW00012280,Jordan,Johnson,M,F,2023-04-19
14104,AW00014104,Marco,Mehta,S,F,2022-12-29
20040,AW00020040, Janet,Mehta,S,F,2023-09-19
18453,AW00018453,Ruben,Ward,M,M,2024-11-14
23966,AW00023966,Russell,Carlson,S,M,2021-05-29
16516,AW00016516,Chloe ,Perez,M,M,2023-06-18
25370,AW00025370,Janet ,Diaz,M,M,2023-03-09
27341,AW00027341,Luke,Yang,S,M,2022-11-02
21779,AW00021779,Clarence,Hill,M,F,2019-05-30
16799,AW00016799,Eugene,Gray,M,M,2020-05-27
12068,AW00012068,Rob,Diaz,S,M,2024-12-15
27575,AW00027575,Lauren,Wood,,M,2020-06-06
24749,AW00024749,Clarence,Young,M,M,2025-02-23
19420,AW00019420,Janet,Yang,M,F,2020-05-30
22364,AW00022364,Russell,Ward,S,F,2022-12-09
15161,AW00015161,Janet,Johnson,S,F,2020-07-05
22057,AW00022057,Ethan,Young,M,M,2022-08-10
18648,AW00018648,Eugene,Diaz,M,F,2021-11-02
18028,AW00018028,Jacquelyn,Hill ,S,M,2024-11-19
15014,AW00015014,Ruben,Johnson,M,F,2024-02-05
24112,AW00024112, Christy,Suarez,S,M,2019-06-22
28388,AW00028388,Elizabeth,Mehta,M,F,2019-10-22
11445,AW00011445,Jacquelyn,Mehta,S,F,2023-04-21
12847,AW00012847,Wyatt,Watson,M,F,2024-01-22
13824,AW00013824,Curtis,Lu,M,M,2023-11-14
17891,AW00017891,Rob,Huang,M,F,2019-04-09
22552,AW00022552,Rob,Diaz,M,M,2021-03-17
25123,AW00025123,Curtis,Suarez,M,M,2019-11-17
17910,AW00017910,Elizabeth,Perez,M,M,2019-09-10
27614,AW00027614,Clarence,Perez,S,F,2024-09-04
25740,AW00025740,Julio ,Watson,S,M,2019-03-27
22435,AW00022435,Elizabeth,Suarez,M,F,2022-10-14
21365,AW00021365,Luke,Lu,S,F,2019-10-11
20805,AW00020805,Elizabeth,Ross,S,F,2025-07-14
19157,AW00019157,Ian,Carlson,M,M,2024-06-02
20167,AW00020167,Jacquelyn,Mehta,M,F,2024-09-10
27898,AW00027898,Jordan,Sanchez,S,F,2021-08-12
18332,AW00018332,Seth,Alvarez,M,F,2022-01-17
19693,AW00019693,Destiny,Zhu,S,M,2022-03-15
16051,AW00016051,Chloe,Alvarez,S,F,2019-06-15
23273,AW00023273,Rob,Jenkins,M,F,2022-05-13
28774,AW00028774,Christy,Diaz,M,F,2024-05-21
16786,AW00016786,Christy,Torres,M,F,2022-11-10
17560,AW00017560,Jordan,Walker,M,M,2023-10-30
25921,AW00025921,Janet ,Suarez,S,M,2020-08-22
11209,AW00011209, Luke,Johnson,S,F,2021-11-06
14419,AW00014419,Shannon,Ward,S,F,2023-04-04
14517,AW00014517,Eugene,Watson,S,M,2019-04-10
17163,AW00017163,Ruben,Ward,S,M,2024-02-12
15633,AW00015633,Janet,Bennett,M,M,2019-02-09
20634,AW00020634,Jordan ,Jenkins,S,M,2025-06-14
12760,AW00012760,Ethan,Huang,S,F,2023-04-12
14448,AW00014448,Rob,Zhu,S,M,2020-03-29
20568,AW00020568,Destiny,Perez,S,F,2020-06-17
19893,AW00019893,Wyatt,Alvarez,M,M,2023-04-22
15684,AW00015684,Rob,Jenkins,M,M,2019-08-09
28064,AW00028064,Ruben,Verhoff,M,F,2024-09-01
27856,AW00027856,Shannon,Gray,M,F,2020-05-02
21561,AW00021561,Sydney,Hill,M,F,2024-01-03
26332,AW00026332,Ian,Lu ,S,F,2024-09-25
19342,AW00019342,Luke,Hill,M,M,2024-03-26
22109,AW00022109,Curtis,Sanchez,M,M,2022-10-01
13751,AW00013751,Julio,Huang,M,F,2020-01-10
25440,AW00025440,Janet,Suarez,S,F,2023-01-24
21454,AW00021454,Seth,Verhoff,S,M,2024-08-30
24941,AW00024941,Shannon,Watson,S,M,2020-03-29
23179,AW00023179,Curtis,Gray,M,M,2025-02-27
,,Chloe,Sanchez,,,2024-01-01
18893,AW00018893,Clarence,Zhu,M,M,2019-06-11
21171,AW00021171,Christy,Ruiz,M,M,2020-06-19
15456,AW00015456,Russell,Zhu,M,F,2021-08-26
24064,AW00024064,Destiny,Wood,M,M,2024-08-03
17389,AW00017389,Jordan,Hill ,M,F,2022-06-08
13709,AW00013709,Janet,Ross,S,M,2020-07-21
24542,AW00024542,Christy,Mehta,S,F,2019-04-11
17458,AW00017458,Ruben ,Jenkins,M,F,2023-11-01
23448,AW00023448,Jacquelyn,Suarez,S,M,2020-06-04
20531,AW00020531,Ruben,Torres,M,M,2020-10-04
12403,AW00012403,Seth,Huang,M,F,2020-08-28
22785,AW00022785,Chloe,Huang,S,F,2023-07-31
26021,AW00026021,Destiny,Huang,M,M,2023-12-31
26935,AW00026935,Ruben,Hill,M,M,2020-08-06
14642,AW00014642, Janet,Alvarez,,M,2020-01-01
22837,AW00022837,Ruben,Lu,M,F,2021-03-13
21875,AW00021875,Jon,Ward,M,M,2024-10-10
27762,AW00027762,Ethan,Yang,S,F,2020-02-01
28415,AW00028415,Ethan,Alvarez,S,M,2024-04-07
22236,AW00022236,Wyatt,Ross,S,F,2021-12-04
26932,AW00026932,Ethan,Torres,M,F,2022-09-06
25124,AW00025124,Rob,Sanchez,S,F,2022-03-22
18059,AW00018059,Eugene,Alvarez ,M,F,2020-06-26
26201,AW00026201,Rob,Johnson,M,F,2024-10-29
22963,AW00022963,Shannon,Young ,S,F,2024-02-14
20023,AW00020023,Seth,Wood,S,M,2021-08-04
24388,AW00024388,Shannon, Ross,M,M,2020-08-19
26159,AW00026159,Luke,Gray,M,F,2019-05-07
16653,AW00016653,Wyatt,Carlson,S,F,2020-06-09
11555,AW00011555,Luke,Ross,M,F,2023-10-30
19406,AW00019406,Curtis,Hill,M,M,2019-08-27
16435,AW00016435,Jon,Carlson,S,M,2019-07-14
19008,AW00019008,Julio,Walker,M,F,2020-03-09
25661,AW00025661,Eugene,Huang,S,M,2022-11-17
20071,AW00020071,Seth,Hill,M,F,2022-06-04
18029,AW00018029,Sydney,Huang,M,M,2019-01-09
24837,AW00024837,Sydney,Hill,S,F,2024-01-08
21452,AW00021452,Marco,Jenkins,S,M,2019-03-03
25942,AW00025942,Ethan,Diaz,M,M,2025-04-07
26800,AW00026800,Eugene,Suarez,S,M,2024-09-02
24515,AW00024515,Janet,Jenkins,S,M,2019-07-09
24630,AW00024630,Jordan,Alvarez,S,F,2022-04-29
23675,AW00023675,Jon,Wood,S,M,2022-05-24
21330,AW00021330,Destiny,Ruiz,S,F,2019-07-30
11524,AW00011524,Destiny,Verhoff,M,F,2021-07-23
15346,AW00015346,Luke,Gray,M,F,2023-06-03
21441,AW00021441,Jacquelyn,Zhu,S,M,2023-11-15
26865,AW00026865,Jon,Zhu,M,M,2019-07-10
26717,AW00026717,Luke,Verhoff,M,F,2021-01-31
13169,AW00013169,Ruben,Ruiz,M,F,2024-04-22
18395,AW00018395,Lauren ,Alvarez,S,M,2020-11-07
27490,AW00027490,Jacquelyn,Wood,M,F,2021-12-24
18474,AW00018474,Lauren,Diaz,S,F,2021-10-18
17464,AW00017464,Marco,Yang,S,M,2023-03-31
15527,AW00015527,Chloe,Watson,S,F,2024-11-13
19379,AW00019379,Julio,Johnson,M,M,2025-05-13
17602,AW00017602,Julio,Lu,S,M,2019-03-06
19117,AW00019117,Luke,Lu,M,M,2024-12-07
12487,AW00012487,Ethan,Watson,M,M,2024-07-06
14717,AW00014717,Lauren,Diaz,S,F,2025-04-18
21194,AW00021194,Destiny,Ward,S,M,2025-06-21
11898,AW00011898,Luke,Diaz,M,M,2022-06-02
11082,AW00011082,Destiny,Hill,M,F,2019-04-24
16385,AW00016385,Ian,Watson,M,F,2021-09-20
27694,AW00027694,Lauren,Huang,S,F,2023-01-10
22465,AW00022465, Chloe,Alvarez,S,M,2021-05-14
12139,AW00012139,Luke,Johnson,M,F,2022-09-10
18484,AW00018484,Ethan,Gray,M,M,2024-03-04
11712,AW00011712,Lauren,Bennett,M,M,2023-08-23
14156,AW00014156,Julio,Yang,S,M,2021-08-19
11119,AW00011119,Sydney,Ruiz,S,F,2023-04-02
22263,AW00022263,Clarence,Bennett,M,M,2024-05-02
17853,AW00017853,Wyatt,Yang,S,M,2022-10-18
13188,AW00013188,Destiny,Ruiz,S,M,2019-10-11
15224,AW00015224,Lauren,Zhu,M,M,2025-04-05
26344,AW00026344,Clarence,Jenkins,M,M,2022-09-25
12725,AW00012725,Rob,Jenkins,S,F,2022-11-04
18150,AW00018150,Destiny,Huang,S,F,2020-05-17
26301,AW00026301, Jon,Diaz,M,,2019-05-30
24729,AW00024729,Curtis,Mehta,M,M,2021-11-07
13354,AW00013354,Elizabeth,Wood,M,M,2021-07-04
22031,AW00022031, Ethan,Carlson,M,F,2025-03-05
20398,AW00020398,Destiny,Wood,M,M,2025-01-03
20982,AW00020982,Jacquelyn,Suarez,M,M,2020-06-25
16012,AW00016012,Eugene,Walker,M,F,2024-12-06
27210,AW00027210,Eugene ,Young,M,M,2019-07-08
18331,AW00018331,Wyatt,Walker,M,F,2021-05-20
11454,AW00011454,Seth,Lu,S,M,2019-09-10
19148,AW00019148,Luke,Jenkins,M,M,2020-01-02
23258,AW00023258,Jordan,Hill,M,F,2021-09-08
14879,AW00014879,Rob,Torres,M,M,2022-12-23
27075,AW00027075,Marco,Gray,M,F,2022-11-07
23911,AW00023911,Christy,Huang,M,F,2025-02-10
26529,AW00026529,Jordan,Huang,S,M,2023-05-08
17438,AW00017438,Eugene,Perez,S,M,2024-06-11
18902,AW00018902,Ian,Carlson,S,F,2021-08-25
19790,AW00019790,Lauren,Verhoff,M,M,2021-01-21
23243,AW00023243,Chloe,Wood,M,F,2024-01-13
23513,AW00023513,Clarence, Johnson,M,F,2022-02-27
13558,AW00013558,Julio,Hill,S,M,2021-03-19
25391,AW00025391,Luke,Hill,S,F,2021-09-25
21593,AW00021593,Clarence,Perez,M,F,2020-11-04
22853,AW00022853,Luke,Zhu,M,M,2019-03-09
24128,AW00024128,Lauren,Huang,,M,2023-04-08
25192,AW00025192,Jon,Ward,S,M,2025-04-18
14409,AW00014409,Janet,Diaz,M,M,2021-07-17
16363,AW00016363,Lauren,Huang,S,M,2021-03-10
15707,AW00015707,Shannon,Huang,M,F,2023-03-30
11820,AW00011820,Sydney,Verhoff,M,F,2023-09-24
12779,AW00012779,Sydney,Diaz,S,M,2024-05-23
28394,AW00028394,Julio,Jenkins ,M,M,2024-10-24
17973,AW00017973,Clarence,Yang,S,F,2021-08-22
11150,AW00011150,Janet,Carlson,S,F,2021-01-04
18646,AW00018646,Julio,Ruiz,M,M,2024-06-20
16850,AW00016850,Janet,Bennett,S,F,2019-11-28
22342,AW00022342,Julio,Walker,S,M,2023-06-01
27867,AW00027867,Marco,Hill ,S,M,2025-02-25
11195,AW00011195,Eugene,Suarez,M,F,2023-05-01
21982,AW00021982,Seth,Ross,M,M,2022-03-04
12604,AW00012604,Ian,Torres,M,F,2020-08-31
13127,AW00013127,Seth,Jenkins,S,M,2021-08-21
26364,AW00026364,Rob,Gray,S,M,2025-07-01
21155,AW00021155,Clarence,Perez,S,F,2023-08-01
15927,AW00015927,Ian,Wood,S,F,2024-03-30
28512,AW00028512,Rob,Verhoff,S,M,2021-10-25
23700,AW00023700,Ethan,Lu,S,F,2020-08-25
11030,AW00011030,Marco,Huang,S,M,2019-12-17
26411,AW00026411,Jon,Wood,M,M,2024-05-02
21315,AW00021315,Shannon,Verhoff ,S,M,2022-02-20
23945,AW00023945,Rob,Suarez,M,M,2020-12-25
20739,AW00020739,Janet,Wood,S,,2019-11-07
14286,AW00014286,Ruben,Diaz,S,,2019-11-21
21795,AW00021795,Christy,Young,M,F,2024-12-18
12436,AW00012436,Rob,Lu,M,F,2019-07-19
19376,AW00019376,Chloe,Jenkins,M,M,2021-10-04
13744,AW00013744,Jordan,Watson,S,M,2022-12-31
20907,AW00020907,Eugene,Bennett,,F,2024-09-26
12345,AW00012345,Janet,Zhu,S,F,2024-07-30
15931,AW00015931,Julio,Torres,M,F,2021-08-18
25682,AW00025682,Jacquelyn,Perez,S,F,2022-05-09
25658,AW00025658,Luke,Young,S,M,2020-10-13
12955,AW00012955,Ethan,Diaz,S,M,2023-06-08
26288,AW00026288,Elizabeth,Ruiz,S,,2022-05-25
22646,AW00022646,Eugene,Torres,,F,2021-06-23
17911,AW00017911, Sydney,Ward,S,M,2023-06-04
12842,AW00012842,Jordan,Perez,M,F,2023-04-25
14621,AW00014621,Jon,Wood,M,F,2020-02-07
19009,AW00019009,Jacquelyn,Ward,S,M,2025-06-21
17618,AW00017618,Eugene,Lu,M,M,2019-05-12
17831,AW00017831,Rob,Yang,S,M,2025-07-08
12061,AW00012061,Ethan,Diaz,M,M,2019-09-02
16220,AW00016220,Julio,Huang,M,M,2025-01-23
12327,AW00012327,Destiny,Huang,M,M,2024-02-12
24492,AW00024492,Luke,Gray,M,M,2025-03-15
25086,AW00025086,Ethan,Carlson,M,M,2024-02-04
14985,AW00014985,Christy,Huang,S,M,2021-01-28
17249,AW00017249,Destiny,Suarez,M,F,2023-10-25
16477,AW00016477,Jordan,Huang,M,M,2024-06-13
27557,AW00027557,Ethan,Mehta,S,F,2021-10-08
12194,AW00012194,Christy,Yang,M,M,2021-04-29
22287,AW00022287,Julio,Gray,M,M,2019-12-09
28099,AW00028099,Ian,Perez,M,M,2022-02-23
15555,AW00015555,Lauren,Ward,S,M,2024-09-12
14022,AW00014022,Ian,Ruiz,M,M,2021-04-25
12763,AW00012763,Jacquelyn,Ross,S,F,2024-10-19
12749,AW00012749,Lauren,Alvarez,M,M,2025-05-31
11279,AW00011279,Jacquelyn,Zhu,S,F,2023-10-30
19437,AW00019437,Shannon,Wood,S,F,2020-04-25
15689,AW00015689,Seth,Lu,S,F,2023-10-25
20430,AW00020430,Wyatt,Bennett,S,M,2025-05-12
20287,AW00020287,Ethan,Sanchez,M,M,2020-04-28
27552,AW00027552,Ian,Ruiz,M,M,2022-11-13
24327,AW00024327,Russell,Ward,M,F,2020-05-19
13641,AW00013641,Shannon,Carlson,S,M,2021-08-25
15028,AW00015028,Elizabeth,Yang,S,M,2023-02-12
13626,AW00013626,Sydney,Sanchez,M,F,2025-04-28
20665,AW00020665,Destiny,Jenkins,M,M,2020-02-26
26328,AW00026328,Ruben,Lu,S,F,2023-09-11
19003,AW00019003,Chloe,Ross,S,F,2023-11-22
22376,AW00022376,Sydney,Torres,S,F,2021-06-02
26506,AW00026506,Lauren,Zhu,S,M,2023-10-08
19576,AW00019576,Jordan,Diaz,M,F,2024-02-08
27438,AW00027438,Wyatt,Ross,S,M,2025-04-27
21671,AW00021671,Curtis,Ross,S,F,2024-07-11
26196,AW00026196,Janet,Ruiz,S,M,2024-01-26
17827,AW00017827,Curtis,Johnson,S,F,2024-01-01
11178,AW00011178,Ethan ,Walker,S,F,2019-12-27
17333,AW00017333,Shannon,Zhu,M,M,2021-08-18
28620,AW00028620,Rob,Mehta ,S,M,2022-04-10
13908,AW00013908,Seth,Ross ,M,M,2023-06-19
15608,AW00015608,Luke,Yang,S,F,2021-06-04
16261,AW00016261,Sydney,Hill,S,F,2025-07-16
23123,AW00023123,Rob,Jenkins,M,F,2024-10-04
21916,AW00021916,Russell,Suarez,S,M,2022-07-25
21569,AW00021569,Seth,Torres,M,M,2021-12-19
19972,AW00019972,Ruben ,Yang,M,F,2020-06-26
20210,AW00020210,Rob,Diaz,M,F,2024-12-04
12539,AW00012539,Marco,Carlson,S,M,2023-12-03
14239,AW00014239,Jacquelyn,Torres,,F,2024-12-22
19354,AW00019354,Ruben,Zhu,S,M,2021-09-21
27229,AW00027229,Shannon,Torres,M,F,2020-09-14
12410,AW00012410,Lauren,Diaz,S,F,2023-01-03
16248,AW00016248,Luke,Alvarez,S,F,2020-01-13
25933,AW00025933,Shannon,Bennett,S,M,2021-02-06
24654,AW00024654,Russell,Huang,S,F,2019-10-14
27097,AW00027097,Ruben,Jenkins,S,,2022-01-10
28704,AW00028704,Ruben,Sanchez,S,F,2019-04-12
21351,AW00021351,Elizabeth,Wood,M,M,2020-07-01
22135,AW00022135,Eugene,Torres,M,M,2024-06-15
14962,AW00014962,Chloe,Lu,S,M,2019-10-03
15388,AW00015388,Shannon,Yang,S,M,2024-12-14
26299,AW00026299, Jon,Watson,S,M,2024-07-23
24434,AW00024434,Seth,Alvarez,S,M,2024-05-22
17383,AW00017383,Seth ,Verhoff,S,M,2022-09-22
12485,AW00012485,Lauren,Bennett,M,F,2023-12-18
23197,AW00023197,Destiny,Sanchez,M,M,2024-10-14
13212,AW00013212,Marco,Watson,M,F,2020-04-13
17604,AW00017604,Sydney,Ruiz,S,F,2021-01-01
11460,AW00011460,Russell,Yang,M,F,2019-01-13
20895,AW00020895,Eugene,Ross,S,M,2024-08-24
12067,AW00012067,Luke,Ruiz,M,F,2024-04-02
25385,AW00025385,Jacquelyn,Wood,M,M,2019-03-15
21191,AW00021191,Shannon,Jenkins,S,F,2020-02-09
16303,AW00016303,Curtis, Gray,M,M,2021-07-17
28182,AW00028182,Jordan,Ruiz,M,M,2022-11-05
12391,AW00012391,Ethan,Wood,S,F,2022-11-21
18666,AW00018666,Jordan,Carlson,S,M,2024-03-12
23805,AW00023805,Janet,Ruiz,S,F,2022-10-03
27866,AW00027866,Christy,Mehta,S,M,2022-04-27
16152,AW00016152,Elizabeth,Mehta,S,M,2025-06-14
16008,AW00016008,Wyatt ,Wood,S,M,2022-12-13
11519,AW00011519,Ruben,Carlson,S,M,2025-05-10
17377,AW00017377,Russell,Huang,M,M,2019-09-27
28984,AW00028984,Wyatt,Suarez,M,F,2022-08-12
19922,AW00019922,Sydney,Ward ,M,M,2019-06-22
27119,AW00027119,Sydney,Huang,S,M,2024-09-09
23248,AW00023248,Luke,Ruiz,S,M,2020-10-02
14279,AW00014279,Marco,Ross,S,F,2019-03-31
13990,AW00013990,Ruben,Watson,S,M,2023-11-21
26380,AW00026380,Christy,Carlson,M,F,2023-07-16
14963,AW00014963,Jordan,Walker,S,M,2021-11-10
23390,AW00023390,Jon,Jenkins ,S,M,2021-01-12
25217,AW00025217,Janet,Gray,M,F,2019-08-10
12015,AW00012015,Lauren,Torres,S,M,2022-11-08
16795,AW00016795,Julio,Yang,S,F,2025-05-27
20027,AW00020027,Eugene,Zhu,M,M,2025-03-05
20002,AW00020002,Ruben,Yang,M,F,2019-02-20
19900,AW00019900,Russell,Sanchez,S,F,2019-12-12
13680,AW00013680,Russell,Ross,S,F,2020-04-21
27540,AW00027540,Christy,Perez,S,M,2022-08-28
28456,AW00028456,Jacquelyn,Ward,M,F,2019-11-08
16078,AW00016078,Rob,Yang,S,F,2024-06-19
23055,AW00023055,Ethan,Suarez,M,F,2023-07-11
25798,AW00025798,Ethan,Young,S,,2021-12-25
28190,AW00028190,Jacquelyn,Zhu,S,M,2024-03-28
11325,AW00011325,Sydney,Hill,S,F,2020-01-11
16829,AW00016829,Wyatt,Walker,M,F,2019-07-13
17066,AW00017066,Ruben,Suarez,S,M,2021-02-16
15319,AW00015319,Ruben,Bennett ,,M,2019-06-03
15547,AW00015547,Lauren,Johnson,M,M,2021-06-07
14317,AW00014317,Clarence,Young,S,F,2019-10-05
17875,AW00017875,Elizabeth,Watson,M,M,2020-06-02
17485,AW00017485,Eugene,Johnson,S,F,2019-06-09
15196,AW00015196,Sydney,Verhoff,M,F,2019-07-19
12636,AW00012636,Chloe,Ruiz,S,F,2019-12-20
25104,AW00025104,Wyatt,Verhoff,M,M,2020-11-21
15025,AW00015025,Seth,Verhoff,M,F,2020-06-24
22052,AW00022052,Russell,Sanchez ,M,F,2019-11-04
16610,AW00016610,Julio,Gray,M,F,2019-12-18
19763,AW00019763,Christy,Ross,S,M,2019-01-07
26116,AW00026116,Ruben,Bennett,M,F,2021-07-31
27463,AW00027463,Elizabeth,Bennett,M,M,2022-12-09
18383,AW00018383,Rob,Hill,M,F,2021-05-22
27090,AW00027090, Eugene,Wood,M,M,2025-01-20
18254,AW00018254,Ruben,Verhoff,M,F,2020-08-06
20294,AW00020294,Ian ,Ward,M,F,2020-09-23
27221,AW00027221,Seth,Watson,S,F,2022-05-27
12007,AW00012007,Seth,Ruiz,S,M,2021-11-07
15347,AW00015347,Clarence,Carlson,M,M,2021-10-10
13499,AW00013499,Russell,Ward,S,F,2019-11-20
19850,AW00019850,Chloe,Perez,S,F,2023-01-23
16177,AW00016177,Ian,Perez,S,F,2025-06-07
22120,AW00022120,Marco,Perez,M,M,2024-09-30
19070,AW00019070,Wyatt,Suarez,M,M,2022-09-30
13054,AW00013054,Ethan,Jenkins,S,F,2020-02-27
17664,AW00017664,Curtis,Wood,S,F,2020-04-27
26497,AW00026497,Sydney,Bennett,S,F,2021-04-14
22619,AW00022619,Russell,Huang,M,F,2019-01-28
19307,AW00019307,Ethan,Carlson,M,F,2019-06-28
15022,AW00015022,Jordan,Gray,M,M,2023-11-20
13934,AW00013934,Ethan,Sanchez,M,M,2019-08-05
23773,AW00023773,Luke,Ruiz,S,M,2022-09-05
14734,AW00014734,Russell,Ruiz,S,F,2022-05-27
26289,AW00026289,Rob,Wood,M,M,2023-08-29
14046,AW00014046,Ian,Suarez,S,F,2024-02-20
18554,AW00018554,Russell,Young,S,F,2025-01-17
17642,AW00017642,Jon, Mehta,S,M,2021-11-07
12684,AW00012684,Eugene,Perez,S,F,2020-05-01
11146,AW00011146,Seth,Bennett,M,F,2021-10-26
27775,AW00027775,Ian,Johnson,M,M,2020-12-11
24291,AW00024291,Clarence,Huang,M,M,2020-04-13
26649,AW00026649,Luke,Young,S,F,2025-03-28
23023,AW00023023,Jon,Lu,M,F,2023-03-11
23608,AW00023608,Eugene,Sanchez,S,F,2024-10-20
18765,AW00018765,Destiny,Torres,M,M,2024-02-22
16967,AW00016967,Jordan,Bennett,S,M,2019-04-18
15981,AW00015981,Chloe,Huang,S,F,2022-05-07
15382,AW00015382,Janet,Alvarez,S,M,2025-01-13
23379,AW00023379,Curtis,Suarez,M,F,2021-10-11
18293,AW00018293,Clarence,Gray,S,F,2021-10-30
18668,AW00018668,Sydney,Ward,M,M,2023-09-02
12488,AW00012488,Ian,Johnson,M,F,2024-06-19
21094,AW00021094,Seth,Gray,S,M,2020-03-11
26284,AW00026284,Jordan,Gray,M,M,2023-04-09
20746,AW00020746,Jordan,Torres,S,M,2020-05-18
13039,AW00013039,Chloe ,Walker,M,F,2023-02-01
19775,AW00019775,Janet,Ward,S,M,2022-05-11
27133,AW00027133,Ruben,Yang,S,M,2021-12-19
23022,AW00023022,Eugene,Perez,S,M,2024-11-27
15530,AW00015530,Christy,Watson,S,M,2024-07-06
15621,AW00015621,Elizabeth,Perez,S,F,2022-06-03
23727,AW00023727,Chloe,Jenkins,S,M,2024-01-29
20834,AW00020834,Ian, Suarez,S,M,2025-04-24
22670,AW00022670,Julio,Perez,S,M,2020-03-27
26540,AW00026540,Clarence ,Hill,S,F,2022-01-24
13134,AW00013134,Eugene,Gray,S,M,2024-05-07
15882,AW00015882,Elizabeth,Ward,S,F,2022-06-03
24117,AW00024117,Shannon,Young,S,M,2024-11-15
13326,AW00013326,Rob,Carlson,S,M,2025-07-01
12718,AW00012718,Clarence,Ruiz ,S,F,2025-03-23
11139,AW00011139,Curtis,Verhoff,M,F,2022-02-05
24347,AW00024347,Eugene,Wood,S,M,2024-08-27
28279,AW00028279,Russell,Zhu,M,F,2021-09-12
24750,AW00024750,Jon,Huang ,M,F,2025-04-08
19940,AW00019940,Chloe,Yang,,F,2023-07-23
22067,AW00022067,Christy,Jenkins,S,F,2022-09-14
28683,AW00028683,Luke, Diaz,M,M,2020-05-16
15216,AW00015216,Marco,Gray,S,M,2019-01-06
18360,AW00018360,Julio,Ross,M,F,2019-07-03
21068,AW00021068,Seth,Mehta,S,M,2025-07-05
23968,AW00023968,Marco,Ward,M,M,2025-03-15
26450,AW00026450,Russell,Walker,S,F,2022-04-29
26302,AW00026302,Eugene,Gray,M,F,2022-09-05
19744,AW00019744,Jacquelyn,Carlson,M,M,2023-09-16
26492,AW00026492,Rob,Verhoff,M,M,2023-03-18
20618,AW00020618,Ian,Ross,M,F,2024-02-19
16043,AW00016043,Marco,Carlson,M,F,2020-05-08
15144,AW00015144,Sydney,Lu,M,M,2025-01-09
25670,AW00025670,Jon,Suarez,S,M,2025-02-13
15338,AW00015338,Seth,Ruiz,S,M,2022-04-13
12144,AW00012144,Clarence,Wood,S,M,2022-07-24
24785,AW00024785,Curtis,Ward,M,F,2025-02-06
17187,AW00017187,Elizabeth,Wood,M,F,2022-12-02
24760,AW00024760,Chloe,Ruiz,M,M,2020-01-06
19016,AW00019016,Ruben,Johnson,S,M,2024-01-17
28756,AW00028756,Elizabeth,Watson,M,M,2023-10-05
13673,AW00013673,Russell,Walker,S,M,2019-12-11
24199,AW00024199,Clarence,Huang,S,M,2021-10-12
22432,AW00022432,Seth,Perez,M,F,2021-01-16
24945,AW00024945,Jon,Carlson,S,F,2019-06-25
12147,AW00012147,Janet,Zhu,M,M,2018-10-15
24747,AW00024747,Ruben,Gray,S,M,2019-07-11
16662,AW00016662,Curtis,Gray,M,F,2023-06-22
14302,AW00014302,Chloe,Ward,M,F,2024-11-20
19809,AW00019809,Eugene,Ward,S,M,2021-06-07
23341,AW00023341,Wyatt,Verhoff,S,F,2020-04-24
28500,AW00028500, Seth,Johnson,M,F,2024-06-29
27682,AW00027682,Ruben,Suarez,M,F,2024-12-11
15540,AW00015540,Clarence,Johnson,M,F,2020-07-04
13362,AW00013362,Ian,Johnson,S,M,2020-08-03
27536,AW00027536,Wyatt,Young,S,F,2021-08-24
13865,AW00013865,Christy,Ward,S,M,2020-09-14
17470,AW00017470,Jacquelyn,Carlson,S,M,2025-04-27
25308,AW00025308,Luke,Perez,S,,2025-01-10
27716,AW00027716,Elizabeth,Lu,S,F,2022-08-14
23821,AW00023821,Janet,Bennett,M,M,2024-05-24
22233,AW00022233,Ethan,Perez,M,M,2024-03-20
23371,AW00023371,Ruben ,Suarez,M,M,2025-05-11
17058,AW00017058,Janet,Wood,S,F,2023-04-27
12288,AW00012288,Clarence,Ross,M,F,2022-01-21
28852,AW00028852,Marco,Ward,S,M,2020-03-16
12191,AW00012191,Luke,Diaz,M,M,2025-04-23
14720,AW00014720,Wyatt,Wood,M,F,2020-10-28
19472,AW00019472,Ian,Perez,S,M,2024-04-06
22930,AW00022930,Ethan ,Bennett,S,M,2021-03-25
23441,AW00023441,Rob ,Lu,S,F,2023-11-28
14562,AW00014562,Christy,Gray,M,F,2020-05-21
21379,AW00021379,Russell,Ruiz,S,F,2019-04-25
14424,AW00014424,Wyatt,Diaz,S,F,2020-04-09
19961,AW00019961,Jordan,Hill,M,F,2020-07-07
21098,AW00021098,Luke,Huang,S,F,2022-04-24
28804,AW00028804,Wyatt ,Bennett,S,M,2019-11-26
13588,AW00013588,Clarence,Bennett,M,F,2020-05-07
25131,AW00025131,Clarence,Suarez,S,F,2019-10-06
14995,AW00014995,Shannon,Jenkins,M,M,2019-05-23
22207,AW00022207,Julio,Alvarez,M,M,2024-04-27
13977,AW00013977,Elizabeth,Diaz,S,F,2023-09-28
17301,AW00017301,Chloe,Huang,M,F,2024-02-12
25484,AW00025484,Russell,Bennett,S,M,2020-05-26
12759,AW00012759,Jordan,Ross,M,M,2020-02-22
19178,AW00019178,Lauren,Gray,S,F,2022-11-07
25274,AW00025274,Janet,Ruiz,S,M,2019-07-08
13008,AW00013008,Lauren,Zhu,S,M,2024-11-26
12074,AW00012074,Ian, Ross,M,M,2020-01-30
28809,AW00028809,Luke ,Wood,M,F,2025-02-04
13063,AW00013063,Marco,Suarez,S,M,2019-06-17
27825,AW00027825,Chloe,Jenkins,S,M,2019-07-15
28716,AW00028716,Marco,Jenkins,M,F,2021-11-19
14547,AW00014547,Curtis,Perez,M,M,2020-03-02
20378,AW00020378,Clarence,Mehta,S,F,2024-03-14
22679,AW00022679,Luke,Sanchez,S,F,2020-05-25
26073,AW00026073,Ruben,Watson,S,F,2025-07-24
13572,AW00013572,Destiny,Wood,S,F,2019-02-27
20924,AW00020924,Seth,Mehta,S,F,2023-03-02
22113,AW00022113,Russell,Wood ,M,F,2019-01-12
22494,AW00022494,Julio,Huang,S,F,2025-06-21
17115,AW00017115,Ethan,Perez,M,F,2019-02-02
28265,AW00028265,Shannon,Suarez,M,F,2020-12-13
17244,AW00017244,Ian,Ross,M,M,2023-09-01
16167,AW00016167,Jon,Alvarez,M,M,2021-09-02
27482,AW00027482,Chloe,Carlson,S,F,2020-07-09
19027,AW00019027,Destiny,Johnson,S,F,2023-06-19
11365,AW00011365,Seth,Bennett,S,F,2024-07-04
19577,AW00019577,Jacquelyn,Verhoff,M,M,2024-01-16
14997,AW00014997,Julio,Yang,M,F,2022-09-11
21862,AW00021862,Wyatt,Walker,M,M,2025-01-29
27103,AW00027103,Russell,Wood,M,M,2019-08-22
23019,AW00023019,Jordan,Sanchez,M,M,2020-01-15
11584,AW00011584,Eugene,Verhoff,S,F,2020-11-19
21181,AW00021181,Jon, Ross,S,F,2023-12-06
27260,AW00027260,Eugene,Lu,M,M,2025-04-04
24652,AW00024652, Destiny,Ross,M,F,2020-11-04
23236,AW00023236,Sydney,Carlson,M,F,2024-01-17
14675,AW00014675,Elizabeth,Huang ,M,M,2021-07-30
28587,AW00028587,Ruben,Suarez,M,M,2019-09-03
14936,AW00014936,Christy,Ruiz,S,F,2021-01-11
24315,AW00024315,Luke,Huang,M,M,2020-03-04
27370,AW00027370,Curtis,Torres,M,F,2019-12-04
12741,AW00012741,Ethan,Ward,S,M,2020-06-09
20149,AW00020149,Julio,Verhoff,M,F,2024-11-21
19619,AW00019619,Marco,Gray,S,F,2019-09-08
19806,AW00019806,Shannon,Hill,S,F,2020-01-01
11293,AW00011293,Luke,Watson,M,F,2022-07-18
15133,AW00015133,Ruben,Verhoff,M,F,2022-02-15
13204,AW00013204,Destiny,Bennett,M,F,2022-12-11
24738,AW00024738,Christy,Zhu,S,F,2022-11-17
27595,AW00027595,Rob,Ross,M,F,2021-10-21
21733,AW00021733,Elizabeth ,Diaz,S,F,2020-12-06
25351,AW00025351,Russell,Ruiz,S,M,2025-05-19
26791,AW00026791,Ruben,Bennett,M,M,2020-02-11
26323,AW00026323,Luke,Verhoff,S,F,2022-03-10
25365,AW00025365,Christy,Yang,M,M,2019-04-23
25919,AW00025919,Julio,Diaz,M,M,2019-12-20
16176,AW00016176,Wyatt,Ward,M,F,2021-12-10
26237,AW00026237,Julio,Perez,M,M,2020-10-10
14215,AW00014215,Lauren,Hill,S,M,2020-05-10
27305,AW00027305,Sydney,Walker,S,,2024-11-06
22250,AW00022250,Jon,Yang,S,F,2023-04-29
15708,AW00015708,Clarence,Johnson,S,M,2019-12-22
11023,AW00011023,Lauren,Diaz,M,F,2025-03-16
20147,AW00020147,Destiny,Alvarez,S,M,2019-05-01
18236,AW00018236, Wyatt,Hill,S,M,2024-07-16
18997,AW00018997,Rob,Lu,S,M,2021-10-07
12673,AW00012673,Shannon,Ward,S,F,2024-10-29
15199,AW00015199,Marco,Bennett,M,F,2020-06-24
16524,AW00016524,Sydney,Carlson,S,F,2020-12-14
11144,AW00011144,Shannon,Ward,M,F,2025-03-17
23287,AW00023287,Clarence,Jenkins,M,M,2022-07-19
24834,AW00024834,Destiny,Diaz,M,F,2022-09-10
27449,AW00027449,Jordan,Ward,M,F,2024-08-18
20472,AW00020472,Clarence,Mehta,S,F,2023-09-02
23921,AW00023921,Lauren,Wood,S,M,2022-05-03
21592,AW00021592,Wyatt,Gray,S,M,2019-10-06
13869,AW00013869,Russell,Carlson,S,M,2021-10-26
21712,AW00021712,Jon,Torres,S,M,2021-04-28
16930,AW00016930,Marco,Watson,M,M,2022-06-14
17398,AW00017398,Shannon ,Johnson,M,F,2021-10-18
16880,AW00016880,Julio,Verhoff,M,M,2024-10-25
27120,AW00027120,Ethan,Huang,S,M,2023-06-22
15665,AW00015665,Curtis,Alvarez,M,M,2022-02-11
28952,AW00028952,Julio,Bennett,S,M,2019-02-26
20927,AW00020927,Seth,Young,M,M,2022-02-06
27602,AW00027602,Luke,Lu,S,M,2024-01-27
20666,AW00020666,Chloe,Watson,M,M,2022-02-13
27870,AW00027870,Jon,Yang,S,F,2023-12-05
17587,AW00017587,Christy,Gray,M,M,2023-10-01
27377,AW00027377,Jon,Jenkins,S,M,2025-06-25
22002,AW00022002,Eugene,Alvarez,M,M,2022-04-05
17895,AW00017895,Russell,Hill,M,M,2023-03-20
12914,AW00012914,Shannon,Perez ,M,M,2020-03-23
13756,AW00013756,Chloe, Zhu,M,M,2024-05-03
28645,AW00028645,Janet,Wood,M,F,2019-11-26
20486,AW00020486,Russell,Verhoff,S,M,2020-03-31
25628,AW00025628,Jon ,Torres,S,F,2019-03-15
22958,AW00022958,Russell,Gray,S,M,2019-10-07
25582,AW00025582,Elizabeth,Jenkins,S,M,2022-09-25
11126,AW00011126,Seth,Verhoff,M,M,2020-04-14
22882,AW00022882,Eugene,Alvarez,S,F,2025-03-16
20081,AW00020081,Marco,Torres,S,F,2020-10-26
15236,AW00015236,Lauren ,Ward,M,F,2020-03-04
27995,AW00027995,Destiny,Sanchez,S,F,2020-09-01
20936,AW00020936,Marco,Bennett,M,M,2020-10-24
18454,AW00018454,Luke,Hill,M,M,2019-12-27
27255,AW00027255,Wyatt,Suarez,S,M,2024-03-10
20911,AW00020911,Ethan,Sanchez,M,F,2024-07-05
26611,AW00026611,Marco,Verhoff,M,F,2023-01-04
11858,AW00011858,Jon,Hill,S,M,2023-04-10
14515,AW00014515,Ruben,Jenkins,S,F,2023-06-21
23917,AW00023917,Julio,Ross,M,M,2019-09-04
15774,AW00015774,Ian,Watson,M,F,2020-08-01
23261,AW00023261,Destiny,Gray,M,F,2021-01-01
12631,AW00012631,Chloe,Diaz,M,F,2023-11-22
14135,AW00014135,Seth,Torres,M,M,2023-06-15
14482,AW00014482,Jon,Sanchez,M,M,2022-02-22
25128,AW00025128,Chloe,Bennett,S,M,2020-02-03
12793,AW00012793,Destiny,Mehta,S,M,2025-01-02
18408,AW00018408,Destiny,Ward,M,M,2024-11-25
27792,AW00027792,Sydney,Lu,S,M,2022-12-10
11260,AW00011260, Clarence,Huang,M,M,2023-08-10
28149,AW00028149,Lauren,Mehta,M,M,2024-11-20
12961,AW00012961,Seth,Walker,S,F,2020-09-17
28554,AW00028554,Ruben,Ward,S,M,2025-07-14
24720,AW00024720,Shannon,Mehta,S,F,2025-04-06
15584,AW00015584,Elizabeth,Walker,S,F,2021-12-19
18043,AW00018043,Ian,Lu,S,M,2025-05-28
26156,AW00026156,Chloe,Perez,M,M,2025-05-12
24538,AW00024538,Ian,Ward,M,F,2025-02-13
24410,AW00024410,Chloe ,Gray,S,M,2021-12-27
13800,AW00013800,Luke,Torres,S,M,2024-10-04
25817,AW00025817,Julio, Bennett,S,M,2023-07-07
18943,AW00018943,Ian,Bennett,M,M,2023-01-28
13747,AW00013747,Jacquelyn,Hill,S,F,2025-03-16
28188,AW00028188,Luke,Ruiz,S,M,2021-06-05
12224,AW00012224,Seth,Carlson,S,M,2019-10-19
22657,AW00022657,Chloe,Young,M,F,2023-01-16
15491,AW00015491,Jacquelyn,Huang,S,F,2022-06-17
14877,AW00014877,Luke,Ward,M,M,2021-12-30
27371,AW00027371,Janet,Young,S,M,2021-12-07
21448,AW00021448,Elizabeth,Yang,M,M,2022-08-11
19855,AW00019855,Marco,Sanchez,M,M,2022-10-20
21606,AW00021606,Lauren,Ruiz,S,F,2021-05-16
12356,AW00012356,Janet,Diaz,M,M,2023-05-06
12060,AW00012060,Ruben,Mehta,S,F,2020-01-10
11721,AW00011721,Seth,Wood,M,F,2022-05-03
18982,AW00018982,Jon,Johnson,M,M,2019-08-27
27613,AW00027613,Janet,Gray,M,F,2024-02-16
22533,AW00022533,Rob,Torres,S,M,2023-09-23
26582,AW00026582,Clarence,Yang,M,F,2019-10-01
18084,AW00018084,Chloe,Jenkins,M,M,2023-05-01
23889,AW00023889,Elizabeth,Gray,M,F,2022-07-02
18931,AW00018931,Curtis,Young,M,F,2019-01-26
16214,AW00016214,Luke,Diaz,M,F,2019-01-21
21511,AW00021511,Jon,Diaz,S,F,2022-11-24
11937,AW00011937,Julio,Verhoff,S,F,2025-04-27
21570,AW00021570, Destiny,Mehta,M,F,2025-02-13
14861,AW00014861,Jon,Alvarez,M,M,2024-10-12
16168,AW00016168,Lauren,Huang,M,F,2020-11-25
18123,AW00018123,Chloe,Zhu,M,F,2023-02-07
26784,AW00026784,Clarence,Carlson,S,F,2021-12-12
19239,AW00019239,Rob,Lu,M,M,2024-08-17
22713,AW00022713,Jordan,Suarez,S,F,2021-04-30
26560,AW00026560,Sydney,Ruiz,M,M,2024-05-01
13855,AW00013855,Chloe,Watson,M,M,2022-11-03
13494,AW00013494,Jordan,Huang,S,M,2024-06-23
28945,AW00028945,Destiny ,Ruiz,M,M,2020-11-15
26531,AW00026531,Wyatt,Lu,M,M,2024-02-16
26104,AW00026104,Seth,Ruiz,S,F,2025-06-19
23793,AW00023793,Jon,Walker,S,F,2022-10-21
23885,AW00023885,Wyatt,Lu,M,F,2023-02-09
20943,AW00020943,Marco,Johnson,M,M,2020-11-12
21947,AW00021947,Ian,Zhu,M,M,2025-01-26
26881,AW00026881,Julio,Alvarez,S,,2021-02-27
20625,AW00020625,Jacquelyn,Mehta,M,M,2019-02-21
28898,AW00028898,Jacquelyn,Ward ,M,F,2021-07-01
27854,AW00027854,Chloe,Torres,M,F,2021-11-05
16197,AW00016197,Seth,Perez,M,F,2023-06-30
28696,AW00028696,Shannon,Yang,,M,2021-03-10
11163,AW00011163,Ian,Bennett,M,F,2019-05-14
17746,AW00017746,Julio,Ruiz,M,M,2019-08-16
22418,AW00022418,Chloe,Zhu,M,M,2024-12-15
23907,AW00023907,Wyatt,Gray,S,F,2024-12-19
19171,AW00019171,Ethan,Lu,S,M,2019-11-14
11241,AW00011241,Elizabeth,Diaz,S,F,2020-08-15
15831,AW00015831,Julio,Wood,M,F,2021-04-21
17794,AW00017794,Ethan,Ross,S,M,2022-02-26
26530,AW00026530,Luke,Bennett,S,M,2025-01-18
21449,AW00021449,Russell,Huang,M,F,2020-12-25
18922,AW00018922,Luke,Hill,M,F,2025-01-04
13277,AW00013277,Rob,Huang,S,M,2022-05-31
21276,AW00021276,Sydney,Yang,M,M,2022-06-29
13633,AW00013633,Marco,Verhoff,M,F,2024-05-30
15514,AW00015514, Rob,Suarez,S,M,2019-06-01
11832,AW00011832,Jacquelyn,Mehta,M,F,2019-07-26
21059,AW00021059,Rob,Ward,S,M,2025-07-21
20475,AW00020475,Ruben,Ward,S,F,2023-09-27
23621,AW00023621,Clarence,Carlson,M,M,2020-09-21
19264,AW00019264,Sydney,Johnson,S,F,2022-12-01
19792,AW00019792,Ethan,Walker,S,M,2025-06-05
18618,AW00018618, Julio,Huang,M,M,2021-02-09
11794,AW00011794,Shannon,Johnson,S,F,2024-08-23
23523,AW00023523,Janet,Wood,,M,2024-09-20
20900,AW00020900,Marco,Sanchez,S,F,2024-05-23
11787,AW00011787, Destiny,Ruiz,M,M,2019-01-20
19887,AW00019887,Sydney,Suarez,S,F,2020-11-05
24586,AW00024586,Julio,Gray,M,M,2023-04-18
20277,AW00020277,Ethan,Jenkins,,M,2024-04-12
18638,AW00018638,Luke,Carlson,S,F,2019-12-08
27297,AW00027297,Seth,Perez,M,F,2019-02-03
24118,AW00024118,Sydney,Wood,M,F,2020-06-03
22923,AW00022923,Destiny,Sanchez,M,M,2024-09-20
11313,AW00011313,Janet,Suarez,M,M,2021-07-16
26358,AW00026358,Ruben,Diaz,S,M,2024-04-10
20087,AW00020087,Ian,Verhoff,S,F,2020-12-07
25793,AW00025793,Ian,Perez,S,F,2023-08-05
26471,AW00026471,Destiny,Young ,S,M,2021-02-12
14614,AW00014614,Ethan,Ward,M,,2024-10-31
25979,AW00025979,Lauren,Jenkins,S,M,2023-05-27
27457,AW00027457,Destiny,Ruiz,S,M,2024-12-03
18152,AW00018152,Curtis,Johnson,M,F,2018-05-29
27858,AW00027858,Jon,Wood,S,F,2022-03-09
19754,AW00019754,Ethan,Alvarez,M,F,2022-04-11
15101,AW00015101,Rob,Johnson,M,M,2022-03-16
15036,AW00015036,Elizabeth,Jenkins,S,F,2025-01-30
18871,AW00018871,Janet,Verhoff,S,F,2024-10-19
19417,AW00019417,Destiny,Huang,M,M,2021-05-12
17009,AW00017009,Rob,Johnson ,S,F,2023-09-22
11138,AW00011138,Chloe,Suarez,S,F,2021-05-18
18147,AW00018147,Ruben,Ruiz,S,M,2022-10-16
11815,AW00011815,Christy,Ruiz,S,F,2023-01-15
24016,AW00024016, Julio,Ruiz,M,M,2024-02-28
15791,AW00015791,Wyatt,Jenkins,M,M,2023-07-23
28729,AW00028729,Eugene,Suarez,,M,2023-11-02
20083,AW00020083,Curtis,Jenkins,M,M,2019-05-06
27761,AW00027761,Seth,Ruiz,M,M,2022-04-26
24695,AW00024695,Christy ,Lu,S,F,2020-01-31
13591,AW00013591,Jordan,Wood,S,F,2023-03-13
13378,AW00013378,Eugene,Yang,S,M,2020-01-31
15884,AW00015884,Luke, Walker,S,M,2020-12-08
20852,AW00020852,Marco,Young,S,M,2019-11-19
19785,AW00019785,Curtis,Gray,S,F,2022-08-27
21372,AW00021372,Luke,Johnson,M,,2025-02-11
27366,AW00027366,Clarence,Mehta,S,M,2020-10-15
16963,AW00016963,Shannon,Perez,M,F,2024-10-15
23855,AW00023855,Lauren ,Johnson,S,M,2019-08-14
13004,AW00013004,Ruben,Verhoff,S,M,2025-02-24
26892,AW00026892,Elizabeth,Ruiz,S,M,2024-12-11
14458,AW00014458,Rob,Ruiz,M,M,2024-04-22
28317,AW00028317,Destiny,Sanchez,S,M,2022-01-13
27625,AW00027625,Russell,Verhoff,S,F,2020-04-02
22355,AW00022355,Shannon,Suarez,M,F,2019-04-19
21432,AW00021432,Jon,Lu,M,M,2021-06-07
14941,AW00014941,Rob,Wood,M,M,2019-01-26
22486,AW00022486,Shannon,Watson,M,M,2024-11-06
15807,AW00015807,Chloe,Zhu,M,M,2019-08-23
21991,AW00021991,Jordan,Sanchez,S,F,2023-02-25
18727,AW00018727,Seth,Jenkins,M,F,2020-01-15
28662,AW00028662,Marco,Sanchez,S,F,2020-03-07
22495,AW00022495,Eugene,Carlson,S,M,2020-12-19
16216,AW00016216,Ian,Yang,S,F,2024-04-08
17936,AW00017936,Eugene,Ruiz,S,M,2025-06-27
28508,AW00028508,Russell,Yang,S,M,2024-09-12
12270,AW00012270,Wyatt,Young,M,F,2022-12-16
18277,AW00018277,Jon,Ward,M,F,2020-07-24
25317,AW00025317,Ian,Gray,S,M,2020-08-15
13359,AW00013359,Jon,Hill,M,F,2019-08-16
26738,AW00026738,Sydney,Wood,M,M,2021-01-14
22807,AW00022807,Rob,Torres,S,M,2023-08-15
11092,AW00011092,Shannon,Walker,S,F,2022-03-21
28521,AW00028521,Curtis,Torres,S,F,2024-05-07
15498,AW00015498,Marco,Young ,S,M,2021-03-10
17953,AW00017953,Russell, Torres,S,M,2022-07-16
25707,AW00025707,Destiny,Torres,S,M,2021-09-28
24229,AW00024229,Rob,Ward,M,M,2023-06-10
23489,AW00023489, Lauren,Huang,S,F,2021-01-31
20346,AW00020346,Jacquelyn,Verhoff,S,M,2024-08-04
15766,AW00015766,Luke,Jenkins,S,F,2024-04-19
22008,AW00022008,Wyatt,Walker,M,M,2019-12-14
26187,AW00026187,Julio,Alvarez,M,M,2024-09-05
22140,AW00022140,Rob,Yang,M,F,2023-11-08
28793,AW00028793,Elizabeth,Diaz,S,F,2022-10-21
18846,AW00018846,Wyatt,Mehta,S,M,2022-02-20
26214,AW00026214,Russell,Johnson,S,F,2024-06-18
21855,AW00021855,Chloe,Walker,S,F,2023-07-18
15211,AW00015211,Jordan,Lu,M,M,2024-10-23
23527,AW00023527,Christy ,Lu,S,M,2021-12-21
17023,AW00017023,Ruben,Wood,S,F,2024-08-19
19268,AW00019268,Eugene,Hill ,M,F,2022-02-26
22633,AW00022633,Ethan,Ross,S,M,2019-11-27
26829,AW00026829,Jordan,Watson,S,M,2022-03-16
15991,AW00015991,Elizabeth,Yang,S,M,2019-03-10
22138,AW00022138,Jon,Ross,S,F,2020-11-03
25115,AW00025115,Elizabeth,Torres,S,F,2019-11-07
25660,AW00025660,Destiny,Ross,S,F,2020-10-26
20340,AW00020340,Seth,Verhoff,M,F,2023-11-26
15962,AW00015962, Janet,Sanchez ,S,M,2025-05-09
11488,AW00011488,Jacquelyn, Carlson,S,M,2021-02-17
22809,AW00022809,Seth ,Mehta,S,F,2022-10-26
27102,AW00027102,Jacquelyn,Ward,,M,2020-03-20
27874,AW00027874,Elizabeth,Ward,S,M,2025-04-17
22070,AW00022070,Marco,Wood,S,M,2025-07-07
17116,AW00017116,Clarence,Verhoff,M,F,2022-09-20
20421,AW00020421,Sydney,Torres,S,F,2025-03-14
28112,AW00028112,Ian,Ross,S,F,2020-02-05
14402,AW00014402,Ethan,Diaz,M,M,2022-12-30
11744,AW00011744,Lauren,Ross,M,F,2019-06-03
15749,AW00015749,Jon,Walker,M,F,2019-09-29
12129,AW00012129,Wyatt,Gray,S,F,2024-06-08
17465,AW00017465,Chloe,Gray,M,M,2020-10-20
16389,AW00016389,Jacquelyn,Sanchez,S,F,2024-06-21
20249,AW00020249,Curtis,Jenkins,M,F,2025-06-13
15753,AW00015753,Elizabeth,Walker,S,M,2024-05-21
16709,AW00016709,Jordan,Hill,M,M,2020-01-23
21080,AW00021080,Eugene,Young,M,M,2019-07-06
17316,AW00017316,Jacquelyn,Mehta,M,M,2019-05-16
19404,AW00019404,Russell,Diaz,S,F,2022-01-13
21588,AW00021588, Jordan,Lu,M,M,2023-06-24
12084,AW00012084,Clarence,Walker,S,M,2024-11-25
23074,AW00023074,Russell,Watson,M,F,2022-07-14
26221,AW00026221,Jacquelyn,Ward,S,F,2022-01-01
11357,AW00011357,Curtis,Hill,S,M,2020-08-07
23479,AW00023479,Elizabeth,Mehta,M,M,2023-07-07
12187,AW00012187,Seth,Verhoff,M,F,2024-11-18
24143,AW00024143,Elizabeth,Yang,S,F,2021-02-17
20950,AW00020950,Chloe,Alvarez,M,M,2019-07-28
11825,AW00011825,Christy,Jenkins,M,M,2019-09-17
24884,AW00024884,Jon,Alvarez,M,F,2021-12-17
17674,AW00017674,Luke, Bennett,S,M,2022-11-28
14232,AW00014232,Jordan,Hill,M,M,2021-09-15
18750,AW00018750, Destiny,Ross,S,M,2022-02-11
28816,AW00028816,Eugene,Gray,M,M,2019-04-05
27263,AW00027263,Shannon,Verhoff,M,F,2019-11-03
27274,AW00027274,Jordan,Huang,M,M,2021-07-12
16305,AW00016305,Russell,Lu,S,F,2021-11-07
23685,AW00023685,Eugene,Diaz,S,M,2025-06-13
24096,AW00024096,Jordan,Torres,M,F,2019-10-08
13984,AW00013984,Clarence,Suarez,S,F,2023-06-20
28791,AW00028791,Jacquelyn,Ross,S,M,2024-10-11
11956,AW00011956,Clarence,Young ,S,F,2025-04-09
13777,AW00013777,Lauren,Huang,M,F,2020-07-27
18045,AW00018045,Shannon,Walker,S,M,2019-01-05
13024,AW00013024,Jordan,Alvarez,S,F,2024-12-28
20274,AW00020274,Ethan,Hill,M,M,2022-02-13
27805,AW00027805,Lauren,Mehta,M,M,2022-08-05
19603,AW00019603,Rob,Wood,S,F,2022-06-05
17248,AW00017248,Marco,Ward,S,F,2022-05-03
22115,AW00022115,Russell,Mehta,S,F,2022-08-27
14217,AW00014217,Sydney,Ward,M,F,2024-05-11
11363,AW00011363,Christy,Yang,S,F,2024-10-21
12244,AW00012244,Shannon,Walker,S,M,2023-04-02
16337,AW00016337,Curtis,Sanchez,S,M,2024-06-13
17022,AW00017022,Ruben,Torres,M,F,2019-11-26
24582,AW00024582,Chloe,Yang,,M,2024-05-17
11457,AW00011457,Seth ,Sanchez,M,M,2024-09-21
26310,AW00026310,Eugene,Mehta ,S,F,2021-10-13
17207,AW00017207,Seth,Hill,M,M,2024-06-26
15988,AW00015988,Destiny,Verhoff,S,M,2023-09-13
18162,AW00018162,Sydney,Torres,M,F,2019-11-11
11539,AW00011539,Curtis,Verhoff,S,F,2021-03-11
21434,AW00021434,Lauren,Jenkins,S,F,2023-12-28
17276,AW00017276,Jon,Suarez,S,F,2021-11-03
26434,AW00026434,Destiny,Ruiz,M,F,2020-07-21
24297,AW00024297,Jacquelyn,Suarez,S,M,2019-05-02
17800,AW00017800,Christy,Perez,M,M,2024-12-11
19816,AW00019816,Russell,Sanchez,M,F,2019-12-15
16924,AW00016924,Destiny,Ruiz,M,M,2024-11-21
12480,AW00012480,Ethan,Yang,S,F,2022-01-27
25174,AW00025174,Lauren,Torres,M,M,2024-10-03
23635,AW00023635,Marco,Ruiz,M,M,2021-07-12
18415,AW00018415,Christy,Sanchez,M,F,2022-05-27
14596,AW00014596,Clarence,Yang,M,M,2022-11-04
18024,AW00018024,Chloe,Ruiz,M,F,2023-07-19
24114,AW00024114,Rob,Jenkins,S,F,2019-06-26
27604,AW00027604,Christy, Jenkins,M,M,2023-09-11
16291,AW00016291,Clarence,Diaz,S,M,2025-07-15
28569,AW00028569,Wyatt,Torres ,S,M,2023-03-12
22997,AW00022997,Christy,Gray,S,F,2022-09-05
27406,AW00027406,Sydney,Bennett,M,M,2020-04-16
11799,AW00011799,Marco,Perez,S,M,2019-03-31
12922,AW00012922,Russell,Ruiz,S,F,2023-08-02
28977,AW00028977,Russell,Perez,M,M,2021-12-04
28883,AW00028883,Shannon,Wood,S,F,2022-12-01
21962,AW00021962,Seth,Jenkins,S,F,2023-07-18
24992,AW00024992,Jon,Young,S,M,2019-09-11
26315,AW00026315,Shannon,Torres,S,M,2019-09-29
24423,AW00024423,Ian,Perez,S,M,2022-02-06
28640,AW00028640,Seth,Walker,S,M,2022-06-11
13513,AW00013513,Ethan,Young,M,F,2023-01-02
20877,AW00020877,Curtis,Jenkins,M,M,2020-12-24
17595,AW00017595,Shannon,Ward,M,M,2023-10-25
20736,AW00020736,Destiny,Suarez,M,F,2021-04-13
14747,AW00014747,Wyatt,Gray,S,F,2020-12-25
12466,AW00012466,Chloe,Zhu,M,F,2024-02-15
15616,AW00015616,Jon,Bennett,M,F,2021-09-30
18576,AW00018576,Ethan,Ward,M,F,2023-11-02
18058,AW00018058,Rob,Young,M,F,2019-01-15
18603,AW00018603,Ian,Gray,S,M,2020-07-10
25867,AW00025867,Sydney,Wood,,F,2020-01-19
24533,AW00024533,Chloe,Ross,S,M,2023-10-09
13890,AW00013890,Jordan ,Sanchez,M,F,2019-06-22
28677,AW00028677,Luke,Gray,S,F,2025-05-25
15736,AW00015736,Elizabeth,Watson ,M,M,2021-07-17
11838,AW00011838,Wyatt,Wood,S,F,2022-10-28
14079,AW00014079,Sydney,Suarez,M,F,2024-03-17
17947,AW00017947,Luke,Lu,M,M,2024-07-12
27632,AW00027632,Rob,Mehta,S,M,2022-05-30
17008,AW00017008,Sydney, Jenkins,M,F,2019-04-13
19327,AW00019327,Curtis,Suarez,S,F,2020-04-22
19337,AW00019337,Seth,Alvarez,M,M,2021-01-09
27203,AW00027203,Christy,Torres,M,M,2022-03-02
20109,AW00020109,Marco,Jenkins,M,M,2020-01-20
16997,AW00016997,Christy,Wood,S,M,2021-03-14
26930,AW00026930,Ian,Yang,S,F,2022-01-17
18252,AW00018252,Seth,Torres,M,F,2021-06-19
27283,AW00027283,Clarence,Ross,S,M,2021-09-08
20154,AW00020154,Shannon,Alvarez,S,M,2024-05-20
23622,AW00023622,Sydney,Hill,S,F,2020-06-24
18625,AW00018625,Seth,Torres,S,F,2020-08-20
25383,AW00025383,Ian,Walker,M,F,2019-09-06
22559,AW00022559,Clarence,Torres,S,F,2025-06-18
17459,AW00017459,Eugene,Lu,M,F,2021-04-28
24985,AW00024985,Janet,Gray ,S,F,2022-02-01
25975,AW00025975,Chloe,Verhoff,S,F,2020-12-07
24514,AW00024514,Janet,Torres,M,M,2022-06-01
14037,AW00014037,Luke,Sanchez,S,F,2019-03-23
24098,AW00024098,Russell,Sanchez,M,M,2021-09-09
20169,AW00020169,Russell,Zhu,S,M,2025-03-24
23412,AW00023412,Janet,Diaz,S,M,2024-11-21
25633,AW00025633,Marco,Yang,S,F,2020-06-20
23085,AW00023085,Lauren,Diaz,M,F,2025-04-28
23421,AW00023421,Wyatt,Wood,S,M,2020-04-21
14520,AW00014520,Chloe,Zhu,M,F,2019-08-23
27909,AW00027909,Rob,Suarez,S,M,2021-03-17
27447,AW00027447,Julio,Carlson,S,M,2020-08-18
23355,AW00023355,Julio,Ruiz,M,M,2025-03-06
22832,AW00022832,Jordan,Jenkins,S,F,2025-01-18
25561,AW00025561,Sydney,Alvarez,,M,2021-06-15
23215,AW00023215,Chloe ,Carlson,M,F,2021-12-07
27081,AW00027081,Russell,Ward,M,F,2022-08-10
15819,AW00015819,Julio,Verhoff,M,F,2025-06-23
14648,AW00014648,Wyatt,Ward,M,M,2024-03-30
13430,AW00013430,Lauren,Walker,M,M,2021-07-08
27401,AW00027401,Shannon,Huang,M,F,2023-07-10
18628,AW00018628,Christy,Hill,S,F,2020-04-10
21366,AW00021366,Rob,Yang,S,M,2024-03-19
17880,AW00017880,Destiny,Huang,M,M,2020-03-01
22347,AW00022347,Elizabeth,Sanchez,S,M,2023-03-22
19164,AW00019164,Seth, Hill,M,M,2024-02-22
23716,AW00023716,Chloe,Ross,M,M,2025-01-20
13339,AW00013339,Christy,Verhoff,M,F,2020-12-10
11694,AW00011694,Luke ,Suarez,M,M,2022-12-11
28533,AW00028533,Elizabeth,Wood,M,F,2021-04-29
18748,AW00018748,Janet,Hill,M,F,2019-11-10
15503,AW00015503,Julio,Young,M,M,2019-02-09
24583,AW00024583,Destiny,Perez,S,M,2021-12-08
23985,AW00023985,Ethan, Ward,M,M,2023-10-22
26794,AW00026794,Chloe,Perez,M,F,2021-04-08
23078,AW00023078,Ethan,Gray,S,M,2023-08-31
11745,AW00011745,Julio,Verhoff,M,M,2023-07-04
12237,AW00012237,Seth,Zhu,M,M,2022-05-22
12229,AW00012229,Jacquelyn,Alvarez,S,F,2025-05-14
14830,AW00014830,Seth,Huang,M,M,2021-03-11
22208,AW00022208,Elizabeth,Suarez,S,M,2020-07-24
27226,AW00027226,Lauren,Carlson,S,M,2023-06-09
20738,AW00020738,Julio,Jenkins,M,F,2023-09-03
13214,AW00013214,Ian,Ross,M,M,2023-03-15
21746,AW00021746, Russell,Carlson,M,F,2024-04-21
21222,AW00021222,Jordan,Ward,S,F,2020-09-25
13691,AW00013691,Jacquelyn,Suarez,M,F,2020-09-13
27631,AW00027631,Christy,Zhu,S,F,2019-06-01
19543,AW00019543,Shannon,Wood,M,M,2020-06-08
16360,AW00016360,Ian,Ross,S,M,2023-10-19
27715,AW00027715,Jon,Ross,S,M,2021-03-08
22285,AW00022285,Jon,Johnson,M,F,2022-05-19
14068,AW00014068,Lauren,Ross,M,F,2024-09-06
12823,AW00012823,Luke,Yang,S,M,2020-09-21
14700,AW00014700, Luke,Mehta,S,F,2024-12-09
20733,AW00020733,Wyatt,Torres,S,M,2024-02-29
20732,AW00020732,Wyatt,Wood,S,F,2019-05-08
24852,AW00024852,Jacquelyn ,Carlson,S,M,2021-02-25
23032,AW00023032,Seth,Perez,S,F,2021-01-26
27471,AW00027471,Lauren,Johnson,M,F,2024-11-02
16161,AW00016161, Marco,Zhu,S,M,2023-05-31
12702,AW00012702,Clarence,Diaz,M,F,2019-07-04
23010,AW00023010,Julio,Alvarez ,M,M,2024-05-26
15215,AW00015215,Marco,Johnson,S,M,2023-12-19
28048,AW00028048,Marco,Ruiz,M,F,2024-07-09
24045,AW00024045,Wyatt,Suarez,M,F,2023-12-06
17810,AW00017810,Ruben,Gray,M,F,2019-03-03
24043,AW00024043,Jordan,Verhoff,S,F,2023-07-17
19679,AW00019679,Eugene,Wood,S,M,2022-10-20
19037,AW00019037,Ethan,Carlson,M,M,2021-09-15
24513,AW00024513,Julio,Ruiz,M,M,2024-07-08
12230,AW00012230,Elizabeth ,Torres,M,M,2024-02-10
23797,AW00023797,Ruben,Perez,M,F,2023-01-30
20155,AW00020155,Jon,Hill,M,F,2024-10-27
14481,AW00014481,Janet,Lu,S,M,2021-11-16
22937,AW00022937,Russell,Carlson,S,M,2022-01-27
27976,AW00027976,Destiny ,Ward,M,F,2021-10-14
23471,AW00023471,Rob,Gray,M,F,2024-04-23
12399,AW00012399,Seth,Wood,,M,2020-12-19
23875,AW00023875,Clarence,Suarez,S,M,2021-05-18
14907,AW00014907,Sydney,Wood,S,M,2022-01-17
14588,AW00014588,Lauren,Diaz,S,M,2023-05-02
16322,AW00016322,Sydney,Zhu,M,F,2023-08-23
19149,AW00019149,Julio,Verhoff,S,F,2019-04-14
21167,AW00021167,Jordan,Perez,S,F,2020-03-02
27106,AW00027106,Janet,Ross,S,F,2020-12-01
22016,AW00022016,Luke,Sanchez,M,M,2022-06-08
23166,AW00023166,Eugene,Yang,M,M,2020-05-17
27411,AW00027411,Jordan,Mehta,M,F,2023-01-25
19880,AW00019880,Rob, Lu,S,F,2020-07-29
26781,AW00026781,Clarence,Yang ,S,F,2023-08-01
23272,AW00023272,Shannon,Torres,M,F,2019-12-27
26983,AW00026983,Ethan,Ross,M,F,2024-02-11
22747,AW00022747,Curtis,Carlson,S,M,2021-02-26
27920,AW00027920, Janet,Carlson,M,M,2023-10-30
15558,AW00015558,Jon,Suarez,S,F,2020-12-26
15059,AW00015059,Clarence,Hill,S,F,2020-12-25
28629,AW00028629,Rob,Mehta,M,M,2020-03-15
24909,AW00024909,Julio,Sanchez,M,F,2019-01-18
25405,AW00025405,Seth,Sanchez,M,F,2022-01-10
23578,AW00023578,Shannon,Zhu,M,F,2020-03-03
11724,AW00011724,Jon,Jenkins,S,F,2024-05-21
12908,AW00012908,Seth,Ward,S,F,2024-02-09
17361,AW00017361,Ruben,Jenkins,S,F,2019-12-08
18154,AW00018154,Jon,Ruiz,M,F,2021-03-01
27722,AW00027722,Eugene,Bennett,S,M,2023-05-13
22770,AW00022770,Eugene,Suarez,M,M,2025-05-13
22288,AW00022288,Wyatt,Ward,S,F,2021-12-14
24922,AW00024922, Ethan,Walker,M,M,2019-02-10
24593,AW00024593,Rob,Torres,M,M,2020-01-06
24734,AW00024734,Rob,Ross,M,M,2020-05-24
24331,AW00024331,Clarence,Young,S,M,2022-05-07
21994,AW00021994,Curtis,Young,M,F,2023-03-24
18610,AW00018610,Ian,Suarez,S,M,2025-05-14
12189,AW00012189,Luke,Perez,S,F,2022-03-22
14903,AW00014903,Janet,Gray,M,F,2019-04-26
18371,AW00018371,Eugene,Young,S,M,2020-10-17
21485,AW00021485,Ian,Ross,S,F,2019-07-16
14100,AW00014100,Wyatt,Zhu,M,M,2022-08-10
13264,AW00013264,Eugene,Verhoff,M,M,2020-05-23
28753,AW00028753,Jacquelyn,Perez,M,M,2019-11-28
28545,AW00028545,Ruben,Ross,M,F,2019-08-19
13888,AW00013888,Marco,Sanchez,M,,2023-11-12
21088,AW00021088,Julio,Huang,S,F,2024-06-23
14906,AW00014906, Jordan,Wood,S,M,2023-06-30
15281,AW00015281,Wyatt,Ruiz,M,F,2021-04-25
26366,AW00026366,Russell,Bennett,S,M,2024-04-09
17360,AW00017360,Clarence,Ross,M,F,2020-05-26
23386,AW00023386,Lauren,Ross,M,F,2022-06-05
24196,AW00024196,Marco,Johnson,M,,2019-04-27
21529,AW00021529,Lauren,Watson,S,M,2024-09-28
24398,AW00024398,Ruben,Bennett,M,F,2021-04-20
20548,AW00020548,Julio,Diaz,,M,2019-09-28
24768,AW00024768,Destiny,Wood,S,F,2023-03-24
21006,AW00021006,Marco,Torres,M,F,2019-10-02
21384,AW00021384,Lauren,Bennett,S,M,2025-06-14
27900,AW00027900,Janet,Diaz,S,F,2019-01-04
17474,AW00017474,Jon,Alvarez,M,M,2024-11-25
28012,AW00028012,Elizabeth,Ross,M,M,2023-07-07
26914,AW00026914,Curtis,Wood,S,M,2025-02-23
11374,AW00011374,Luke,Torres,S,F,2019-10-31
27084,AW00027084,Lauren,Lu,S,M,2022-11-19
12492,AW00012492,Jacquelyn,Huang,S,M,2020-06-09
26931,AW00026931,Chloe,Zhu,M,F,2024-07-23
18354,AW00018354,Ian,Alvarez,S,F,2023-06-05
22139,AW00022139,Eugene,Hill,S,M,2020-06-27
12734,AW00012734,Curtis,Alvarez,M,M,2021-06-26
25108,AW00025108,Ruben,Torres,S,F,2023-08-01
19025,AW00019025,Ian,Sanchez,S,F,2020-08-26
14023,AW00014023,Lauren,Sanchez,S,F,2025-04-26
21347,AW00021347,Marco,Gray,S,M,2019-06-02
21596,AW00021596,Curtis,Watson,S,F,2021-12-27
26359,AW00026359,Shannon,Verhoff,S,M,2022-04-17
19879,AW00019879,Jacquelyn,Suarez,S,M,2022-04-12
11527,AW00011527,Marco,Gray,S,M,2022-01-02
25627,AW00025627,Elizabeth,Mehta,S,F,2024-04-16
26650,AW00026650,Janet,Ruiz,M,M,2024-07-09
27360,AW00027360,Ethan,Carlson,S,M,2021-03-26
11595,AW00011595,Rob,Ross,S,M,2021-10-19
13138,AW00013138,Russell,Johnson,M,F,2022-10-13
17266,AW00017266,Chloe,Carlson,M,F,2023-03-26
15712,AW00015712,Christy,Zhu,M,M,2025-02-17
14363,AW00014363,Sydney, Johnson,S,M,2019-11-22
26943,AW00026943,Destiny,Ruiz,S,F,2020-02-14
25709,AW00025709,Destiny, Johnson,S,M,2020-07-11
11809,AW00011809,Wyatt,Alvarez,M,F,2022-04-24
13068,AW00013068,Curtis,Perez,M,F,2021-09-02
14127,AW00014127,Christy,Watson,M,M,2021-09-07
27811,AW00027811,Wyatt,Torres,M,M,2019-12-14
12428,AW00012428,Destiny,Ross,M,M,2022-03-24
11935,AW00011935,Marco,Huang,S,M,2020-07-05
26437,AW00026437,Ian,Huang,S,F,2024-10-24
17374,AW00017374,Eugene,Watson,S,F,2024-12-27
24020,AW00024020,Shannon,Ross,S,F,2023-07-05
19399,AW00019399,Luke,Ross,S,F,2023-07-20
14864,AW00014864,Christy,Wood,S,M,2023-02-21
21952,AW00021952,Ethan, Watson,S,F,2023-05-26
27794,AW00027794,Jacquelyn,Ross,S,M,2020-11-25
23435,AW00023435,Luke,Ward,S,F,2023-07-12
21164,AW00021164,Jon,Diaz,M,F,2024-08-09
13523,AW00013523,Rob,Young,S,F,2019-07-06
11542,AW00011542,Jacquelyn,Jenkins,S,F,2022-08-06
26225,AW00026225,Seth,Gray,M,F,2019-04-26
13688,AW00013688,Marco,Yang ,M,,2019-09-19
19960,AW00019960,Christy ,Mehta,M,M,2021-11-07
23135,AW00023135,Curtis,Jenkins,S,M,2025-07-08
12277,AW00012277,Luke,Perez,S,F,2023-02-23
24401,AW00024401,Ruben,Ruiz,S,F,2021-09-05
13243,AW00013243,Elizabeth,Mehta,S,M,2022-01-01
14888,AW00014888,Elizabeth,Ruiz,M,M,2023-07-24
26006,AW00026006,Jordan,Wood,M,F,2022-02-03
17648,AW00017648,Shannon,Johnson,M,M,2024-10-13
15088,AW00015088, Jordan,Diaz,S,F,2022-11-18
12669,AW00012669,Rob,Ross,M,M,2019-07-15
11275,AW00011275,Ian,Zhu,M,F,2024-11-28
26731,AW00026731,Ruben,Verhoff,M,F,2020-09-23
12515,AW00012515,Janet,Lu,M,M,2021-09-11
14615,AW00014615,Elizabeth,Ward,S,F,2019-01-13
17082,AW00017082,Wyatt,Alvarez,M,F,2025-06-04
24346,AW00024346,Seth,Gray,S,M,2022-08-03
27336,AW00027336,Curtis,Ross,S,F,2024-06-02
27295,AW00027295,Shannon,Hill,S,F,2024-03-21
17898,AW00017898,Ruben,Huang,S,M,2023-02-08
11572,AW00011572,Ethan,Young,M,F,2023-05-27
20876,AW00020876,Ethan,Lu,M,M,2023-07-16
19132,AW00019132,Eugene,Mehta,M,F,2023-11-22
19133,AW00019133,Sydney,Diaz,M,M,2019-01-29
18544,AW00018544,Eugene,Diaz ,S,M,2022-03-11
12812,AW00012812,Rob,Carlson,M,M,2020-07-18
20864,AW00020864,Wyatt,Verhoff,S,F,2019-11-04
11025,AW00011025,Christy,Carlson,M,M,2024-02-02
27651,AW00027651,Ian, Gray,M,F,2024-01-31
28481,AW00028481,Destiny,Ward,M,F,2022-02-16
18127,AW00018127,Janet,Gray,S,F,2025-02-27
13681,AW00013681,Janet,Sanchez ,M,F,2024-10-06
27433,AW00027433,Sydney,Sanchez,M,M,2023-06-18
23894,AW00023894,Russell,Gray,S,F,2024-02-13
24993,AW00024993,Chloe,Johnson,M,F,2023-05-02
14719,AW00014719,Rob,Lu,S,M,2024-10-07
27271,AW00027271,Jordan,Ross,M,M,2024-03-05
19680,AW00019680,Lauren,Gray,S,F,2024-10-23
24494,AW00024494,Seth,Wood,,F,2024-11-10
13425,AW00013425,Janet,Zhu,M,M,2019-05-27
28114,AW00028114,Julio,Ward,M,M,2021-11-23
15517,AW00015517,Christy,Gray,S,F,2024-11-08
21008,AW00021008,Russell,Bennett,M,M,2023-07-12
19833,AW00019833,Jordan,Young,M,F,2024-08-08
24957,AW00024957,Jacquelyn,Yang,S,M,2020-08-16
18215,AW00018215,Jacquelyn,Perez,M,M,2019-01-03
12502,AW00012502,Seth, Ward,S,F,2024-07-27
22456,AW00022456,Elizabeth,Diaz,M,F,2022-03-27
11812,AW00011812,Christy,Sanchez,M,M,2020-01-04
20103,AW00020103,Jordan,Ward,S,F,2025-01-02
23096,AW00023096,Curtis,Torres,S,F,2024-09-18
12185,AW00012185,Curtis,Walker,S,F,2025-03-04
21708,AW00021708,Wyatt,Mehta,S,F,2019-06-04
26068,AW00026068,Sydney,Johnson ,S,F,2020-02-21
14167,AW00014167,Chloe,Wood,S,F,2023-03-01
12731,AW00012731,Ruben,Ross,S,M,2023-12-29
15914,AW00015914,Chloe,Ward,M,F,2024-05-06
22704,AW00022704,Janet,Ross,S,M,2024-02-10
16883,AW00016883,Jacquelyn,Ward,M,F,2025-06-19
19529,AW00019529,Eugene,Hill,M,M,2020-03-29
22328,AW00022328,Jon,Zhu,M,M,2020-04-16
20539,AW00020539,Destiny,Johnson,M,F,2022-02-17
26142,AW00026142,Wyatt,Diaz,S,M,2023-03-08
13947,AW00013947,Lauren,Carlson ,S,F,2019-10-12
15488,AW00015488,Elizabeth,Gray,M,,2023-07-22
17706,AW00017706, Marco,Alvarez,M,F,2020-06-16
18355,AW00018355,Sydney,Verhoff,M,F,2023-06-03
26757,AW00026757,Russell,Carlson,M,M,2024-09-08
13784,AW00013784,Ethan ,Walker,M,M,2022-02-21
11913,AW00011913,Elizabeth,Wood,S,F,2019-11-10
16639,AW00016639,Curtis,Mehta,S,,2022-03-02
25677,AW00025677,Chloe,Zhu,M,M,2023-12-11
28119,AW00028119,Luke,Torres,S,M,2024-11-29
28030,AW00028030,Jacquelyn,Jenkins,M,M,2022-09-28
13315,AW00013315,Wyatt,Hill,S,M,2020-01-20
15400,AW00015400,Luke,Watson,S,M,2024-04-13
15257,AW00015257,Ruben,Diaz,S,M,2023-11-29
16249,AW00016249,Wyatt,Watson,S,F,2025-01-24
28663,AW00028663,Marco,Perez,M,M,2020-08-07
28744,AW00028744,Jon,Bennett,M,F,2024-05-24
13727,AW00013727,Chloe,Alvarez,M,M,2022-09-13
18340,AW00018340,Jon,Watson,M,M,2023-12-19
27730,AW00027730,Ruben ,Walker,S,M,2021-10-24
18143,AW00018143,Shannon,Jenkins,M,F,2023-10-16
25876,AW00025876,Marco,Ward,M,F,2019-06-19
25829,AW00025829,Russell,Ruiz,S,M,2024-07-21
28192,AW00028192,Ian,Jenkins,S,F,2023-07-11
13203,AW00013203,Jon,Carlson,M,M,2024-08-06
26955,AW00026955,Elizabeth,Yang,M,M,2020-10-30
11268,AW00011268, Ethan,Walker,S,M,2019-05-06
18359,AW00018359,Shannon,Torres,S,M,2019-03-28
18767,AW00018767,Ethan,Lu,M,F,2022-10-10
12179,AW00012179,Rob,Diaz,S,M,2021-01-27
25367,AW00025367,Destiny,Ross,S,M,2025-02-18
14303,AW00014303,Sydney,Ross,M,F,2021-10-26
24916,AW00024916,Jon,Alvarez,M,F,2022-03-25
25271,AW00025271,Wyatt,Lu,S,F,2019-03-24
21232,AW00021232,Ethan,Diaz,S,F,2022-08-08
16068,AW00016068, Clarence,Verhoff,S,M,2025-02-14
14521,AW00014521,Destiny,Perez,S,M,2022-12-18
11748,AW00011748,Jacquelyn,Carlson,M,F,2024-07-06
19561,AW00019561,Elizabeth ,Wood,M,M,2022-06-07
19413,AW00019413,Jon,Torres,S,M,2024-01-21
26055,AW00026055,Shannon,Ross,M,M,2022-06-24
18712,AW00018712,Jacquelyn,Zhu,S,F,2021-07-28
27110,AW00027110,Janet,Walker,S,M,2020-07-07
12201,AW00012201,Jacquelyn,Ward,M,F,2019-05-26
24844,AW00024844,Eugene,Torres,M,F,2019-12-08
16807,AW00016807,Curtis,Watson,M,F,2023-03-31
21676,AW00021676,Shannon,Ward,S,F,2024-07-22
28604,AW00028604,Jordan,Huang,S,M,2025-03-17
16299,AW00016299,Curtis, Sanchez,M,F,2024-01-30
13811,AW00013811,Clarence,Diaz,S,M,2025-01-21
26085,AW00026085,Wyatt,Verhoff,S,M,2019-01-14
15058,AW00015058,Janet,Sanchez,S,F,2022-05-12
14478,AW00014478,Elizabeth,Mehta,M,M,2021-04-19
12429,AW00012429,Ian,Ruiz,M,M,2019-04-27
12932,AW00012932,Curtis,Suarez,S,M,2024-02-15
23219,AW00023219,Russell,Zhu,M,M,2021-11-11
27412,AW00027412,Ethan, Ward,S,F,2020-06-30
27096,AW00027096,Seth,Ward,S,F,2022-09-15
22089,AW00022089,Wyatt,Alvarez,M,F,2023-01-04
22234,AW00022234,Jordan,Huang,M,M,2024-12-15
19629,AW00019629,Sydney,Walker,S,M,2023-12-01
22445,AW00022445,Wyatt,Young,S,M,2020-03-09
19299,AW00019299,Jordan,Sanchez,S,F,2022-07-08
27253,AW00027253,Eugene,Perez,S,M,2024-04-28
19267,AW00019267,Lauren,Huang,,M,2021-08-05
25048,AW00025048,Marco,Ross,M,M,2024-02-11
24394,AW00024394,Destiny,Walker,S,F,2021-02-18
23787,AW00023787,Luke,Diaz,M,M,2023-10-11
26118,AW00026118,Curtis,Sanchez,S,F,2021-02-22
19329,AW00019329,Janet,Ruiz,S,F,2023-03-02
21950,AW00021950,Curtis, Bennett,M,M,2025-07-11
21549,AW00021549,Julio,Ward,S,M,2022-11-12
23436,AW00023436,Lauren,Perez,M,F,2022-12-31
11005,AW00011005,Julio,Gray,M,F,2022-02-12
23059,AW00023059,Curtis,Mehta,S,M,2019-09-18
19580,AW00019580,Lauren,Suarez,M,F,2021-08-12
14849,AW00014849,Jon,Suarez,S,M,2022-07-21
17312,AW00017312,Luke,Verhoff,S,M,2022-08-07
21231,AW00021231,Destiny,Alvarez,S,F,2019-12-01
22306,AW00022306,Ian,Carlson,M,F,2022-08-06
17381,AW00017381,Rob,Diaz,S,M,2021-06-23
20229,AW00020229,Destiny,Hill ,S,F,2022-06-16
23704,AW00023704,Curtis,Sanchez,M,M,2024-03-20
13775,AW00013775,Shannon,Suarez,M,F,2024-01-17
25851,AW00025851,Chloe,Gray,M,M,2023-01-25
23281,AW00023281,Jacquelyn,Ross,S,M,2025-05-10
24147,AW00024147,Ruben,Wood,S,F,2020-02-12
19970,AW00019970,Ian,Perez,S,M,2021-05-01
11780,AW00011780,Russell,Carlson,M,F,2023-03-03
15578,AW00015578,Clarence ,Young,M,F,2024-09-28
28833,AW00028833,Clarence,Huang,M,F,2019-10-06
27871,AW00027871,Rob,Suarez,M,M,2024-11-08
22409,AW00022409,Destiny,Ward,M,M,2024-10-12
14137,AW00014137,Clarence,Lu,M,M,2021-04-05
18447,AW00018447,Russell,Sanchez,S,M,2024-08-21
28377,AW00028377,Julio,Ward,M,M,2022-09-19
26258,AW00026258, Ethan,Torres,M,M,2025-01-09
24228,AW00024228,Seth,Suarez ,M,F,2024-05-08
19387,AW00019387,Janet,Johnson,S,F,2021-02-10
15481,AW00015481,Seth,Diaz,S,M,2021-10-17
16181,AW00016181,Jordan,Gray,M,M,2022-07-14
25702,AW00025702, Sydney,Ruiz,S,F,2024-04-01
18280,AW00018280,Janet, Hill,M,M,2024-05-23
11396,AW00011396,Chloe,Yang,S,F,2024-09-01
13090,AW00013090,Jordan,Carlson,M,M,2019-02-12
11405,AW00011405,Curtis,Watson,S,M,2024-08-04
14202,AW00014202,Seth,Sanchez,M,M,2021-11-03
24911,AW00024911,Elizabeth,Sanchez,M,M,2024-07-06
27481,AW00027481,Jon,Carlson,M,F,2021-07-31
18633,AW00018633, Destiny,Torres,M,F,2020-10-22
12713,AW00012713,Jacquelyn,Bennett,M,M,2024-06-06
13675,AW00013675,Ian,Verhoff,M,F,2021-09-26
14403,AW00014403,Ruben,Lu,,F,2021-02-14
12848,AW00012848,Julio,Verhoff,S,M,2024-03-08
23451,AW00023451,Elizabeth,Alvarez,S,M,2019-08-24
23222,AW00023222,Elizabeth,Bennett,M,M,2021-12-27
12751,AW00012751,Marco,Alvarez,S,F,2022-06-27
22507,AW00022507,Marco,Johnson,M,M,2022-01-29
14197,AW00014197,Russell,Gray,S,F,2023-04-05
23203,AW00023203,Wyatt,Watson,S,M,2019-02-14
24294,AW00024294,Ethan,Huang,S,M,2020-10-17
24179,AW00024179,Marco,Yang,S,M,2019-01-31
15524,AW00015524,Shannon,Hill,S,F,2019-12-02
25531,AW00025531,Jon,Carlson,M,F,2022-11-27
25803,AW00025803,Chloe,Suarez,M,F,2021-10-08
24343,AW00024343,Chloe,Alvarez,M,M,2023-05-21
11643,AW00011643,Wyatt,Lu,,F,2025-05-10
28724,AW00028724,Rob,Watson,M,M,2024-12-16
14174,AW00014174,Ethan,Ruiz,S,F,2024-09-05
20377,AW00020377,Julio,Bennett,S,F,2024-06-10
18532,AW00018532,Seth,Hill,S,F,2024-02-02
19455,AW00019455,Jacquelyn,Perez,M,F,2021-10-19
19541,AW00019541,Curtis,Perez,S,M,2021-07-09
18595,AW00018595,Eugene,Gray,M,F,2023-10-11
25562,AW00025562,Elizabeth,Zhu,S,M,2022-02-09
19446,AW00019446,Jordan,Ross,S,F,2024-04-17
15796,AW00015796,Janet,Sanchez,M,M,2022-09-02
13788,AW00013788,Elizabeth,Perez,S,F,2023-08-22
27025,AW00027025,Christy,Huang,M,F,2024-11-12
27112,AW00027112,Destiny,Ward,M,F,2022-05-06
12748,AW00012748,Rob,Jenkins,M,F,2019-01-22
26966,AW00026966,Destiny,Ross,S,M,2025-01-10
25293,AW00025293,Seth,Ross,S,F,2019-10-31
16107,AW00016107,Seth,Alvarez,S,F,2024-08-19
13138,AW00013138,Russell ,Johnson,M,F,2023-08-13
19187,AW00019187,Ruben,Ross,M,M,2022-05-14
28660,AW00028660,Jon, Hill,M,F,2023-04-09
16759,AW00016759,Chloe,Lu,M,M,2024-09-11
12740,AW00012740,Wyatt,Young,S,M,2025-05-06
17983,AW00017983,Curtis,Bennett,S,M,2022-06-30
12184,AW00012184,Curtis ,Huang,S,F,2022-08-15
17712,AW00017712,Janet,Johnson,S,M,2022-01-02
13645,AW00013645,Ethan,Walker,S,F,2023-03-22
15310,AW00015310,Janet,Carlson,S,M,2023-07-27
13967,AW00013967,Clarence,Ruiz,M,M,2024-12-28
27849,AW00027849,Wyatt,Bennett,S,M,2021-08-08
21789,AW00021789,Jacquelyn,Alvarez,S,M,2019-10-19
25810,AW00025810,Elizabeth,Verhoff,M,F,2020-01-05
13306,AW00013306,Julio,Alvarez,S,F,2021-03-07
28193,AW00028193,Shannon,Carlson,S,M,2024-02-03
27017,AW00027017,Russell,Gray,M,F,2023-10-14
24863,AW00024863,Curtis,Watson,M,M,2023-12-17
24820,AW00024820,Ruben,Jenkins,M,F,2024-09-10
11699,AW00011699,Elizabeth,Suarez,M,F,2019-03-02
11567,AW00011567,Julio,Ross,M,F,2019-04-30
19017,AW00019017,Christy,Gray,S,M,2023-12-14
17202,AW00017202,Clarence,Jenkins,S,F,2022-07-09
13341,AW00013341,Rob,Johnson,M,M,2022-05-18
20019,AW00020019,Jordan,Johnson,S,M,2022-10-29
11977,AW00011977,Lauren,Sanchez,M,M,2022-10-23
18484,AW00018484,Ethan,Gray,,M,2024-10-09
11463,AW00011463,Chloe,Huang,M,F,2021-01-07
19662,AW00019662,Julio,Bennett,S,F,2021-10-25
17083,AW00017083,Seth,Torres,S,M,2022-11-15
22076,AW00022076,Clarence,Diaz,S,F,2021-07-04
19889,AW00019889,Sydney,Ward,S,F,2019-01-30
19845,AW00019845,Rob,Young,S,F,2019-04-19
25750,AW00025750, Lauren,Walker,S,F,2021-06-06
19881,AW00019881,Jordan,Walker,S,M,2019-12-01
23312,AW00023312,Curtis,Gray,S,F,2019-04-25
27060,AW00027060,Shannon,Alvarez,M,F,2022-11-11
15367,AW00015367,Chloe,Verhoff,S,F,2023-10-16
26040,AW00026040,Janet,Ruiz,M,F,2022-02-10
26278,AW00026278,Jon, Torres,M,M,2020-09-25
14333,AW00014333,Christy,Torres,M,F,2023-03-05
14355,AW00014355,Janet,Ruiz,M,F,2020-03-16
20705,AW00020705,Curtis,Yang,S,M,2023-02-24
27731,AW00027731,Jacquelyn,Sanchez,M,M,2020-11-17
24862,AW00024862,Russell,Jenkins,S,M,2020-09-08
18874,AW00018874,Clarence,Gray,S,M,2019-08-29
25646,AW00025646,Jacquelyn,Gray,M,F,2022-08-15
20423,AW00020423,Christy,Alvarez,S,F,2019-12-26
18923,AW00018923,Rob,Diaz,M,F,2019-04-24
11153,AW00011153,Christy,Yang,M,F,2024-05-14
16993,AW00016993,Janet,Walker,M,F,2020-08-23
16569,AW00016569,Eugene,Yang,S,F,2022-10-10
25186,AW00025186,Shannon,Yang,M,F,2023-03-29
25989,AW00025989,Lauren,Mehta,M,F,2024-01-27
15673,AW00015673,Elizabeth,Walker,S,M,2024-12-14
16093,AW00016093,Rob,Jenkins,M,F,2023-07-30
28992,AW00028992,Janet,Verhoff,S,M,2019-03-22
11184,AW00011184,Destiny,Diaz,S,M,2022-06-26
14622,AW00014622,Ethan,Ward,S,M,2024-12-04
15737,AW00015737,Sydney,Zhu,M,M,2023-10-14
26621,AW00026621,Janet,Suarez,S,F,2024-09-07
16490,AW00016490,Shannon,Zhu,M,F,2025-03-29
22855,AW00022855,Janet,Jenkins,M,M,2024-03-17
16857,AW00016857,Ian,Mehta,M,F,2020-03-12
28086,AW00028086,Chloe,Yang,M,F,2019-04-28
28878,AW00028878,Elizabeth,Young,S,F,2021-09-19
22681,AW00022681,Jacquelyn,Zhu,S,M,2022-07-19
26234,AW00026234,Janet,Ross,M,M,2020-08-25
19971,AW00019971,Clarence,Verhoff,S,F,2022-06-02
27713,AW00027713,Ian,Watson,S,F,2019-12-29
13403,AW00013403,Chloe,Torres,S,F,2019-10-17
19519,AW00019519,Ruben,Ross,S,F,2020-12-03
24411,AW00024411,Lauren,Bennett,S,M,2022-06-02
21996,AW00021996,Marco,Alvarez ,S,M,2025-04-04
16444,AW00016444,Janet,Wood,M,M,2019-11-24
16885,AW00016885,Julio,Johnson,S,F,2020-05-23
27012,AW00027012,Christy,Wood,M,F,2023-09-04
11087,AW00011087,Wyatt,Wood,S,F,2023-11-02
18811,AW00018811,Jacquelyn,Alvarez,M,F,2025-01-01
12880,AW00012880,Elizabeth,Lu,M,F,2021-04-07
13082,AW00013082,Janet ,Sanchez,S,F,2024-08-25
12433,AW00012433,Wyatt,Perez,S,F,2020-10-29
14935,AW00014935,Jon,Gray,,M,2021-02-03
23841,AW00023841,Ethan,Sanchez,M,M,2022-08-10
23594,AW00023594, Shannon,Torres,M,M,2023-10-29
22980,AW00022980,Marco, Sanchez,S,M,2025-05-03
21774,AW00021774,Eugene ,Johnson,M,F,2024-09-15
14752,AW00014752,Ethan,Wood,S,M,2023-05-27
24850,AW00024850,Seth,Verhoff,M,F,2024-01-29
17865,AW00017865,Elizabeth,Hill,M,F,2019-04-30
18209,AW00018209,Clarence,Diaz,M,F,2019-07-08
16136,AW00016136,Destiny,Sanchez,,F,2022-05-15
12532,AW00012532,Chloe, Wood,M,M,2022-07-20
13901,AW00013901,Julio,Young,S,F,2022-12-11
24684,AW00024684,Chloe,Perez,M,M,2022-05-27
16783,AW00016783, Seth,Ward,M,F,2022-04-13
25650,AW00025650,Ethan,Zhu,S,F,2020-02-06
24846,AW00024846,Luke,Wood,M,M,2020-03-08
19593,AW00019593,Lauren,Suarez,M,M,2025-02-27
23681,AW00023681,Seth,Sanchez,M,M,2022-01-13
20321,AW00020321,Janet,Torres,S,M,2020-04-11
14172,AW00014172,Ruben,Diaz,M,M,2022-09-25
23954,AW00023954,Russell,Young,S,M,2024-10-26
14791,AW00014791,Lauren,Walker,S,M,2021-01-10
25006,AW00025006,Chloe,Hill,S,M,2022-01-03
12010,AW00012010,Jon,Jenkins,S,F,2021-03-25
23662,AW00023662,Christy,Johnson,S,F,2023-06-30
27653,AW00027653,Chloe,Perez,M,F,2021-06-18
18861,AW00018861,Jon,Johnson,M,M,2024-06-28
28788,AW00028788,Jacquelyn,Diaz,M,M,2021-12-08
23133,AW00023133,Lauren,Ross,M,M,2020-04-24
22826,AW00022826,Janet,Bennett,S,F,2020-07-20
25971,AW00025971,Christy,Verhoff,M,M,2021-02-26
27087,AW00027087,Lauren,Ross ,S,,2023-10-01
28993,AW00028993,Sydney,Bennett ,S,F,2019-02-24
13047,AW00013047,Lauren,Hill,M,M,2020-03-25
12138,AW00012138,Wyatt,Ward,S,F,2021-09-11
26553,AW00026553,Ian,Ward,M,F,2022-09-24
24127,AW00024127,Eugene,Hill,S,M,2024-09-09
19424,AW00019424,Russell,Yang,M,M,2025-06-23
26189,AW00026189, Ruben,Alvarez,S,F,2021-07-27
13323,AW00013323,Russell,Torres,S,F,2020-03-18
14533,AW00014533,Ethan,Huang,M,F,2020-11-28
28134,AW00028134,Luke,Torres,S,M,2023-05-11
24154,AW00024154,Marco,Carlson,M,M,2020-12-18
24035,AW00024035,Eugene ,Gray,M,M,2024-03-14
19470,AW00019470,Lauren,Zhu,M,M,2024-09-25
11830,AW00011830,Jordan,Huang,S,M,2024-09-01
24794,AW00024794, Marco,Gray ,S,F,2022-06-17
16706,AW00016706,Jon,Lu,S,M,2019-12-28
21622,AW00021622,Marco,Verhoff,M,F,2020-06-10
21124,AW00021124,Christy,Young,S,M,2019-08-04
11941,AW00011941,Rob,Ruiz,M,F,2019-10-09
17258,AW00017258,Jacquelyn,Mehta,S,M,2023-06-19
12178,AW00012178,Sydney,Torres,S,M,2025-02-19
19494,AW00019494,Lauren,Alvarez,S,M,2025-03-19
28141,AW00028141,Shannon, Alvarez,S,F,2024-07-29
24274,AW00024274,Destiny,Yang,S,M,2020-08-15
24231,AW00024231,Christy,Walker,S,M,2022-05-05
18578,AW00018578,Elizabeth,Gray,M,M,2020-02-16
21498,AW00021498,Chloe,Suarez,S,M,2022-09-23
13734,AW00013734,Luke,Ross,M,F,2023-12-07
15378,AW00015378,Ethan,Perez ,S,F,2020-12-06
14184,AW00014184,Ruben,Gray,M,M,2023-07-22
15954,AW00015954,Shannon,Ward,S,F,2023-06-26
20255,AW00020255,Russell,Yang,S,F,2023-02-18
21482,AW00021482,Jon ,Gray,M,F,2019-03-23
20790,AW00020790,Julio,Yang,S,F,2022-11-26
23199,AW00023199,Destiny,Walker,M,M,2021-10-22
16017,AW00016017,Jordan,Johnson,S,F,2023-09-04
22567,AW00022567,Ruben,Alvarez,S,F,2019-03-29
26383,AW00026383,Clarence,Hill,M,M,2024-12-08
12029,AW00012029,Ian,Hill,M,F,2024-05-26
17695,AW00017695,Marco,Suarez,S,F,2025-05-14
24598,AW00024598,Shannon,Johnson,S,F,2023-06-23
25291,AW00025291,Shannon,Gray,M,M,2024-01-11
26950,AW00026950,Clarence,Ruiz,M,M,2020-10-14
15013,AW00015013,Seth,Diaz,S,M,2019-04-02
16753,AW00016753,Lauren,Ross,M,F,2022-12-20
16658,AW00016658,Ethan,Carlson,M,M,2019-08-01
28020,AW00028020,Russell,Torres,M,M,2022-11-26
12111,AW00012111,Chloe,Wood ,S,F,2023-06-08
26517,AW00026517,Elizabeth,Johnson,M,F,2023-05-02
11709,AW00011709, Jacquelyn,Ruiz,S,F,2024-01-04
25148,AW00025148,Lauren,Wood,M,F,2022-04-05
16668,AW00016668,Sydney,Diaz,S,M,2020-06-04
14792,AW00014792,Eugene,Zhu,S,F,2020-07-11
20439,AW00020439,Ruben,Ward,M,F,2022-02-20
17829,AW00017829,Jacquelyn,Carlson,M,F,2024-10-01
28781,AW00028781,Christy,Ward,M,F,2024-11-13
26727,AW00026727,Shannon,Suarez,M,M,2019-04-06
18471,AW00018471,Ruben,Ward,M,F,2022-05-23
12136,AW00012136,Clarence,Verhoff,,M,2022-10-31
14206,AW00014206,Chloe,Young,S,M,2023-05-06
20299,AW00020299,Destiny,Wood,M,,2021-09-24
19708,AW00019708,Jordan,Alvarez,S,F,2023-08-26
16362,AW00016362,Curtis,Verhoff,S,M,2019-02-20
21873,AW00021873,Chloe,Jenkins,S,M,2021-10-06
15632,AW00015632,Chloe,Wood,M,F,2020-06-03
11136,AW00011136,Ruben,Verhoff,M,M,2024-03-18
24059,AW00024059,Russell,Watson,S,F,2021-03-09
24468,AW00024468,Curtis,Young,S,M,2020-03-29
12137,AW00012137,Lauren,Ward,S,M,2023-04-15
23444,AW00023444,Luke,Johnson ,S,F,2020-05-05
26686,AW00026686,Lauren,Perez,M,M,2020-04-21
20552,AW00020552,Shannon,Hill,S,M,2022-11-03
20661,AW00020661,Chloe,Wood,S,M,2020-10-19
18374,AW00018374,Chloe,Bennett,M,F,2024-11-03
27314,AW00027314,Shannon,Lu,M,F,2021-08-16
25425,AW00025425,Curtis,Jenkins,M,F,2024-03-11
22078,AW00022078,Jordan ,Ross,S,F,2022-11-24
28585,AW00028585,Jon,Young,M,M,2020-05-28
25699,AW00025699,Shannon,Watson,S,M,2021-08-03
24925,AW00024925,Russell,Verhoff,,F,2024-06-27
20372,AW00020372,Christy,Hill,M,F,2024-05-29
21459,AW00021459,Eugene,Johnson,M,F,2021-12-03
15713,AW00015713,Clarence,Torres,S,F,2021-10-17
27739,AW00027739,Curtis,Ross,S,M,2019-09-11
15248,AW00015248,Luke,Suarez,M,F,2023-01-05
20111,AW00020111,Marco,Torres,M,F,2019-07-19
25580,AW00025580,Wyatt ,Perez,S,M,2025-04-06
24038,AW00024038,Christy,Mehta,M,M,2022-08-05
20960,AW00020960,Ian,Yang,M,M,2021-08-22
27667,AW00027667, Jon,Johnson,S,F,2025-06-25
19479,AW00019479,Wyatt,Lu,M,F,2023-02-16
16470,AW00016470,Lauren, Walker,S,F,2023-07-18
14001,AW00014001,Russell,Suarez,M,M,2020-08-10
11259,AW00011259,Ruben,Jenkins,S,F,2020-06-16
23831,AW00023831,Rob,Diaz,M,F,2020-12-09
19931,AW00019931,Wyatt,Perez,S,M,2022-12-02
25280,AW00025280,Lauren,Mehta,M,M,2019-11-22
18429,AW00018429,Chloe,Diaz,M,M,2019-03-11
20318,AW00020318,Julio,Jenkins,M,F,2024-12-07
11753,AW00011753,Wyatt,Ruiz,S,F,2024-09-06
28571,AW00028571,Destiny,Ward,S,F,2022-04-04
12168,AW00012168,Christy,Gray,M,F,2019-12-16
11305,AW00011305,Ethan,Diaz ,S,F,2019-09-27
16000,AW00016000,Sydney, Lu,S,M,2021-01-18
27026,AW00027026,Julio,Walker,S,F,2019-05-27
21492,AW00021492,Luke,Zhu,S,F,2025-01-06
25324,AW00025324,Marco,Ward,M,M,2022-04-28
28538,AW00028538,Julio,Suarez,M,M,2024-02-02
14388,AW00014388,Sydney,Mehta,M,M,2023-10-28
18184,AW00018184,Seth,Walker ,S,F,2025-02-20
16603,AW00016603,Seth,Walker,M,F,2023-12-29
19375,AW00019375,Jacquelyn,Zhu,M,F,2023-12-15
28174,AW00028174,Jon,Bennett,S,F,2022-03-10
18617,AW00018617,Chloe, Lu,S,M,2024-02-25
15436,AW00015436,Sydney,Perez,M,M,2025-06-30
17424,AW00017424,Seth,Perez,S,F,2021-11-06
16841,AW00016841,Wyatt,Zhu,M,M,2023-08-29
20239,AW00020239,Lauren,Ward,M,F,2021-11-09
16800,AW00016800,Ethan,Gray,M,F,2021-07-21
11611,AW00011611,Seth,Zhu,S,M,2024-05-07
21902,AW00021902,Elizabeth,Alvarez,M,F,2022-06-08
19388,AW00019388,Lauren,Yang,S,F,2019-12-23
23289,AW00023289,Janet,Lu ,,F,2019-06-10
12225,AW00012225,Shannon,Diaz,M,F,2019-07-27
28705,AW00028705,Rob,Huang,M,M,2019-08-06
21944,AW00021944,Jon,Watson,S,M,2023-01-29
25969,AW00025969,Ethan,Johnson,S,F,2020-06-21
12795,AW00012795,Destiny,Verhoff,S,F,2021-05-07
19780,AW00019780,Lauren,Gray,M,F,2022-01-23
22001,AW00022001,Lauren, Ward,M,F,2025-07-10
26438,AW00026438,Chloe,Huang,S,M,2020-06-29
20335,AW00020335,Marco,Suarez,S,F,2024-04-13
11569,AW00011569,Lauren,Yang,S,M,2022-02-14
22965,AW00022965,Curtis,Walker,M,M,2023-10-21
16793,AW00016793,Christy,Ruiz,M,M,2024-10-05
17482,AW00017482,Wyatt,Diaz,M,M,2020-08-18
19462,AW00019462,Wyatt,Jenkins,S,M,2022-05-10
15095,AW00015095,Rob,Gray,S,,2021-03-04
19369,AW00019369,Luke,Ross,M,M,2021-10-19
15432,AW00015432,Clarence,Walker,S,F,2025-06-12
19734,AW00019734,Rob,Lu ,M,F,2019-07-16
12165,AW00012165,Jacquelyn,Bennett,S,M,2024-02-02
22316,AW00022316,Jacquelyn,Ross,M,M,2021-02-13
28292,AW00028292,Jacquelyn,Gray,M,M,2020-09-24
12347,AW00012347,Shannon,Alvarez,M,F,2022-10-01
16323,AW00016323,Ian,Torres,S,M,2022-07-07
26763,AW00026763,Janet,Mehta,S,F,2021-07-18
19419,AW00019419,Ruben,Hill,S,M,2020-03-23
17685,AW00017685,Rob,Watson,S,F,2023-06-10
28014,AW00028014,Russell,Carlson,M,F,2019-03-09
14685,AW00014685,Elizabeth,Diaz,M,F,2020-09-22
13066,AW00013066,Rob,Young,M,F,2022-05-31
13839,AW00013839,Clarence, Bennett,S,M,2022-06-29
19620,AW00019620,Julio,Lu ,M,M,2019-07-11
25517,AW00025517,Eugene,Wood,S,F,2019-06-23
16966,AW00016966,Ian,Sanchez,S,M,2021-12-04
23012,AW00023012,Shannon,Suarez,M,F,2023-06-14
15509,AW00015509,Ian ,Ward,M,M,2022-04-13
28250,AW00028250,Rob,Gray,M,F,2024-05-04
28204,AW00028204,Elizabeth,Suarez,M,M,2022-07-30
17966,AW00017966,Sydney,Suarez,S,F,2021-02-02
27349,AW00027349,Eugene,Diaz,S,M,2024-08-07
26030,AW00026030,Curtis,Diaz,,M,2025-04-10
15474,AW00015474,Janet,Ross,M,F,2019-05-01
26490,AW00026490,Shannon,Suarez,M,M,2019-01-27
22983,AW00022983,Ethan,Yang,S,F,2019-06-23
18676,AW00018676,Lauren,Young,S,M,2020-10-09
15589,AW00015589,Christy,Sanchez,S,M,2022-01-13
27020,AW00027020,Elizabeth,Verhoff,S,F,2024-04-28
20393,AW00020393,Elizabeth,Watson,M,M,2023-03-19
23924,AW00023924,Eugene,Gray,M,M,2020-05-31
13791,AW00013791, Clarence,Watson,M,F,2019-03-31
15824,AW00015824,Jordan,Perez,M,M,2021-06-15
12938,AW00012938,Jordan,Young,M,M,2022-11-27
16552,AW00016552,Sydney,Wood,S,F,2022-09-19
13076,AW00013076,Chloe ,Jenkins,S,M,2022-01-27
24827,AW00024827,Ethan,Johnson,M,F,2021-03-31
14460,AW00014460,Destiny,Mehta,M,M,2022-02-02
26439,AW00026439,Christy,Ross,M,M,2023-07-14
15564,AW00015564,Ethan,Wood,S,M,2024-07-01
16471,AW00016471,Curtis,Yang,M,F,2019-02-02
25651,AW00025651, Chloe,Wood,M,F,2024-07-23
23155,AW00023155,Rob,Ruiz,M,M,2019-03-13
21259,AW00021259,Janet,Suarez,M,M,2025-01-06
13468,AW00013468,Clarence,Hill,S,F,2024-06-06
15698,AW00015698,Christy,Perez,S,F,2021-01-20
14817,AW00014817,Eugene,Mehta,S,M,2019-03-11
13381,AW00013381,Russell,Walker,M,M,2019-09-11
12143,AW00012143,Destiny,Sanchez,S,F,2019-10-05
15619,AW00015619,Ruben,Ross,M,M,2020-08-13
20853,AW00020853,Luke,Ward,S,F,2023-08-03
26036,AW00026036,Jon,Sanchez,S,F,2019-11-17
22729,AW00022729,Elizabeth,Wood,S,M,2021-02-14
11939,AW00011939,Sydney, Diaz,M,F,2020-11-29
12810,AW00012810,Christy,Zhu,S,F,2019-06-06
23962,AW00023962,Wyatt,Verhoff,M,M,2021-06-18
17312,AW00017312,Luke,Verhoff,S,M,2023-06-22
15449,AW00015449,Jacquelyn,Ruiz,S,M,2020-11-02
21257,AW00021257,Shannon,Wood,M,F,2022-03-29
26695,AW00026695,Rob,Zhu,S,M,2020-04-21
22833,AW00022833,Seth,Carlson,S,M,2023-08-16
12661,AW00012661,Ethan,Gray,M,F,2022-11-10
18353,AW00018353,Ian,Lu,S,F,2025-07-09
27636,AW00027636,Ruben,Ward,M,F,2022-04-09
11246,AW00011246,Christy,Perez,S,F,2024-01-11
12599,AW00012599,Jordan,Jenkins,S,F,2023-02-17
20506,AW00020506,Curtis,Young,M,M,2025-04-10
20374,AW00020374,Seth,Torres,S,M,2025-03-16
15727,AW00015727,Shannon,Young,S,M,2020-03-14
18500,AW00018500,Ian,Lu,S,M,2021-07-05
26684,AW00026684,Jacquelyn,Alvarez,S,M,2025-02-28
26247,AW00026247,Jacquelyn,Watson,M,M,2024-02-02
19313,AW00019313,Eugene,Ward ,S,,2023-08-22
22380,AW00022380,Rob,Alvarez,S,M,2023-10-30
18667,AW00018667,Julio,Diaz,S,M,2023-04-29
13659,AW00013659,Julio,Suarez,S,F,2024-02-06
22149,AW00022149,Shannon,Young,M,F,2020-05-29
21042,AW00021042,Jordan,Watson,S,M,2022-05-14
14633,AW00014633,Sydney,Jenkins,S,M,2025-07-13
23848,AW00023848,Clarence,Ward,M,M,2024-01-26
21965,AW00021965,Destiny,Suarez,M,F,2021-03-10
19921,AW00019921,Ruben, Mehta,M,M,2022-02-02
26119,AW00026119,Curtis,Diaz,S,M,2020-10-02
13810,AW00013810,Janet,Carlson,S,M,2019-04-18
28837,AW00028837,Shannon,Huang,M,M,2022-08-20
15413,AW00015413,Ian,Mehta ,,M,2025-03-26
26508,AW00026508,Lauren,Young,M,F,2024-04-07
28024,AW00028024,Shannon,Suarez,M,F,2022-11-13
11120,AW00011120,Jacquelyn,Alvarez,M,F,2022-10-14
12371,AW00012371,Jon,Young,M,M,2024-02-25
14073,AW00014073,Ruben,Ward,M,M,2019-12-28
13335,AW00013335,Curtis,Carlson,S,M,2022-01-13
20057,AW00020057,Julio,Verhoff,S,M,2019-04-26
15571,AW00015571,Julio,Ruiz,M,F,2021-07-31
20565,AW00020565,Rob,Watson,M,M,2024-03-17
22297,AW00022297,Marco ,Zhu,M,F,2023-10-09
15075,AW00015075,Jacquelyn,Sanchez,M,M,2019-02-13
19223,AW00019223,Sydney,Suarez,M,F,2021-05-23
13442,AW00013442,Luke,Ward,M,F,2021-01-02
25996,AW00025996,Chloe,Johnson,M,F,2024-02-05
21750,AW00021750,Seth,Jenkins,M,F,2024-01-25
28004,AW00028004,Christy,Watson,S,M,2021-12-27
23739,AW00023739, Rob,Mehta,S,M,2025-04-23
15769,AW00015769,Jacquelyn,Zhu ,S,M,2023-03-05
17478,AW00017478,Chloe,Gray,M,M,2023-11-28
17171,AW00017171,Jon,Lu,M,F,2021-12-14
19020,AW00019020,Ruben,Perez,S,F,2021-02-04
11552,AW00011552,Wyatt,Gray,M,M,2023-01-12
21843,AW00021843,Sydney,Huang,M,M,2021-04-22
21349,AW00021349,Lauren,Watson,S,F,2019-11-18
20224,AW00020224,Destiny,Huang,S,M,2021-10-10
22453,AW00022453,Ruben,Mehta,M,M,2020-11-08
26224,AW00026224,Lauren,Jenkins,M,F,2024-12-04
26771,AW00026771,Elizabeth,Huang,S,F,2020-11-02
19253,AW00019253,Marco,Ward,M,F,2019-06-05
26429,AW00026429,Clarence,Mehta,M,M,2025-01-27
15561,AW00015561,Christy,Diaz,M,F,2021-04-18
13146,AW00013146,Chloe,Suarez,M,F,2020-11-06
26195,AW00026195,Luke,Young,S,M,2023-12-29
22836,AW00022836,Destiny,Ross,M,M,2021-10-07
14187,AW00014187,Julio,Watson,S,M,2021-11-04
13118,AW00013118,Christy,Verhoff,M,F,2021-12-23
26227,AW00026227,Marco,Torres,S,F,2023-07-04
11058,AW00011058,Ethan,Gray,M,M,2021-12-23
13864,AW00013864,Marco,Gray,S,F,2020-10-12
13064,AW00013064,Jon,Huang,M,M,2022-03-14
25301,AW00025301,Curtis,Sanchez,S,F,2021-09-19
21791,AW00021791,Elizabeth,Young ,S,F,2020-12-19
11322,AW00011322,Janet,Diaz,S,F,2019-08-02
25109,AW00025109,Jordan,Torres,S,M,2025-02-17
15322,AW00015322,Julio , Wood,M,F,2023-05-20
11902,AW00011902,Julio,Ward,S,F,2025-03-01
27445,AW00027445,Christy,Lu,M,F,2024-01-17
25433,AW00025433,Wyatt,Suarez,S,F,2023-08-30
27350,AW00027350,Ruben,Diaz,M,F,2024-09-02
26578,AW00026578,Janet,Alvarez,M,F,2021-04-17
19261,AW00019261,Rob,Huang,M,M,2019-04-02
12886,AW00012886,Jordan,Walker,M,M,2023-12-17
17205,AW00017205, Lauren,Ward,S,F,2021-03-21
26198,AW00026198,Christy,Watson,M,M,2023-07-10
25376,AW00025376,Jacquelyn,Alvarez,S,M,2022-06-21
27952,AW00027952,Jacquelyn,Zhu,S,F,2019-11-14
16243,AW00016243,Ian,Ruiz,S,M,2020-11-20
13961,AW00013961,Jacquelyn,Johnson,M,M,2022-04-14
19257,AW00019257,Marco,Gray,M,M,2021-04-06
20145,AW00020145,Elizabeth,Sanchez,S,M,2021-09-07
11073,AW00011073,Eugene,Carlson,M,M,2023-01-05
19829,AW00019829,Clarence,Huang,M,F,2023-07-10
19839,AW00019839,Chloe,Sanchez,S,M,2023-10-29
17570,AW00017570,Russell,Sanchez,S,F,2022-08-12
28737,AW00028737,Destiny,Ward,S,M,2019-01-05
25224,AW00025224,Destiny,Diaz,S,F,2019-03-28
13029,AW00013029,Jacquelyn,Ward,S,M,2022-04-03
20264,AW00020264,Chloe,Perez,M,M,2024-12-02
11424,AW00011424, Christy,Sanchez,M,F,2022-11-14
16529,AW00016529,Marco,Torres,M,M,2024-11-21
23535,AW00023535,Rob,Walker,S,M,2025-02-06
16996,AW00016996,Lauren,Hill,M,M,2021-08-10
22711,AW00022711,Marco,Gray,,F,2021-01-20
14602,AW00014602,Rob,Sanchez,S,F,2025-06-04
26083,AW00026083,Wyatt,Verhoff,,M,2020-06-16
25850,AW00025850,Janet,Johnson,S,M,2025-03-06
28745,AW00028745,Jon,Ruiz,M,M,2020-06-13
18817,AW00018817,Wyatt,Hill,S,F,2019-04-25
26858,AW00026858,Elizabeth,Ward,S,F,2023-08-10
11127,AW00011127,Julio,Carlson,S,M,2022-07-01
17113,AW00017113,Ruben,Perez,M,F,2021-01-30
20684,AW00020684,Julio,Torres,S,M,2020-04-25
11455,AW00011455,Clarence,Hill,S,M,2020-11-04
11239,AW00011239, Marco,Johnson,S,M,2025-03-20
19467,AW00019467,Jacquelyn,Suarez,M,M,2023-07-07
24574,AW00024574,Julio,Verhoff,M,F,2019-09-06
28483,AW00028483,Marco,Yang,S,,2019-01-27
21527,AW00021527,Destiny ,Carlson,M,F,2021-07-05
24480,AW00024480,Ian,Perez,S,M,2022-09-09
14245,AW00014245,Janet,Ward,M,F,2021-04-17
16445,AW00016445,Jacquelyn,Young,S,M,2024-07-22
27519,AW00027519,Jacquelyn,Hill,M,F,2023-11-10
14999,AW00014999,Jacquelyn,Yang,S,F,2023-11-08
20225,AW00020225,Christy,Sanchez,M,F,2024-04-16
27910,AW00027910,Marco,Ruiz ,S,M,2019-05-30
25879,AW00025879,Shannon,Young,S,M,2020-10-06
14220,AW00014220,Shannon,Johnson,M,M,2023-03-04
26081,AW00026081,Jon,Walker,S,F,2021-07-31
18741,AW00018741,Christy,Mehta,M,F,2022-09-29
13139,AW00013139,Russell,Suarez,M,M,2022-03-20
27473,AW00027473,Chloe,Perez,M,M,2024-05-16
12738,AW00012738,Seth,Gray,S,M,2021-03-14
17839,AW00017839,Lauren,Johnson,S,M,2019-09-12
23971,AW00023971,Marco,Wood,S,F,2023-03-27
14495,AW00014495,Eugene, Zhu,S,F,2022-05-12
18684,AW00018684,Shannon,Gray,S,M,2021-09-14
11499,AW00011499,Russell,Lu,S,M,2025-02-16
24761,AW00024761,Jacquelyn,Watson,S,F,2024-11-04
20133,AW00020133,Janet,Suarez,M,M,2024-06-30
18968,AW00018968,Curtis,Johnson,M,M,2022-11-08
11889,AW00011889,Lauren,Bennett,M,F,2022-07-19
21258,AW00021258,Sydney,Walker,S,M,2024-12-16
22304,AW00022304,Seth, Diaz,M,F,2019-10-15
24433,AW00024433,Sydney,Walker,M,M,2023-01-02
16788,AW00016788,Ian,Johnson,M,M,2025-02-05
25090,AW00025090,Ian,Zhu,M,F,2020-10-02
13115,AW00013115,Curtis,Torres,S,M,2020-12-30
24312,AW00024312,Jordan,Ward,S,F,2025-06-14
14007,AW00014007,Curtis,Ross,M,F,2020-09-19
11235,AW00011235,Sydney ,Mehta,M,M,2023-02-13
11271,AW00011271,Russell,Suarez,S,M,2020-09-29
12104,AW00012104,Shannon,Hill,S,F,2025-01-20
28720,AW00028720,Janet,Ross,S,M,2020-12-01
12418,AW00012418,Sydney,Wood,S,M,2023-12-25
15634,AW00015634,Wyatt,Hill,M,F,2024-02-12
22027,AW00022027,Seth,Carlson,M,F,2024-11-04
14021,AW00014021,Jacquelyn,Wood,S,F,2024-10-20
12504,AW00012504,Curtis,Jenkins,S,F,2019-11-05
13845,AW00013845,Marco,Mehta,M,M,2022-05-18
17133,AW00017133,Jacquelyn,Mehta,M,F,2022-12-27
23989,AW00023989,Curtis,Mehta,M,M,2021-03-31
17683,AW00017683,Marco,Alvarez,M,F,2020-08-19
28881,AW00028881,Marco,Young,M,M,2025-03-13
12405,AW00012405,Jon,Walker,M,M,2024-02-20
20172,AW00020172,Luke,Wood,S,F,2024-10-12
16725,AW00016725,Jordan,Young,M,F,2020-09-15
13366,AW00013366,Ethan,Verhoff,M,F,2020-03-15
27768,AW00027768,Chloe,Perez,M,M,2023-01-30
14733,AW00014733,Chloe,Huang,S,F,2025-03-25
27062,AW00027062,Luke,Carlson,S,M,2025-05-27
22075,AW00022075,Elizabeth,Ward,M,F,2023-02-23
20874,AW00020874,Jon ,Wood,M,M,2025-02-25
27580,AW00027580,Christy,Lu ,S,M,2022-06-14
13193,AW00013193,Chloe,Wood,S,F,2022-12-23
27016,AW00027016,Destiny,Yang,S,M,2024-10-27
23375,AW00023375,Russell,Ross,S,M,2023-02-10
11911,AW00011911,Sydney,Bennett,M,F,2024-06-17
11237,AW00011237,Rob,Alvarez,S,F,2020-01-11
14748,AW00014748,Julio,Lu,M,F,2022-08-07
15763,AW00015763,Marco,Carlson,S,M,2019-01-13
18091,AW00018091,Russell,Johnson,S,M,2021-06-24
22568,AW00022568,Lauren,Mehta,M,F,2021-01-17
19659,AW00019659,Curtis,Torres,M,F,2023-01-27
13805,AW00013805,Seth, Perez,M,M,2023-07-03
25877,AW00025877,Russell, Ross,S,F,2023-03-25
26009,AW00026009,Elizabeth,Ross,S,F,2022-08-14
25838,AW00025838,Sydney,Ward,M,M,2021-12-03
20679,AW00020679,Marco,Alvarez,M,M,2020-08-16
19193,AW00019193,Jacquelyn,Alvarez,M,F,2025-05-23
27393,AW00027393,Chloe ,Yang,M,M,2021-06-14
19081,AW00019081,Rob,Verhoff,M,M,2021-10-03
19796,AW00019796,Lauren,Walker,S,M,2019-09-10
26905,AW00026905,Eugene,Suarez,M,F,2022-11-22
20302,AW00020302,Janet,Torres,M,M,2023-01-05
24495,AW00024495,Rob,Zhu,M,F,2024-03-24
26229,AW00026229,Elizabeth,Diaz ,M,F,2020-04-26
21831,AW00021831,Shannon,Hill,S,F,2021-09-18
16292,AW00016292,Destiny ,Bennett,M,F,2025-01-11
15785,AW00015785,Julio,Wood ,M,M,2024-01-12
24065,AW00024065,Russell,Huang,S,M,2021-08-07
23504,AW00023504,Ethan,Zhu,S,M,2020-10-31
22959,AW00022959,Jordan,Yang,S,F,2019-08-17
18436,AW00018436,Ian,Bennett,M,M,2023-03-19
17927,AW00017927,Ian, Yang,S,M,2020-04-11
19092,AW00019092,Jon,Yang,S,M,2025-07-03
19580,AW00019580,Lauren,Suarez,M,F,2021-01-01
27883,AW00027883,Ruben ,Watson,S,M,2024-08-21
15102,AW00015102,Christy ,Bennett,M,M,2025-07-12
15915,AW00015915, Ian,Watson,S,F,2021-05-03
13638,AW00013638,Ethan,Suarez,S,M,2022-06-20
17929,AW00017929,Seth,Lu,M,M,2021-04-07
25668,AW00025668,Elizabeth,Jenkins,S,F,2023-04-07
18555,AW00018555,Curtis,Walker,S,F,2023-03-31
27413,AW00027413,Jacquelyn,Gray,S,F,2022-04-26
24600,AW00024600,Ethan ,Perez,M,F,2022-02-27
13483,AW00013483,Luke,Sanchez,M,F,2023-04-03
17922,AW00017922,Julio,Gray ,S,M,2023-01-21
16920,AW00016920,Janet,Diaz,M,M,2023-10-23
26286,AW00026286,Russell,Perez,M,F,2020-01-20
15090,AW00015090,Curtis,Walker,S,M,2019-08-31
22911,AW00022911,Julio,Ruiz,M,F,2022-01-01
26827,AW00026827,Wyatt,Yang,S,M,2021-06-30
15415,AW00015415,Chloe,Jenkins,S,F,2020-04-12
17429,AW00017429,Marco,Yang,M,M,2023-08-09
21793,AW00021793,Sydney,Gray,S,F,2019-08-03
13050,AW00013050,Ian, Diaz,S,F,2024-05-20
17045,AW00017045,Clarence,Perez,M,F,2022-06-24
22890,AW00022890,Christy,Carlson,M,F,2024-09-15
20153,AW00020153,Jacquelyn,Gray,M,M,2025-06-15
11193,AW00011193,Clarence,Walker,M,F,2021-02-11
13952,AW00013952,Christy,Carlson,M,M,2022-11-30
28577,AW00028577,Luke,Wood,S,F,2024-09-03
14788,AW00014788,Christy,Alvarez,S,M,2024-02-29
15798,AW00015798,Jacquelyn,Alvarez,M,F,2024-01-19
17693,AW00017693,Shannon,Watson,M,F,2025-05-15
19340,AW00019340,Chloe,Carlson,M,M,2020-03-29
22820,AW00022820,Jordan,Torres,S,F,2022-10-31
11354,AW00011354,Sydney,Diaz,M,M,2023-12-24
28820,AW00028820,Shannon,Gray,M,F,2019-12-26
13345,AW00013345,Curtis,Jenkins,M,F,2023-08-08
25281,AW00025281,Wyatt,Wood,S,F,2025-05-04
21972,AW00021972,Shannon,Sanchez,S,F,2020-10-12
14208,AW00014208,Shannon,Ruiz,S,F,2025-07-18
12543,AW00012543,Seth,Verhoff,S,F,2023-09-20
17986,AW00017986,Shannon,Walker,S,M,2023-03-17
20196,AW00020196, Christy,Sanchez,M,F,2022-02-11
25461,AW00025461,Jordan,Suarez,M,M,2025-04-20
22628,AW00022628,Rob,Mehta,M,M,2025-05-11
18325,AW00018325,Chloe,Bennett,S,M,2020-04-18
27507,AW00027507,Janet,Walker,S,F,2020-12-21
17961,AW00017961,Luke,Young,S,F,2019-07-18
21660,AW00021660,Chloe,Verhoff,S,M,2020-02-24
23711,AW00023711,Luke,Torres,,F,2021-03-01
28748,AW00028748,Ruben,Huang,M,M,2024-08-20
15695,AW00015695,Russell,Carlson,M,M,2021-11-28
24608,AW00024608,Janet,Verhoff,M,M,2020-12-18
18445,AW00018445,Curtis,Ward,M,F,2023-08-26
25864,AW00025864,Chloe,Lu,S,F,2019-09-08
17917,AW00017917,Wyatt,Perez,S,F,2019-08-21
12683,AW00012683,Wyatt,Zhu,S,F,2024-04-22
26181,AW00026181,Christy,Young,S,F,2025-03-31
22160,AW00022160,Rob,Hill,S,M,2024-06-20
25432,AW00025432,Shannon,Carlson,S,F,2020-12-06
13177,AW00013177,Julio,Sanchez,M,M,2021-07-02
17914,AW00017914,Seth,Carlson,M,M,2019-09-03
27132,AW00027132,Luke,Gray,M,F,2019-11-29
27004,AW00027004,Shannon,Lu,M,M,2021-01-16
12916,AW00012916,Russell,Alvarez,M,F,2019-01-27
11077,AW00011077,Ian,Ward,S,F,2020-10-14
16394,AW00016394,Sydney,Watson,M,F,2023-11-14
15963,AW00015963,Clarence,Ruiz,M,M,2025-04-20
12863,AW00012863,Ruben,Yang ,,M,2019-03-01
21624,AW00021624,Jacquelyn,Hill,,M,2019-09-29
11125,AW00011125,Chloe,Ward,S,M,2024-03-19
25602,AW00025602,Curtis,Johnson,S,M,2020-09-12
17978,AW00017978,Eugene, Walker,S,M,2024-02-17
12952,AW00012952,Luke,Perez,S,F,2019-09-11
19633,AW00019633,Elizabeth,Suarez,M,M,2022-03-04
27300,AW00027300,Janet,Torres,M,M,2019-02-12
17271,AW00017271,Luke,Yang ,S,F,2024-02-02
20268,AW00020268,Jon ,Mehta,M,F,2025-01-22
16749,AW00016749,Lauren,Ward,M,F,2024-07-24
18142,AW00018142,Wyatt,Wood,S,M,2022-09-14
16546,AW00016546,Christy,Walker,S,M,2022-10-26
20113,AW00020113,Ruben,Perez,S,F,2023-06-18
19945,AW00019945,Ian,Walker,S,F,2023-12-04
28175,AW00028175,Janet,Suarez,M,F,2025-05-26
21172,AW00021172,Ethan,Watson,M,F,2023-07-07
13302,AW00013302,Christy,Huang,S,F,2021-09-04
24205,AW00024205,Clarence,Ross,S,M,2020-08-13
23432,AW00023432,Destiny,Carlson,M,F,2020-11-27
27171,AW00027171,Russell,Huang,M,M,2021-08-07
20212,AW00020212,Curtis,Jenkins,S,F,2025-03-09
27396,AW00027396, Rob,Johnson,S,F,2025-05-22
11366,AW00011366,Janet,Zhu,S,M,2024-01-26
24953,AW00024953,Luke,Suarez,S,M,2022-08-17
15875,AW00015875,Janet,Alvarez,S,M,2025-04-05
17029,AW00017029,Clarence,Johnson,S,F,2020-06-29
15537,AW00015537,Ethan,Suarez,S,M,2023-06-05
23156,AW00023156,Jon,Yang,S,M,2023-12-22
12846,AW00012846,Clarence, Zhu,M,M,2020-03-06
23102,AW00023102,Chloe,Mehta,M,F,2024-09-17
23013,AW00023013,Destiny,Hill,M,M,2021-01-01
12936,AW00012936,Jon,Ross,M,M,2023-01-15
19314,AW00019314,Christy,Mehta,M,M,2024-06-19
23336,AW00023336,Ethan,Bennett,S,F,2023-10-01
13164,AW00013164,Jordan,Diaz,S,M,2025-05-11
16335,AW00016335,Lauren,Mehta,M,M,2023-04-04
20502,AW00020502,Jordan,Johnson,S,F,2020-07-18
27266,AW00027266,Elizabeth,Walker,S,F,2021-04-22
27566,AW00027566,Lauren,Lu,S,M,2024-07-31
14565,AW00014565,Elizabeth,Walker,M,M,2019-06-10
15431,AW00015431,Seth,Walker,M,F,2023-06-24
18110,AW00018110,Chloe,Huang,M,M,2019-05-09
13174,AW00013174,Ethan,Jenkins ,M,F,2019-06-24
15205,AW00015205,Elizabeth,Young,S,M,2019-09-27
25630,AW00025630,Lauren,Walker,S,M,2023-05-08
27680,AW00027680,Russell,Torres,M,M,2023-07-08
21523,AW00021523,Jordan,Sanchez,S,M,2025-07-24
25175,AW00025175,Ian,Young,S,F,2024-08-31
12570,AW00012570,Julio,Verhoff,S,F,2022-10-21
16716,AW00016716,Clarence,Hill,M,M,2019-12-26
26855,AW00026855,Clarence,Yang,S,M,2023-06-16
14651,AW00014651,Shannon,Carlson,M,M,2020-11-21
18027,AW00018027,Destiny,Bennett,M,M,2019-12-06
25314,AW00025314,Elizabeth,Verhoff,S,M,2019-12-01
18347,AW00018347,Janet,Ruiz,S,M,2023-07-26
24443,AW00024443,Ian,Gray,S,M,2024-02-20
15124,AW00015124,Russell,Bennett,M,M,2020-01-21
11547,AW00011547,Julio,Ward,S,F,2021-05-08
21028,AW00021028,Ian,Hill,M,M,2020-12-15
27646,AW00027646,Luke,Zhu,M,F,2020-11-12
15018,AW00015018,Jacquelyn,Zhu,M,F,2024-02-15
19951,AW00019951,Clarence,Huang,M,M,2024-03-24
13148,AW00013148,Christy,Zhu,S,F,2022-10-06
17871,AW00017871,Marco,Suarez,M,M,2021-03-01
26635,AW00026635,Janet,Ruiz,S,F,2020-07-10
20495,AW00020495,Ethan,Carlson,S,F,2022-09-30
22773,AW00022773,Elizabeth,Bennett,M,F,2020-10-24
23694,AW00023694,Rob,Ward,S,F,2020-12-18
26141,AW00026141,Chloe,Suarez,M,M,2022-01-24
28397,AW00028397,Chloe, Gray,M,M,2022-10-17
15905,AW00015905,Seth,Hill,M,M,2019-03-02
12881,AW00012881,Elizabeth,Walker,S,M,2021-09-02
24219,AW00024219,Ian,Lu,S,F,2019-03-14
21237,AW00021237,Julio,Bennett,S,F,2022-09-06
20400,AW00020400,Eugene,Ross,S,F,2023-05-15
19269,AW00019269,Ruben,Hill,M,M,2023-09-15
16287,AW00016287,Shannon,Torres,M,F,2019-07-30
19774,AW00019774,Jacquelyn,Wood,M,F,2019-07-16
16574,AW00016574,Ethan, Wood,S,F,2023-08-18
26770,AW00026770,Luke,Wood,S,M,2024-02-18
17138,AW00017138,Christy,Walker,S,M,2019-12-18
11914,AW00011914,Russell,Torres,S,M,2025-07-11
24126,AW00024126,Shannon,Ward,S,F,2024-04-22
14666,AW00014666,Marco,Walker,S,M,2023-02-04
19910,AW00019910,Jon,Suarez,M,F,2020-06-19
19570,AW00019570,Jordan,Hill,S,M,2019-02-16
24848,AW00024848,Ethan,Watson,M,F,2021-03-28
12677,AW00012677,Ruben,Huang,M,M,2024-05-04
11276,AW00011276, Ethan,Carlson,S,M,2023-06-07
12830,AW00012830,Ruben,Bennett,S,F,2024-10-24
23542,AW00023542,Julio,Gray,M,M,2024-08-09
24558,AW00024558,Julio,Diaz,S,M,2019-02-10
23705,AW00023705,Sydney,Bennett,S,F,2023-07-27
11054,AW00011054,Wyatt,Torres,S,M,2019-10-06
20890,AW00020890,Russell,Young,S,M,2024-06-19
11683,AW00011683,Elizabeth,Huang,S,F,2024-08-05
15300,AW00015300,Luke,Jenkins,M,F,2019-09-20
15292,AW00015292,Jordan,Perez,M,M,2025-06-15
21017,AW00021017,Christy,Ross,M,F,2020-11-28
25476,AW00025476,Destiny,Watson,S,F,2024-10-10
11062,AW00011062,Ruben,Mehta,M,F,2020-10-08
24663,AW00024663,Ian,Jenkins,S,M,2021-07-02
28782,AW00028782, Eugene,Yang,M,M,2020-08-29
17954,AW00017954,Seth,Watson,M,M,2021-02-08
22083,AW00022083,Ruben,Zhu,S,F,2023-09-30
16032,AW00016032,Luke ,Diaz,M,F,2023-04-21
22165,AW00022165,Julio,Carlson,M,M,2021-01-09
18509,AW00018509,Rob,Lu,M,F,2025-07-05
21706,AW00021706,Jacquelyn,Johnson,M,M,2024-07-25
14740,AW00014740,Janet,Torres,S,M,2025-02-03
23560,AW00023560,Lauren,Diaz,M,F,2019-02-26
13380,AW00013380,Marco,Watson,S,M,2020-12-13
25980,AW00025980,Ethan,Perez,M,F,2025-04-10
24359,AW00024359,Curtis,Perez,M,M,2020-06-29
19585,AW00019585,Jacquelyn,Jenkins,M,M,2019-05-10
12213,AW00012213, Wyatt,Johnson,S,F,2024-06-03
14093,AW00014093,Wyatt,Carlson,M,F,2020-06-08
13848,AW00013848,Russell,Huang,M,M,2021-03-21
12476,AW00012476,Chloe,Ward,M,F,2024-09-25
15526,AW00015526,Jacquelyn,Zhu,M,M,2023-10-09
17405,AW00017405,Jacquelyn,Alvarez,S,F,2020-12-15
22748,AW00022748,Jacquelyn,Gray,S,F,2020-12-09
26112,AW00026112,Clarence,Gray,M,F,2022-08-10
11109,AW00011109,Marco,Walker,S,M,2019-09-21
18927,AW00018927,Eugene,Verhoff,S,F,2022-06-19
17778,AW00017778,Curtis,Ruiz,S,F,2024-03-29
15847,AW00015847,Clarence,Yang,M,M,2020-05-16
22035,AW00022035,Christy,Perez,M,F,2022-09-06
17836,AW00017836,Rob,Hill,M,F,2024-05-14
22842,AW00022842,Jacquelyn,Ward,S,F,2024-09-26
14841,AW00014841,Sydney,Verhoff,M,F,2023-11-25
25047,AW00025047,Jordan,Hill,M,F,2021-09-03
19454,AW00019454,Wyatt,Lu,S,M,2020-04-04
14805,AW00014805,Christy,Mehta ,M,M,2020-08-04
23416,AW00023416,Clarence,Hill,S,M,2024-04-04
11536,AW00011536,Julio,Johnson,M,F,2022-01-04
28847,AW00028847,Clarence,Verhoff,M,M,2019-09-07
26980,AW00026980,Ethan,Hill,S,M,2022-12-29
18570,AW00018570,Elizabeth,Ross,M,M,2020-05-11
24006,AW00024006, Ruben,Wood,S,M,2023-07-13
18426,AW00018426,Chloe,Verhoff,M,M,2023-02-24
17057,AW00017057,Shannon,Wood,S,M,2019-08-16
26630,AW00026630, Seth,Diaz,S,M,2019-02-23
17070,AW00017070,Shannon,Ward,M,F,2024-02-14
16373,AW00016373,Julio,Ward,S,M,2023-03-06
21337,AW00021337,Seth,Lu,M,M,2021-04-09
11957,AW00011957,Clarence,Young,M,F,2025-06-24
27053,AW00027053,Clarence,Mehta,M,F,2019-01-04
27926,AW00027926,Eugene,Young,M,M,2021-10-30
11752,AW00011752,Janet,Jenkins,M,F,2019-08-19
28605,AW00028605,Jon,Ruiz,S,F,2021-04-03
17838,AW00017838,Christy,Torres,M,F,2025-03-20
28402,AW00028402,Jon,Gray,S,F,2021-02-19
27590,AW00027590,Sydney,Sanchez,,M,2019-02-19
23765,AW00023765,Ian,Ruiz,M,F,2022-05-09
15031,AW00015031,Rob,Huang,M,M,2021-05-15
19458,AW00019458,Eugene,Ross,M,M,2023-08-22
12948,AW00012948,Seth,Perez,M,F,2021-08-13
25026,AW00025026,Rob,Gray,M,M,2023-12-17
18645,AW00018645,Destiny,Watson,S,M,2019-01-02
21717,AW00021717,Shannon,Zhu,M,M,2022-06-12
13604,AW00013604,Ethan,Suarez,S,F,2024-10-15
22021,AW00022021,Jordan, Ward,M,F,2020-07-21
13921,AW00013921, Curtis,Mehta,M,F,2019-11-12
12196,AW00012196,Curtis,Wood,S,M,2021-04-04
23316,AW00023316,Destiny,Johnson,M,F,2023-05-01
22038,AW00022038,Janet,Ruiz,S,F,2020-03-09
20866,AW00020866,Russell,Wood,S,F,2020-05-24
26484,AW00026484,Curtis,Ross,M,F,2023-11-29
26843,AW00026843,Eugene,Diaz,S,M,2020-12-15
25444,AW00025444,Lauren,Carlson,M,M,2021-04-14
21658,AW00021658,Jon,Torres,S,M,2022-01-28
28360,AW00028360,Rob,Carlson,S,M,2019-01-05
15797,AW00015797,Jordan,Bennett,M,F,2019-02-06
23511,AW00023511,Lauren,Gray,S,F,2019-09-21
28933,AW00028933,Chloe,Gray,S,F,2023-04-27
12853,AW00012853,Ruben,Torres,S,F,2020-07-28
13905,AW00013905,Rob ,Gray,M,F,2022-10-12
18196,AW00018196,Marco,Ward,M,M,2024-06-18
20253,AW00020253,Chloe,Zhu,M,M,2022-12-26
19777,AW00019777,Jon,Young,M,M,2021-01-16
19656,AW00019656,Clarence,Walker,S,F,2021-10-06
24920,AW00024920,Elizabeth,Torres,S,F,2019-04-12
25922,AW00025922,Sydney,Lu,S,M,2023-05-11
17042,AW00017042,Janet,Suarez,M,F,2020-02-27
18399,AW00018399,Janet,Ruiz,S,M,2020-08-20
15272,AW00015272,Ian,Gray,S,F,2022-09-16
15705,AW00015705,Wyatt,Carlson,M,F,2020-08-19
12414,AW00012414,Lauren,Alvarez,M,F,2024-09-26
17323,AW00017323,Chloe,Wood ,M,F,2025-02-07
22065,AW00022065,Ian,Yang,M,M,2024-09-08
22913,AW00022913,Clarence,Alvarez,M,M,2023-11-03
16343,AW00016343,Julio,Wood,S,M,2022-05-16
22749,AW00022749,Ruben,Lu,S,F,2021-03-12
11870,AW00011870,Luke,Verhoff,S,F,2024-03-25
20809,AW00020809,Eugene,Diaz,S,M,2021-12-05
23552,AW00023552,Lauren,Jenkins,S,F,2019-09-10
25998,AW00025998,Elizabeth,Perez,S,M,2019-06-07
14553,AW00014553,Russell,Yang,S,F,2023-03-26
28673,AW00028673,Ian,Huang,S,M,2019-09-16
18416,AW00018416,Rob,Perez,M,F,2020-02-28
27550,AW00027550,Jordan,Watson,M,F,2019-09-15
11652,AW00011652,Sydney,Carlson,M,F,2019-12-20
25303,AW00025303,Jacquelyn,Verhoff,M,M,2019-03-05
11258,AW00011258,Ethan,Young,S,M,2019-12-16
14267,AW00014267,Sydney, Diaz,S,M,2021-06-21
15603,AW00015603,Marco,Walker,M,M,2019-10-15
16107,AW00016107,Seth,Alvarez,M,F,2025-05-17
17299,AW00017299,Lauren,Perez,S,F,2019-10-05
13103,AW00013103,Destiny,Huang,S,M,2019-12-09
11526,AW00011526,Ethan,Sanchez,M,M,2022-04-24
22039,AW00022039,Russell,Huang,S,F,2020-06-21
14016,AW00014016,Janet,Mehta,S,M,2025-05-17
23137,AW00023137,Christy,Hill,M,M,2019-06-30
27835,AW00027835,Chloe,Lu,S,M,2019-11-15
14281,AW00014281,Jon,Young,M,F,2023-10-04
13398,AW00013398,Luke,Mehta,M,F,2019-08-21
12242,AW00012242,Russell,Gray,M,M,2024-03-11
19778,AW00019778,Wyatt,Yang,M,M,2025-06-19
20969,AW00020969,Destiny,Perez,S,M,2022-04-07
19704,AW00019704,Marco,Carlson,S,M,2023-02-20
26714,AW00026714,Clarence,Gray,M,F,2020-12-10
15497,AW00015497,Rob,Carlson,S,M,2022-09-27
18038,AW00018038,Eugene,Young,S,M,2022-10-27
15949,AW00015949,Russell,Ruiz,M,F,2024-05-01
26659,AW00026659,Russell,Huang,M,F,2023-07-21
19604,AW00019604,Jon,Yang,S,F,2019-05-29
23654,AW00023654,Russell,Ward,M,F,2023-01-28
17799,AW00017799,Lauren,Perez,M,F,2024-12-25
14710,AW00014710,Shannon,Torres,,F,2024-02-02
28761,AW00028761,Luke,Gray,M,F,2019-06-20
16517,AW00016517,Shannon,Verhoff,M,F,2024-08-05
19512,AW00019512,Destiny,Diaz,S,F,2020-07-03
12214,AW00012214,Russell,Hill,M,F,2020-08-09
12644,AW00012644,Curtis,Watson,S,F,2020-09-11
18230,AW00018230,Ruben,Alvarez,M,M,2024-08-19
16242,AW00016242,Lauren,Gray,M,M,2025-05-25
11732,AW00011732,Ruben,Ward,M,F,2021-07-20
19813,AW00019813,Ian, Watson,M,M,2023-01-13
15188,AW00015188,Ian,Zhu,M,F,2022-06-19
13297,AW00013297,Jacquelyn,Huang,M,F,2023-02-23
12350,AW00012350,Chloe,Hill,S,M,2021-08-21
12142,AW00012142,Seth,Gray,S,F,2020-08-17
24705,AW00024705,Ian,Ruiz,M,M,2019-04-06
28664,AW00028664,Shannon,Wood,M,F,2020-12-24
14595,AW00014595,Russell,Huang,S,M,2022-05-30
23401,AW00023401,Ruben,Diaz,S,M,2021-02-19
16038,AW00016038,Clarence,Huang,,F,2024-12-27
15412,AW00015412,Lauren,Wood,M,M,2024-02-17
27887,AW00027887,Seth,Perez,M,F,2020-12-30
12363,AW00012363,Wyatt,Young,S,F,2024-03-10
12709,AW00012709,Christy,Suarez,S,F,2022-08-20
18908,AW00018908,Jon,Carlson,S,F,2021-04-02
16195,AW00016195,Ethan,Wood,M,,2023-05-08
27169,AW00027169,Chloe,Huang,S,M,2020-05-10
25816,AW00025816,Elizabeth,Watson,M,F,2020-07-04
18179,AW00018179,Ethan,Diaz,S,M,2019-08-31
21850,AW00021850,Christy,Torres ,M,F,2020-04-12
27998,AW00027998,Ian,Carlson,S,M,2024-03-29
26984,AW00026984,Chloe,Mehta,S,F,2021-01-08
12947,AW00012947,Marco,Sanchez,S,F,2023-03-25
14473,AW00014473,Ethan,Diaz,M,M,2023-04-06
11862,AW00011862,Sydney,Zhu,S,F,2021-08-31
28903,AW00028903,Julio,Perez,M,M,2025-02-08
15828,AW00015828,Curtis,Ross,S,F,2025-04-25
11057,AW00011057,Ethan,Sanchez,M,F,2021-04-16
14915,AW00014915,Ethan, Watson,M,F,2021-10-06
27100,AW00027100,Jacquelyn,Hill ,M,M,2024-06-08
15522,AW00015522,Russell,Zhu,S,M,2020-08-10
16723,AW00016723,Luke,Sanchez,S,F,2025-05-05
14412,AW00014412,Eugene,Bennett,S,M,2025-05-27
24358,AW00024358,Ian,Alvarez,M,F,2023-09-14
22827,AW00022827,Eugene,Ward,S,F,2021-08-01
16570,AW00016570,Marco,Sanchez,S,M,2019-10-27
26633,AW00026633,Jon,Ruiz,S,M,2023-10-01
14755,AW00014755,Ethan,Alvarez,S,F,2021-06-08
20470,AW00020470,Janet,Verhoff,S,F,2021-11-24
21825,AW00021825,Ruben,Young,M,F,2024-12-10
11347,AW00011347,Eugene,Watson,S,F,2023-01-02
24924,AW00024924,Shannon ,Ruiz,M,M,2021-06-20
17716,AW00017716, Elizabeth,Huang,S,F,2020-04-10
28288,AW00028288,Jordan,Walker,,F,2024-11-04
16612,AW00016612,Destiny,Ward,M,F,2023-11-17
23571,AW00023571,Ethan,Ross,M,M,2021-01-20
22175,AW00022175,Christy,Zhu,M,M,2025-04-18
18016,AW00018016,Ian,Gray,S,M,2020-10-26
17251,AW00017251,Eugene,Suarez,S,M,2023-05-04
18889,AW00018889,Luke,Watson,S,F,2022-10-05
16673,AW00016673,Destiny,Sanchez,S,M,2022-09-08
12646,AW00012646,Sydney,Watson,S,M,2020-02-22
28702,AW00028702,Ethan,Yang,M,M,2023-03-31
11334,AW00011334,Marco,Jenkins,M,M,2020-03-30
19063,AW00019063,Ethan,Ross,M,M,2019-08-11
13840,AW00013840,Chloe,Young,M,M,2022-08-15
13636,AW00013636,Luke,Walker,S,M,2024-09-28
15804,AW00015804,Julio,Huang ,S,M,2020-08-26
25695,AW00025695, Jordan, Hill,S,F,2019-12-14
18558,AW00018558,Marco,Yang,S,M,2022-11-22
21115,AW00021115,Jordan,Torres,S,M,2024-06-01
16638,AW00016638,Jacquelyn ,Bennett,S,F,2021-10-08
25044,AW00025044,Clarence,Suarez,M,F,2020-07-11
17306,AW00017306,Marco,Lu,S,M,2025-03-18
15256,AW00015256,Julio,Jenkins,S,F,2020-07-11
28053,AW00028053, Lauren,Suarez,M,F,2024-09-16
22735,AW00022735,Curtis,Walker,M,F,2020-02-23
17211,AW00017211,Ruben,Verhoff,S,M,2024-04-01
11507,AW00011507,Wyatt,Gray,M,M,2020-03-14
24435,AW00024435,Wyatt,Alvarez,M,F,2024-05-10
18963,AW00018963,Janet,Torres,S,M,2021-09-17
20429,AW00020429,Clarence ,Sanchez,M,F,2021-07-15
15782,AW00015782,Ethan,Ruiz,M,M,2020-10-25
21419,AW00021419,Julio,Hill,M,M,2019-06-01
13231,AW00013231,Rob,Torres ,S,M,2025-07-01
22500,AW00022500,Shannon,Ross,M,M,2024-06-04
28792,AW00028792,Elizabeth,Watson,S,M,2023-08-28
23543,AW00023543,Ian,Jenkins,M,,2023-07-13
14261,AW00014261,Marco,Mehta,S,F,2025-03-13
16370,AW00016370,Lauren,Jenkins,S,M,2024-10-28
23783,AW00023783,Lauren,Alvarez,S,F,2024-01-05
23680,AW00023680,Sydney,Perez,S,M,2020-09-10
12164,AW00012164,Christy,Ruiz,S,F,2023-08-21
25147,AW00025147,Rob,Ruiz,S,F,2020-11-27
17987,AW00017987,Ruben,Torres,S,F,2019-04-01
25958,AW00025958,Ethan,Carlson,S,F,2019-02-07
20533,AW00020533,Clarence,Perez,M,F,2023-01-11
15694,AW00015694,Marco,Yang,M,F,2021-04-19
20566,AW00020566,Destiny,Bennett,S,F,2019-08-27
25038,AW00025038,Jordan,Ward,M,M,2021-12-17
27006,AW00027006,Russell, Lu,S,F,2019-01-04
21812,AW00021812,Christy,Perez,,M,2020-11-29
18877,AW00018877,Christy,Hill,M,F,2021-01-07
28842,AW00028842,Ruben ,Suarez,M,M,2024-08-05
15818,AW00015818,Janet,Alvarez,S,F,2024-02-23
23780,AW00023780,Ethan,Gray,S,F,2023-03-15
25143,AW00025143,Janet,Wood,S,F,2024-02-10
21005,AW00021005,Lauren,Bennett,M,F,2023-06-04
20636,AW00020636,Jordan,Walker,S,F,2022-01-15
23391,AW00023391,Rob,Verhoff,S,M,2023-04-24
26148,AW00026148,Curtis,Verhoff,M,M,2024-12-09
15033,AW00015033,Julio,Wood,M,F,2019-01-21
22690,AW00022690,Jordan,Zhu,M,F,2020-03-23
16182,AW00016182,Jacquelyn,Yang,M,M,2020-08-08
17730,AW00017730,Destiny,Johnson,M,F,2021-02-24
18819,AW00018819, Ruben,Sanchez,M,M,2023-01-17
18057,AW00018057,Julio,Hill,S,F,2025-07-28
13798,AW00013798,Luke,Jenkins,S,F,2025-01-15
18649,AW00018649,Ethan,Torres,M,F,2020-05-14
25140,AW00025140,Elizabeth,Lu,M,F,2023-04-15
23348,AW00023348,Janet,Ross,M,F,2024-07-04
15254,AW00015254,Sydney,Wood,,F,2019-05-29
14837,AW00014837,Wyatt,Ward,M,F,2023-10-11
23726,AW00023726,Jon,Ward,M,M,2021-06-14
11577,AW00011577,Jordan,Johnson,M,F,2021-01-30
12986,AW00012986,Luke,Wood,S,M,2020-04-25
28682,AW00028682,Shannon,Torres ,M,F,2019-04-04
26929,AW00026929, Seth,Mehta,M,M,2025-05-07
22899,AW00022899,Luke,Jenkins,S,M,2019-03-28
18854,AW00018854,Chloe,Watson,M,F,2022-12-31
20656,AW00020656,Luke,Yang,,F,2023-12-08
20764,AW00020764,Ruben,Gray,S,F,2019-05-27
17451,AW00017451,Wyatt,Mehta,S,M,2019-07-23
14390,AW00014390, Wyatt,Perez,M,M,2024-07-27
15508,AW00015508,Wyatt,Huang,S,M,2022-12-30
14106,AW00014106,Chloe,Suarez,S,M,2020-05-08
19625,AW00019625,Ian,Alvarez,M,M,2023-08-09
12461,AW00012461,Sydney,Ward ,S,M,2022-12-24
26355,AW00026355,Seth,Verhoff,S,F,2021-11-09
25316,AW00025316,Lauren,Young,S,F,2022-05-02
17473,AW00017473,Shannon,Walker,S,F,2021-05-28
13685,AW00013685,Ethan,Carlson ,M,M,2023-07-26
16276,AW00016276,Ethan,Jenkins,M,F,2019-07-09
15417,AW00015417,Sydney,Zhu,S,F,2025-03-11
28234,AW00028234,Shannon,Suarez,S,F,2020-02-24
28972,AW00028972,Destiny,Mehta,S,M,2020-10-06
11458,AW00011458,Sydney,Huang,M,M,2024-10-03
28795,AW00028795,Eugene,Suarez,S,M,2022-05-24
17834,AW00017834,Ethan,Torres,S,F,2023-03-24
17668,AW00017668,Eugene,Suarez,S,F,2023-08-28
19137,AW00019137,Ruben,Young,S,F,2020-11-15
28718,AW00028718,Elizabeth,Ross,S,M,2019-02-27
16046,AW00016046,Christy ,Yang,S,F,2024-06-30
26740,AW00026740,Ian,Young,M,M,2021-10-31
16950,AW00016950,Janet,Young,M,M,2024-11-27
14346,AW00014346,Lauren,Sanchez ,S,F,2023-10-28
14109,AW00014109,Seth,Yang,M,F,2021-04-16
22226,AW00022226,Rob,Mehta,M,M,2023-06-19
14009,AW00014009,Shannon,Ross,S,F,2021-11-19
28562,AW00028562,Chloe,Young,S,M,2019-12-21
25449,AW00025449,Ian ,Jenkins,M,M,2019-08-17
13462,AW00013462,Ruben,Mehta,M,M,2024-12-01
20446,AW00020446,Marco,Gray,S,M,2025-05-23
21287,AW00021287,Lauren,Huang,M,M,2024-10-29
21072,AW00021072,Jacquelyn,Young,S,M,2023-12-31
21719,AW00021719,Jon,Perez,M,F,2019-08-17
21807,AW00021807,Julio,Huang,M,M,2023-09-27
22654,AW00022654,Curtis,Jenkins,S,F,2023-05-21
19959,AW00019959,Russell,Lu,M,M,2025-06-06
18792,AW00018792,Elizabeth,Mehta,S,F,2023-01-03
18222,AW00018222,Ethan,Johnson,S,M,2020-06-03
14893,AW00014893,Wyatt,Bennett,S,F,2019-04-01
20741,AW00020741,Wyatt,Carlson,S,M,2024-04-04
11350,AW00011350,Jacquelyn,Ruiz,M,F,2023-02-13
22821,AW00022821,Destiny,Alvarez,S,M,2023-12-07
18419,AW00018419,Wyatt,Sanchez,S,F,2022-03-26
28215,AW00028215,Ruben,Huang,M,F,2021-03-31
13698,AW00013698,Ian,Jenkins,S,F,2025-03-29
21777,AW00021777,Ian,Huang,M,F,2025-01-15
16233,AW00016233,Destiny,Huang,S,M,2022-12-20
16740,AW00016740,Rob,Ruiz,S,F,2022-11-12
16475,AW00016475,Eugene,Gray,M,M,2019-01-22
12721,AW00012721,Rob,Diaz,M,F,2022-12-10
12445,AW00012445,Ruben,Zhu,S,M,2024-05-18
27568,AW00027568,Ethan,Ward,M,F,2020-06-06
25959,AW00025959,Ruben,Walker,S,F,2024-09-30
27902,AW00027902,Sydney,Ruiz,M,M,2021-02-15
13438,AW00013438,Rob,Ward,M,M,2021-10-20
28648,AW00028648,Marco,Gray,S,M,2020-05-07
23827,AW00023827,Lauren,Yang,S,F,2025-04-09
25116,AW00025116,Ruben,Yang ,M,F,2020-06-24
18348,AW00018348,Jordan,Walker,M,M,2022-02-07
23695,AW00023695,Jacquelyn,Suarez,M,M,2019-03-02
11071,AW00011071,Ruben,Gray,S,M,2023-02-21
22182,AW00022182,Ethan,Alvarez,S,F,2020-08-30
26544,AW00026544,Rob,Ross,M,M,2019-10-12
21652,AW00021652,Wyatt,Johnson,S,M,2020-03-05
15890,AW00015890,Luke,Sanchez,S,M,2019-02-25
27925,AW00027925,Lauren, Perez,M,M,2022-05-08
25310,AW00025310,Luke,Hill,S,F,2024-12-25
22562,AW00022562,Eugene,Ward,M,M,2021-11-15
25697,AW00025697,Julio ,Hill,S,F,2021-04-04
26854,AW00026854,Janet,Perez,M,M,2020-02-23
18974,AW00018974,Clarence,Gray,M,F,2021-10-22
17290,AW00017290,Jordan,Watson,M,F,2024-05-09
17109,AW00017109,Julio,Gray,M,F,2019-10-28
12408,AW00012408,Seth,Zhu,M,M,2020-07-25
16535,AW00016535,Sydney,Wood,S,M,2022-10-26
25067,AW00025067,Chloe,Torres,M,F,2021-11-22
16704,AW00016704,Elizabeth,Ward,M,M,2022-11-29
15853,AW00015853,Rob,Ruiz,S,M,2023-04-22
17920,AW00017920,Jon,Perez,S,M,2023-11-23
22244,AW00022244,Jacquelyn,Mehta,S,M,2022-09-28
28602,AW00028602,Christy,Lu,M,F,2021-03-14
28522,AW00028522,Elizabeth,Young,M,M,2022-12-26
26424,AW00026424,Clarence,Mehta,M,M,2023-11-16
21332,AW00021332,Clarence,Ward,S,M,2022-10-01
21611,AW00021611,Seth ,Zhu,M,M,2022-06-26
22058,AW00022058,Christy,Wood,M,F,2019-08-03
12893,AW00012893,Sydney,Ross,S,,2024-05-24
19598,AW00019598,Ethan,Wood,M,F,2021-03-02
28908,AW00028908,Sydney,Verhoff,S,M,2022-05-22
11717,AW00011717,Lauren,Ruiz,S,M,2022-10-16
13492,AW00013492,Rob,Diaz,,M,2022-02-15
22787,AW00022787,Russell,Verhoff,S,M,2019-12-31
11472,AW00011472, Ruben,Zhu,S,F,2019-07-19
19904,AW00019904,Clarence,Verhoff,S,F,2024-10-14
22029,AW00022029,Curtis,Wood,M,F,2021-01-17
11349,AW00011349,Curtis,Jenkins,M,F,2023-05-03
12431,AW00012431,Jordan,Perez,M,F,2025-05-05
27159,AW00027159,Ruben,Carlson,S,M,2022-05-02
23028,AW00023028,Julio,Yang,S,M,2024-01-22
28270,AW00028270,Jon,Walker,M,M,2024-11-22
20379,AW00020379,Rob,Gray,S,M,2020-11-29
12692,AW00012692,Luke,Carlson,M,F,2023-03-26
14147,AW00014147,Jordan,Watson,S,F,2024-05-20
23056,AW00023056,Julio,Johnson,S,F,2021-05-07
13740,AW00013740,Jacquelyn,Hill,M,F,2024-06-10
20363,AW00020363, Ruben, Verhoff,S,F,2023-01-14
27711,AW00027711,Jacquelyn,Diaz,S,M,2025-06-13
22872,AW00022872,Lauren,Walker,S,F,2020-11-26
28448,AW00028448,Wyatt,Jenkins,M,F,2021-06-12
16959,AW00016959,Chloe,Walker,M,M,2021-11-25
21516,AW00021516,Ian,Ross,S,M,2020-11-22
25479,AW00025479,Seth,Verhoff,S,M,2022-05-14
25068,AW00025068,Jacquelyn,Yang,S,F,2019-07-23
17682,AW00017682,Christy,Ross,M,F,2019-07-19
16510,AW00016510,Ian,Bennett,S,M,2024-01-27
19957,AW00019957,Ian,Verhoff,M,F,2024-08-10
21957,AW00021957,Janet,Carlson,S,F,2025-01-03
15011,AW00015011,Jon,Lu,M,M,2023-01-26
14751,AW00014751,Elizabeth,Diaz,S,F,2023-04-16
23508,AW00023508,Shannon,Suarez,S,F,2020-12-26
28479,AW00028479,Chloe,Gray,M,M,2019-05-06
28367,AW00028367,Elizabeth,Alvarez,S,F,2020-10-29
16417,AW00016417,Russell,Sanchez,S,F,2022-04-29
14438,AW00014438,Russell ,Watson,S,F,2025-02-20
17791,AW00017791,Ethan,Gray,M,M,2023-09-26
15541,AW00015541,Destiny,Suarez,,M,2021-09-23
15168,AW00015168,Marco,Alvarez,M,M,2020-07-02
17014,AW00017014,Luke,Verhoff,S,F,2023-03-07
26926,AW00026926,Shannon,Lu,M,F,2023-05-16
24972,AW00024972, Clarence,Watson,M,F,2019-06-20
23666,AW00023666,Elizabeth,Huang,S,F,2019-04-04
14721,AW00014721,Elizabeth,Suarez,M,F,2019-08-28
11403,AW00011403,Sydney,Watson,M,M,2020-06-11
26013,AW00026013,Shannon,Zhu,M,M,2021-08-22
19179,AW00019179,Julio,Jenkins,S,F,2020-12-02
14524,AW00014524,Clarence, Young,M,F,2024-11-09
12864,AW00012864,Jacquelyn,Alvarez,S,M,2020-01-31
28238,AW00028238,Janet,Torres,S,F,2020-03-05
22111,AW00022111,Clarence,Lu,M,M,2021-04-17
25694,AW00025694,Jon,Jenkins,M,F,2020-12-05
22818,AW00022818,Julio,Yang,M,M,2023-11-19
20012,AW00020012,Jordan,Young,M,M,2023-09-28
22010,AW00022010,Clarence,Wood,S,F,2025-06-22
18171,AW00018171,Wyatt,Wood,M,F,2020-09-24
24034,AW00024034,Lauren,Huang,M,M,2024-08-08
13562,AW00013562,Ian,Carlson,M,F,2023-03-03
21346,AW00021346,Rob,Mehta,S,,2023-06-24
13011,AW00013011,Eugene,Ruiz,M,F,2021-01-10
18992,AW00018992,Jacquelyn,Mehta,S,F,2019-03-01
11688,AW00011688,Luke,Hill,M,F,2022-01-12
18113,AW00018113,Marco,Ward,S,F,2023-05-19
17341,AW00017341,Eugene,Verhoff,M,F,2020-06-23
14650,AW00014650,Janet,Alvarez,M,M,2025-02-11
21939,AW00021939,Jordan,Jenkins,M,M,2019-08-04
17773,AW00017773,Rob,Johnson,M,M,2023-03-09
11678,AW00011678,Jon,Torres,S,F,2020-06-11
28435,AW00028435,Shannon,Ross,S,M,2023-10-02
24442,AW00024442,Jordan,Carlson,S,F,2019-06-02
11191,AW00011191,Russell,Carlson,M,M,2024-01-04
26965,AW00026965,Janet,Gray,M,M,2024-06-01
15620,AW00015620,Jacquelyn,Ruiz,S,F,2019-12-04
11603,AW00011603,Rob,Suarez,M,F,2025-02-19
22447,AW00022447,Rob,Huang,M,M,2021-06-11
16750,AW00016750,Rob,Huang,M,F,2021-05-03
19245,AW00019245,Russell,Perez,M,M,2022-09-14
17094,AW00017094,Julio, Verhoff,S,F,2023-01-08
18099,AW00018099,Ian,Young,S,F,2025-05-16
28936,AW00028936,Curtis,Huang,M,M,2019-09-30
21317,AW00021317,Janet, Mehta,M,F,2022-02-11
20629,AW00020629,Destiny,Walker,S,F,2019-08-19
25820,AW00025820,Shannon,Ruiz,S,M,2021-05-30
21980,AW00021980,Luke,Diaz,M,F,2019-11-12
26571,AW00026571,Wyatt,Verhoff,S,F,2025-03-13
24938,AW00024938,Lauren,Bennett,M,M,2021-06-19
20356,AW00020356,Jacquelyn,Zhu,S,F,2024-09-27
21320,AW00021320,Elizabeth,Zhu,M,M,2022-01-06
24210,AW00024210,Julio,Watson,M,F,2022-11-22
14777,AW00014777,Marco,Ross,M,M,2019-06-15
22543,AW00022543,Jordan,Mehta,S,M,2021-10-03
24730,AW00024730,Chloe,Jenkins,S,F,2023-06-12
14642,AW00014642,Janet,Alvarez,S,M,2019-11-29
20760,AW00020760,Clarence,Ross,S,M,2021-05-31
24712,AW00024712,Janet,Huang,M,M,2022-07-15
21244,AW00021244,Jon, Huang,S,F,2024-02-15
22767,AW00022767,Julio,Gray,M,M,2022-10-15
20431,AW00020431,Elizabeth,Ward,M,M,2021-04-14
18853,AW00018853,Jon,Johnson,S,M,2019-06-05
26082,AW00026082,Luke,Suarez,M,M,2020-11-14
25491,AW00025491,Sydney,Diaz,M,M,2020-01-01
15159,AW00015159,Luke,Jenkins,M,M,2022-05-23
11868,AW00011868,Julio,Perez,S,F,2019-06-16
17665,AW00017665,Clarence,Jenkins,M,F,2019-06-12
21375,AW00021375,Wyatt,Johnson,S,F,2023-11-06
28532,AW00028532,Eugene,Jenkins,M,F,2020-02-23
26622,AW00026622,Christy,Yang,M,M,2022-05-05
20100,AW00020100,Christy, Gray,S,F,2020-03-02
19948,AW00019948,Luke,Hill,M,F,2020-12-06
21869,AW00021869,Ethan,Zhu,S,F,2022-03-28
25326,AW00025326,Ethan,Hill,S,M,2021-10-04
17365,AW00017365,Ian,Ruiz,,M,2022-11-17
26904,AW00026904,Russell,Huang,M,F,2019-05-17
22643,AW00022643,Eugene,Perez,M,M,2019-05-09
25542,AW00025542,Shannon,Perez,M,M,2021-06-04
18114,AW00018114,Ethan,Bennett ,S,M,2020-11-27
12920,AW00012920,Janet,Young,S,M,2024-01-20
28301,AW00028301,Luke,Jenkins,S,M,2023-02-15
28751,AW00028751,Elizabeth,Ward,M,F,2024-02-20
25257,AW00025257,Clarence, Hill,M,F,2019-09-29
15301,AW00015301,Elizabeth,Perez,S,M,2019-04-23
17433,AW00017433,Elizabeth,Huang,M,F,2024-04-12
27460,AW00027460,Luke ,Johnson,M,M,2021-03-10
13411,AW00013411,Elizabeth,Zhu,M,M,2023-02-15
18018,AW00018018,Eugene,Torres,M,M,2024-03-20
17559,AW00017559,Marco,Verhoff,S,M,2024-05-26
26120,AW00026120,Christy,Gray,,M,2019-07-10
20469,AW00020469,Janet,Zhu,S,M,2024-12-15
19983,AW00019983,Jordan,Suarez,S,F,2023-04-26
24707,AW00024707,Julio,Huang,M,M,2021-11-13
25986,AW00025986,Julio,Wood,S,F,2024-02-07
18189,AW00018189,Rob,Perez,M,M,2025-01-25
23063,AW00023063,Ian,Huang,S,F,2019-02-27
21647,AW00021647,Ruben,Diaz ,S,F,2024-01-05
16099,AW00016099,Lauren,Hill,M,M,2022-09-16
11983,AW00011983,Clarence,Ruiz,,F,2022-12-19
17426,AW00017426,Seth,Young,M,F,2024-07-25
22291,AW00022291,Shannon,Johnson,M,M,2023-09-12
17230,AW00017230,Janet,Walker,M,M,2024-09-24
20186,AW00020186,Shannon,Lu,S,M,2024-05-07
17457,AW00017457,Ruben,Wood,M,F,2020-02-18
25587,AW00025587,Wyatt,Young,M,F,2022-10-20
11169,AW00011169,Sydney,Gray,M,F,2022-01-20
24135,AW00024135,Clarence,Watson,S,M,2023-01-15
21918,AW00021918,Ruben,Gray,M,M,2019-09-22
14537,AW00014537,Jordan,Watson,S,M,2019-09-22
16921,AW00016921,Sydney,Yang,M,M,2020-05-10
26070,AW00026070,Julio,Diaz,S,F,2024-11-08
20836,AW00020836,Janet,Diaz,S,F,2021-03-08
12647,AW00012647,Clarence,Huang,S,M,2020-04-28
23100,AW00023100,Chloe,Lu,S,M,2019-07-09
17038,AW00017038,Shannon,Young ,M,F,2021-09-24
16904,AW00016904,Chloe,Verhoff,S,M,2020-08-18
20068,AW00020068,Marco,Zhu,M,M,2022-07-23
13737,AW00013737,Jon,Alvarez,M,M,2025-07-21
15183,AW00015183,Lauren,Walker,M,F,2021-01-14
22421,AW00022421,Christy,Diaz,,M,2020-01-30
22850,AW00022850,Rob, Bennett,S,M,2024-01-28
14649,AW00014649,Chloe,Wood,M,F,2020-05-11
13910,AW00013910,Ruben,Gray,M,F,2020-08-20
26108,AW00026108,Destiny,Zhu,M,F,2020-05-25
11831,AW00011831,Chloe,Young,S,M,2024-07-06
28219,AW00028219,Rob,Hill ,M,M,2021-08-22
13417,AW00013417,Jordan,Ross,S,F,2020-06-15
13799,AW00013799,Chloe,Carlson,M,M,2019-11-06
24280,AW00024280,Luke, Ruiz,S,F,2019-04-14
19362,AW00019362, Ian,Suarez,M,F,2019-02-11
18495,AW00018495,Julio,Huang,S,F,2020-09-10
26689,AW00026689,Lauren,Diaz,S,F,2022-04-22
18814,AW00018814,Julio,Alvarez,S,M,2022-11-23
21439,AW00021439,Eugene,Ward,,M,2022-11-04
23255,AW00023255,Luke,Young ,M,F,2019-01-13
14658,AW00014658,Jon,Ruiz,S,F,2025-01-05
27797,AW00027797,Janet,Perez,S,M,2022-08-19
22431,AW00022431,Marco,Zhu,S,F,2020-07-17
21185,AW00021185,Julio,Bennett,M,M,2024-07-22
15457,AW00015457,Jon,Johnson,M,F,2019-02-22
28316,AW00028316,Sydney,Johnson,S,F,2019-09-16
15038,AW00015038,Curtis, Wood,S,M,2020-04-20
20967,AW00020967,Christy,Johnson,M,M,2025-04-28
16376,AW00016376,Shannon,Alvarez,S,M,2021-02-27
15998,AW00015998,Julio,Ward,M,M,2023-07-29
13694,AW00013694,Eugene,Ward,S,F,2025-04-18
11036,AW00011036,Jacquelyn,Yang,S,M,2019-01-30
20968,AW00020968,Marco,Bennett,,M,2020-10-09
22758,AW00022758,Curtis,Verhoff,S,F,2020-06-02
11107,AW00011107,Ruben,Gray,M,M,2022-01-17
15259,AW00015259,Seth,Sanchez,M,F,2022-12-14
14816,AW00014816,Rob,Ruiz,S,M,2022-03-15
24651,AW00024651, Eugene,Gray,S,F,2023-10-20
27757,AW00027757,Jordan,Bennett,S,M,2021-09-06
20828,AW00020828,Russell,Ward,S,F,2021-10-12
28806,AW00028806,Julio,Yang,S,F,2021-04-08
11208,AW00011208,Julio,Torres,M,M,2024-07-31
22361,AW00022361,Seth,Diaz,M,F,2020-06-08
12815,AW00012815, Destiny,Yang,M,M,2023-06-17
16785,AW00016785,Jordan,Ross,S,,2022-08-20
27166,AW00027166,Eugene,Carlson,S,F,2021-12-29
11622,AW00011622,Jacquelyn,Johnson,S,F,2019-12-12
14374,AW00014374,Ian,Torres,M,F,2020-08-29
12182,AW00012182,Eugene,Zhu,M,M,2020-10-22
25667,AW00025667,Chloe,Verhoff,M,F,2025-03-30
14074,AW00014074,Jacquelyn,Sanchez,M,M,2025-05-20
18403,AW00018403,Seth,Walker,S,M,2022-05-17
17025,AW00017025,Ian,Torres,M,F,2024-04-10
18705,AW00018705,Curtis,Torres,M,F,2023-01-10
11286,AW00011286,Ian,Zhu,S,F,2023-06-29
16312,AW00016312,Sydney,Yang,M,M,2020-10-23
14416,AW00014416,Chloe,Wood,M,M,2019-05-14
24874,AW00024874,Luke,Carlson,S,F,2019-12-12
12700,AW00012700,Wyatt,Yang ,S,M,2019-03-19
18988,AW00018988,Elizabeth,Huang,S,F,2022-10-10
19582,AW00019582,Ethan,Verhoff,S,F,2024-04-09
28576,AW00028576,Lauren,Ward,M,M,2020-07-25
16430,AW00016430,Chloe,Ward,M,F,2021-04-20
11026,AW00011026,Jon,Perez,M,M,2024-09-10
19648,AW00019648,Sydney,Wood,M,F,2023-01-01
12448,AW00012448,Jon,Perez,S,M,2020-06-11
15644,AW00015644,Ian ,Ruiz,S,M,2020-11-19
26592,AW00026592,Sydney,Huang,S,M,2019-02-06
12161,AW00012161,Sydney,Walker,M,F,2024-03-04
14430,AW00014430,Ruben ,Ward,M,F,2019-08-02
22184,AW00022184,Jordan,Ross,S,F,2021-07-10
22969,AW00022969,Christy,Hill,S,F,2024-11-26
26076,AW00026076,Christy,Sanchez,S,F,2020-11-01
24770,AW00024770,Elizabeth,Carlson,M,M,2023-08-15
24765,AW00024765,Ethan,Wood,M,M,2020-03-28
23785,AW00023785,Ian,Suarez,,F,2023-01-15
18883,AW00018883,Jon,Diaz,M,M,2024-03-19
15416,AW00015416,Destiny,Wood,M,M,2023-06-17
23506,AW00023506,Shannon,Verhoff,M,F,2025-01-03
23349,AW00023349,Luke,Torres,S,M,2020-10-04
14620,AW00014620,Lauren,Lu,M,M,2021-06-06
16165,AW00016165,Ruben,Jenkins,S,F,2023-07-04
20386,AW00020386,Chloe,Ward,S,M,2023-07-11
23756,AW00023756,Elizabeth,Ruiz,M,M,2020-04-26
12937,AW00012937,Eugene,Perez,M,F,2021-08-14
25539,AW00025539,Luke,Mehta,M,F,2024-01-24
23182,AW00023182,Ruben,Young,M,M,2021-07-25
18789,AW00018789,Luke,Ruiz,M,F,2019-04-02
12849,AW00012849,Jon ,Torres,M,F,2022-11-08
14342,AW00014342,Marco,Ruiz,M,M,2022-07-09
15755,AW00015755,Destiny,Hill,M,M,2022-03-01
25778,AW00025778,Curtis,Walker,M,M,2021-06-12
14179,AW00014179,Chloe,Zhu,M,F,2025-02-24
16319,AW00016319,Jon,Johnson,M,F,2019-05-02
16600,AW00016600,Shannon,Bennett,S,M,2021-03-01
14446,AW00014446,Seth,Huang,S,M,2019-07-10
26873,AW00026873,Luke,Zhu,M,F,2022-06-21
14146,AW00014146,Russell,Walker,M,F,2023-05-20
26970,AW00026970,Clarence,Ruiz ,S,M,2025-05-05
28707,AW00028707,Christy,Yang ,S,M,2019-03-12
21784,AW00021784,Wyatt,Zhu,M,F,2024-07-22
12290,AW00012290,Destiny,Sanchez,M,F,2021-09-17
26687,AW00026687,Sydney,Wood,M,F,2020-10-19
28300,AW00028300,Christy,Lu,M,F,2020-03-18
25894,AW00025894,Sydney,Bennett,M,M,2022-02-02
23537,AW00023537,Jon,Torres,S,M,2020-07-26
20957,AW00020957,Seth,Walker,M,F,2024-02-20
24355,AW00024355, Ethan,Ward,,F,2022-09-26
22166,AW00022166,Marco,Bennett ,S,M,2023-12-26
16297,AW00016297,Ruben,Jenkins,S,M,2022-07-31
25321,AW00025321,Luke,Suarez,M,F,2022-03-20
16694,AW00016694,Jacquelyn,Jenkins,S,F,2021-04-02
26792,AW00026792,Clarence,Ross,S,F,2024-10-24
23629,AW00023629,Jon,Ward,S,F,2025-01-05
22264,AW00022264,Janet,Ross,S,F,2025-05-28
16178,AW00016178,Sydney,Verhoff,M,F,2021-05-05
13192,AW00013192,Julio,Alvarez,M,F,2024-05-26
24551,AW00024551,Christy,Ward,M,F,2019-12-03
25008,AW00025008,Eugene,Walker,M,M,2021-10-11
18588,AW00018588,Janet,Lu,S,M,2020-04-07
28466,AW00028466,Eugene,Hill,M,F,2020-03-30
21992,AW00021992,Jacquelyn,Johnson,S,F,2024-08-26
27857,AW00027857,Seth,Suarez,S,F,2019-02-28
16193,AW00016193,Wyatt,Hill,S,M,2021-04-19
14060,AW00014060,Russell,Torres,S,M,2020-01-11
24188,AW00024188,Marco,Bennett,S,F,2024-10-12
22100,AW00022100,Janet,Watson,M,M,2020-12-04
16252,AW00016252,Luke, Yang,M,M,2021-08-22
19840,AW00019840,Julio,Hill,S,M,2022-11-13
19729,AW00019729,Jordan, Watson,M,M,2021-02-10
12352,AW00012352,Russell,Ward,M,M,2020-03-27
15404,AW00015404,Marco, Jenkins,M,F,2019-03-27
24066,AW00024066,Janet,Suarez,M,M,2024-07-17
13703,AW00013703,Janet,Jenkins,M,F,2023-01-27
18703,AW00018703,Sydney,Walker,M,F,2020-05-28
26245,AW00026245,Lauren,Young,M,M,2022-03-21
23346,AW00023346,Eugene,Sanchez,S,F,2020-12-25
16586,AW00016586,Jon,Carlson,M,M,2022-07-13
13713,AW00013713, Russell, Diaz,M,M,2020-10-23
26668,AW00026668,Janet, Diaz,M,F,2024-08-25
18321,AW00018321,Ian,Carlson,S,M,2019-08-23
17535,AW00017535,Wyatt,Sanchez,M,F,2024-10-17
11415,AW00011415,Eugene,Sanchez,S,M,2019-03-19
13481,AW00013481,Russell,Jenkins,M,F,2020-07-05
17231,AW00017231,Jon,Ward,M,M,2019-08-26
13404,AW00013404,Ian,Diaz,S,F,2020-06-14
26421,AW00026421,Eugene,Torres,S,M,2022-10-10
20441,AW00020441,Clarence,Sanchez,M,M,2022-04-17
12697,AW00012697,Russell,Verhoff,S,M,2019-04-12
14686,AW00014686,Elizabeth,Suarez,S,F,2019-06-06
19046,AW00019046,Ian,Yang,S,M,2021-06-15
16711,AW00016711,Ethan,Jenkins,S,F,2023-07-30
28876,AW00028876,Rob,Walker,S,M,2024-08-09
17704,AW00017704,Clarence,Alvarez,M,M,2020-08-31
18586,AW00018586,Eugene,Young,M,M,2023-10-05
27284,AW00027284,Curtis,Alvarez,M,F,2022-08-27
21077,AW00021077,Destiny,Bennett,M,M,2019-11-29
16207,AW00016207,Curtis,Young,M,M,2020-12-06
14149,AW00014149,Jordan,Zhu,S,M,2019-07-24
23999,AW00023999,Luke,Walker,S,M,2023-03-03
18891,AW00018891, Lauren,Jenkins,M,F,2020-06-08
23658,AW00023658,Janet,Young,S,M,2021-10-07
13317,AW00013317,Russell, Lu,M,F,2021-11-04
15099,AW00015099,Jon,Alvarez,S,F,2019-02-15
16594,AW00016594,Ethan,Lu,S,M,2020-08-26
14072,AW00014072,Ruben,Young,M,M,2023-10-28
16005,AW00016005,Curtis,Mehta,M,F,2024-08-15
28093,AW00028093,Curtis,Huang,S,M,2019-02-07
17903,AW00017903,Lauren,Lu ,M,F,2024-03-10
20574,AW00020574,Chloe,Young,M,M,2021-02-20
25482,AW00025482, Seth,Mehta,M,F,2021-12-13
16349,AW00016349,Janet,Torres,S,M,2022-03-31
13766,AW00013766,Ian,Ward,M,M,2023-12-21
27862,AW00027862,Seth,Ward,M,F,2021-06-28
19516,AW00019516,Curtis,Huang,S,F,2020-09-18
25002,AW00025002,Ian,Lu,M,M,2022-04-18
16390,AW00016390,Lauren,Ruiz,M,M,2024-09-23
24521,AW00024521,Jon,Young,S,F,2019-06-22
27057,AW00027057,Ruben,Ross,S,F,2019-08-03
12473,AW00012473,Curtis,Alvarez,M,M,2023-07-14
14397,AW00014397,Janet,Perez,S,F,2020-02-04
,,Ruben,Alvarez,,,2024-01-01
11970,AW00011970,Rob,Watson,M,F,2023-06-07
20526,AW00020526,Ian,Verhoff,S,M,2024-02-21
28535,AW00028535,Jon,Torres,S,F,2019-08-19
21848,AW00021848,Jacquelyn,Watson,M,M,2020-12-21
22534,AW00022534,Lauren,Carlson,S,F,2019-01-13
13337,AW00013337,Ruben,Carlson,S,M,2024-04-22
27593,AW00027593,Ethan,Ruiz,S,F,2022-08-12
27355,AW00027355,Ethan,Suarez,S,M,2019-11-20
14140,AW00014140,Jon,Bennett,M,M,2021-01-27
18079,AW00018079,Rob,Alvarez,S,M,2021-03-16
28255,AW00028255,Julio, Jenkins,S,F,2022-04-30
12704,AW00012704,Ian,Yang,M,F,2021-11-19
11875,AW00011875, Clarence,Wood,M,M,2022-12-02
24253,AW00024253,Wyatt,Bennett,S,F,2020-08-04
18339,AW00018339,Rob,Suarez,S,M,2021-11-03
23105,AW00023105,Destiny,Mehta,S,M,2021-05-05
11582,AW00011582, Ethan,Young,M,F,2024-06-24
11544,AW00011544,Julio,Walker,M,F,2024-07-04
19554,AW00019554,Ethan,Young,S,F,2022-04-18
27276,AW00027276,Eugene,Huang,S,M,2022-02-16
18251,AW00018251,Ethan,Ross,S,F,2022-04-25
13181,AW00013181,Janet,Walker,M,M,2022-07-23
16908,AW00016908,Julio,Zhu,S,M,2023-07-21
12017,AW00012017,Jordan,Ross,M,F,2023-12-28
23957,AW00023957,Jacquelyn,Alvarez,M,F,2020-05-29
23528,AW00023528,Ian,Johnson,M,F,2023-06-08
22929,AW00022929,Destiny,Wood,M,F,2024-09-30
27403,AW00027403,Jon ,Bennett,M,M,2019-02-24
14209,AW00014209,Chloe,Mehta,M,M,2020-02-20
12251,AW00012251,Shannon,Huang,M,M,2019-01-04
16848,AW00016848,Ian,Mehta,M,F,2019-04-23
23352,AW00023352,Julio,Young,S,F,2024-03-13
20709,AW00020709,Russell,Young,S,M,2023-12-06
14395,AW00014395,Christy,Johnson,M,M,2022-04-12
23584,AW00023584,Seth,Young,M,M,2021-07-30
20053,AW00020053,Ruben, Diaz,,M,2022-09-24
11243,AW00011243,Ethan,Yang,S,M,2023-01-07
14378,AW00014378,Jacquelyn,Yang,S,F,2024-08-14
16155,AW00016155,Rob,Carlson,S,M,2022-05-01
22951,AW00022951,Christy,Wood ,M,F,2020-07-26
26000,AW00026000,Sydney,Sanchez,S,M,2020-01-13
18176,AW00018176,Jacquelyn,Young,S,M,2020-03-27
28249,AW00028249,Julio,Young,S,M,2023-06-15
11142,AW00011142,Destiny,Gray,M,F,2019-03-12
23736,AW00023736,Shannon,Carlson,S,F,2021-01-20
26032,AW00026032,Elizabeth,Suarez,M,F,2023-12-30
23239,AW00023239,Sydney,Suarez,S,F,2024-11-18
13719,AW00013719,Marco,Bennett,S,M,2019-05-13
11111,AW00011111,Eugene,Alvarez,M,F,2025-07-20
24828,AW00024828,Christy,Sanchez,M,F,2018-10-28
24990,AW00024990,Russell,Walker,S,M,2021-03-24
28910,AW00028910,Ethan,Yang,S,F,2024-08-01
22755,AW00022755,Seth,Johnson,S,F,2023-01-28
16001,AW00016001,Clarence,Verhoff,M,F,2019-08-29
27541,AW00027541,Rob,Ross,M,M,2019-12-10
17823,AW00017823,Luke,Mehta,M,M,2024-05-27
16279,AW00016279,Russell,Mehta,S,F,2022-12-22
22009,AW00022009,Ethan,Yang,S,M,2021-08-22
15003,AW00015003,Jon,Bennett,M,M,2023-06-22
14902,AW00014902,Jordan,Zhu,M,F,2019-05-10
19210,AW00019210,Julio,Suarez,S,M,2021-02-21
13007,AW00013007,Rob,Yang,S,F,2021-06-29
19297,AW00019297,Clarence,Ruiz,M,M,2022-05-14
13999,AW00013999,Julio,Johnson,M,M,2020-04-01
18157,AW00018157,Clarence,Torres,M,M,2023-04-26
26671,AW00026671,Shannon,Alvarez,S,F,2022-08-25
22632,AW00022632,Chloe,Torres,M,M,2021-10-25
25706,AW00025706,Elizabeth,Jenkins,S,M,2019-10-08
26023,AW00026023,Clarence,Huang,S,M,2023-11-15
14291,AW00014291,Clarence,Young,M,,2021-08-25
19278,AW00019278,Wyatt,Zhu,M,F,2021-04-07
25480,AW00025480,Luke,Mehta,M,M,2021-06-01
22441,AW00022441,Shannon,Walker,S,F,2022-06-28
18382,AW00018382,Russell,Verhoff,S,M,2020-10-08
16147,AW00016147,Lauren,Carlson,M,M,2021-02-01
27984,AW00027984,Julio,Mehta,S,F,2025-07-23
26916,AW00026916,Luke,Verhoff ,M,F,2022-11-12
14824,AW00014824,Clarence,Huang,S,M,2019-06-08
28153,AW00028153,Ian, Wood,S,F,2019-07-18
23393,AW00023393,Ethan,Hill,S,F,2024-08-12
28899,AW00028899,Sydney,Huang,M,F,2022-12-10
16620,AW00016620,Destiny,Torres,S,F,2019-09-09
28185,AW00028185,Ruben,Hill,S,M,2024-09-08
13349,AW00013349,Lauren,Johnson,M,M,2024-03-10
28698,AW00028698,Julio,Lu,M,M,2022-12-16
14961,AW00014961,Jon,Alvarez,M,M,2019-10-26
12817,AW00012817,Wyatt ,Sanchez,M,F,2022-10-27
20306,AW00020306,Lauren,Wood,M,F,2021-09-12
15207,AW00015207,Christy,Jenkins,S,F,2021-07-17
15121,AW00015121,Ethan,Lu,S,F,2020-03-11
27127,AW00027127,Marco,Yang,S,F,2020-05-29
24007,AW00024007,Jordan,Verhoff,M,M,2025-02-24
19069,AW00019069,Wyatt,Jenkins,S,F,2019-03-09
17430,AW00017430,Elizabeth,Torres,M,F,2021-08-30
23886,AW00023886,Seth,Jenkins,M,F,2020-08-02
17067,AW00017067,Eugene,Carlson,M,M,2024-01-17
11886,AW00011886,Jon,Bennett,M,M,2019-12-25
16882,AW00016882,Seth,Sanchez,M,M,2024-05-21
16622,AW00016622,Lauren,Hill,M,M,2021-05-24
28570,AW00028570,Elizabeth,Sanchez,M,F,2019-08-25
15808,AW00015808,Shannon,Ruiz,M,M,2022-03-29
23232,AW00023232,Destiny,Watson,M,M,2020-07-09
28589,AW00028589,Seth,Diaz,M,M,2020-05-08
17994,AW00017994,Jon,Yang,S,M,2019-12-20
19627,AW00019627,Russell,Diaz,S,F,2021-05-12
27972,AW00027972,Julio,Suarez,S,F,2021-05-21
20389,AW00020389,Jordan,Lu,S,F,2020-05-19
16048,AW00016048,Curtis,Huang,S,F,2019-12-19
17017,AW00017017,Jacquelyn,Ross,M,F,2021-10-04
20174,AW00020174,Ruben ,Lu,M,F,2020-02-15
12203,AW00012203,Clarence,Suarez,M,F,2019-08-18
17548,AW00017548,Marco,Sanchez,S,F,2019-04-19
14436,AW00014436,Janet,Perez,S,M,2024-09-18
11871,AW00011871,Seth,Johnson,S,M,2022-08-14
14071,AW00014071,Shannon,Watson,S,M,2019-09-10
22527,AW00022527,Chloe,Lu,M,F,2024-12-16
21846,AW00021846,Jacquelyn,Walker,S,F,2025-01-09
23266,AW00023266,Sydney,Zhu,M,M,2019-01-30
28958,AW00028958,Wyatt,Ward,M,M,2023-05-03
16186,AW00016186,Luke,Gray,S,M,2022-09-11
18148,AW00018148,Eugene,Watson,S,F,2022-07-06
14987,AW00014987, Seth,Hill,M,F,2023-11-13
26586,AW00026586,Lauren,Carlson,M,M,2022-02-12
28582,AW00028582,Christy,Suarez,S,M,2024-12-07
15827,AW00015827,Ruben,Ruiz,S,F,2021-06-29
27979,AW00027979,Elizabeth,Gray,M,F,2021-05-31
12151,AW00012151,Jordan,Young,M,M,2023-05-07
26253,AW00026253,Luke,Torres,M,M,2019-07-26
16505,AW00016505,Luke,Sanchez,M,M,2025-02-09
23490,AW00023490,Destiny,Huang,M,F,2023-05-05
17647,AW00017647,Jacquelyn,Perez,S,F,2023-07-26
24519,AW00024519,Ruben,Ruiz,S,F,2023-01-01
14920,AW00014920,Wyatt,Sanchez,M,F,2023-03-06
12877,AW00012877,Destiny,Perez,S,M,2021-08-10
24533,AW00024533,Chloe,Ross,S,M,2024-06-25
14809,AW00014809,Russell,Watson,S,M,2020-07-30
27009,AW00027009,Christy,Bennett,M,M,2025-05-07
14785,AW00014785,Jon,Sanchez,M,F,2019-12-05
14298,AW00014298,Elizabeth,Mehta,M,F,2024-03-09
23767,AW00023767,Sydney,Perez,S,M,2020-04-01
22382,AW00022382,Clarence,Jenkins,M,F,2020-09-19
23220,AW00023220,Jon,Torres,S,M,2025-05-26
11866,AW00011866,Destiny,Gray,M,M,2021-03-03
19391,AW00019391,Eugene,Gray,M,M,2023-12-01
12579,AW00012579,Christy,Young,S,F,2022-12-31
27175,AW00027175,Janet, Ward,M,M,2020-08-08
16440,AW00016440,Rob,Hill,M,F,2025-03-17
17217,AW00017217,Destiny,Jenkins,M,M,2023-05-16
11730,AW00011730,Rob,Bennett,M,F,2021-07-15
15599,AW00015599,Shannon,Walker,M,M,2023-04-12
11933,AW00011933,Ian,Suarez,S,F,2024-05-15
21956,AW00021956,Elizabeth,Diaz,M,F,2024-09-27
24603,AW00024603,Marco,Watson,S,M,2024-11-14
16819,AW00016819,Luke,Wood,S,F,2025-05-12
17946,AW00017946,Julio,Yang,S,F,2021-12-15
28453,AW00028453,Seth,Zhu,M,M,2022-10-04
26572,AW00026572,Wyatt,Bennett,S,F,2020-01-15
26856,AW00026856,Jordan,Hill,S,M,2024-08-03
21536,AW00021536,Russell,Ward,S,F,2019-10-12
22511,AW00022511,Eugene, Jenkins,M,F,2024-09-09
21141,AW00021141,Clarence,Sanchez,M,M,2024-03-26
13256,AW00013256,Curtis,Mehta,S,M,2023-03-03
17063,AW00017063,Shannon,Torres,S,F,2023-07-03
19591,AW00019591,Eugene,Verhoff,M,F,2025-03-27
19082,AW00019082,Ethan,Watson,M,M,2024-10-31
23181,AW00023181,Russell,Verhoff,M,F,2019-07-08
11841,AW00011841,Christy,Zhu,S,M,2022-10-30
14618,AW00014618,Elizabeth,Walker,M,M,2023-11-14
19737,AW00019737,Marco,Gray,M,M,2024-12-15
14845,AW00014845,Christy,Carlson,M,M,2019-10-05
12854,AW00012854,Chloe,Verhoff,S,M,2019-03-15
19495,AW00019495,Shannon,Walker,S,M,2024-04-05
22301,AW00022301,Jordan,Jenkins,S,M,2025-06-27
25624,AW00025624,Ian,Alvarez,S,M,2020-08-03
26197,AW00026197,Ruben,Ward,S,M,2022-12-22
13542,AW00013542,Chloe,Walker,M,F,2020-01-17
12994,AW00012994,Chloe,Gray,M,F,2025-01-13
21495,AW00021495,Rob,Sanchez,S,M,2024-05-12
22601,AW00022601,Jon,Jenkins,S,F,2020-04-03
25358,AW00025358,Jordan,Young,M,M,2025-01-21
11762,AW00011762,Destiny,Mehta,S,F,2023-08-05
13251,AW00013251,Jordan,Walker,M,M,2025-05-12
12680,AW00012680,Chloe,Ross,M,F,2024-06-28
19005,AW00019005,Ruben,Bennett,S,F,2023-01-02
24499,AW00024499,Ruben,Lu,M,M,2021-02-09
16650,AW00016650,Jon,Wood,M,M,2019-02-02
12979,AW00012979,Curtis,Yang,S,M,2019-05-18
15208,AW00015208,Luke,Gray,S,M,2023-06-19
15866,AW00015866,Jacquelyn ,Lu,S,F,2020-01-21
14213,AW00014213,Eugene, Verhoff,M,F,2019-10-02
17034,AW00017034,Shannon,Yang,M,F,2024-05-24
26446,AW00026446,Ruben,Wood,,F,2022-11-15
27164,AW00027164,Ethan,Mehta,S,M,2025-02-10
24101,AW00024101,Janet,Zhu,S,F,2020-10-07
19969,AW00019969,Jacquelyn,Walker,S,M,2020-08-10
15034,AW00015034,Eugene,Torres ,M,M,2020-10-21
25565,AW00025565,Clarence,Ward,M,M,2023-08-11
13211,AW00013211,Luke,Huang,M,F,2021-05-17
28116,AW00028116,Ruben,Ross,M,F,2024-02-08
25415,AW00025415,Marco,Zhu,S,,2023-03-21
23223,AW00023223,Shannon,Mehta,M,F,2022-03-29
22359,AW00022359,Jacquelyn,Verhoff,M,M,2025-05-06
25903,AW00025903,Christy,Johnson,M,F,2022-11-19
25210,AW00025210,Shannon,Diaz,M,M,2020-11-23
28311,AW00028311,Seth,Verhoff,M,M,2019-04-01
16121,AW00016121,Ian,Zhu,M,M,2022-06-22
27679,AW00027679,Curtis,Young,S,M,2021-03-28
22587,AW00022587,Marco,Wood,S,F,2020-03-19
19134,AW00019134,Clarence,Ross,S,M,2024-01-16
13348,AW00013348,Wyatt,Lu,S,F,2019-08-08
19204,AW00019204,Russell,Perez,M,M,2019-04-19
12803,AW00012803,Rob,Wood,,M,2019-12-11
23823,AW00023823,Christy,Walker,S,F,2020-07-12
23324,AW00023324,Christy,Carlson,M,M,2024-11-05
28350,AW00028350,Rob,Johnson,S,F,2024-09-30
25387,AW00025387,Julio,Gray,M,M,2022-03-05
13122,AW00013122,Ruben,Suarez,S,M,2023-04-27
11362,AW00011362,Curtis,Walker,M,F,2021-10-19
25001,AW00025001,Julio,Hill,S,M,2022-12-09
16344,AW00016344,Chloe,Watson,S,M,2019-09-28
13246,AW00013246,Ian,Hill,,M,2021-10-21
23639,AW00023639,Janet,Ward,S,M,2020-12-23
23644,AW00023644,Seth, Suarez,S,M,2021-11-30
15863,AW00015863,Luke,Sanchez,S,F,2022-07-15
11657,AW00011657,Marco,Wood,M,M,2022-10-04
21127,AW00021127,Clarence,Watson,S,F,2025-03-16
12537,AW00012537,Ethan,Zhu,S,F,2023-05-11
12992,AW00012992,Ethan,Yang,S,F,2019-07-09
16006,AW00016006,Ruben,Gray,M,F,2022-02-14
15912,AW00015912,Lauren,Lu ,M,F,2020-04-21
20578,AW00020578,Seth,Sanchez,S,M,2023-06-26
25043,AW00025043,Eugene,Ruiz,M,F,2022-12-25
14221,AW00014221,Eugene,Hill,S,M,2024-11-18
21000,AW00021000,Marco,Bennett,,M,2021-07-24
22476,AW00022476,Ethan,Hill ,M,F,2024-10-31
12628,AW00012628,Lauren,Young,,,2019-09-06
21162,AW00021162,Christy,Gray,M,F,2023-05-07
27267,AW00027267,Marco,Wood,S,F,2020-02-15
26415,AW00026415,Ethan,Young,S,F,2019-08-06
20399,AW00020399,Janet,Ross,M,M,2019-08-18
14811,AW00014811,Jordan, Ruiz,M,M,2025-04-02
15270,AW00015270,Shannon,Sanchez,M,F,2022-06-21
21116,AW00021116,Wyatt,Carlson,M,F,2020-10-26
13662,AW00013662,Wyatt,Lu,M,F,2024-12-31
25637,AW00025637,Wyatt ,Ruiz,M,M,2024-08-01
24639,AW00024639,Marco ,Sanchez,M,,2024-08-18
27704,AW00027704,Jordan,Johnson,S,M,2023-12-18
22026,AW00022026,Janet,Watson,M,M,2020-12-30
28474,AW00028474,Ian ,Yang,M,M,2020-09-14
18739,AW00018739,Eugene,Yang,M,,2019-01-08
15889,AW00015889,Julio,Mehta,S,M,2021-07-03
18218,AW00018218,Jacquelyn ,Watson,S,M,2023-01-14
14024,AW00014024,Elizabeth,Ross,M,M,2020-09-09
26162,AW00026162,Destiny,Wood,M,F,2023-08-24
21915,AW00021915,Christy,Yang,M,F,2021-04-28
23951,AW00023951,Lauren,Bennett,M,F,2020-08-11
25019,AW00025019,Jordan,Perez,M,M,2021-07-20
18754,AW00018754,Russell,Mehta,M,M,2025-01-14
24715,AW00024715,Chloe,Hill,M,M,2023-01-28
23315,AW00023315,Julio,Wood,M,M,2024-05-01
11675,AW00011675,Sydney,Zhu,S,M,2019-02-18
15134,AW00015134,Destiny,Alvarez,S,M,2019-09-28
15982,AW00015982,Eugene,Bennett,S,M,2019-05-08
26041,AW00026041,Rob,Lu,S,F,2022-05-21
25703,AW00025703,Wyatt,Alvarez,M,M,2023-08-29
11912,AW00011912,Clarence,Zhu,S,M,2022-02-23
22471,AW00022471,Seth,Sanchez,M,M,2020-02-10
24422,AW00024422,Jordan,Lu,S,F,2019-12-08
11710,AW00011710,Jon,Verhoff,S,M,2019-10-05
27813,AW00027813,Jon,Lu,S,F,2022-06-15
19135,AW00019135,Lauren,Verhoff,M,M,2022-10-23
14815,AW00014815,Elizabeth,Carlson,S,F,2022-08-01
16078,AW00016078,Rob,Yang,M,F,2023-05-29
13410,AW00013410,Seth,Johnson,M,F,2025-02-28
14745,AW00014745,Chloe,Ruiz,S,F,2022-11-14
13336,AW00013336,Elizabeth,Perez,S,F,2025-07-25
21437,AW00021437,Jacquelyn,Walker,S,F,2020-05-08
22989,AW00022989,Janet,Watson,M,F,2024-12-13
19109,AW00019109,Eugene,Huang,S,M,2025-02-11
22867,AW00022867,Christy,Jenkins,S,M,2025-02-09
26259,AW00026259,Jordan,Gray,M,F,2025-04-06
18461,AW00018461,Julio,Ross,S,M,2024-12-03
18592,AW00018592,Clarence,Mehta,M,F,2025-06-28
16326,AW00016326,Rob,Diaz,S,M,2021-05-05
13036,AW00013036,Christy,Jenkins,M,M,2019-12-14
27800,AW00027800,Shannon,Wood,M,F,2024-05-31
20121,AW00020121,Jordan,Lu,M,M,2023-04-11
13321,AW00013321,Marco,Ward,S,F,2024-08-01
21355,AW00021355,Julio,Carlson,S,M,2020-08-31
15286,AW00015286,Shannon,Gray,M,M,2022-06-04
12358,AW00012358,Rob,Alvarez,M,M,2019-05-12
23690,AW00023690,Ruben,Sanchez,M,F,2024-05-18
24955,AW00024955,Rob,Huang,S,F,2020-12-18
16560,AW00016560,Eugene,Jenkins,S,M,2020-09-30
25436,AW00025436,Russell ,Alvarez,S,M,2023-08-26
22895,AW00022895,Eugene,Ruiz,S,M,2021-05-03
17515,AW00017515,Jon,Sanchez,M,M,2023-05-02
18267,AW00018267,Janet,Bennett,M,M,2024-10-10
,,Ethan,Johnson,,,2024-01-01
25164,AW00025164,Eugene,Hill,S,F,2020-07-30
22763,AW00022763,Christy,Diaz,M,F,2025-02-04
22055,AW00022055,Ian,Carlson,M,F,2022-06-30
12778,AW00012778,Chloe,Mehta,S,M,2021-08-01
27699,AW00027699,Lauren,Gray,M,M,2023-12-01
28769,AW00028769,Elizabeth,Yang,S,M,2019-06-30
23467,AW00023467,Jacquelyn,Young,M,M,2020-07-02
28206,AW00028206,Curtis,Carlson,M,F,2023-03-11
25294,AW00025294,Elizabeth,Mehta,S,F,2023-12-21
22064,AW00022064,Russell,Wood,S,F,2023-06-16
27773,AW00027773,Christy,Hill,M,M,2022-11-21
17197,AW00017197,Curtis,Gray,M,M,2020-05-17
26002,AW00026002,Marco,Hill,M,M,2025-05-23
11534,AW00011534,Jon,Carlson,M,F,2019-12-13
15278,AW00015278,Seth,Walker,S,F,2021-04-23
14946,AW00014946,Julio,Ross,M,M,2020-08-26
12735,AW00012735,Russell,Yang,M,F,2021-02-23
18562,AW00018562,Jordan,Gray,M,F,2019-06-26
19899,AW00019899,Luke,Wood ,S,M,2022-03-28
15598,AW00015598,Christy, Zhu,S,M,2021-02-27
15250,AW00015250,Jon,Verhoff,S,F,2020-10-10
26785,AW00026785,Sydney,Carlson,M,M,2023-01-13
20066,AW00020066,Lauren,Zhu,M,F,2024-11-10
28260,AW00028260,Rob,Lu,S,M,2021-01-02
12574,AW00012574,Ian,Carlson,M,F,2024-10-18
27111,AW00027111,Elizabeth,Young,M,M,2021-11-11
22919,AW00022919,Ethan,Suarez,S,M,2025-03-06
14248,AW00014248,Destiny,Young,M,M,2023-05-24
28999,AW00028999,Rob,Ruiz,M,M,2019-08-26
16938,AW00016938,Ruben,Ward,S,M,2021-03-28
19497,AW00019497,Jon,Mehta,S,F,2021-08-22
25608,AW00025608,Eugene,Torres,S,F,2023-02-04
21737,AW00021737,Shannon,Lu,M,M,2023-03-08
26534,AW00026534,Rob,Walker,M,,2022-10-23
27781,AW00027781,Elizabeth,Sanchez,S,M,2021-05-13
16479,AW00016479,Ian,Ruiz,S,M,2020-05-13
15560,AW00015560,Ruben,Gray,M,M,2019-05-24
23097,AW00023097,Rob,Huang,M,F,2020-03-19
19484,AW00019484,Chloe,Alvarez,M,F,2019-02-07
14872,AW00014872,Jacquelyn,Young,S,M,2021-02-12
24498,AW00024498,Luke,Diaz,M,M,2024-12-08
12369,AW00012369,Marco,Torres,S,F,2021-06-11
16932,AW00016932,Ethan,Perez,M,M,2022-10-09
27670,AW00027670,Destiny,Ruiz,S,M,2021-03-14
27312,AW00027312,Jordan ,Mehta,M,M,2024-09-15
13062,AW00013062,Rob,Lu,M,F,2023-09-09
23845,AW00023845,Jordan,Carlson ,M,F,2025-05-13
12262,AW00012262,Curtis,Mehta,S,F,2019-01-31
21670,AW00021670,Jordan,Walker,M,M,2022-05-11
14282,AW00014282,Ruben,Jenkins,M,F,2021-07-25
26233,AW00026233,Ian,Ross,M,F,2019-01-06
22573,AW00022573,Destiny,Gray,M,M,2019-04-21
26113,AW00026113,Curtis,Ward ,M,M,2022-10-08
25270,AW00025270,Jordan,Jenkins,S,M,2024-08-14
12317,AW00012317,Shannon,Gray,M,M,2023-01-11
16265,AW00016265,Wyatt,Bennett,M,M,2024-11-20
22246,AW00022246,Ethan,Watson,M,F,2020-03-19
16266,AW00016266,Jon,Johnson,S,F,2023-06-21
15900,AW00015900,Lauren,Yang,S,F,2019-03-29
13893,AW00013893,Curtis,Ross,M,F,2025-06-06
15937,AW00015937,Ruben,Wood,M,F,2023-08-30
25268,AW00025268,Janet,Alvarez,M,M,2020-01-01
14527,AW00014527,Eugene,Hill,M,F,2019-04-18
16667,AW00016667,Shannon,Johnson,M,F,2021-03-14
20440,AW00020440,Curtis,Jenkins,S,F,2019-05-10
26314,AW00026314,Destiny,Wood,M,M,2023-10-07
18301,AW00018301,Chloe,Young,M,F,2025-05-15
16251,AW00016251,Curtis,Suarez,M,F,2025-02-25
14729,AW00014729,Eugene,Johnson,M,F,2021-07-29
19664,AW00019664,Ian,Gray,S,M,2021-03-19
17997,AW00017997,Lauren,Sanchez,M,F,2020-05-29
17770,AW00017770,Seth,Ross,M,F,2022-06-05
19106,AW00019106,Jordan,Zhu,S,F,2019-08-28
15285,AW00015285,Jacquelyn,Watson,M,F,2021-06-25
22858,AW00022858,Lauren,Young,M,F,2023-11-11
21553,AW00021553,Ruben,Lu,S,M,2021-09-04
21827,AW00021827,Ruben,Alvarez,S,F,2020-12-06
19191,AW00019191,Ethan, Walker,M,M,2024-08-14
15711,AW00015711,Lauren,Ward,M,F,2019-12-27
23701,AW00023701,Marco,Torres,S,F,2021-06-26
27523,AW00027523,Jacquelyn,Jenkins,S,M,2023-10-22
16044,AW00016044,Seth,Ruiz,M,M,2019-10-25
23961,AW00023961,Destiny,Walker ,S,M,2021-07-31
18488,AW00018488,Ethan,Walker,M,F,2024-08-19
25615,AW00025615,Ruben,Lu,S,F,2020-07-23
25765,AW00025765,Jon,Jenkins,S,M,2023-01-28
18483,AW00018483,Chloe,Gray,,,2023-05-04
14173,AW00014173,Curtis,Ross,M,F,2025-01-17
21522,AW00021522,Luke,Suarez,M,F,2021-10-21
13650,AW00013650,Jordan,Ruiz,S,F,2023-01-23
18812,AW00018812,Elizabeth,Walker,,F,2019-09-03
11646,AW00011646,Jon,Huang,S,M,2019-07-08
14188,AW00014188,Sydney,Zhu,M,F,2023-07-09
15751,AW00015751,Curtis,Gray,S,M,2022-08-11
14782,AW00014782,Destiny,Sanchez,S,F,2019-04-09
17531,AW00017531,Ian,Zhu,S,F,2021-07-14
13783,AW00013783,Julio,Suarez,M,F,2019-07-08
28391,AW00028391,Ethan,Perez,S,F,2022-01-06
11505,AW00011505,Jon,Wood,M,M,2019-03-10
17928,AW00017928,Janet,Carlson,S,F,2024-08-19
22249,AW00022249,Jacquelyn,Ruiz,S,F,2020-03-08
28557,AW00028557,Rob,Ross,S,F,2021-04-19
26170,AW00026170,Ethan,Lu,M,M,2020-02-02
14461,AW00014461,Chloe,Walker ,M,M,2024-05-21
21216,AW00021216,Janet,Yang,M,M,2019-09-09
13669,AW00013669,Ian,Suarez,M,M,2025-02-01
12954,AW00012954,Jacquelyn,Watson,M,M,2024-10-29
11840,AW00011840,Clarence,Watson,M,F,2024-01-28
16468,AW00016468,Curtis,Watson,M,M,2021-01-24
21725,AW00021725,Shannon,Zhu,S,F,2025-07-15
26967,AW00026967,Destiny,Carlson,M,F,2025-02-02
22196,AW00022196,Ian,Walker,M,M,2020-03-12
14026,AW00014026,Chloe,Suarez,S,M,2019-09-25
18007,AW00018007,Jacquelyn,Gray,M,M,2022-06-02
11177,AW00011177,Julio,Suarez,M,F,2022-03-26
16558,AW00016558,Ruben,Johnson,S,M,2025-03-18
20938,AW00020938,Russell,Yang,M,M,2024-07-03
20975,AW00020975,Destiny,Alvarez,M,F,2024-01-04
11027,AW00011027,Christy,Ross,M,M,2020-09-18
17396,AW00017396, Jon,Sanchez,S,M,2023-11-06
14544,AW00014544,Seth,Walker,M,M,2024-11-06
13658,AW00013658,Curtis,Ward,S,F,2019-02-20
18845,AW00018845,Ethan,Perez,S,F,2020-03-12
18386,AW00018386,Wyatt,Huang,S,M,2020-04-27
16943,AW00016943,Luke,Lu,S,M,2025-01-09
12714,AW00012714,Jon,Jenkins,S,M,2022-01-07
21196,AW00021196,Rob,Carlson,S,M,2020-07-05
25011,AW00025011,Seth,Johnson,S,M,2020-07-16
15142,AW00015142,Rob,Walker,S,M,2019-08-24
24560,AW00024560,Curtis,Sanchez,S,F,2020-10-17
13863,AW00013863,Wyatt,Hill,S,F,2025-01-18
11238,AW00011238,Ethan,Alvarez,S,M,2022-09-28
21385,AW00021385,Seth,Mehta,M,M,2022-02-19
27080,AW00027080,Chloe,Diaz,S,F,2025-06-03
23267,AW00023267,Rob,Suarez,S,M,2024-05-05
27241,AW00027241,Destiny,Ward,M,,2022-03-10
20888,AW00020888,Luke,Ruiz,M,M,2025-04-16
16451,AW00016451,Elizabeth,Young,S,M,2023-11-22
21136,AW00021136,Elizabeth,Jenkins,M,M,2024-01-24
25102,AW00025102, Destiny,Watson,M,M,2019-01-21
18379,AW00018379,Christy,Yang,M,F,2019-06-17
22545,AW00022545,Clarence,Hill,S,F,2024-11-08
23932,AW00023932,Luke,Wood,M,M,2022-12-03
24860,AW00024860,Clarence,Zhu ,M,F,2023-05-27
28414,AW00028414,Julio,Ruiz,S,F,2025-02-26
17893,AW00017893,Ruben,Johnson,,M,2021-09-30
23677,AW00023677,Seth,Suarez,S,M,2021-03-06
17435,AW00017435,Ruben,Carlson,S,M,2023-09-27
20463,AW00020463,Lauren,Watson,M,M,2020-10-15
18829,AW00018829,Luke,Zhu,S,M,2019-04-01
26274,AW00026274,Ian,Walker,S,M,2023-10-10
26106,AW00026106,Shannon,Ward,S,M,2019-09-06
25507,AW00025507,Ethan,Sanchez,M,M,2025-02-27
22548,AW00022548,Christy,Walker,M,,2020-08-04
21399,AW00021399,Eugene,Wood,M,M,2020-07-24
11060,AW00011060,Ruben,Yang,M,M,2019-10-28
11689,AW00011689,Julio, Yang,M,M,2019-05-01
24061,AW00024061,Ethan,Johnson,S,M,2019-08-27
17506,AW00017506,Jordan,Johnson,M,F,2020-08-08
13254,AW00013254,Jordan,Ross,M,F,2019-05-03
23387,AW00023387,Clarence ,Zhu,M,M,2019-12-28
25393,AW00025393,Clarence,Carlson,S,M,2020-07-20
14287,AW00014287,Wyatt,Verhoff,M,M,2022-04-15
14469,AW00014469,Jon,Johnson,S,F,2025-03-18
28559,AW00028559,Ethan,Torres,M,F,2022-07-05
11873,AW00011873,Clarence,Lu,S,F,2024-11-22
16534,AW00016534,Elizabeth,Yang,M,M,2023-07-27
14177,AW00014177,Christy,Hill,S,M,2025-06-15
27586,AW00027586,Janet,Suarez,S,F,2020-02-06
23668,AW00023668,Jacquelyn,Gray,M,F,2024-02-26
19888,AW00019888,Rob,Ross,M,M,2025-03-15
19976,AW00019976, Julio,Young,S,M,2023-05-22
21623,AW00021623,Shannon,Young,S,M,2022-11-17
13963,AW00013963,Ruben,Young,S,F,2020-03-03
23035,AW00023035,Destiny,Bennett,M,F,2023-09-19
11122,AW00011122,Chloe,Yang,S,,2021-07-07
24287,AW00024287,Elizabeth,Huang,S,F,2022-01-02
14271,AW00014271,Sydney,Johnson,M,F,2019-04-05
16171,AW00016171,Russell,Huang,S,F,2022-01-11
18344,AW00018344,Rob,Wood,S,F,2024-11-20
13165,AW00013165,Destiny,Young,S,M,2020-08-07
17785,AW00017785,Eugene,Zhu,M,F,2019-04-26
25215,AW00025215,Curtis,Jenkins,S,M,2020-03-17
11080,AW00011080,Marco,Mehta,S,M,2023-06-21
20311,AW00020311,Jon,Bennett ,M,M,2023-03-25
11965,AW00011965,Lauren,Diaz,M,M,2020-12-18
26216,AW00026216,Clarence,Gray ,S,F,2023-10-19
18764,AW00018764,Sydney,Yang,S,M,2024-04-01
25173,AW00025173, Elizabeth,Bennett,S,F,2020-08-03
16945,AW00016945,Destiny,Wood,S,M,2021-08-02
14306,AW00014306,Christy,Diaz,M,F,2023-03-20
14682,AW00014682,Clarence,Watson,S,M,2024-01-26
13292,AW00013292,Christy,Perez,S,M,2019-03-09
20672,AW00020672,Janet,Torres,M,M,2024-10-30
18231,AW00018231,Christy,Ross,S,M,2025-05-10
22123,AW00022123,Shannon,Carlson ,M,M,2022-07-26
12852,AW00012852,Ethan,Perez,M,F,2024-03-04
18152,AW00018152,Curtis,Johnson,M,F,2019-01-06
24962,AW00024962, Eugene,Zhu,S,M,2024-04-10
24206,AW00024206,Shannon,Watson,S,F,2020-09-05
20782,AW00020782, Shannon,Zhu,M,M,2023-03-25
27513,AW00027513,Elizabeth,Young,M,F,2021-02-23
21374,AW00021374,Clarence,Perez,S,F,2021-03-06
20125,AW00020125,Sydney,Sanchez,M,M,2025-03-20
26708,AW00026708,Rob,Young,M,M,2024-04-26
20226,AW00020226,Eugene,Ruiz,M,F,2023-03-20
11449,AW00011449,Shannon,Ruiz,M,F,2020-04-25
21945,AW00021945,Curtis,Mehta,S,F,2022-10-03
15786,AW00015786,Ian,Jenkins,M,M,2019-02-12
16317,AW00016317,Sydney,Carlson,S,M,2020-05-28
18731,AW00018731,Elizabeth,Hill,M,F,2019-09-14
26936,AW00026936,Lauren,Verhoff,S,F,2021-10-08
17852,AW00017852,Curtis,Jenkins,M,F,2019-11-24
14027,AW00014027,Ruben,Yang,S,M,2022-09-19
20497,AW00020497,Jordan,Ruiz,S,F,2020-10-25
14362,AW00014362,Marco,Carlson,M,M,2021-09-12
19119,AW00019119,Ethan,Yang,S,M,2023-07-01
15403,AW00015403,Seth,Alvarez,S,M,2019-08-22
21799,AW00021799,Julio,Johnson,S,F,2019-10-26
11333,AW00011333,Shannon,Mehta,M,M,2019-07-15
15246,AW00015246,Luke,Watson,M,F,2023-10-21
15091,AW00015091,Ian,Young ,S,M,2023-06-18
19891,AW00019891,Jon,Lu,S,F,2022-10-19
20643,AW00020643,Wyatt,Ruiz,S,M,2019-05-27
26875,AW00026875,Ethan,Lu,M,M,2020-03-27
26535,AW00026535,Ethan,Wood,M,M,2020-01-17
19350,AW00019350,Chloe,Alvarez ,S,M,2020-06-06
21656,AW00021656, Eugene,Carlson,S,M,2022-08-31
14484,AW00014484,Jacquelyn,Mehta,S,M,2021-10-22
25955,AW00025955,Lauren,Johnson,S,M,2020-06-05
19791,AW00019791,Ethan,Walker,S,F,2021-04-18
17259,AW00017259,Russell,Johnson,M,M,2023-07-03
28365,AW00028365,Julio,Jenkins,S,M,2020-08-31
19140,AW00019140,Marco ,Johnson,S,,2020-03-18
14370,AW00014370,Eugene,Verhoff,M,M,2024-07-31
24224,AW00024224,Eugene,Young,S,M,2022-09-08
21188,AW00021188,Curtis,Johnson,M,M,2023-05-04
14913,AW00014913,Jacquelyn,Sanchez,M,F,2019-07-21
14810,AW00014810,Chloe,Huang,M,M,2023-01-22
24547,AW00024547,Shannon,Carlson,M,M,2024-03-28
28636,AW00028636,Ian,Ruiz,M,M,2021-11-05
15428,AW00015428,Ian,Zhu,M,M,2022-12-14
16066,AW00016066,Eugene,Carlson,S,M,2019-02-21
23512,AW00023512,Marco,Alvarez,S,F,2021-08-17
27067,AW00027067,Destiny,Walker,M,F,2021-11-09
11881,AW00011881,Curtis,Hill,M,F,2019-06-29
13427,AW00013427,Jon,Young,,F,2022-02-12
24970,AW00024970,Christy,Zhu,M,M,2024-05-12
12204,AW00012204,Wyatt,Carlson,M,M,2021-05-03
27484,AW00027484,Eugene, Young,S,F,2019-08-19
27662,AW00027662,Jon,Sanchez,S,F,2023-10-13
26046,AW00026046,Luke,Zhu,S,M,2023-03-30
14203,AW00014203,Luke ,Zhu,,M,2024-01-25
23497,AW00023497,Jordan,Perez,M,F,2024-03-10
24444,AW00024444,Curtis, Walker,S,M,2022-04-20
14352,AW00014352,Elizabeth ,Carlson,M,F,2025-05-31
18531,AW00018531,Ruben,Watson,S,M,2019-12-07
19087,AW00019087,Luke,Perez,S,F,2024-04-04
23227,AW00023227,Jordan,Watson,M,,2024-06-19
12856,AW00012856,Clarence,Perez,M,M,2019-11-14
24011,AW00024011,Curtis,Watson,,M,2025-06-24
25544,AW00025544,Ian,Mehta,M,F,2019-11-22
17289,AW00017289,Shannon,Ruiz,M,M,2024-02-07
24960,AW00024960,Ruben,Diaz,M,M,2023-11-11
24853,AW00024853,Christy,Alvarez,M,M,2023-04-26
11346,AW00011346,Shannon,Hill,M,F,2021-11-03
27351,AW00027351,Jacquelyn,Torres,S,M,2019-10-13
19353,AW00019353,Ethan,Perez,S,F,2023-08-20
22462,AW00022462,Wyatt,Ruiz,S,M,2021-06-11
11469,AW00011469,Lauren,Mehta,S,F,2022-11-18
27728,AW00027728, Seth,Suarez,M,M,2020-07-17
12989,AW00012989,Luke,Alvarez,S,M,2025-04-22
21430,AW00021430,Ruben,Johnson,S,M,2024-02-21
28824,AW00028824, Shannon,Young,S,M,2024-01-26
16062,AW00016062,Jon,Lu,M,M,2020-01-26
19047,AW00019047,Sydney,Perez,S,M,2020-02-16
17534,AW00017534,Lauren,Bennett,M,F,2025-07-19
27724,AW00027724,Destiny,Yang,S,M,2020-10-26
19905,AW00019905, Christy,Jenkins,M,M,2021-03-25
26333,AW00026333,Elizabeth ,Walker,S,F,2020-08-01
24391,AW00024391,Ruben,Yang,M,M,2021-10-07
14116,AW00014116,Eugene,Suarez,M,F,2020-08-03
23144,AW00023144,Sydney,Lu,S,M,2024-06-18
19928,AW00019928,Janet,Wood,S,F,2022-04-14
17105,AW00017105,Chloe,Sanchez,M,F,2019-11-23
25193,AW00025193,Chloe,Wood,M,M,2021-07-19
14519,AW00014519,Russell,Ross,S,M,2021-02-18
22555,AW00022555,Ian,Ward,M,M,2024-12-29
18888,AW00018888,Ethan,Wood,M,M,2022-10-19
25015,AW00025015,Lauren,Lu,S,F,2022-06-26
18920,AW00018920,Jon,Alvarez,M,M,2021-10-04
24709,AW00024709,Ruben,Ward,M,F,2024-02-09
24407,AW00024407,Curtis,Alvarez,S,M,2024-11-20
25929,AW00025929,Ruben,Perez,M,F,2021-10-29
17511,AW00017511,Clarence,Ross,S,F,2019-02-09
21153,AW00021153,Wyatt,Watson,M,M,2023-05-31
19244,AW00019244,Sydney,Mehta,M,F,2025-04-13
28485,AW00028485,Wyatt,Watson,S,M,2022-07-04
27504,AW00027504,Shannon,Ruiz,M,M,2021-04-23
26295,AW00026295,Jordan,Ross,S,M,2020-01-17
15105,AW00015105,Jon,Perez,S,M,2023-09-24
25279,AW00025279,Ian,Walker,S,F,2020-11-05
27118,AW00027118, Ethan,Watson,M,F,2021-06-16
16676,AW00016676,Jon ,Hill,S,M,2023-07-02
17004,AW00017004,Rob,Young,M,F,2022-03-20
27092,AW00027092,Chloe,Hill,S,M,2023-09-25
28113,AW00028113,Chloe,Ward,M,F,2025-03-15
18233,AW00018233,Curtis,Bennett,M,M,2022-09-23
28919,AW00028919,Eugene,Carlson,S,F,2021-08-01
19670,AW00019670,Rob,Hill,S,M,2025-07-15
14102,AW00014102,Ruben,Bennett,M,M,2022-02-05
28475,AW00028475,Clarence,Gray,,M,2022-12-10
27125,AW00027125,Clarence,Watson,M,F,2024-01-22
17662,AW00017662,Marco,Torres,M,F,2024-12-17
11804,AW00011804,Sydney,Walker,S,F,2024-04-27
19528,AW00019528,Wyatt,Ward,S,F,2021-01-11
27424,AW00027424,Christy,Ross,M,M,2021-05-03
28862,AW00028862,Shannon,Jenkins,S,F,2024-05-05
20427,AW00020427,Ruben ,Suarez,M,M,2021-06-04
25212,AW00025212,Marco,Watson,M,M,2020-08-28
16606,AW00016606,Christy,Torres,S,M,2019-04-21
19294,AW00019294,Julio,Ward,S,M,2021-07-26
11006,AW00011006,Elizabeth,Alvarez,M,M,2020-01-15
11157,AW00011157,Luke,Carlson,S,M,2020-04-30
27668,AW00027668,Ethan,Johnson,M,F,2022-09-20
12152,AW00012152,Chloe,Young,S,M,2021-03-02
16283,AW00016283,Ethan, Watson,M,F,2019-05-15
17279,AW00017279,Sydney,Watson,M,F,2024-03-18
17659,AW00017659,Christy,Torres,S,F,2020-10-13
23111,AW00023111,Rob,Alvarez,S,M,2019-11-24
25410,AW00025410,Luke,Carlson,M,F,2022-03-13
14483,AW00014483,Destiny, Sanchez,M,M,2020-01-18
28946,AW00028946,Ethan,Yang,S,M,2025-01-28
11725,AW00011725,Janet,Zhu,S,M,2020-11-30
16404,AW00016404,Jon,Jenkins,S,F,2025-01-14
16502,AW00016502,Marco,Ward,M,F,2021-09-08
16122,AW00016122,Clarence ,Jenkins,S,F,2019-02-12
17771,AW00017771,Chloe,Sanchez,M,M,2020-08-14
26266,AW00026266,Marco,Diaz,S,F,2019-05-31
19824,AW00019824,Shannon,Young,S,F,2024-11-25
28025,AW00028025,Destiny,Sanchez,S,F,2021-09-25
22457,AW00022457,Curtis,Jenkins,S,M,2023-09-21
11879,AW00011879,Eugene,Ward,M,F,2020-04-09
25251,AW00025251,Eugene,Young,S,F,2020-04-21
11079,AW00011079,Marco,Alvarez,M,F,2022-06-04
18291,AW00018291,Jon,Walker,S,F,2025-04-01
27238,AW00027238,Wyatt,Jenkins,S,F,2023-07-06
21629,AW00021629,Jacquelyn,Mehta,S,M,2023-06-28
22898,AW00022898,Luke ,Gray,S,M,2023-11-30
17603,AW00017603,Seth,Perez ,M,F,2021-08-22
18207,AW00018207,Elizabeth,Watson,M,F,2019-02-02
16847,AW00016847,Eugene,Young,S,F,2020-04-12
14318,AW00014318,Curtis,Suarez,S,F,2024-09-06
23946,AW00023946,Elizabeth,Ruiz,M,F,2023-04-01
25454,AW00025454,Seth,Perez,M,M,2023-09-03
18973,AW00018973,Ian,Diaz,M,M,2021-04-12
24368,AW00024368,Shannon,Lu,S,F,2022-08-16
22757,AW00022757,Marco,Johnson,S,M,2025-03-25
12435,AW00012435,Seth,Johnson,M,M,2019-08-05
17392,AW00017392,Curtis,Mehta,S,M,2020-11-11
22514,AW00022514,Ethan,Bennett,S,M,2019-09-27
20855,AW00020855,Ruben,Ward,S,F,2021-02-22
22620,AW00022620,Luke,Ross,M,F,2023-05-22
25990,AW00025990,Ethan,Wood,S,M,2019-07-15
15244,AW00015244,Destiny,Ward,S,F,2019-12-21
26460,AW00026460,Marco,Bennett,S,F,2024-07-05
27365,AW00027365,Jacquelyn,Johnson,M,M,2025-06-23
19248,AW00019248,Ethan,Young,M,M,2020-10-08
15221,AW00015221,Wyatt,Ruiz,M,F,2020-05-09
25205,AW00025205,Eugene,Young,S,F,2022-01-21
26306,AW00026306,Jacquelyn,Bennett,M,M,2025-07-01
13939,AW00013939,Christy,Walker,M,F,2023-04-11
12931,AW00012931,Curtis,Ward,M,F,2019-08-23
25129,AW00025129,Jon,Ruiz,M,M,2024-02-06
15206,AW00015206,Shannon ,Ruiz,M,F,2021-03-09
24010,AW00024010,Jacquelyn,Mehta,M,F,2019-03-27
15784,AW00015784,Ethan,Hill ,M,M,2024-01-21
19355,AW00019355,Clarence,Yang,M,F,2024-09-01
17427,AW00017427,Christy,Walker,M,M,2020-12-12
13862,AW00013862,Russell,Perez,M,M,2025-04-24
24479,AW00024479,Clarence, Perez,M,F,2023-06-09
24164,AW00024164,Luke,Young,M,F,2024-10-17
19159,AW00019159,Ethan,Alvarez,S,F,2022-12-04
19468,AW00019468,Janet,Wood,S,M,2020-11-11
11823,AW00011823,Ethan,Bennett,S,F,2023-01-08
13189,AW00013189,Rob,Walker,S,F,2024-01-24
17572,AW00017572,Jordan,Ruiz,M,M,2019-01-30
25848,AW00025848,Julio,Verhoff,S,M,2024-04-25
17765,AW00017765,Wyatt,Johnson,M,M,2023-03-27
14290,AW00014290,Ruben,Diaz,S,M,2022-03-26
26045,AW00026045,Shannon,Ross,S,F,2021-10-30
14591,AW00014591,Rob,Suarez,M,M,2023-10-27
28369,AW00028369,Lauren,Johnson,S,F,2020-01-20
21130,AW00021130,Shannon,Gray,S,M,2023-06-18
16896,AW00016896,Destiny,Yang,M,M,2023-10-11
20197,AW00020197,Jacquelyn,Jenkins,M,F,2025-01-15
26012,AW00026012,Chloe,Huang,M,M,2019-09-22
25243,AW00025243, Jacquelyn,Mehta,,F,2025-05-10
18132,AW00018132,Luke,Hill,S,F,2022-01-25
18193,AW00018193,Curtis,Yang,M,M,2022-09-23
20963,AW00020963,Seth,Perez,S,F,2022-08-04
19867,AW00019867,Shannon ,Ruiz,M,F,2020-05-29
24389,AW00024389,Ethan, Carlson,M,M,2019-03-16
14465,AW00014465,Russell,Lu,M,M,2022-01-18
11244,AW00011244,Marco,Sanchez,M,M,2020-12-14
14856,AW00014856,Shannon,Huang,M,F,2025-05-27
15977,AW00015977,Destiny,Walker,M,M,2020-04-11
26393,AW00026393,Elizabeth, Jenkins,M,M,2024-08-12
11394,AW00011394,Jacquelyn ,Sanchez,M,,2020-10-14
15177,AW00015177,Chloe,Verhoff,M,F,2024-08-21
22725,AW00022725, Shannon,Torres,S,M,2021-03-30
23202,AW00023202,Ian,Watson,S,F,2022-11-06
12416,AW00012416,Seth,Jenkins,M,F,2023-03-08
28157,AW00028157,Destiny,Huang,S,M,2019-01-05
27956,AW00027956,Christy,Bennett,M,F,2019-01-10
27404,AW00027404,Ian,Torres,S,M,2019-05-13
25554,AW00025554,Russell,Young,S,F,2020-02-29
22561,AW00022561,Eugene,Lu,S,F,2022-02-23
14367,AW00014367,Ian,Jenkins,S,F,2021-05-09
15679,AW00015679,Clarence,Johnson,M,M,2025-02-26
20234,AW00020234,Shannon,Hill,M,M,2019-01-21
18460,AW00018460,Julio,Yang,S,F,2024-10-25
12467,AW00012467,Jordan,Perez,M,F,2021-07-14
18311,AW00018311,Russell,Alvarez,M,F,2024-08-07
24692,AW00024692,Lauren,Huang,S,F,2022-06-10
17592,AW00017592,Christy,Ruiz,M,M,2024-03-03
23713,AW00023713,Jordan,Yang,S,M,2019-02-22
12059,AW00012059,Jon,Huang,M,M,2023-03-02
19943,AW00019943,Ethan,Ruiz,S,F,2019-08-12
17569,AW00017569,Chloe,Gray,S,F,2023-06-17
26100,AW00026100,Ian,Torres,M,M,2024-02-17
28242,AW00028242,Ruben,Walker,S,F,2025-04-28
17228,AW00017228,Ethan,Suarez,M,F,2019-11-09
22925,AW00022925,Clarence,Zhu,S,M,2022-10-10
23464,AW00023464,Elizabeth,Ruiz,S,F,2025-03-11
26500,AW00026500,Clarence,Torres,S,,2023-03-10
14577,AW00014577,Shannon,Mehta ,S,F,2024-12-10
28722,AW00028722,Destiny,Wood,M,M,2019-05-16
14250,AW00014250,Jacquelyn, Johnson,M,M,2021-10-31
11284,AW00011284,Shannon,Zhu,M,M,2022-08-23
17708,AW00017708,Ruben,Watson,S,F,2022-07-14
23818,AW00023818,Jon,Johnson,M,M,2022-12-22
17349,AW00017349,Ruben,Verhoff,S,F,2020-02-24
24366,AW00024366, Rob,Ruiz,S,F,2021-01-11
24660,AW00024660,Wyatt,Carlson,M,F,2019-09-19
16350,AW00016350,Jon,Sanchez,M,F,2021-09-25
22944,AW00022944,Jordan,Lu,S,M,2021-03-22
28563,AW00028563,Destiny,Alvarez,M,F,2025-01-24
24217,AW00024217,Christy,Sanchez,S,M,2024-01-09
24213,AW00024213,Sydney,Ward,M,M,2023-03-17
25430,AW00025430,Lauren,Diaz,S,M,2022-02-23
28846,AW00028846,Janet ,Torres,S,M,2022-07-18
21499,AW00021499,Sydney,Lu,S,M,2022-08-12
11500,AW00011500,Chloe,Ruiz,S,M,2019-11-01
26569,AW00026569,Rob,Ross,M,F,2019-11-15
22430,AW00022430,Ruben,Diaz,M,F,2025-05-21
20458,AW00020458,Chloe, Huang,M,F,2020-02-11
28247,AW00028247,Lauren,Perez,S,F,2022-07-17
15238,AW00015238,Clarence,Carlson,S,F,2020-08-31
26819,AW00026819,Luke,Johnson,M,M,2021-07-06
19166,AW00019166,Seth,Young,S,M,2021-11-10
19691,AW00019691,Curtis,Jenkins,M,F,2020-05-06
27514,AW00027514,Marco,Gray,S,M,2019-04-11
18769,AW00018769,Eugene,Bennett,M,F,2024-03-31
16881,AW00016881,Janet,Yang,S,M,2024-01-03
21410,AW00021410,Elizabeth,Jenkins,S,F,2021-06-22
27443,AW00027443,Ian,Zhu,S,M,2024-01-20
23799,AW00023799,Destiny,Lu,M,M,2023-05-16
24335,AW00024335,Seth,Ross,M,M,2022-09-27
23140,AW00023140,Eugene,Wood,S,F,2023-04-20
19464,AW00019464,Seth,Mehta,S,M,2021-09-27
19124,AW00019124,Sydney,Mehta,S,M,2020-12-01
13242,AW00013242,Curtis,Zhu,S,M,2022-09-03
11419,AW00011419,Wyatt,Walker,M,M,2024-02-26
12879,AW00012879,Russell,Jenkins,S,M,2019-09-03
12682,AW00012682,Elizabeth,Young,M,M,2024-10-03
22551,AW00022551,Elizabeth,Zhu,S,F,2024-10-16
21801,AW00021801,Sydney,Ruiz,M,F,2020-10-02
21067,AW00021067,Curtis,Walker,M,F,2025-02-15
26913,AW00026913,Chloe,Lu,S,M,2021-11-13
14488,AW00014488,Wyatt,Sanchez,S,F,2019-01-01
15078,AW00015078,Destiny,Ward,M,F,2022-10-23
17222,AW00017222,Elizabeth,Ward,S,M,2020-11-11
13074,AW00013074, Janet,Jenkins,M,F,2023-02-08
22692,AW00022692,Chloe,Mehta,S,F,2023-10-09
25828,AW00025828,Wyatt,Ruiz,M,F,2024-06-12
28949,AW00028949,Eugene,Johnson ,M,M,2020-06-13
25250,AW00025250,Seth,Diaz ,M,F,2020-05-18
17793,AW00017793,Julio, Lu,S,F,2021-11-22
20326,AW00020326,Curtis,Jenkins,S,F,2021-08-13
12514,AW00012514,Jordan,Watson,M,M,2024-11-09
18131,AW00018131,Shannon,Perez,M,F,2020-01-06
27505,AW00027505,Curtis,Diaz,S,F,2019-02-17
25575,AW00025575,Wyatt,Lu,S,M,2022-01-04
25905,AW00025905,Sydney,Huang,M,F,2020-03-14
16493,AW00016493,Shannon, Zhu,M,F,2021-09-20
11149,AW00011149,Russell,Young,M,F,2020-02-16
11056,AW00011056,Marco,Sanchez,S,M,2023-09-14
21120,AW00021120,Eugene,Yang,S,M,2023-05-28
15160,AW00015160,Destiny,Diaz,M,M,2024-02-02
12141,AW00012141,Luke, Wood,S,M,2022-06-19
15806,AW00015806,Curtis,Ross,M,F,2020-05-09
19950,AW00019950,Shannon,Young,M,F,2019-06-02
14545,AW00014545,Luke, Ross,M,F,2022-05-03
18654,AW00018654,Destiny,Diaz,S,F,2024-04-23
20797,AW00020797,Curtis,Jenkins,M,M,2019-02-11
16770,AW00016770,Clarence,Yang,S,F,2020-07-18
15410,AW00015410,Clarence,Gray,S,F,2020-12-01
27703,AW00027703, Lauren,Young,S,M,2019-07-18
24994,AW00024994,Marco ,Walker,M,F,2023-12-16
23491,AW00023491,Ian,Wood,M,F,2019-12-31
14526,AW00014526,Jordan,Huang,M,F,2024-04-04
28017,AW00028017,Marco,Sanchez,S,F,2019-05-02
24089,AW00024089,Wyatt,Mehta,S,M,2022-06-19
19402,AW00019402,Jacquelyn,Verhoff,M,F,2021-04-04
17516,AW00017516,Sydney, Zhu,M,F,2024-11-26
16450,AW00016450,Christy,Johnson,M,F,2022-07-22
18367,AW00018367,Luke,Alvarez,M,M,2022-11-09
15690,AW00015690,Ian,Watson,M,M,2021-11-25
20367,AW00020367,Eugene,Yang,M,F,2019-02-26
21830,AW00021830,Sydney ,Young,M,M,2022-01-09
23196,AW00023196,Janet,Zhu,M,M,2024-08-16
14295,AW00014295,Julio,Mehta,S,F,2020-12-04
17466,AW00017466,Ian,Zhu,M,F,2025-02-20
26655,AW00026655,Christy,Lu,M,M,2023-10-17
18600,AW00018600,Clarence,Young,S,M,2022-08-07
11995,AW00011995,Jon,Ward,S,F,2025-07-07
22213,AW00022213,Julio,Johnson ,S,F,2022-02-26
15767,AW00015767,Marco,Wood,M,F,2020-03-31
25822,AW00025822,Shannon,Lu,M,F,2019-10-29
27594,AW00027594,Seth,Carlson,S,M,2020-08-07
23164,AW00023164,Chloe,Walker,M,F,2025-01-16
27563,AW00027563,Wyatt,Walker,M,F,2023-07-24
19709,AW00019709,Elizabeth,Bennett,M,M,2020-07-22
11860,AW00011860,Julio,Carlson,M,M,2019-09-12
27105,AW00027105,Marco,Johnson,M,F,2021-12-20
14605,AW00014605, Shannon,Johnson,M,F,2025-05-18
27756,AW00027756,Destiny ,Wood,S,F,2020-10-05
15802,AW00015802, Rob,Johnson,S,F,2021-05-10
19151,AW00019151,Clarence,Ward,S,M,2020-05-24
24319,AW00024319,Jordan,Zhu,S,F,2024-06-05
26883,AW00026883,Elizabeth,Huang,S,M,2025-06-13
25345,AW00025345,Christy,Sanchez,S,F,2021-11-09
26634,AW00026634,Clarence,Perez,M,F,2020-10-28
14741,AW00014741,Christy,Perez,S,M,2019-09-15
18128,AW00018128,Eugene,Perez,M,M,2024-08-14
26008,AW00026008,Sydney,Perez,M,F,2023-11-09
20457,AW00020457,Jordan,Sanchez,S,F,2024-03-16
24198,AW00024198,Jacquelyn,Diaz ,S,F,2023-02-11
21891,AW00021891,Luke,Jenkins,M,M,2022-10-28
26646,AW00026646,Destiny,Suarez,S,F,2024-07-12
25846,AW00025846,Sydney,Mehta,S,F,2025-03-25
21820,AW00021820,Julio,Ruiz,S,F,2019-07-11
19507,AW00019507,Destiny,Yang,M,F,2019-11-23
22128,AW00022128,Elizabeth,Verhoff,S,F,2019-06-29
24091,AW00024091,Rob,Verhoff,S,F,2021-10-13
11055,AW00011055,Ethan,Mehta,M,M,2025-05-22
19854,AW00019854,Rob ,Perez,M,M,2023-11-18
12362,AW00012362,Luke,Wood,S,M,2023-08-14
14516,AW00014516, Julio,Ward,M,F,2019-05-03
26580,AW00026580,Eugene,Suarez,S,F,2025-05-17
16858,AW00016858,Elizabeth,Perez,M,F,2023-12-10
27104,AW00027104,Destiny,Suarez,S,F,2020-08-14
22956,AW00022956,Elizabeth,Yang,S,F,2019-02-01
20110,AW00020110,Ethan,Jenkins,M,M,2023-01-26
20791,AW00020791,Christy,Diaz,S,F,2019-03-06
16818,AW00016818,Chloe,Mehta,S,M,2020-02-06
16769,AW00016769,Rob,Ross,M,M,2021-09-16
17335,AW00017335,Jon,Yang,M,M,2019-06-19
28490,AW00028490,Chloe,Watson,S,F,2020-08-28
21109,AW00021109,Jordan ,Wood,S,M,2020-01-25
20985,AW00020985,Janet,Wood,S,,2024-01-05
25967,AW00025967,Ethan,Alvarez,S,F,2024-12-09
25389,AW00025389,Jordan,Watson,M,M,2024-06-04
17068,AW00017068,Sydney ,Wood,S,M,2019-07-14
24700,AW00024700,Russell,Gray,M,F,2023-01-16
26920,AW00026920,Destiny,Torres,S,M,2022-08-19
23358,AW00023358,Christy,Lu,S,F,2025-01-29
17988,AW00017988,Jacquelyn,Suarez,M,F,2023-04-02
15968,AW00015968,Seth,Gray,S,M,2021-08-30
13907,AW00013907,Jon ,Zhu,S,F,2024-09-04
13325,AW00013325,Ethan,Lu,M,F,2023-09-06
16272,AW00016272,Lauren,Gray,S,M,2019-07-12
18695,AW00018695,Curtis ,Bennett,,M,2024-11-04
23665,AW00023665,Ian,Zhu,M,M,2024-01-04
24378,AW00024378,Jon,Ruiz,S,M,2021-04-10
17859,AW00017859,Ethan,Mehta,S,F,2020-01-09
18682,AW00018682,Clarence,Gray,M,F,2020-06-02
18125,AW00018125,Curtis,Watson,S,M,2021-03-27
23153,AW00023153,Ian,Carlson,M,F,2023-04-01
23011,AW00023011,Marco,Mehta,S,M,2021-09-17
28592,AW00028592,Rob,Huang,M,F,2023-08-06
13061,AW00013061,Ian,Ross,S,F,2020-03-26
22715,AW00022715,Luke,Huang,M,F,2021-08-15
20597,AW00020597,Ruben,Torres,M,M,2021-12-01
24974,AW00024974,Marco,Torres,S,M,2020-09-13
12285,AW00012285,Ethan,Gray,M,F,2021-12-11
22546,AW00022546,Luke,Hill,S,F,2023-12-04
17892,AW00017892,Destiny,Wood,M,M,2019-08-31
24344,AW00024344,Luke, Young,M,F,2020-04-23
20056,AW00020056,Ruben,Young,M,M,2023-01-20
14714,AW00014714,Sydney,Suarez,S,M,2021-12-24
19613,AW00019613,Ian,Ross,M,F,2023-12-30
22012,AW00022012,Sydney, Diaz,M,M,2023-01-05
21322,AW00021322,Chloe,Johnson,S,F,2024-09-09
22590,AW00022590,Chloe,Suarez,S,M,2019-04-14
14097,AW00014097,Rob,Wood,M,F,2021-03-07
17536,AW00017536, Ruben,Bennett,S,M,2023-07-19
12868,AW00012868,Christy,Mehta,S,M,2022-12-31
11019,AW00011019,Elizabeth,Mehta,M,F,2025-07-18
25648,AW00025648,Janet, Jenkins,S,F,2019-05-21
19544,AW00019544,Luke,Ross,S,F,2019-03-25
15826,AW00015826,Seth,Ruiz,M,M,2025-01-24
25180,AW00025180,Ruben,Gray,,M,2021-11-04
18224,AW00018224,Elizabeth,Sanchez,M,F,2021-07-15
14567,AW00014567,Chloe,Watson,M,F,2020-01-26
25763,AW00025763,Destiny,Suarez,S,F,2023-07-31
24085,AW00024085,Russell,Hill,M,M,2020-08-25
12463,AW00012463,Christy,Watson,,M,2024-03-23
27837,AW00027837,Chloe,Torres,S,F,2024-05-03
26766,AW00026766,Eugene,Young,M,F,2021-02-19
18086,AW00018086,Russell,Gray,S,M,2023-02-14
20617,AW00020617,Lauren,Gray,M,F,2023-02-25
24923,AW00024923,Chloe,Huang,S,M,2025-04-27
26545,AW00026545,Curtis,Mehta,S,M,2020-09-05
13974,AW00013974, Janet,Gray,S,F,2019-01-20
17436,AW00017436,Jon,Hill,S,,2020-03-23
17631,AW00017631,Ruben,Huang,S,F,2025-01-11
21003,AW00021003,Sydney,Yang,M,F,2019-05-01
23824,AW00023824,Jordan,Watson,S,M,2024-12-13
23795,AW00023795,Curtis,Jenkins,M,M,2020-11-13
17011,AW00017011,Curtis,Alvarez,M,M,2019-11-08
19740,AW00019740,Sydney,Suarez,S,F,2024-08-22
25581,AW00025581,Marco,Ward,M,F,2019-05-31
25663,AW00025663,Russell,Huang,S,F,2019-03-11
24892,AW00024892,Curtis,Wood,S,F,2022-02-21
24322,AW00024322,Seth,Diaz,M,M,2021-10-27
22238,AW00022238,Luke,Sanchez,M,F,2020-06-28
25534,AW00025534,Eugene,Sanchez,,M,2025-02-05
15136,AW00015136,Russell,Ross,S,M,2019-05-28
23825,AW00023825,Jon,Zhu,S,F,2019-07-02
25511,AW00025511,Seth,Ward,S,F,2023-10-10
19755,AW00019755,Luke,Diaz,M,F,2025-05-24
17218,AW00017218,Jon,Hill,S,F,2021-01-13
20681,AW00020681,Clarence,Suarez,M,M,2023-09-28
15466,AW00015466,Seth,Zhu,S,M,2022-01-16
27010,AW00027010,Ian,Johnson,S,M,2021-07-18
17193,AW00017193,Christy,Verhoff,M,F,2020-01-29
17280,AW00017280,Ethan,Jenkins ,S,M,2023-05-08
21480,AW00021480,Jordan,Ross,M,M,2023-05-22
22615,AW00022615,Shannon,Bennett,S,M,2024-08-08
11672,AW00011672,Elizabeth,Torres,S,F,2023-06-12
14225,AW00014225,Christy,Ruiz,M,M,2020-08-21
12002,AW00012002,Marco,Wood,M,F,2021-03-14
13296,AW00013296,Janet,Johnson,M,F,2024-09-11
27308,AW00027308,Seth,Ward,S,F,2020-09-04
19617,AW00019617,Sydney,Zhu,M,M,2023-07-02
15195,AW00015195,Ethan,Verhoff,S,F,2024-09-01
28159,AW00028159,Jacquelyn,Zhu,M,M,2024-12-10
25526,AW00025526,Chloe,Jenkins,M,M,2021-04-30
14973,AW00014973,Christy,Yang,M,M,2020-05-20
13822,AW00013822,Rob,Hill,S,F,2019-03-08
23720,AW00023720,Rob,Ross,M,F,2021-12-21
21186,AW00021186,Clarence,Watson,S,M,2022-12-05
16573,AW00016573,Elizabeth,Young,M,M,2024-07-03
26051,AW00026051,Chloe,Huang,M,F,2022-12-02
13168,AW00013168,Ruben,Verhoff,M,F,2020-01-01
16629,AW00016629,Ruben,Diaz,S,M,2024-03-09
22419,AW00022419,Clarence,Zhu,S,M,2024-05-06
27885,AW00027885,Ian,Mehta,M,F,2024-03-03
24260,AW00024260,Destiny,Zhu,M,F,2020-09-23
19041,AW00019041,Jacquelyn,Carlson,M,M,2022-09-25
26147,AW00026147,Shannon,Sanchez,S,F,2020-10-16
24656,AW00024656,Eugene,Gray,M,F,2025-01-24
11923,AW00011923,Rob,Lu ,S,M,2021-04-26
19007,AW00019007,Clarence,Zhu,M,F,2020-02-03
28145,AW00028145,Christy,Gray,S,M,2022-06-10
24575,AW00024575, Curtis,Torres,S,M,2024-11-29
21705,AW00021705,Eugene,Diaz,S,M,2020-05-11
15572,AW00015572,Jacquelyn,Watson ,M,M,2021-08-29
24682,AW00024682, Jon,Zhu,S,M,2022-11-09
15612,AW00015612,Chloe,Torres,M,F,2020-08-06
21867,AW00021867,Jon,Diaz,S,M,2021-08-19
12034,AW00012034,Shannon,Yang,M,F,2021-08-05
27882,AW00027882,Christy,Wood ,M,M,2023-12-25
14954,AW00014954, Ethan,Jenkins,M,F,2023-02-13
28372,AW00028372, Seth,Jenkins,S,M,2019-03-05
11562,AW00011562,Chloe,Zhu,M,F,2022-07-30
22230,AW00022230,Jacquelyn, Mehta,M,M,2020-01-12
25458,AW00025458,Julio,Verhoff,M,M,2024-02-09
14124,AW00014124,Jacquelyn,Watson,S,F,2023-06-29
25552,AW00025552,Wyatt,Walker,M,F,2019-09-26
19527,AW00019527,Luke ,Ruiz,S,M,2021-01-06
23881,AW00023881,Russell,Hill,M,F,2024-08-25
27643,AW00027643,Seth,Diaz,M,M,2022-02-09
13657,AW00013657,Ethan,Hill,S,F,2019-12-05
17428,AW00017428,Wyatt,Ross,S,F,2023-08-05
13161,AW00013161,Wyatt, Hill,M,F,2020-06-21
28477,AW00028477,Lauren,Sanchez,M,F,2025-05-16
22102,AW00022102,Curtis,Sanchez,M,M,2024-06-07
20981,AW00020981,Janet,Bennett,S,F,2024-04-15
24580,AW00024580,Sydney,Huang,S,F,2023-01-30
14601,AW00014601,Shannon,Sanchez,S,M,2024-01-30
13585,AW00013585,Lauren,Walker,M,F,2022-12-25
14551,AW00014551,Julio,Walker,S,F,2022-10-24
14289,AW00014289,Ian,Carlson ,,M,2021-08-07
13135,AW00013135,Jordan,Ruiz,S,,2023-02-05
21649,AW00021649,Jordan ,Ward,M,M,2019-09-02
23990,AW00023990,Wyatt,Mehta,M,F,2023-08-20
21284,AW00021284,Jordan,Ward,M,F,2019-12-23
25085,AW00025085,Marco,Ruiz,M,M,2020-02-03
11376,AW00011376,Destiny,Sanchez,S,M,2023-11-08
11904,AW00011904,Janet,Perez,M,F,2023-01-02
17262,AW00017262,Rob,Hill,S,M,2021-08-07
14139,AW00014139,Rob,Walker,S,F,2024-01-24
11756,AW00011756,Eugene,Lu,S,F,2023-02-17
25325,AW00025325, Julio,Gray,M,M,2024-08-23
24968,AW00024968,Shannon,Wood,S,M,2020-02-12
28405,AW00028405,Ruben,Zhu,S,M,2019-07-27
18615,AW00018615,Destiny,Suarez,S,F,2021-10-11
27167,AW00027167,Clarence,Gray,M,M,2023-02-15
14908,AW00014908, Ruben,Bennett,M,F,2024-10-18
19439,AW00019439,Wyatt,Jenkins,S,F,2023-11-28
15066,AW00015066,Jacquelyn,Watson,M,M,2019-06-24
21594,AW00021594,Sydney,Huang,M,,2024-09-25
20933,AW00020933,Chloe,Ross,S,M,2020-05-08
11257,AW00011257,Jacquelyn,Ward,M,F,2020-09-17
21898,AW00021898,Luke,Gray,M,M,2023-03-30
28712,AW00028712,Rob,Perez,S,F,2021-09-08
28740,AW00028740,Sydney,Torres,S,M,2021-11-09
15978,AW00015978,Jacquelyn,Ross,S,M,2023-04-04
13180,AW00013180,Julio,Perez,S,F,2023-11-10
12911,AW00012911,Destiny,Gray,M,F,2025-07-28
25394,AW00025394,Ian,Diaz,M,M,2021-05-07
26316,AW00026316,Jon,Young,S,F,2024-07-22
11069,AW00011069,Jacquelyn,Watson,S,F,2020-10-23
25060,AW00025060,Marco,Watson,S,F,2022-09-21
24915,AW00024915,Eugene,Carlson,M,F,2020-08-05
23612,AW00023612,Julio,Walker,S,F,2022-04-11
24333,AW00024333,Destiny,Carlson,M,F,2022-07-13
23260,AW00023260,Jordan,Verhoff,S,F,2020-08-01
13130,AW00013130,Curtis,Lu,S,F,2024-02-29
16871,AW00016871,Jacquelyn,Walker,M,F,2019-03-31
28342,AW00028342,Marco,Jenkins,S,M,2023-11-22
16284,AW00016284,Curtis,Johnson,S,F,2021-06-30
11900,AW00011900, Destiny,Hill,S,M,2021-01-23
28287,AW00028287,Shannon,Verhoff,S,F,2025-03-16
18180,AW00018180,Julio,Suarez,M,F,2025-07-06
18300,AW00018300,Chloe,Walker,M,F,2024-10-29
28277,AW00028277,Ruben,Wood,S,F,2024-06-27
22353,AW00022353,Elizabeth,Hill,M,M,2022-06-04
20837,AW00020837,Jon,Jenkins,M,M,2019-03-03
15299,AW00015299,Marco, Yang,S,F,2022-02-13
26131,AW00026131,Janet,Perez,S,M,2021-02-19
13699,AW00013699,Russell,Young,S,F,2025-01-10
22106,AW00022106,Jon,Hill,S,F,2023-10-06
15975,AW00015975,Seth,Johnson,S,F,2025-01-15
15770,AW00015770,Luke,Young,S,F,2023-01-23
12883,AW00012883,Rob,Suarez,S,F,2022-03-27
15017,AW00015017,Ruben,Bennett,M,F,2024-09-21
20680,AW00020680,Sydney,Watson ,M,F,2019-08-13
13229,AW00013229,Destiny,Mehta,M,M,2025-01-02
27933,AW00027933,Wyatt,Sanchez,S,M,2024-03-07
28046,AW00028046,Wyatt,Torres,S,F,2019-08-06
17940,AW00017940,Janet,Suarez,M,M,2020-01-21
21723,AW00021723,Elizabeth,Suarez,M,F,2021-01-03
16091,AW00016091,Ruben,Bennett,S,F,2023-05-19
27397,AW00027397,Christy,Sanchez,M,F,2022-12-26
18153,AW00018153,Christy,Mehta,M,F,2019-01-02
12983,AW00012983,Elizabeth,Zhu,M,M,2025-01-10
19701,AW00019701,Ethan,Sanchez,M,F,2024-06-30
27177,AW00027177,Ian,Suarez,M,F,2020-05-13
13370,AW00013370,Curtis,Johnson,M,F,2022-02-08
14347,AW00014347,Marco,Carlson,M,M,2022-08-25
20880,AW00020880,Ruben,Bennett,S,F,2023-03-27
24276,AW00024276,Ian,Torres,M,F,2020-01-14
23208,AW00023208,Sydney,Perez,S,F,2023-12-18
20115,AW00020115,Russell,Diaz,M,M,2025-05-01
14655,AW00014655,Janet,Ward,M,M,2023-06-20
27363,AW00027363,Russell,Watson,S,F,2023-11-10
14676,AW00014676,Ethan,Wood,M,F,2024-09-09
28886,AW00028886,Jon,Yang,M,M,2019-08-06
20134,AW00020134,Rob,Ruiz,,F,2020-09-10
16313,AW00016313,Julio,Torres,S,F,2025-05-01
14034,AW00014034,Christy,Ward,S,F,2020-02-02
14201,AW00014201,Sydney,Torres,S,F,2022-01-30
16485,AW00016485,Rob,Torres,S,F,2024-01-27
21133,AW00021133,Seth,Walker,S,M,2025-05-01
15104,AW00015104,Marco,Carlson,M,M,2019-10-13
12744,AW00012744,Seth,Ward,M,F,2019-01-09
23088,AW00023088,Janet,Huang,M,M,2023-10-10
19352,AW00019352,Seth,Walker,S,F,2020-06-05
22466,AW00022466,Ruben,Ward,S,F,2023-06-16
16366,AW00016366,Shannon,Perez,S,M,2022-03-30
16111,AW00016111,Sydney,Lu,M,F,2022-08-10
27861,AW00027861,Russell,Bennett,M,M,2021-10-06
21530,AW00021530,Jacquelyn,Bennett,M,M,2024-03-31
13880,AW00013880,Russell,Suarez,M,M,2023-04-12
26257,AW00026257,Rob,Gray,S,F,2025-02-02
17311,AW00017311,Lauren,Yang,M,M,2023-03-28
13548,AW00013548,Chloe,Sanchez,S,F,2022-09-23
12353,AW00012353,Jacquelyn,Mehta,S,M,2023-08-17
20987,AW00020987,Ethan,Walker,M,F,2022-01-09
22259,AW00022259,Luke,Verhoff,S,M,2020-01-10
23124,AW00023124,Janet,Gray,S,M,2025-06-03
23006,AW00023006,Rob,Diaz,M,M,2025-03-11
22074,AW00022074,Luke,Young,S,F,2020-02-04
24914,AW00024914,Clarence,Sanchez,M,M,2023-11-14
21371,AW00021371,Russell,Watson,S,F,2021-02-05
21832,AW00021832,Destiny,Ruiz,M,F,2025-03-03
19650,AW00019650,Jacquelyn,Zhu,S,F,2019-02-15
22440,AW00022440,Marco,Suarez,S,M,2021-04-06
25465,AW00025465,Jacquelyn,Alvarez,S,M,2024-12-22
24156,AW00024156,Jordan,Bennett,M,M,2020-02-21
17976,AW00017976,Ian,Perez,M,F,2020-02-07
28654,AW00028654,Jacquelyn,Yang,S,F,2020-11-15
17657,AW00017657,Russell,Huang,M,F,2023-07-16
18911,AW00018911,Eugene,Watson,S,M,2024-04-07
27697,AW00027697,Elizabeth,Alvarez,M,M,2019-06-04
12926,AW00012926,Chloe,Ward,S,M,2019-09-08
12226,AW00012226,Elizabeth,Yang,M,M,2020-03-09
22938,AW00022938,Shannon,Carlson,M,F,2024-12-21
17568,AW00017568,Jon,Mehta,S,F,2020-06-25
18349,AW00018349,Jon,Young,S,F,2021-05-06
26889,AW00026889,Lauren,Torres,S,M,2020-09-11
28008,AW00028008,Eugene,Wood,S,F,2019-07-21
19838,AW00019838,Sydney,Verhoff,M,M,2021-03-24
27777,AW00027777,Destiny,Young,M,M,2024-12-14
12511,AW00012511,Lauren,Verhoff,M,M,2019-03-18
24142,AW00024142,Lauren,Watson,M,M,2020-10-02
11510,AW00011510,Lauren,Torres,M,F,2024-02-24
15720,AW00015720,Ethan,Perez,M,M,2021-02-02
20043,AW00020043,Ruben,Diaz,S,M,2022-08-31
12896,AW00012896,Chloe,Yang,M,F,2019-12-07
19363,AW00019363,Janet,Alvarez,M,M,2020-12-09
17048,AW00017048,Ethan,Alvarez,S,M,2022-12-26
13155,AW00013155,Janet, Suarez,M,F,2020-06-14
12944,AW00012944,Seth,Yang,S,F,2023-04-20
19702,AW00019702,Rob,Suarez,M,M,2024-08-26
14692,AW00014692,Clarence,Ruiz,M,F,2022-01-04
12988,AW00012988,Sydney,Suarez,S,M,2020-06-11
13951,AW00013951,Elizabeth,Bennett,S,M,2025-01-10
21309,AW00021309,Lauren,Ruiz,M,F,2021-04-30
16737,AW00016737,Destiny,Yang,S,M,2019-03-15
13190,AW00013190,Ian,Hill,S,F,2021-01-23
23714,AW00023714,Jon,Huang,M,F,2025-01-22
15308,AW00015308,Seth,Suarez ,M,F,2021-06-25
22426,AW00022426,Elizabeth,Jenkins,S,F,2019-12-21
14144,AW00014144,Rob,Alvarez,S,F,2019-02-20
15227,AW00015227,Rob,Watson,M,F,2021-03-31
14012,AW00014012,Marco,Walker,S,F,2021-05-02
17041,AW00017041,Sydney,Carlson,M,M,2019-01-11
11649,AW00011649,Marco,Jenkins,M,F,2019-11-16
12107,AW00012107,Wyatt,Torres,S,F,2022-04-01
17334,AW00017334,Janet,Watson,S,M,2024-04-13
22434,AW00022434,Ethan,Lu,S,,2024-10-25
25755,AW00025755,Chloe,Ward,M,M,2021-02-18
27987,AW00027987,Janet,Carlson,S,F,2023-10-04
15369,AW00015369,Ian,Mehta,M,M,2024-01-27
21025,AW00021025,Ruben,Suarez,S,F,2019-03-01
28181,AW00028181,Janet,Bennett,S,F,2019-02-20
11003,AW00011003,Wyatt,Diaz,S,M,2025-02-10
19430,AW00019430,Shannon,Yang,S,F,2025-03-03
19624,AW00019624,Elizabeth,Bennett ,M,M,2023-12-04
22907,AW00022907,Destiny,Ross,M,M,2020-05-18
23195,AW00023195,Chloe,Suarez,S,M,2023-03-26
26860,AW00026860,Curtis,Ruiz,M,F,2022-07-23
14801,AW00014801,Jordan,Carlson,M,M,2019-03-12
25081,AW00025081,Lauren, Walker,M,M,2025-04-15
14590,AW00014590,Russell,Alvarez,S,M,2021-06-14
16338,AW00016338,Ethan,Bennett,M,F,2020-01-15
23062,AW00023062,Ian,Suarez,S,F,2023-11-24
28861,AW00028861,Destiny,Perez,M,M,2020-09-13
23893,AW00023893,Sydney,Torres,M,M,2019-03-31
12923,AW00012923,Sydney,Ross,S,M,2019-11-23
25559,AW00025559,Clarence,Perez,M,F,2021-08-11
23996,AW00023996,Russell,Lu,M,M,2020-11-18
11298,AW00011298,Destiny,Torres,M,F,2025-07-05
25299,AW00025299,Clarence,Wood,M,M,2021-06-06
15760,AW00015760,Eugene,Johnson,M,F,2018-09-27
12116,AW00012116,Shannon,Ruiz,M,F,2020-08-20
16824,AW00016824,Curtis,Alvarez,S,F,2022-01-27
24308,AW00024308,Elizabeth,Huang,S,M,2022-03-20
16593,AW00016593,Elizabeth,Sanchez,S,F,2023-11-26
20847,AW00020847, Destiny,Carlson,S,M,2022-07-24
12014,AW00012014,Julio,Ross,M,F,2025-05-30
12036,AW00012036,Clarence,Jenkins,M,M,2020-10-30
12101,AW00012101, Russell,Sanchez,M,M,2019-08-18
18591,AW00018591,Curtis,Diaz ,M,F,2021-06-04
18820,AW00018820,Rob,Carlson,S,F,2021-01-10
19990,AW00019990,Janet,Watson,S,M,2021-02-22
25028,AW00025028,Jacquelyn,Diaz,S,M,2025-01-31
13960,AW00013960,Wyatt,Sanchez,M,M,2022-03-03
20716,AW00020716,Julio,Ross,M,F,2020-09-25
16661,AW00016661,Luke,Ross,M,M,2023-03-21
23596,AW00023596,Julio,Suarez,M,M,2022-01-22
26593,AW00026593,Janet,Bennett,M,M,2022-01-12
22216,AW00022216,Curtis,Lu,S,M,2023-04-26
23098,AW00023098,Seth,Walker,M,M,2021-07-30
25427,AW00025427,Marco,Walker,M,F,2024-09-14
25680,AW00025680,Luke,Bennett,M,M,2019-11-03
20964,AW00020964,Wyatt,Wood,S,F,2020-03-18
28845,AW00028845,Jon,Lu,S,F,2022-08-02
12236,AW00012236,Curtis,Diaz,S,M,2023-07-20
13043,AW00013043,Christy,Alvarez,S,M,2020-05-09
24987,AW00024987,Jon,Ward,S,F,2022-12-03
20095,AW00020095,Marco,Verhoff,M,F,2022-07-28
14108,AW00014108,Wyatt,Carlson,S,F,2023-09-29
11000,AW00011000,Destiny,Zhu,S,F,2021-09-30
19844,AW00019844,Jordan,Carlson,S,F,2019-01-16
22920,AW00022920,Curtis,Hill ,S,M,2019-08-06
27466,AW00027466,Julio,Mehta,S,F,2024-09-08
16556,AW00016556,Chloe,Jenkins,M,F,2022-10-24
27774,AW00027774,Eugene,Diaz,S,M,2019-09-25
15624,AW00015624,Destiny,Ross,M,F,2020-01-22
21427,AW00021427,Seth,Alvarez,S,F,2025-05-23
24173,AW00024173,Jon,Verhoff,M,M,2021-08-04
16701,AW00016701,Eugene,Verhoff,S,F,2023-09-05
19174,AW00019174,Marco,Mehta,M,M,2023-05-19
18942,AW00018942,Shannon,Gray,M,F,2022-12-09
14049,AW00014049,Janet,Young,M,F,2019-05-28
19531,AW00019531,Ian,Diaz,M,M,2022-09-30
22772,AW00022772,Christy,Lu,M,F,2022-10-18
14247,AW00014247,Destiny,Mehta,S,F,2021-01-19
12198,AW00012198,Shannon,Hill,M,M,2020-04-11
25782,AW00025782,Eugene,Johnson,M,F,2019-09-16
20130,AW00020130,Julio,Gray,M,M,2021-12-05
20626,AW00020626,Jacquelyn,Alvarez,M,M,2025-02-02
26695,AW00026695,Rob,Zhu,S,M,2021-04-01
16712,AW00016712,Russell,Lu,S,M,2023-07-20
15870,AW00015870,Rob ,Bennett,S,F,2021-10-26
24176,AW00024176, Wyatt,Young,M,F,2021-06-22
11084,AW00011084,Christy,Diaz,M,F,2022-07-08
16416,AW00016416,Lauren,Ruiz,M,F,2020-08-13
16240,AW00016240,Wyatt,Jenkins,M,M,2021-04-05
18364,AW00018364,Janet,Mehta,S,F,2019-12-24
12053,AW00012053,Lauren,Ward,M,F,2020-10-11
17390,AW00017390,Julio,Ruiz,S,F,2023-09-06
19095,AW00019095,Shannon,Watson,S,M,2019-11-22
16792,AW00016792,Ian,Perez ,S,F,2021-11-20
14336,AW00014336,Jon,Jenkins,M,F,2022-09-06
24031,AW00024031,Jordan,Ward,S,F,2022-03-03
15523,AW00015523,Ruben,Bennett,M,M,2020-07-17
18926,AW00018926,Rob,Mehta,S,F,2019-05-09
17887,AW00017887,Shannon,Wood,M,F,2024-12-29
21435,AW00021435,Curtis,Ross,S,F,2020-04-20
21246,AW00021246,Ethan,Ward,M,F,2022-08-09
19538,AW00019538,Marco,Hill,M,F,2019-07-13
26060,AW00026060,Curtis,Torres ,M,M,2024-08-17
17235,AW00017235,Ethan,Johnson,S,M,2019-11-02
13049,AW00013049,Wyatt,Yang,S,M,2022-11-02
27591,AW00027591,Marco,Ruiz,S,M,2020-10-30
20402,AW00020402,Seth,Watson,S,M,2019-01-24
24040,AW00024040,Rob,Young ,M,F,2024-08-25
27686,AW00027686,Chloe,Ward ,M,M,2019-08-22
15691,AW00015691,Shannon,Walker,S,F,2020-12-28
27176,AW00027176,Rob,Ward,M,F,2021-01-22
23843,AW00023843,Ruben,Watson,M,F,2022-01-17
23131,AW00023131,Clarence,Yang,M,M,2023-11-16
18552,AW00018552,Eugene,Zhu,S,F,2020-11-25
23755,AW00023755,Elizabeth,Suarez,M,F,2019-07-13
21429,AW00021429,Seth,Jenkins,M,M,2021-12-21
19655,AW00019655,Seth,Wood,M,M,2022-07-26
20585,AW00020585,Lauren,Torres,M,M,2024-03-18
22924,AW00022924,Luke,Yang,S,F,2019-07-17
26053,AW00026053,Ethan,Ward,S,M,2020-04-08
22204,AW00022204,Rob,Bennett,S,F,2023-02-08
23496,AW00023496,Rob,Hill,S,F,2023-08-04
19599,AW00019599,Sydney,Gray,S,M,2022-02-13
22658,AW00022658,Jordan,Diaz,M,M,2020-11-21
28177,AW00028177,Seth,Mehta,M,M,2019-08-02
26736,AW00026736,Sydney,Perez,M,M,2021-08-07
22794,AW00022794,Jacquelyn,Sanchez,M,M,2025-04-01
21547,AW00021547,Shannon,Diaz,,M,2020-07-16
24691,AW00024691, Ethan,Wood,M,F,2023-07-16
12231,AW00012231,Shannon,Ward,M,F,2021-08-07
21077,AW00021077,Destiny,Bennett,S,,2020-10-03
25059,AW00025059,Jacquelyn,Hill,M,M,2022-09-28
13722,AW00013722, Seth,Yang,M,F,2019-09-02
19303,AW00019303,Curtis,Ruiz,M,M,2024-11-25
25678,AW00025678,Elizabeth,Wood,S,F,2024-06-01
23640,AW00023640,Wyatt,Perez,M,F,2023-06-07
23205,AW00023205,Lauren,Ross,S,F,2022-04-02
17906,AW00017906,Jon,Suarez,M,M,2023-05-04
21178,AW00021178,Curtis,Torres,M,M,2021-10-10
21518,AW00021518,Christy,Yang,M,F,2019-06-04
22737,AW00022737,Clarence,Alvarez,M,F,2023-07-29
23240,AW00023240,Elizabeth,Alvarez ,,F,2021-08-20
14639,AW00014639,Curtis,Yang,S,F,2024-04-26
16597,AW00016597,Chloe,Perez,M,M,2023-03-11
20313,AW00020313,Christy, Perez,M,F,2021-06-21
28298,AW00028298,Ruben,Alvarez,S,F,2020-12-07
14183,AW00014183,Seth,Yang,S,F,2020-08-14
23242,AW00023242,Shannon,Gray,S,M,2023-11-13
20802,AW00020802,Ethan,Sanchez ,M,F,2022-10-12
20735,AW00020735,Jon,Mehta,M,M,2024-09-10
11164,AW00011164,Marco ,Carlson,M,F,2019-10-19
22884,AW00022884,Christy,Gray,S,M,2025-07-14
11256,AW00011256,Ian,Perez,S,F,2023-10-15
13057,AW00013057,Rob,Alvarez,S,F,2019-03-14
16948,AW00016948,Russell,Alvarez,M,F,2021-02-22
19932,AW00019932,Ruben,Watson,M,M,2021-12-03
22966,AW00022966,Jacquelyn,Walker,M,F,2024-02-18
26574,AW00026574,Elizabeth,Mehta ,S,F,2020-02-22
12494,AW00012494,Christy ,Jenkins,,F,2023-08-15
16539,AW00016539,Christy,Mehta,S,M,2022-05-22
26399,AW00026399,Destiny, Torres,M,M,2021-10-13
27839,AW00027839,Sydney,Sanchez,M,F,2021-10-05
21143,AW00021143,Sydney,Bennett,M,F,2024-05-29
17219,AW00017219,Ethan,Jenkins,S,,2021-12-19
26587,AW00026587,Wyatt,Young,S,F,2020-07-29
15858,AW00015858,Marco ,Perez,M,M,2023-10-01
22004,AW00022004,Shannon,Gray,S,M,2024-02-03
25623,AW00025623,Sydney,Yang,M,M,2022-05-24
13535,AW00013535,Russell,Zhu,M,F,2020-06-21
13344,AW00013344,Wyatt,Bennett,M,F,2024-04-02
21236,AW00021236,Ian,Bennett,M,M,2019-06-22
15592,AW00015592,Elizabeth,Watson,M,F,2019-04-26
25460,AW00025460,Shannon,Hill,S,M,2025-01-30
17784,AW00017784,Ruben,Huang,S,M,2024-04-04
18768,AW00018768,Marco,Ward,M,F,2022-03-02
27807,AW00027807,Christy,Suarez,S,M,2022-01-05
22815,AW00022815,Christy,Wood,S,M,2020-09-16
24418,AW00024418,Marco,Mehta,S,F,2019-01-22
26210,AW00026210,Marco,Alvarez,S,F,2025-06-26
21370,AW00021370,Russell,Ruiz,M,M,2024-06-29
28108,AW00028108,Christy,Suarez,M,F,2022-06-07
26624,AW00026624,Sydney,Ross,S,F,2022-06-26
17819,AW00017819,Jacquelyn,Carlson,S,F,2025-02-22
26472,AW00026472,Janet,Zhu,M,M,2021-03-26
22150,AW00022150,Ethan,Zhu,M,F,2023-08-15
19590,AW00019590,Ian,Mehta,M,M,2020-05-01
14534,AW00014534,Luke,Walker,S,M,2024-04-08
21870,AW00021870,Sydney,Ruiz ,M,M,2025-06-28
15585,AW00015585,Julio,Huang,M,M,2020-11-28
15659,AW00015659,Jordan,Sanchez ,M,M,2021-10-17
26656,AW00026656,Ian,Carlson,S,F,2025-04-13
16986,AW00016986,Eugene,Ward,M,M,2022-08-16
26442,AW00026442,Marco,Ross,M,M,2022-04-10
14454,AW00014454, Chloe,Young,M,F,2019-07-20
20142,AW00020142,Ethan,Ruiz,M,M,2024-02-29
15475,AW00015475,Rob,Young,M,F,2023-05-12
24632,AW00024632,Janet,Suarez,S,M,2022-01-24
16082,AW00016082,Ruben, Alvarez,S,F,2023-03-31
12804,AW00012804,Shannon,Bennett,M,M,2025-07-19
12351,AW00012351,Russell,Bennett,M,F,2021-03-25
12586,AW00012586,Jon,Carlson,S,F,2023-03-11
14570,AW00014570,Christy,Suarez,M,M,2025-03-01
16566,AW00016566,Elizabeth,Walker,M,F,2023-08-24
21506,AW00021506,Wyatt,Zhu,S,M,2024-02-20
17858,AW00017858,Jacquelyn,Johnson,S,M,2019-11-21
16839,AW00016839,Christy,Mehta,S,F,2021-08-24
16331,AW00016331,Rob,Carlson,S,M,2021-05-15
19770,AW00019770,Ruben,Ruiz,S,F,2021-04-22
16212,AW00016212,Rob,Suarez,S,M,2020-12-18
22612,AW00022612,Seth,Perez,M,F,2022-08-28
12033,AW00012033,Chloe,Wood,S,F,2024-05-08
23380,AW00023380,Christy,Ward,M,M,2025-01-28
15047,AW00015047,Luke,Hill,M,F,2025-03-24
12762,AW00012762,Sydney,Walker,M,F,2020-02-19
11833,AW00011833,Wyatt,Mehta,M,F,2021-08-20
21921,AW00021921,Janet,Mehta,S,F,2022-05-24
24764,AW00024764,Julio,Yang,S,M,2023-04-04
22330,AW00022330,Janet,Torres,M,M,2022-01-24
23873,AW00023873,Chloe,Lu,S,M,2024-12-11
25343,AW00025343,Destiny, Walker,S,M,2024-09-27
14324,AW00014324,Ian,Watson,S,M,2020-09-20
17675,AW00017675,Ethan,Ruiz,S,M,2021-04-20
26597,AW00026597,Wyatt,Huang,S,F,2019-10-13
18382,AW00018382, Russell,Verhoff,,M,2021-07-22
15569,AW00015569,Jon,Sanchez,M,M,2023-09-10
15613,AW00015613,Julio,Zhu,S,F,2022-07-19
28385,AW00028385,Jordan,Huang,M,F,2022-05-31
19517,AW00019517,Janet,Watson,S,F,2021-12-25
26354,AW00026354,Rob,Huang,S,M,2024-02-19
12205,AW00012205,Luke,Ward,M,F,2019-09-29
12291,AW00012291,Russell,Ward,S,F,2021-01-06
21589,AW00021589,Ethan,Carlson,S,M,2019-07-21
21966,AW00021966,Jordan,Verhoff,M,M,2023-10-07
27919,AW00027919,Wyatt,Hill,S,F,2023-05-25
19550,AW00019550,Seth,Mehta,S,M,2024-04-15
13729,AW00013729,Marco,Watson,M,F,2022-04-24
22252,AW00022252,Sydney,Huang,M,M,2021-01-11
24589,AW00024589,Ruben,Huang,S,F,2020-10-25
23151,AW00023151,Eugene,Gray,M,M,2022-02-01
17753,AW00017753,Ian,Sanchez,S,F,2021-11-25
12875,AW00012875,Julio,Ross,M,F,2019-10-04
20537,AW00020537, Russell,Ruiz,S,M,2020-02-10
13720,AW00013720,Ethan,Ward,M,F,2023-04-28
28674,AW00028674,Julio,Johnson,S,M,2022-12-26
17062,AW00017062,Wyatt,Suarez,S,,2021-03-02
21311,AW00021311,Ian,Alvarez,S,F,2019-08-13
15902,AW00015902,Jacquelyn,Walker,M,F,2020-03-30
28120,AW00028120,Destiny,Jenkins,S,M,2020-05-05
27634,AW00027634,Christy,Ruiz,,F,2020-08-23
17529,AW00017529,Ruben ,Ward,S,M,2019-04-20
28147,AW00028147,Destiny,Hill,M,M,2021-12-21
28930,AW00028930,Sydney,Walker,,M,2022-07-27
15366,AW00015366,Jordan,Watson,M,M,2024-01-10
22637,AW00022637,Jon,Diaz,S,M,2021-12-13
21903,AW00021903,Luke,Gray,M,M,2022-03-31
26745,AW00026745,Lauren,Johnson,M,M,2021-12-26
12119,AW00012119,Marco,Diaz,S,F,2019-02-26
27316,AW00027316,Destiny,Torres,S,M,2025-03-31
12135,AW00012135,Rob,Huang,M,F,2019-05-01
20765,AW00020765,Sydney,Young,S,F,2020-10-03
23243,AW00023243,Chloe,Wood,M,F,2023-02-22
20894,AW00020894,Janet,Walker,M,M,2023-07-30
27486,AW00027486,Ian,Johnson,M,M,2019-08-01
19724,AW00019724,Destiny,Ross,S,M,2020-02-04
26426,AW00026426,Lauren,Carlson,M,M,2022-01-15
28555,AW00028555,Christy,Hill,S,F,2021-08-17
11680,AW00011680,Eugene,Ruiz,M,F,2024-07-25
23103,AW00023103,Russell,Carlson,S,M,2023-10-12
18023,AW00018023,Seth ,Lu,S,M,2021-05-23
15269,AW00015269,Shannon,Wood,M,F,2023-07-01
25463,AW00025463,Marco,Ross,S,M,2022-12-07
22998,AW00022998,Julio,Bennett,M,M,2023-01-21
15482,AW00015482,Lauren,Johnson,S,M,2019-10-06
18466,AW00018466,Julio,Perez,M,F,2022-04-11
23539,AW00023539,Ruben,Johnson,S,F,2021-09-30
20206,AW00020206,Jon,Sanchez,S,F,2022-01-18
12315,AW00012315,Jacquelyn,Torres,M,F,2021-04-11
24215,AW00024215,Jordan,Jenkins,M,F,2020-07-13
26097,AW00026097,Curtis,Ross,S,F,2023-10-10
27930,AW00027930,Seth,Sanchez,S,M,2020-02-22
16139,AW00016139,Seth,Diaz,M,F,2025-04-10
20392,AW00020392,Clarence,Walker,S,F,2019-08-11
11377,AW00011377,Wyatt,Huang,S,M,2022-05-30
14500,AW00014500,Elizabeth,Jenkins,S,F,2021-07-28
11619,AW00011619,Russell,Alvarez,S,F,2023-12-18
22819,AW00022819,Ethan,Mehta,M,M,2022-07-27
28552,AW00028552,Ruben,Verhoff,M,M,2023-05-28
27888,AW00027888,Jon,Jenkins,S,F,2024-09-21
22720,AW00022720,Janet,Ward,M,F,2022-04-27
17440,AW00017440, Rob,Walker,S,F,2021-09-22
17410,AW00017410,Marco,Jenkins,M,M,2021-01-02
13717,AW00013717,Marco,Ward,M,M,2020-12-25
24611,AW00024611,Christy, Yang,M,F,2025-01-02
26342,AW00026342,Janet,Diaz,M,F,2020-02-15
16992,AW00016992,Sydney,Lu,M,F,2019-07-19
24527,AW00024527,Curtis,Perez,M,F,2022-06-06
22132,AW00022132,Luke,Ruiz,M,M,2024-08-01
11674,AW00011674,Jon,Walker,M,M,2020-01-23
11706,AW00011706,Russell,Yang,M,M,2021-01-15
25963,AW00025963,Rob,Hill,S,F,2021-05-04
20846,AW00020846,Sydney,Jenkins,M,M,2025-03-12
27991,AW00027991,Ian,Alvarez ,M,M,2020-05-08
20912,AW00020912,Eugene,Torres,M,M,2020-09-08
27892,AW00027892,Ian,Carlson,S,F,2020-10-16
25932,AW00025932,Luke,Yang,S,M,2019-01-15
21949,AW00021949,Elizabeth,Walker,M,F,2022-02-26
26505,AW00026505,Christy,Gray,S,M,2020-06-18
15291,AW00015291,Eugene,Sanchez,M,F,2020-06-09
21168,AW00021168,Ian,Ward,S,M,2025-03-29
14939,AW00014939,Jon,Zhu,M,M,2021-11-23
13842,AW00013842,Chloe,Perez,S,M,2021-06-17
19865,AW00019865,Jacquelyn,Wood,M,F,2019-05-13
12544,AW00012544,Jordan,Perez,M,F,2019-04-23
17488,AW00017488,Luke,Perez,S,F,2020-02-23
28573,AW00028573,Christy,Carlson,S,M,2023-09-11
19675,AW00019675,Russell,Yang,S,F,2024-10-10
26272,AW00026272,Jacquelyn,Mehta,M,M,2020-07-05
27347,AW00027347,Jon,Zhu,M,F,2024-02-28
18964,AW00018964,Jon,Torres,S,M,2024-09-13
24895,AW00024895,Julio,Wood,M,F,2020-11-07
20028,AW00020028,Ethan,Carlson,M,F,2022-04-09
14819,AW00014819,Destiny,Bennett,M,F,2022-06-16
11626,AW00011626,Christy,Mehta,M,M,2024-12-03
19560,AW00019560,Wyatt,Diaz,S,M,2022-12-27
19487,AW00019487,Janet,Johnson,M,M,2024-11-18
20835,AW00020835,Wyatt,Huang,M,M,2024-12-11
14062,AW00014062,Seth,Torres,M,F,2024-12-08
15312,AW00015312,Janet,Carlson,M,F,2021-01-20
14241,AW00014241,Rob,Carlson,S,F,2022-08-20
26907,AW00026907,Elizabeth,Diaz,M,M,2025-01-01
12752,AW00012752,Ruben,Ross,S,M,2024-05-19
,,Marco,Ward,,,2024-01-01
13071,AW00013071,Janet,Gray,M,M,2019-11-03
23929,AW00023929,Elizabeth,Watson,S,M,2022-02-20
20592,AW00020592,Christy, Diaz,S,F,2021-06-02
26825,AW00026825,Ethan,Walker,M,M,2021-05-13
27790,AW00027790,Jacquelyn,Yang,M,F,2021-08-10
23664,AW00023664,Julio,Verhoff,S,F,2022-09-04
16253,AW00016253,Elizabeth,Bennett,S,M,2024-04-24
28990,AW00028990,Ethan,Yang ,,M,2022-05-19
18163,AW00018163,Chloe,Yang,S,F,2020-08-27
22526,AW00022526,Clarence,Walker,M,M,2021-04-27
13124,AW00013124,Seth,Jenkins,M,M,2021-10-04
28505,AW00028505,Lauren,Gray,M,M,2022-02-19
25076,AW00025076,Jon,Hill,S,F,2021-02-19
26220,AW00026220,Jon,Torres,M,M,2021-04-07
26691,AW00026691,Ian,Diaz,,M,2024-11-10
19427,AW00019427,Marco, Wood,M,F,2024-04-01
12529,AW00012529,Luke,Perez,M,M,2023-09-29
26423,AW00026423,Destiny ,Diaz,M,F,2019-05-30
24934,AW00024934,Marco,Lu,M,F,2024-07-12
15276,AW00015276,Ian,Diaz,S,F,2023-12-13
20452,AW00020452,Lauren,Huang,S,F,2022-07-12
23844,AW00023844,Luke,Perez,M,M,2022-10-11
26813,AW00026813,Seth,Mehta,M,F,2021-11-12
18859,AW00018859,Seth,Bennett,S,F,2025-06-27
27464,AW00027464,Clarence,Verhoff,S,F,2019-12-12
20736,AW00020736,Destiny,Suarez,M,F,2022-01-19
20696,AW00020696,Seth,Verhoff,M,F,2024-11-13
11663,AW00011663,Ruben,Sanchez,S,F,2020-06-19
26660,AW00026660,Jacquelyn,Diaz,M,F,2022-03-29
11489,AW00011489,Russell,Zhu,M,M,2021-04-17
24949,AW00024949,Ian,Lu,S,F,2025-06-19
16647,AW00016647,Ruben,Ross,M,M,2020-11-05
18704,AW00018704,Ruben,Mehta,S,F,2025-06-28
21267,AW00021267,Curtis ,Bennett,M,F,2022-11-22
27183,AW00027183,Christy,Bennett,S,F,2021-07-16
17617,AW00017617,Janet,Alvarez,S,M,2025-02-02
15405,AW00015405,Russell,Gray,S,M,2019-09-13
20892,AW00020892,Curtis,Alvarez,S,F,2024-08-25
20140,AW00020140,Luke,Lu,M,F,2024-07-17
19773,AW00019773,Sydney,Alvarez,,M,2023-05-09
13355,AW00013355,Ethan,Ross,S,F,2022-06-27
27007,AW00027007,Lauren,Suarez,M,M,2022-08-07
26146,AW00026146,Clarence,Ross,M,F,2024-11-25
13208,AW00013208,Shannon,Ward,M,F,2020-02-11
19080,AW00019080,Wyatt,Wood,M,F,2020-11-24
23433,AW00023433,Destiny,Perez,M,M,2020-03-24
11936,AW00011936,Destiny,Hill,S,M,2019-08-18
15392,AW00015392,Chloe,Mehta,M,F,2023-05-08
15023,AW00015023,Rob,Ruiz,S,M,2024-05-09
27714,AW00027714,Clarence,Ross,S,F,2022-05-18
12780,AW00012780,Russell,Watson,M,F,2021-04-20
20614,AW00020614,Eugene,Gray,M,M,2022-01-19
25924,AW00025924,Eugene,Gray,S,M,2019-02-23
15435,AW00015435,Marco,Diaz,M,F,2019-02-06
11066,AW00011066,Jordan,Alvarez,M,M,2021-12-17
25381,AW00025381,Clarence,Gray ,M,F,2019-07-04
14246,AW00014246,Sydney,Sanchez,S,M,2022-04-08
17916,AW00017916,Jordan,Verhoff,,M,2019-04-16
15821,AW00015821,Rob,Bennett,M,M,2025-03-24
13736,AW00013736,Jordan,Carlson,M,F,2021-07-22
14546,AW00014546,Julio,Yang,S,F,2020-06-18
27147,AW00027147,Lauren,Diaz,S,M,2024-09-25
27639,AW00027639, Ruben,Torres,S,F,2021-06-28
17348,AW00017348,Clarence,Gray,S,F,2019-07-20
12301,AW00012301,Ruben,Verhoff,S,F,2023-05-11
22420,AW00022420,Ruben,Sanchez,S,M,2025-04-08
27352,AW00027352,Russell,Carlson,M,F,2021-12-01
14449,AW00014449,Seth,Yang,M,M,2022-10-30
22652,AW00022652,Jordan,Ward,M,F,2020-03-28
28733,AW00028733,Ethan,Yang,M,M,2023-09-03
21864,AW00021864,Marco,Huang,S,M,2021-02-02
28954,AW00028954,Curtis,Johnson,M,F,2019-06-09
13705,AW00013705,Lauren,Young,M,F,2024-01-15
23147,AW00023147,Seth,Jenkins,,M,2024-03-19
22229,AW00022229,Ian ,Huang,S,F,2023-04-06
13679,AW00013679,Ian,Walker,S,M,2021-11-18
14573,AW00014573,Jordan,Zhu,M,M,2021-05-25
17463,AW00017463,Janet,Mehta,M,F,2024-05-28
26872,AW00026872,Sydney,Carlson,S,,2025-01-24
28123,AW00028123,Christy,Jenkins,S,F,2025-06-06
16465,AW00016465,Lauren,Diaz,M,M,2019-08-28
14114,AW00014114,Seth,Diaz,M,F,2020-10-29
22583,AW00022583,Lauren,Perez,S,F,2021-09-18
24532,AW00024532,Rob,Perez,M,F,2024-11-20
14268,AW00014268,Rob,Zhu,S,M,2022-06-17
24833,AW00024833,Sydney, Watson,M,M,2019-06-02
23601,AW00023601, Eugene,Torres,S,M,2019-07-06
11309,AW00011309,Destiny,Gray,M,M,2019-12-14
11512,AW00011512,Destiny,Ross,S,M,2023-07-19
20039,AW00020039,Curtis,Sanchez,S,F,2021-03-01
24890,AW00024890,Russell,Carlson,M,M,2025-02-28
13954,AW00013954,Janet,Diaz,S,F,2024-02-06
15406,AW00015406,Jon,Lu ,S,M,2025-01-17
13879,AW00013879,Clarence,Perez,M,M,2019-10-16
21074,AW00021074,Jordan,Wood,M,F,2024-11-10
22033,AW00022033,Rob,Huang,M,M,2025-02-28
26698,AW00026698,Chloe,Ross,S,M,2025-03-10
26352,AW00026352,Jordan,Torres,M,F,2020-06-26
12254,AW00012254,Seth,Walker,M,F,2023-11-18
22126,AW00022126,Eugene,Carlson,S,F,2019-03-11
19545,AW00019545,Jacquelyn,Huang,M,F,2020-03-09
23892,AW00023892,Julio,Alvarez,S,F,2025-02-20
14243,AW00014243,Janet,Suarez,M,F,2021-12-16
21078,AW00021078,Sydney,Zhu,M,F,2024-11-01
22156,AW00022156,Lauren,Suarez,S,M,2019-04-12
13835,AW00013835,Eugene,Perez,,F,2019-07-10
22329,AW00022329,Ruben,Lu,S,F,2020-09-21
24216,AW00024216,Clarence,Ross,M,M,2021-11-26
27306,AW00027306,Russell,Alvarez,S,F,2024-05-11
18432,AW00018432,Rob,Perez,S,F,2023-10-13
21229,AW00021229,Wyatt,Hill,M,F,2020-08-31
21787,AW00021787,Jordan,Bennett,S,F,2019-09-07
16910,AW00016910,Jordan,Verhoff,M,F,2020-02-05
20408,AW00020408,Jordan,Huang,M,M,2019-08-25
23746,AW00023746,Rob,Hill,S,F,2020-02-21
18103,AW00018103,Elizabeth ,Young,M,M,2020-09-17
16532,AW00016532,Seth ,Diaz,S,F,2020-10-08
19141,AW00019141,Ruben,Watson,S,M,2021-03-02
15139,AW00015139,Curtis,Johnson,,M,2023-03-08
25625,AW00025625,Sydney,Ross,M,M,2021-06-08
11117,AW00011117, Elizabeth,Diaz,S,F,2025-04-30
12221,AW00012221,Ethan,Zhu,M,M,2020-10-07
28076,AW00028076,Wyatt,Walker ,S,M,2025-04-27
20221,AW00020221,Sydney,Torres,M,,2019-10-19
13358,AW00013358,Christy,Mehta,S,M,2024-04-24
23764,AW00023764,Ruben,Jenkins,S,M,2023-06-30
28635,AW00028635, Janet,Huang,S,F,2024-07-18
27082,AW00027082,Jon, Walker,M,M,2020-05-09
27458,AW00027458,Julio,Jenkins,M,M,2020-09-19
20477,AW00020477,Jacquelyn,Ross,M,F,2021-06-30
19621,AW00019621,Shannon,Zhu,S,M,2023-08-03
17913,AW00017913,Ruben,Carlson,M,F,2022-04-24
28691,AW00028691, Sydney,Suarez,M,F,2020-11-19
27742,AW00027742,Jon,Gray,S,F,2020-11-28
24510,AW00024510,Elizabeth,Zhu,S,M,2023-04-18
25412,AW00025412,Ethan,Torres,,F,2025-04-27
13463,AW00013463,Eugene,Diaz,M,F,2022-07-22
25527,AW00025527,Eugene,Yang,M,M,2024-04-16
19818,AW00019818,Jordan,Ruiz,S,M,2023-02-18
13197,AW00013197,Sydney,Johnson,M,,2020-04-10
11016,AW00011016,Marco,Huang,M,F,2022-01-01
18516,AW00018516,Jordan,Watson,S,M,2020-03-21
28338,AW00028338,Jordan,Ward,S,F,2021-08-12
23487,AW00023487,Seth,Mehta,S,M,2019-11-15
11033,AW00011033,Jordan, Jenkins,S,M,2022-06-30
15838,AW00015838,Rob,Verhoff,S,M,2020-12-11
18782,AW00018782, Julio,Suarez,M,M,2022-03-14
27787,AW00027787,Christy,Hill,S,F,2024-09-13
21924,AW00021924,Clarence ,Gray,S,M,2024-09-29
19004,AW00019004,Curtis,Suarez,M,F,2023-06-18
19757,AW00019757,Jon,Huang,S,M,2019-05-04
25827,AW00025827,Luke,Walker,S,M,2020-11-22
15779,AW00015779,Janet,Zhu,M,F,2022-06-11
15859,AW00015859,Rob,Young,M,M,2024-09-14
28208,AW00028208,Janet, Verhoff,,F,2022-05-15
18924,AW00018924,Russell,Young,S,F,2019-06-30
17855,AW00017855,Luke,Huang,M,F,2023-05-17
11819,AW00011819,Jacquelyn,Ruiz,S,F,2023-06-28
15607,AW00015607, Christy,Young,S,M,2022-09-28
27101,AW00027101,Eugene,Ruiz,S,M,2022-12-10
28211,AW00028211,Luke,Young,M,M,2022-08-14
23702,AW00023702,Shannon,Torres,M,F,2021-08-15
14891,AW00014891,Lauren,Wood,S,M,2023-11-21
22452,AW00022452,Chloe,Verhoff,M,F,2024-07-08
20630,AW00020630,Chloe,Zhu,S,,2023-06-19
16393,AW00016393,Marco,Walker,M,M,2022-03-27
23395,AW00023395,Sydney,Diaz,S,F,2022-03-13
16274,AW00016274,Elizabeth,Sanchez,S,F,2025-03-16
12802,AW00012802,Shannon,Jenkins,M,M,2023-03-13
18329,AW00018329,Wyatt,Wood,,M,2019-05-24
25613,AW00025613,Jordan,Zhu,S,F,2025-02-16
25439,AW00025439,Curtis,Alvarez,M,F,2019-05-30
21225,AW00021225,Julio,Gray,M,M,2025-04-10
19127,AW00019127,Ethan, Yang,M,M,2019-11-14
26837,AW00026837,Marco,Johnson,S,M,2024-01-20
13446,AW00013446,Jordan,Wood,M,M,2023-12-10
15967,AW00015967,Luke,Carlson,S,M,2021-04-24
24122,AW00024122,Ethan,Torres,S,M,2024-05-21
13187,AW00013187,Jon,Watson,M,F,2021-10-29
18281,AW00018281,Clarence,Verhoff,M,M,2023-10-14
14157,AW00014157,Sydney,Sanchez,M,F,2019-04-03
11863,AW00011863,Wyatt,Gray,M,M,2023-04-12
22422,AW00022422,Ian,Suarez,S,M,2024-11-19
24821,AW00024821,Sydney,Walker,M,F,2024-12-13
28210,AW00028210,Seth,Johnson,M,M,2020-11-27
22962,AW00022962,Luke,Alvarez,M,F,2019-07-28
19985,AW00019985,Ethan,Johnson,M,F,2021-03-05
24073,AW00024073,Marco,Diaz,S,M,2021-03-15
27240,AW00027240,Ian, Wood,M,F,2023-04-30
28267,AW00028267,Christy,Jenkins,S,F,2020-11-18
18361,AW00018361,Chloe,Wood,S,F,2020-04-15
24029,AW00024029,Russell,Ross,S,M,2023-01-14
14365,AW00014365,Sydney,Johnson,S,M,2022-03-03
15468,AW00015468,Lauren,Young,M,F,2023-09-25
25808,AW00025808,Marco,Bennett,S,M,2020-05-16
19539,AW00019539,Ethan, Mehta,M,F,2022-12-24
16002,AW00016002,Marco,Diaz,M,F,2019-01-04
16708,AW00016708,Jordan,Jenkins,M,M,2024-01-09
25596,AW00025596,Curtis,Diaz,S,M,2020-01-17
28943,AW00028943,Ruben,Johnson,M,F,2019-06-30
17620,AW00017620,Destiny,Wood,S,F,2021-07-03
13480,AW00013480,Russell,Lu,M,F,2024-01-17
27219,AW00027219,Eugene,Huang,M,M,2019-05-27
28695,AW00028695,Jon,Hill,M,M,2022-08-21
18946,AW00018946,Clarence,Sanchez,S,M,2020-02-09
11953,AW00011953,Curtis,Zhu,S,F,2025-07-25
16748,AW00016748,Chloe,Gray,S,F,2022-06-03
27061,AW00027061,Curtis,Bennett,M,F,2021-10-09
25287,AW00025287, Jordan,Verhoff,,M,2023-03-01
18896,AW00018896,Christy,Young,M,F,2021-03-03
24349,AW00024349,Marco,Alvarez,M,M,2021-11-02
24545,AW00024545,Lauren,Yang,S,F,2023-12-24
13379,AW00013379,Ethan,Zhu,M,F,2022-08-18
16094,AW00016094, Elizabeth,Jenkins,S,M,2022-08-31
18674,AW00018674,Rob,Gray ,S,M,2020-08-27
17049,AW00017049,Wyatt,Lu,S,F,2023-09-10
20024,AW00020024,Julio ,Bennett,S,M,2022-09-14
13691,AW00013691,Jacquelyn,Suarez,M,F,2020-08-09
23112,AW00023112,Elizabeth,Lu,M,M,2020-11-20
22211,AW00022211,Sydney,Yang,M,M,2023-04-21
16611,AW00016611,Seth,Alvarez,M,M,2022-10-06
11418,AW00011418,Seth,Johnson,S,F,2024-05-13
14556,AW00014556,Curtis,Mehta,S,F,2022-09-20
21741,AW00021741,Ian,Carlson,M,M,2019-12-09
18381,AW00018381,Ethan,Ross,M,F,2024-12-14
23383,AW00023383,Seth,Hill,M,F,2020-04-14
16649,AW00016649,Christy, Mehta,S,F,2021-02-19
17941,AW00017941,Sydney,Johnson ,S,F,2023-06-22
16133,AW00016133,Russell,Perez,M,M,2020-02-02
15353,AW00015353,Shannon,Gray,S,M,2020-09-10
27828,AW00027828,Ethan,Watson,M,F,2021-08-09
19260,AW00019260,Shannon,Johnson,M,M,2019-03-31
17969,AW00017969,Christy,Alvarez,S,F,2019-04-09
11501,AW00011501,Ethan,Huang,S,F,2020-07-17
15251,AW00015251,Ethan,Yang,S,F,2020-01-29
16018,AW00016018,Lauren,Torres,M,F,2020-12-25
24172,AW00024172,Curtis,Lu,S,F,2024-03-20
15494,AW00015494,Destiny,Alvarez,M,M,2022-05-03
19703,AW00019703,Russell,Yang,M,M,2025-06-19
27864,AW00027864,Ruben,Lu,S,F,2022-02-05
11829,AW00011829,Chloe,Lu,M,M,2025-04-05
23806,AW00023806,Jacquelyn,Gray,S,M,2021-07-10
17145,AW00017145,Shannon,Wood,S,M,2022-06-10
24714,AW00024714,Wyatt,Bennett,M,F,2025-06-24
14986,AW00014986,Marco,Ruiz,S,M,2019-09-16
17329,AW00017329,Wyatt,Watson,M,M,2024-10-28
27188,AW00027188,Russell,Bennett,S,M,2019-04-16
18286,AW00018286,Curtis,Mehta,S,M,2020-10-13
25764,AW00025764,Seth,Walker,M,M,2022-10-01
22935,AW00022935,Julio,Zhu,S,M,2019-11-19
21301,AW00021301,Jacquelyn,Lu,S,M,2023-08-30
19431,AW00019431,Janet,Wood,M,F,2022-04-03
21157,AW00021157,Clarence,Huang,M,M,2024-11-08
22041,AW00022041,Jordan,Bennett,S,F,2024-01-10
12095,AW00012095,Jon,Watson,M,M,2020-01-22
12311,AW00012311,Lauren,Perez,S,M,2019-01-14
16877,AW00016877,Rob,Torres,S,F,2019-07-24
13697,AW00013697, Jon, Johnson,S,F,2025-05-02
23226,AW00023226,Russell,Alvarez,S,F,2022-09-06
22176,AW00022176,Christy,Young,S,F,2020-07-06
22223,AW00022223,Shannon,Perez,S,M,2023-01-14
18820,AW00018820,Rob,Carlson,S,F,2020-01-19
20157,AW00020157,Christy,Jenkins,S,M,2023-03-20
18008,AW00018008,Julio,Diaz,M,F,2022-03-13
25844,AW00025844,Shannon,Ruiz,M,F,2022-01-15
24836,AW00024836,Christy,Wood,M,M,2024-11-13
19227,AW00019227,Ian,Yang,M,F,2020-02-13
12146,AW00012146,Ian,Carlson,M,F,2020-09-14
24397,AW00024397,Shannon,Carlson,S,M,2020-10-10
24267,AW00024267,Jon,Verhoff,S,F,2020-04-12
15044,AW00015044,Ethan,Yang,S,F,2021-11-16
13560,AW00013560,Julio,Ross,M,M,2024-04-03
18511,AW00018511,Chloe,Yang,S,F,2023-10-25
20594,AW00020594,Sydney,Ross,S,F,2022-03-21
26973,AW00026973,Destiny,Ross,S,M,2023-04-22
21538,AW00021538,Russell,Yang,M,,2019-12-30
27294,AW00027294,Luke,Wood,M,F,2023-12-05
19847,AW00019847,Rob,Lu,M,F,2021-08-25
23206,AW00023206,Jordan,Zhu,S,F,2021-08-10
26061,AW00026061,Russell,Ross,S,M,2023-04-14
15108,AW00015108,Jon,Johnson,S,M,2023-04-22
14412,AW00014412,Eugene,Bennett,S,M,2025-03-16
14340,AW00014340,Elizabeth,Zhu,M,F,2023-06-26
25541,AW00025541,Chloe,Huang,S,F,2022-10-06
17155,AW00017155,Russell,Ross,S,F,2019-06-24
15583,AW00015583,Destiny,Jenkins,S,M,2025-02-10
18961,AW00018961,Ian,Jenkins ,S,M,2021-10-03
22765,AW00022765,Destiny,Lu,S,M,2021-01-01
11631,AW00011631,Shannon,Ross,M,F,2023-07-06
18793,AW00018793,Seth,Walker,M,M,2024-09-20
22595,AW00022595,Christy,Carlson,M,,2019-12-10
24889,AW00024889,Shannon,Wood,S,M,2022-09-15
21079,AW00021079,Sydney,Suarez,S,M,2020-06-25
12889,AW00012889,Ruben,Ruiz,S,M,2024-09-09
20885,AW00020885,Jacquelyn,Yang ,S,M,2024-11-18
23165,AW00023165,Ian,Jenkins,S,M,2019-07-26
22691,AW00022691,Lauren,Ward,M,M,2022-12-07
18726,AW00018726,Jon,Mehta,S,,2021-09-24
25138,AW00025138,Elizabeth,Lu,S,F,2024-04-02
13671,AW00013671,Jon,Bennett,M,F,2019-05-26
23488,AW00023488,Eugene,Diaz,S,M,2021-12-10
20998,AW00020998,Eugene,Bennett,M,M,2021-10-03
14325,AW00014325,Lauren,Suarez,M,F,2020-08-12
12384,AW00012384,Wyatt,Hill,S,F,2024-12-18
19348,AW00019348,Julio,Watson,M,M,2019-01-08
19321,AW00019321,Wyatt,Torres,M,F,2024-04-01
23750,AW00023750,Curtis,Mehta,M,M,2025-05-23
22614,AW00022614,Jon,Diaz,S,F,2022-12-17
24693,AW00024693,Luke,Yang,S,M,2023-04-08
22322,AW00022322,Lauren,Jenkins,S,M,2024-11-15
12411,AW00012411,Ruben,Suarez,S,M,2025-07-17
21033,AW00021033,Seth,Ward,S,F,2019-08-06
14769,AW00014769,Eugene,Suarez,S,F,2024-11-28
19592,AW00019592,Seth,Jenkins,M,M,2020-08-18
19108,AW00019108,Chloe,Johnson,S,M,2021-11-08
15446,AW00015446,Russell,Sanchez,S,F,2022-04-14
25161,AW00025161,Elizabeth,Perez,S,F,2023-06-05
23509,AW00023509,Christy,Ross,M,F,2020-07-29
13621,AW00013621,Lauren,Johnson,S,F,2022-11-21
16209,AW00016209,Jon,Huang,M,F,2022-10-14
27353,AW00027353,Clarence,Zhu,S,M,2020-11-14
22343,AW00022343,Sydney,Jenkins,S,M,2019-12-26
27708,AW00027708,Rob,Torres,S,F,2024-01-04
23483,AW00023483,Ruben,Suarez,S,M,2023-12-16
28914,AW00028914,Jacquelyn,Ruiz,S,M,2023-02-27
16623,AW00016623,Jacquelyn,Alvarez,S,F,2024-10-10
20245,AW00020245,Eugene,Gray,S,M,2021-02-16
20017,AW00020017,Eugene,Hill,M,M,2022-02-23
14361,AW00014361,Wyatt,Carlson,M,F,2023-09-09
20515,AW00020515,Shannon,Perez,,M,2019-08-12
15253,AW00015253,Ruben,Alvarez,S,F,2023-07-11
21782,AW00021782,Sydney,Hill,M,F,2020-05-28
14764,AW00014764,Julio,Walker,M,M,2019-03-22
17378,AW00017378,Ian,Gray,M,F,2021-07-23
22404,AW00022404,Marco,Gray,M,M,2019-06-12
19207,AW00019207,Wyatt,Young,S,F,2022-10-17
15717,AW00015717,Jon,Walker ,M,,2019-03-16
19597,AW00019597,Destiny,Hill,M,M,2022-11-25
12368,AW00012368,Lauren,Young ,S,F,2024-07-21
24161,AW00024161,Clarence,Torres,S,F,2019-06-06
17261,AW00017261,Luke,Perez,S,F,2023-02-11
25240,AW00025240,Curtis,Watson,M,F,2024-11-19
17571,AW00017571,Elizabeth,Diaz,,F,2019-04-08
25307,AW00025307,Ethan,Walker,M,M,2025-07-09
19290,AW00019290,Marco,Perez,M,M,2024-01-31
17422,AW00017422,Wyatt,Huang,M,M,2020-01-09
11431,AW00011431,Ethan,Watson,S,M,2025-03-04
25125,AW00025125,Clarence,Wood,S,M,2024-07-09
11497,AW00011497,Marco,Young,M,F,2024-06-24
25954,AW00025954,Destiny,Ward,M,M,2024-05-27
15638,AW00015638,Shannon,Huang,S,F,2025-05-28
16776,AW00016776,Chloe,Diaz ,,M,2019-11-19
19747,AW00019747,Luke,Hill,M,M,2023-08-24
13817,AW00013817,Sydney,Bennett,M,M,2021-04-22
21835,AW00021835,Christy,Walker,M,F,2022-06-27
27022,AW00027022,Lauren,Ruiz,S,F,2024-02-03
14066,AW00014066,Rob,Johnson,S,M,2019-11-07
21833,AW00021833,Ethan,Diaz,M,F,2023-08-06
17959,AW00017959,Janet,Gray,M,M,2019-01-14
18033,AW00018033,Wyatt,Mehta,S,F,2023-01-27
21224,AW00021224,Clarence,Watson,S,F,2025-07-19
22750,AW00022750,Ethan,Carlson,M,F,2019-03-29
15260,AW00015260,Marco,Ross,S,F,2021-04-11
23238,AW00023238,Ian,Young,S,M,2019-06-10
27567,AW00027567,Ethan,Lu,M,F,2020-06-29
24455,AW00024455,Lauren,Johnson,M,M,2023-06-27
20829,AW00020829,Luke,Sanchez,,F,2024-04-03
27476,AW00027476,Ruben,Young,M,F,2020-08-31
24517,AW00024517,Ian,Bennett,S,F,2023-09-25
19878,AW00019878,Ian,Yang,M,F,2024-08-23
14589,AW00014589,Elizabeth,Ward,M,M,2022-08-05
11361,AW00011361,Curtis,Bennett,S,M,2024-12-08
17815,AW00017815,Russell,Gray,S,F,2024-12-18
19799,AW00019799,Lauren,Verhoff,S,F,2024-09-21
26600,AW00026600,Jon,Mehta,S,M,2020-07-02
13956,AW00013956,Ethan,Wood,S,F,2021-10-05
16865,AW00016865, Janet,Perez,S,M,2022-04-30
17087,AW00017087,Eugene,Ross,M,F,2025-04-08
27610,AW00027610,Chloe,Carlson,M,F,2025-05-14
12156,AW00012156, Marco,Jenkins,M,M,2023-04-08
26779,AW00026779,Ruben,Yang,S,M,2020-02-28
14571,AW00014571, Elizabeth,Diaz,S,M,2023-03-26
25157,AW00025157,Lauren,Alvarez,S,F,2023-05-03
13550,AW00013550,Julio,Alvarez,M,M,2019-12-10
14850,AW00014850,Julio,Huang,M,M,2022-05-04
24119,AW00024119,Lauren ,Mehta,S,M,2024-11-08
24251,AW00024251,Chloe,Watson,S,F,2023-09-12
26601,AW00026601,Ruben,Zhu,S,F,2019-10-06
18066,AW00018066,Ruben,Jenkins,M,M,2020-08-31
14284,AW00014284,Julio,Mehta,S,M,2023-04-12
20307,AW00020307,Russell,Hill,M,M,2020-12-03
22093,AW00022093,Julio,Wood,M,F,2022-01-16
19306,AW00019306,Jordan,Ward,M,M,2020-05-26
15397,AW00015397,Janet,Ruiz,S,F,2019-09-19
23597,AW00023597,Russell,Perez ,S,M,2022-08-22
14991,AW00014991,Curtis,Walker,S,F,2019-09-10
27323,AW00027323,Destiny,Watson,M,F,2019-12-13
26338,AW00026338,Marco,Zhu,M,F,2019-12-04
20243,AW00020243,Ian,Johnson,S,F,2023-11-04
23847,AW00023847,Jon,Johnson,S,M,2024-08-27
18749,AW00018749,Elizabeth,Alvarez,S,M,2024-02-13
13307,AW00013307,Russell, Yang,,M,2024-08-23
18228,AW00018228,Elizabeth,Gray,M,M,2020-08-31
26640,AW00026640,Jacquelyn,Yang,S,M,2019-08-07
17713,AW00017713,Chloe,Young,S,F,2023-10-03
23286,AW00023286,Shannon,Suarez,S,F,2022-02-02
11637,AW00011637,Ethan,Perez,S,M,2019-02-21
12080,AW00012080,Destiny,Young,S,F,2019-09-06
24223,AW00024223,Julio,Zhu,M,F,2021-09-26
11474,AW00011474,Marco,Wood ,S,M,2020-07-27
14310,AW00014310,Destiny,Carlson,M,M,2019-11-25
17223,AW00017223,Ruben,Verhoff,S,F,2020-10-13
18527,AW00018527,Ethan,Mehta,M,F,2019-08-24
19098,AW00019098,Eugene,Zhu,M,F,2018-09-27
25290,AW00025290,Sydney,Carlson,M,F,2020-03-30
19640,AW00019640,Sydney,Jenkins,M,F,2022-03-19
27428,AW00027428,Ruben,Torres,M,F,2024-06-28
20240,AW00020240,Luke,Young,S,F,2024-12-15
20193,AW00020193,Sydney,Ruiz,S,F,2024-05-06
27456,AW00027456,Rob,Suarez,M,M,2019-10-03
24905,AW00024905,Ruben,Walker,M,F,2021-01-09
20745,AW00020745,Russell,Young,M,F,2020-11-11
21694,AW00021694,Wyatt,Bennett,S,M,2021-11-15
14821,AW00014821, Curtis,Carlson,M,M,2021-10-05
25878,AW00025878,Chloe,Johnson,,F,2020-08-19
20768,AW00020768,Seth,Ward,M,M,2021-09-14
25339,AW00025339,Elizabeth,Sanchez,S,F,2022-08-30
18206,AW00018206,Lauren,Torres,S,F,2023-05-04
23262,AW00023262,Rob,Yang,M,M,2025-04-11
24032,AW00024032,Wyatt,Gray,M,M,2020-12-20
15979,AW00015979,Destiny,Verhoff,S,M,2022-09-07
19090,AW00019090,Ethan,Ruiz,S,M,2019-11-11
28379,AW00028379,Jacquelyn,Mehta,M,F,2019-08-03
21748,AW00021748,Lauren,Ward,M,F,2019-11-15
26186,AW00026186,Shannon,Huang,,M,2020-10-28
28404,AW00028404,Eugene,Yang,S,M,2019-02-18
25753,AW00025753,Ruben,Suarez,M,M,2025-06-08
28283,AW00028283,Luke,Hill,S,M,2023-08-14
26712,AW00026712,Sydney,Walker,S,M,2024-03-07
15886,AW00015886,Julio,Lu,M,M,2022-05-13
14656,AW00014656,Chloe,Wood,S,M,2024-03-12
21677,AW00021677,Eugene,Verhoff,M,F,2025-03-08
21223,AW00021223,Ethan,Wood,M,M,2022-09-22
14921,AW00014921,Jordan,Huang,M,F,2019-02-01
23331,AW00023331,Janet,Ruiz,S,M,2022-01-03
23388,AW00023388,Janet,Bennett,M,M,2019-01-03
12722,AW00012722,Destiny, Alvarez,M,M,2020-10-23
12392,AW00012392,Ian,Bennett,S,F,2021-02-13
18929,AW00018929,Ethan,Perez,M,M,2024-08-25
11777,AW00011777,Shannon,Ruiz,S,F,2020-02-04
21809,AW00021809,Lauren,Ross,S,F,2025-01-24
12998,AW00012998,Elizabeth,Perez,M,M,2025-03-02
25718,AW00025718,Julio ,Perez,M,M,2019-11-07
26952,AW00026952,Christy,Yang,M,F,2020-12-07
28709,AW00028709,Ruben,Mehta,S,F,2021-09-18
28344,AW00028344,Destiny,Huang,M,M,2024-08-30
17945,AW00017945,Jacquelyn,Yang,S,M,2021-04-23
13604,AW00013604,Ethan,Suarez,M,F,2024-04-01
25949,AW00025949,Ian ,Ward,S,M,2019-05-16
15012,AW00015012,Sydney,Torres,M,F,2019-04-06
27043,AW00027043,Eugene,Verhoff,S,M,2025-07-28
19756,AW00019756,Ruben,Gray,M,M,2020-07-07
16285,AW00016285,Wyatt,Verhoff,M,F,2019-07-03
20033,AW00020033,Marco,Young,M,F,2023-02-06
26241,AW00026241,Chloe,Gray,S,M,2021-05-25
19834,AW00019834,Ian,Torres,S,F,2024-12-16
11816,AW00011816,Ethan,Suarez,M,M,2020-01-25
17086,AW00017086,Seth,Alvarez,S,M,2019-05-05
24910,AW00024910,Ethan,Lu,M,,2022-03-14
22134,AW00022134,Christy,Mehta,M,M,2020-10-26
11629,AW00011629,Ruben,Yang,S,M,2021-12-09
23072,AW00023072,Destiny,Torres,S,M,2020-08-09
19857,AW00019857,Rob,Mehta,M,M,2019-11-22
18208,AW00018208, Janet,Carlson,S,F,2023-06-27
13052,AW00013052,Marco,Diaz,S,M,2021-10-18
22254,AW00022254,Marco,Ward ,S,M,2022-03-27
20697,AW00020697,Eugene ,Carlson,S,F,2019-06-20
28923,AW00028923,Jon,Lu,S,F,2024-04-09
22857,AW00022857,Rob,Ward,M,F,2021-04-10
14513,AW00014513,Ian,Young,S,M,2021-06-22
12616,AW00012616,Seth,Walker,M,F,2023-01-17
11621,AW00011621,Luke,Perez,M,F,2023-10-25
18753,AW00018753,Russell,Hill,M,M,2024-02-12
25927,AW00025927,Ethan,Wood,M,F,2022-06-20
12765,AW00012765,Jon,Diaz,S,M,2025-06-05
13080,AW00013080,Wyatt,Walker,M,F,2022-01-17
14880,AW00014880,Ian,Huang,M,M,2020-12-26
14415,AW00014415,Elizabeth,Zhu,S,M,2024-04-23
21920,AW00021920,Sydney,Ross,S,F,2021-12-02
18047,AW00018047, Sydney,Huang,S,F,2024-10-31
26993,AW00026993,Rob,Sanchez,S,F,2022-07-30
23838,AW00023838,Lauren,Huang,S,F,2023-08-20
15573,AW00015573,Jacquelyn,Wood,,M,2024-07-03
12831,AW00012831,Jon,Ruiz,M,F,2023-05-21
19247,AW00019247,Shannon,Jenkins,M,M,2019-12-04
24507,AW00024507,Destiny,Sanchez,M,F,2020-04-09
28703,AW00028703,Ethan,Bennett,S,F,2023-04-01
25023,AW00025023, Rob,Bennett,S,M,2021-03-26
27664,AW00027664, Jon,Walker,M,F,2022-06-29
15263,AW00015263,Marco,Zhu,S,M,2020-10-11
27534,AW00027534,Russell,Torres,M,M,2019-04-10
16632,AW00016632,Curtis,Hill,M,F,2024-10-20
17477,AW00017477,Julio,Diaz,M,M,2019-03-14
21108,AW00021108,Sydney,Ruiz,S,F,2024-04-12
17968,AW00017968,Clarence,Suarez,M,F,2022-07-19
15654,AW00015654,Ethan,Young,S,F,2025-07-11
12997,AW00012997,Elizabeth,Diaz,S,F,2022-02-10
19797,AW00019797,Destiny,Walker,S,F,2020-08-17
25364,AW00025364,Seth ,Bennett,S,M,2022-04-12
11230,AW00011230,Elizabeth, Huang,S,F,2024-07-10
24746,AW00024746,Julio,Mehta,S,M,2021-05-16
16501,AW00016501,Clarence,Sanchez,S,M,2020-02-03
25666,AW00025666,Ethan,Verhoff,S,M,2021-04-20
23593,AW00023593,Christy,Walker,M,F,2020-07-20
15063,AW00015063,Lauren,Lu,M,F,2022-12-14
28480,AW00028480,Christy,Walker,S,F,2021-03-18
22493,AW00022493,Destiny,Sanchez,M,M,2019-04-20
14105,AW00014105,Jordan,Young,S,F,2022-08-03
14750,AW00014750,Elizabeth,Walker,S,M,2022-08-25
18525,AW00018525,Rob,Bennett,M,F,2022-10-17
19249,AW00019249,Chloe,Sanchez,,F,2025-04-23
26602,AW00026602,Clarence,Walker,M,M,2024-04-18
23550,AW00023550,Janet,Huang,S,M,2022-10-16
15041,AW00015041,Ian,Torres,S,F,2021-07-20
25805,AW00025805,Ruben,Wood,M,M,2020-10-23
11574,AW00011574,Jordan,Ruiz,M,M,2020-07-02
17843,AW00017843,Destiny,Carlson,S,M,2019-08-05
21280,AW00021280,Destiny,Zhu,S,F,2023-01-30
14905,AW00014905,Russell,Young,S,M,2021-11-25
16519,AW00016519,Marco,Perez,S,F,2020-12-14
12839,AW00012839,Sydney,Sanchez,S,M,2022-03-25
14285,AW00014285,Curtis,Huang,S,M,2020-10-12
26733,AW00026733,Curtis,Young,M,F,2024-02-08
11982,AW00011982,Shannon,Torres,M,F,2019-11-08
16400,AW00016400,Julio,Ross,M,F,2021-03-15
20129,AW00020129,Wyatt,Lu,M,,2023-10-06
25859,AW00025859,Marco,Young,S,F,2020-11-19
28609,AW00028609,Curtis,Walker,M,M,2020-12-01
28243,AW00028243,Jacquelyn,Alvarez,M,F,2022-01-08
13773,AW00013773,Chloe,Ross,M,F,2021-07-25
23869,AW00023869,Julio,Johnson,M,M,2023-10-10
21020,AW00021020,Julio,Wood,S,M,2020-10-29
28264,AW00028264,Luke,Zhu,M,F,2022-08-05
19892,AW00019892,Jordan,Ross,M,M,2023-11-27
20049,AW00020049,Jon,Torres,M,M,2024-01-13
11315,AW00011315,Wyatt,Watson,S,F,2020-06-20
11771,AW00011771,Destiny ,Gray,M,M,2020-09-06
16607,AW00016607,Eugene,Perez,M,F,2020-06-02
14866,AW00014866,Ruben,Bennett,S,F,2024-09-12
20708,AW00020708,Chloe,Suarez,M,F,2021-05-16
21423,AW00021423,Jon,Lu,M,F,2020-06-11
26839,AW00026839,Christy,Mehta,M,F,2022-07-03
12207,AW00012207,Destiny, Wood,S,F,2021-02-06
11205,AW00011205,Seth,Carlson,S,M,2022-08-21
22578,AW00022578,Russell,Diaz,M,F,2022-01-24
12756,AW00012756,Christy,Ross,M,M,2019-12-17
16949,AW00016949,Janet,Carlson,S,M,2021-11-20
24261,AW00024261,Russell,Gray,S,F,2025-06-06
12755,AW00012755, Jacquelyn,Hill,S,M,2023-12-02
23329,AW00023329,Jon,Lu,M,F,2019-05-18
14863,AW00014863,Ian,Huang,S,M,2021-11-28
22220,AW00022220,Ian,Gray,M,F,2019-10-30
28318,AW00028318,Seth,Young,S,F,2020-07-26
19281,AW00019281,Janet,Mehta,S,M,2021-02-26
22396,AW00022396,Lauren,Torres,M,M,2023-02-04
22856,AW00022856,Elizabeth,Perez,M,M,2022-08-27
20551,AW00020551,Wyatt,Lu,M,M,2021-01-07
25414,AW00025414,Christy,Hill,M,F,2020-10-14
24902,AW00024902,Christy,Zhu,M,M,2024-02-13
27815,AW00027815,Jacquelyn,Hill,S,M,2019-05-21
26559,AW00026559,Russell,Verhoff ,S,M,2024-12-14
23184,AW00023184,Ian,Lu,S,F,2019-07-01
13725,AW00013725,Christy,Johnson,M,M,2020-11-23
25289,AW00025289,Janet,Suarez,M,F,2021-08-03
15502,AW00015502,Chloe,Hill,S,M,2022-12-15
28953,AW00028953,Christy,Yang,S,F,2025-07-16
18095,AW00018095,Curtis,Watson,S,M,2020-06-07
23977,AW00023977,Chloe,Young,S,F,2022-07-15
21352,AW00021352,Elizabeth,Alvarez,S,F,2020-05-09
17026,AW00017026,Sydney,Jenkins,S,F,2024-09-24
14996,AW00014996,Jon,Alvarez,S,F,2023-07-14
14198,AW00014198,Russell,Suarez,M,F,2018-09-30
13677,AW00013677,Jacquelyn,Lu,S,M,2020-02-19
13272,AW00013272,Lauren,Carlson,M,,2020-05-12
18173,AW00018173,Lauren,Zhu,S,M,2023-08-25
12323,AW00012323,Janet,Ross,M,M,2025-07-01
24579,AW00024579,Elizabeth,Verhoff,S,M,2023-01-06
15170,AW00015170,Ethan,Huang,M,M,2021-07-10
21474,AW00021474, Ethan,Johnson,M,F,2019-08-26
12969,AW00012969,Destiny,Ruiz,S,F,2024-05-30
19803,AW00019803,Curtis,Ruiz,M,,2022-07-22
28433,AW00028433,Sydney,Sanchez,S,F,2022-10-03
14847,AW00014847,Christy,Verhoff,S,M,2021-12-11
24619,AW00024619,Ethan, Zhu,M,M,2020-04-12
23854,AW00023854,Julio,Lu,M,F,2024-10-19
16789,AW00016789,Christy,Jenkins,M,M,2021-10-10
27760,AW00027760,Ruben,Jenkins,M,M,2020-04-24
23200,AW00023200,Jacquelyn,Ward,M,F,2022-02-19
25717,AW00025717,Ethan,Gray,M,M,2020-11-09
20320,AW00020320,Jacquelyn,Yang,S,M,2023-02-24
19270,AW00019270,Destiny,Jenkins,S,M,2019-03-07
17150,AW00017150,Jordan,Jenkins,M,,2023-07-09
16302,AW00016302,Elizabeth,Sanchez,S,F,2025-04-09
23930,AW00023930,Lauren,Alvarez,S,M,2024-11-20
16453,AW00016453,Shannon,Jenkins,S,M,2021-09-05
13539,AW00013539,Janet,Diaz,M,F,2023-10-08
22147,AW00022147,Rob,Ward,M,F,2020-07-30
19623,AW00019623,Elizabeth,Young,S,F,2020-03-28
16831,AW00016831,Jordan,Watson,S,F,2023-07-30
13121,AW00013121,Ruben,Zhu,M,F,2020-08-15
12632,AW00012632,Jon,Ruiz,M,M,2024-04-06
15092,AW00015092,Luke,Jenkins,S,M,2025-02-17
13459,AW00013459,Shannon,Johnson,S,M,2021-05-16
25482,AW00025482,Seth,Mehta,M,F,2021-03-25
27607,AW00027607,Elizabeth,Ross,M,M,2022-09-05
19428,AW00019428,Lauren, Jenkins,S,F,2020-11-08
18771,AW00018771,Eugene,Perez,S,F,2020-07-26
18405,AW00018405,Curtis,Carlson,M,F,2021-06-09
16227,AW00016227, Jacquelyn,Huang,M,M,2022-12-20
20410,AW00020410,Destiny, Hill,S,M,2024-02-09
14237,AW00014237,Shannon,Wood,M,F,2024-04-08
23599,AW00023599,Julio,Ward,S,M,2022-01-02
23678,AW00023678,Eugene,Watson,S,M,2021-02-18
19053,AW00019053,Ian,Huang,M,,2022-03-12
18082,AW00018082,Destiny,Young,S,F,2024-03-18
27986,AW00027986,Janet,Hill,M,M,2022-07-23
12660,AW00012660, Eugene,Ross,M,F,2023-07-05
27477,AW00027477,Sydney,Gray,M,M,2019-07-24
24818,AW00024818,Seth,Suarez,M,F,2020-05-16
28423,AW00028423,Destiny,Huang,M,M,2023-10-31
18425,AW00018425,Jacquelyn,Carlson,M,F,2024-07-27
19289,AW00019289,Julio,Zhu,M,F,2025-04-22
28894,AW00028894,Marco,Perez,S,F,2020-04-03
23256,AW00023256,Destiny,Wood,M,F,2024-06-21
26376,AW00026376,Seth,Alvarez,S,F,2021-03-27
27315,AW00027315,Shannon,Ross,S,F,2022-12-24
23832,AW00023832,Christy,Young,M,M,2019-05-03
17963,AW00017963, Janet,Carlson,S,M,2023-07-22
27598,AW00027598,Ruben,Zhu,M,F,2021-07-07
15037,AW00015037,Curtis,Yang,M,M,2019-08-30
17072,AW00017072,Jacquelyn,Carlson,S,M,2020-02-07
26653,AW00026653,Chloe,Lu,M,F,2022-11-25
27782,AW00027782,Elizabeth,Johnson,M,F,2019-03-25
24653,AW00024653,Ethan,Alvarez,M,M,2023-07-30
17168,AW00017168,Julio,Hill,,F,2025-05-25
14288,AW00014288,Elizabeth,Jenkins,M,M,2021-07-27
12127,AW00012127,Ethan,Verhoff,M,M,2019-03-20
22282,AW00022282,Curtis,Zhu,M,F,2020-07-07
18583,AW00018583,Eugene,Lu,S,M,2023-02-17
11168,AW00011168,Jordan,Perez,M,F,2020-05-24
19726,AW00019726,Clarence,Mehta,M,M,2024-04-02
16526,AW00016526,Rob,Ruiz,M,F,2019-09-09
20156,AW00020156,Janet,Young,S,M,2021-07-11
26629,AW00026629,Ruben,Suarez,S,M,2024-06-10
21030,AW00021030,Marco, Suarez,M,F,2020-09-25
17876,AW00017876,Julio,Wood,M,F,2019-04-03
15777,AW00015777,Sydney,Zhu,M,F,2021-12-15
14259,AW00014259,Ethan,Sanchez,S,M,2020-04-01
28560,AW00028560,Shannon,Lu,S,F,2023-01-27
17490,AW00017490,Ruben,Jenkins,M,F,2018-09-25
27526,AW00027526,Rob,Johnson ,M,F,2023-05-31
20084,AW00020084,Ruben,Sanchez,S,F,2022-04-05
24825,AW00024825,Janet,Jenkins,S,M,2024-05-20
23522,AW00023522,Jacquelyn,Alvarez,S,M,2025-07-12
27859,AW00027859,Janet,Lu,S,F,2020-03-10
28172,AW00028172,Sydney,Alvarez,S,M,2020-06-16
21001,AW00021001,Jacquelyn,Jenkins,S,M,2025-04-12
12438,AW00012438, Christy,Diaz,S,F,2022-07-19
14029,AW00014029,Janet,Carlson,S,F,2022-07-16
23507,AW00023507,Shannon,Hill,M,F,2022-06-25
12043,AW00012043,Jon,Johnson,S,M,2021-01-31
12609,AW00012609,Luke,Torres,S,M,2024-03-10
20062,AW00020062,Sydney,Bennett,M,M,2022-05-17
28399,AW00028399,Elizabeth,Yang,S,F,2024-02-11
15662,AW00015662,Ethan,Diaz,M,F,2022-09-12
22451,AW00022451,Jordan,Sanchez,M,M,2025-02-12
21252,AW00021252,Shannon,Diaz,M,F,2019-06-02
12091,AW00012091,Clarence,Alvarez,M,F,2023-01-14
20966,AW00020966,Marco,Carlson,M,F,2022-09-28
18036,AW00018036,Chloe,Perez,M,F,2025-04-10
11429,AW00011429,Ethan,Hill,S,M,2019-08-04
22326,AW00022326,Marco,Ross,M,F,2019-10-27
18489,AW00018489,Lauren,Wood,S,M,2022-12-15
21908,AW00021908,Elizabeth,Ruiz,S,M,2021-01-31
20176,AW00020176,Jon,Walker,M,F,2024-07-14
17539,AW00017539,Marco,Ross,M,F,2025-06-09
13086,AW00013086,Destiny,Johnson,M,M,2022-01-12
17095,AW00017095,Shannon,Young,M,F,2023-06-23
28866,AW00028866,Seth,Hill,S,F,2019-09-24
12083,AW00012083,Ruben,Alvarez,S,M,2021-08-04
14451,AW00014451,Curtis,Suarez ,M,F,2024-10-26
15843,AW00015843,Shannon,Suarez,S,M,2023-07-17
11685,AW00011685,Rob,Walker,S,F,2021-03-27
25614,AW00025614,Ruben,Hill,M,F,2024-08-30
24460,AW00024460,Curtis,Wood,M,M,2025-03-08
11207,AW00011207,Elizabeth,Mehta,M,M,2020-11-27
26726,AW00026726,Lauren,Perez,S,F,2021-03-08
20075,AW00020075,Shannon,Suarez,S,F,2024-05-02
15971,AW00015971,Lauren,Diaz,S,M,2022-10-24
24221,AW00024221,Seth,Mehta,M,F,2021-04-04
11386,AW00011386,Ethan,Walker,M,F,2019-10-26
17111,AW00017111,Luke,Perez,S,F,2021-08-13
18402,AW00018402,Elizabeth,Alvarez,S,M,2019-06-09
28951,AW00028951,Chloe,Walker,S,F,2019-07-06
28818,AW00028818,Ruben,Huang,S,M,2022-08-20
11015,AW00011015,Lauren,Verhoff,S,F,2019-08-18
17406,AW00017406,Wyatt,Young,S,F,2024-02-14
27388,AW00027388,Christy,Hill,M,M,2019-01-31
24683,AW00024683,Elizabeth,Huang,M,,2025-01-01
26878,AW00026878,Jordan,Carlson,S,F,2020-06-01
16439,AW00016439,Marco,Carlson,S,M,2021-04-01
18068,AW00018068,Christy, Johnson,M,M,2024-05-29
14033,AW00014033,Clarence,Wood,M,F,2021-10-18
17495,AW00017495,Lauren,Diaz,M,F,2022-05-25
27531,AW00027531,Russell,Verhoff,M,F,2020-08-27
25312,AW00025312,Ethan,Perez,S,M,2024-11-01
13612,AW00013612,Jacquelyn,Sanchez,S,M,2019-02-12
25579,AW00025579,Wyatt ,Watson,M,M,2020-01-18
11667,AW00011667,Luke,Zhu,S,M,2020-11-04
15437,AW00015437,Jordan,Yang,M,F,2024-04-30
18164,AW00018164,Jordan,Alvarez,S,F,2019-03-12
28909,AW00028909,Russell,Hill,M,M,2024-11-20
15166,AW00015166,Russell,Diaz,M,M,2021-09-10
25087,AW00025087,Jordan,Yang,M,M,2024-10-15
27419,AW00027419,Rob,Watson,S,F,2021-05-19
15580,AW00015580,Shannon,Watson,M,F,2019-02-27
16301,AW00016301,Christy,Hill,M,M,2019-06-04
18798,AW00018798,Shannon,Yang,M,M,2023-04-06
15765,AW00015765,Ian,Verhoff,S,F,2024-09-01
12982,AW00012982,Lauren, Young,M,F,2025-05-29
20633,AW00020633,Christy,Zhu,M,F,2023-12-20
21268,AW00021268,Elizabeth,Suarez,M,F,2023-04-23
22006,AW00022006,Julio, Torres,M,M,2023-11-12
27069,AW00027069,Chloe,Zhu,S,M,2022-07-31
15597,AW00015597,Seth ,Ross,S,M,2023-09-14
15521,AW00015521,Jacquelyn,Ross,M,M,2024-10-24
11425,AW00011425,Elizabeth,Carlson,S,F,2019-11-20
28811,AW00028811,Wyatt,Diaz,M,M,2022-08-09
15074,AW00015074,Ruben,Ward,S,M,2023-11-28
11944,AW00011944,Julio,Young,S,M,2020-01-17
20368,AW00020368,Ruben,Gray,M,F,2020-03-30
20554,AW00020554,Wyatt,Perez,M,M,2021-12-19
12322,AW00012322,Jacquelyn,Perez,S,F,2020-04-29
13531,AW00013531,Janet,Wood,S,M,2019-05-28
14444,AW00014444,Lauren,Sanchez,S,,2020-06-09
13084,AW00013084,Shannon,Gray,M,M,2020-12-01
17496,AW00017496,Shannon,Johnson,,M,2020-10-17
14701,AW00014701,Jordan,Ward,M,M,2021-07-04
16953,AW00016953,Shannon, Mehta,S,F,2020-07-01
21985,AW00021985,Christy,Gray,S,F,2019-07-24
11483,AW00011483,Clarence,Jenkins,M,M,2023-05-10
25445,AW00025445, Lauren,Alvarez,S,F,2020-06-17
14117,AW00014117,Jacquelyn,Perez,M,M,2023-11-14
16206,AW00016206,Jacquelyn,Young,M,F,2022-09-04
26849,AW00026849,Christy,Ward,M,F,2024-04-17
25199,AW00025199,Ruben,Ross,S,M,2025-02-15
13813,AW00013813,Ethan,Alvarez,S,F,2020-10-30
23530,AW00023530,Seth,Watson,M,M,2024-03-07
26456,AW00026456,Eugene,Carlson,S,F,2020-05-02
20886,AW00020886,Russell,Mehta,,M,2019-11-28
20532,AW00020532,Wyatt,Lu,M,M,2025-02-28
16660,AW00016660,Christy,Watson,M,M,2025-07-02
28225,AW00028225,Elizabeth,Young,M,F,2019-02-27
23492,AW00023492,Jon,Alvarez,M,M,2024-04-18
16113,AW00016113,Shannon,Perez,S,F,2021-11-18
20060,AW00020060, Russell,Jenkins,S,M,2022-04-22
16130,AW00016130,Julio,Verhoff,M,M,2021-05-06
15550,AW00015550,Clarence,Suarez,M,M,2023-02-11
23684,AW00023684,Seth,Ruiz,S,F,2024-11-21
24453,AW00024453,Jon,Zhu,M,F,2020-07-21
28574,AW00028574,Russell,Jenkins,M,M,2025-04-05
21696,AW00021696,Jon,Suarez,S,M,2025-03-17
18022,AW00018022,Seth,Carlson,S,M,2022-07-07
12710,AW00012710,Rob,Walker,S,M,2021-04-09
17257,AW00017257,Jon,Bennett,M,M,2020-04-27
14766,AW00014766,Chloe,Diaz,S,M,2024-01-05
23555,AW00023555,Wyatt,Ruiz,S,M,2019-10-31
26882,AW00026882,Ethan,Gray,S,M,2022-12-01
14164,AW00014164,Seth,Bennett,S,M,2025-04-25
13958,AW00013958,Lauren,Huang,M,M,2024-05-21
27881,AW00027881,Elizabeth,Alvarez,S,F,2022-05-29
14383,AW00014383,Ian,Sanchez,S,F,2023-09-06
19886,AW00019886,Ian,Young,S,M,2024-02-23
19226,AW00019226,Chloe,Ward,S,F,2023-12-22
11864,AW00011864,Lauren,Jenkins,M,M,2019-02-23
13867,AW00013867,Eugene,Walker,M,F,2024-11-07
17031,AW00017031,Wyatt,Ross,S,F,2020-11-03
16544,AW00016544,Ruben,Diaz,S,M,2019-08-27
17926,AW00017926,Destiny,Mehta,S,F,2022-05-23
21964,AW00021964,Sydney,Zhu,M,F,2021-05-19
17635,AW00017635,Marco,Suarez,S,M,2024-12-06
17450,AW00017450,Curtis,Jenkins,M,M,2024-03-24
18660,AW00018660,Wyatt,Lu,M,M,2025-07-05
28043,AW00028043,Destiny,Walker,M,M,2019-08-06
12197,AW00012197,Seth,Carlson,M,M,2022-06-14
14960,AW00014960,Ethan,Carlson,S,F,2020-11-26
26749,AW00026749,Janet,Ward,S,,2020-01-03
14828,AW00014828,Christy,Perez,M,F,2020-03-15
25701,AW00025701,Russell,Jenkins,M,M,2023-12-15
22053,AW00022053,Shannon,Young,M,M,2023-12-04
17363,AW00017363,Jacquelyn,Bennett,M,M,2022-06-22
18658,AW00018658,Luke,Sanchez,M,M,2022-04-03
11750,AW00011750,Shannon,Perez,M,F,2022-01-08
23691,AW00023691,Eugene,Bennett,M,F,2021-11-16
18598,AW00018598,Luke,Alvarez,S,F,2021-09-05
25882,AW00025882,Russell ,Mehta ,S,F,2019-06-30
26007,AW00026007,Russell,Wood,S,F,2023-05-13
28355,AW00028355,Luke,Mehta,M,M,2024-03-03
13005,AW00013005,Ian,Torres,M,M,2023-01-26
26699,AW00026699,Jordan,Mehta,S,M,2023-10-17
26804,AW00026804,Jacquelyn,Ross,M,M,2024-12-22
19094,AW00019094,Janet ,Mehta,M,M,2019-09-30
17722,AW00017722,Jon,Bennett,M,M,2020-09-22
23369,AW00023369,Seth,Alvarez,M,M,2020-07-08
22023,AW00022023,Luke ,Ross,S,,2023-04-18
11760,AW00011760,Rob,Perez,S,F,2019-04-23
18459,AW00018459,Luke,Jenkins,S,F,2019-06-24
22047,AW00022047,Julio,Young,M,F,2020-10-18
26937,AW00026937,Curtis,Johnson,S,M,2020-07-06
22458,AW00022458,Chloe,Ross,S,M,2021-08-12
20999,AW00020999,Jordan,Zhu,M,F,2019-01-30
24467,AW00024467,Destiny,Hill,S,M,2020-09-27
13201,AW00013201,Julio,Diaz,M,M,2022-11-26
26477,AW00026477,Julio,Bennett,M,M,2024-03-26
21411,AW00021411,Shannon,Huang,S,F,2019-10-19
26346,AW00026346,Jon,Ward,M,F,2023-04-01
16536,AW00016536,Ethan,Mehta,S,F,2023-04-16
14000,AW00014000,Ethan,Torres,M,M,2020-11-26
25096,AW00025096,Clarence,Suarez,M,M,2023-08-04
26626,AW00026626,Chloe,Diaz,M,M,2022-06-23
23004,AW00023004,Sydney ,Huang,M,F,2019-11-27
17046,AW00017046,Chloe,Young,M,M,2020-08-18
17267,AW00017267,Luke,Alvarez,M,M,2019-04-17
21686,AW00021686,Seth,Huang,M,M,2021-12-02
25639,AW00025639,Jacquelyn,Ward,S,F,2024-12-26
16604,AW00016604,Jon,Walker,S,F,2021-06-18
14337,AW00014337,Wyatt,Carlson,M,F,2019-07-30
13846,AW00013846,Jacquelyn,Gray,M,F,2020-06-23
28055,AW00028055,Wyatt, Ruiz,M,M,2024-03-03
17291,AW00017291,Ian,Zhu,S,M,2019-07-29
27917,AW00027917,Jacquelyn,Alvarez,S,F,2022-04-13
12446,AW00012446,Curtis,Carlson,M,M,2023-12-16
27142,AW00027142,Jordan,Suarez,M,M,2021-02-16
19450,AW00019450,Christy,Gray,M,F,2021-07-26
25372,AW00025372,Lauren,Lu,M,F,2020-01-23
14316,AW00014316,Ruben,Diaz,M,F,2024-09-30
12941,AW00012941,Chloe,Torres,M,F,2020-11-19
26336,AW00026336,Ruben,Torres,S,F,2019-12-26
27717,AW00027717,Jacquelyn,Sanchez,M,M,2024-01-14
23376,AW00023376,Janet, Mehta,M,M,2022-12-01
14092,AW00014092,Destiny,Carlson,M,M,2020-06-14
15087,AW00015087,Clarence,Carlson,S,M,2022-10-11
15625,AW00015625,Marco,Johnson,M,F,2019-11-20
22369,AW00022369,Russell,Young,S,M,2021-06-23
17718,AW00017718,Shannon,Verhoff,M,F,2024-04-09
22752,AW00022752,Christy,Lu,M,F,2023-08-28
19083,AW00019083,Ian,Diaz,M,F,2019-12-22
11304,AW00011304,Curtis,Carlson,M,F,2022-10-17
20216,AW00020216,Jordan,Suarez,S,M,2024-09-08
22267,AW00022267,Jon,Walker,M,F,2022-04-11
14775,AW00014775,Wyatt,Hill,M,F,2021-05-12
27553,AW00027553,Shannon,Gray,M,M,2019-11-02
17965,AW00017965,Seth,Wood,S,M,2021-09-23
26454,AW00026454,Ian, Suarez,M,M,2021-06-21
15434,AW00015434,Shannon,Diaz,S,F,2022-08-28
17816,AW00017816,Jon,Watson,S,M,2020-08-28
28832,AW00028832,Ethan,Yang,S,M,2020-12-06
24605,AW00024605,Seth,Bennett,M,F,2025-01-09
19206,AW00019206,Shannon,Diaz,S,M,2019-09-19
15402,AW00015402,Luke,Gray,S,M,2024-10-05
14389,AW00014389,Eugene,Torres,M,F,2019-03-08
24872,AW00024872,Clarence,Johnson,M,M,2023-12-16
12444,AW00012444,Jordan,Gray,S,,2024-03-01
17194,AW00017194,Rob,Perez,M,F,2021-10-02
21986,AW00021986,Wyatt,Johnson,S,M,2019-08-04
13565,AW00013565,Jordan,Verhoff,M,F,2021-05-12
18967,AW00018967,Chloe,Suarez,M,M,2022-03-31
12521,AW00012521,Clarence,Jenkins,M,M,2021-04-07
18708,AW00018708,Janet,Gray,S,F,2019-10-03
24278,AW00024278,Ian,Ruiz,M,F,2024-08-01
16288,AW00016288,Destiny,Gray,S,M,2021-07-18
13614,AW00013614,Russell,Mehta,M,M,2020-06-27
15135,AW00015135,Ian,Lu,S,M,2020-06-02
19131,AW00019131,Clarence,Carlson,M,F,2024-01-04
24506,AW00024506,Marco,Verhoff,S,F,2020-03-17
16601,AW00016601,Sydney, Ross,,M,2025-05-13
15336,AW00015336,Eugene,Johnson,M,F,2019-10-06
17192,AW00017192,Sydney,Yang,M,M,2024-03-19
27840,AW00027840,Jordan,Alvarez,M,M,2020-02-27
28454,AW00028454,Janet,Torres,S,M,2021-05-18
25230,AW00025230,Wyatt,Huang,M,F,2025-03-29
12155,AW00012155,Julio,Bennett,M,F,2024-02-18
15393,AW00015393,Destiny,Walker,M,F,2022-06-27
26550,AW00026550,Luke,Watson,M,F,2021-11-30
17416,AW00017416,Jon,Young,S,F,2022-12-31
20924,AW00020924,Seth,Mehta,S,F,2022-09-25
27732,AW00027732,Marco,Diaz,M,M,2022-02-14
27374,AW00027374,Elizabeth,Ross,M,F,2021-09-18
12388,AW00012388,Ruben,Zhu,S,F,2020-04-03
25298,AW00025298,Rob,Ward,S,F,2022-10-09
23732,AW00023732,Janet,Suarez,S,F,2023-11-15
21810,AW00021810,Wyatt,Verhoff,M,F,2020-06-02
19093,AW00019093,Christy,Lu,S,M,2019-10-27
28853,AW00028853,Destiny,Hill,S,M,2021-06-28
28628,AW00028628,Wyatt,Zhu,M,F,2020-02-08
13037,AW00013037,Wyatt,Hill,S,F,2020-05-22
11482,AW00011482,Marco,Carlson,S,F,2019-08-25
20347,AW00020347,Chloe,Zhu,S,F,2025-04-19
19333,AW00019333,Clarence,Watson,M,F,2025-03-16
12027,AW00012027,Jacquelyn,Young,M,F,2025-02-24
17607,AW00017607,Clarence,Yang,S,F,2022-11-12
17555,AW00017555,Rob,Hill,M,M,2021-03-14
13477,AW00013477,Elizabeth,Hill,M,F,2022-12-22
17074,AW00017074,Eugene,Jenkins,M,M,2020-02-26
17467,AW00017467,Chloe,Ward,S,M,2020-02-28
23077,AW00023077,Julio, Mehta,S,M,2020-06-05
11778,AW00011778,Chloe,Johnson,M,M,2022-10-06
19831,AW00019831,Clarence ,Zhu,S,F,2024-12-09
22975,AW00022975,Jordan,Ross ,M,M,2024-10-13
27916,AW00027916,Luke,Bennett,S,M,2023-01-03
25451,AW00025451,Chloe,Ward,M,M,2021-03-10
11575,AW00011575,Jacquelyn,Zhu,S,F,2020-04-24
11151,AW00011151,Shannon,Yang,S,F,2019-07-06
18801,AW00018801,Destiny,Torres,S,M,2020-07-17
28231,AW00028231,Shannon,Young,M,F,2025-07-14
26588,AW00026588,Wyatt,Ross,,,2025-01-24
15235,AW00015235,Marco, Torres,S,M,2022-01-17
16543,AW00016543,Curtis,Diaz,S,F,2024-06-18
28593,AW00028593,Russell,Huang,S,M,2021-01-02
18499,AW00018499,Ruben,Sanchez,M,M,2022-10-25
13896,AW00013896,Christy,Carlson,M,M,2023-08-11
11095,AW00011095,Ethan,Torres,M,F,2020-01-18
19515,AW00019515,Chloe,Mehta,S,M,2023-10-30
24554,AW00024554,Lauren,Ward,M,M,2022-09-21
19851,AW00019851,Curtis,Alvarez,M,F,2024-11-16
24175,AW00024175,Clarence,Zhu,M,M,2023-05-13
24178,AW00024178,Rob,Ross,S,M,2019-03-28
13450,AW00013450,Sydney ,Sanchez,M,M,2025-03-16
18410,AW00018410,Elizabeth,Ward,S,M,2023-11-24
19443,AW00019443,Rob ,Huang,M,M,2021-09-02
27817,AW00027817,Curtis,Zhu,M,M,2023-06-22
16730,AW00016730,Jacquelyn,Young,,M,2020-07-23
16697,AW00016697,Sydney,Hill,S,M,2022-06-22
26768,AW00026768,Ian,Verhoff,S,F,2022-06-18
12642,AW00012642,Jacquelyn ,Jenkins,S,M,2020-05-09
28732,AW00028732,Julio,Zhu,M,M,2019-04-12
17246,AW00017246,Shannon,Wood,M,M,2022-05-12
16028,AW00016028,Lauren,Johnson,S,F,2021-07-18
11800,AW00011800,Luke,Hill,S,M,2023-02-10
20699,AW00020699,Curtis,Perez,M,F,2021-01-06
26526,AW00026526,Seth,Ross,S,F,2024-05-08
26107,AW00026107,Luke,Verhoff,M,F,2023-07-01
11967,AW00011967,Ethan,Hill,M,M,2019-05-18
15094,AW00015094, Eugene,Watson,S,F,2024-08-13
21314,AW00021314,Lauren,Yang,M,F,2021-08-09
25223,AW00025223,Jordan,Ross,S,M,2024-10-15
15995,AW00015995,Jacquelyn,Diaz,M,M,2021-11-02
16447,AW00016447,Ethan,Carlson,S,M,2022-05-27
27848,AW00027848,Chloe ,Perez,S,F,2024-05-21
26831,AW00026831,Christy,Ruiz,S,M,2021-04-06
19189,AW00019189,Julio,Diaz,S,M,2023-07-29
12344,AW00012344,Destiny, Ward,S,F,2019-08-06
22893,AW00022893,Wyatt,Torres,M,F,2025-05-07
14983,AW00014983,Julio,Sanchez,S,M,2024-10-18
18187,AW00018187,Janet,Jenkins,S,M,2023-07-17
11538,AW00011538,Rob, Jenkins,M,F,2019-11-12
22786,AW00022786, Ian,Hill,M,F,2025-01-18
27113,AW00027113,Chloe,Ross,S,M,2024-10-04
12611,AW00012611,Ian,Gray,M,F,2024-02-07
16187,AW00016187,Jordan,Carlson,M,M,2021-10-27
28042,AW00028042,Rob,Johnson,S,M,2024-09-29
16688,AW00016688,Eugene,Gray,S,M,2025-02-14
16863,AW00016863, Ethan,Walker,S,F,2022-05-02
22641,AW00022641,Destiny,Johnson,M,F,2022-08-03
26296,AW00026296,Ian,Huang,M,M,2021-10-05
13563,AW00013563,Luke,Ross,S,M,2022-04-03
14181,AW00014181,Curtis,Perez,M,M,2021-07-13
25153,AW00025153,Jordan,Suarez,S,F,2024-12-19
12335,AW00012335,Luke,Huang,S,M,2023-03-21
27609,AW00027609,Eugene,Johnson,S,M,2022-05-17
19052,AW00019052,Destiny,Johnson,S,F,2023-06-13
24030,AW00024030,Luke,Hill,M,F,2023-06-20
25007,AW00025007,Russell,Carlson,S,,2022-08-24
12629,AW00012629,Wyatt,Yang,M,F,2025-03-16
27555,AW00027555,Christy,Ruiz ,M,F,2019-02-16
23679,AW00023679,Curtis,Verhoff,S,M,2021-10-18
21367,AW00021367,Eugene,Diaz,S,F,2021-10-04
28542,AW00028542,Destiny,Yang,M,M,2020-04-18
12651,AW00012651,Ian,Watson,S,M,2024-04-24
16561,AW00016561,Elizabeth,Mehta,S,M,2023-05-20
28539,AW00028539,Christy,Wood,,F,2022-08-01
13306,AW00013306,Julio,Alvarez,M,F,2022-03-25
24279,AW00024279,Eugene,Carlson,S,M,2021-03-18
15379,AW00015379,Jordan,Perez,M,M,2019-06-25
17748,AW00017748,Sydney,Perez,M,M,2024-02-03
24336,AW00024336,Ian,Torres,M,M,2019-12-20
20338,AW00020338,Ruben,Gray,S,F,2023-07-23
26606,AW00026606,Seth,Alvarez,M,M,2019-06-08
16804,AW00016804,Elizabeth,Lu,S,F,2022-05-04
22584,AW00022584,Marco,Huang,S,M,2024-07-27
11523,AW00011523,Jordan,Watson,M,F,2019-05-02
16897,AW00016897,Chloe,Lu,,M,2020-04-15
11048,AW00011048,Chloe,Young,S,F,2019-08-29
21780,AW00021780,Wyatt,Ruiz,M,F,2021-06-21
23052,AW00023052,Chloe,Young,M,M,2023-08-06
21294,AW00021294,Shannon,Alvarez,S,F,2022-07-26
14508,AW00014508,Destiny,Sanchez,S,M,2024-10-22
16894,AW00016894,Janet,Hill,S,F,2024-12-12
27687,AW00027687,Elizabeth,Yang,S,M,2024-10-24
17494,AW00017494,Ian,Torres,M,M,2024-04-24
15287,AW00015287,Jordan,Zhu,M,M,2021-09-20
20971,AW00020971,Janet,Verhoff,M,F,2023-12-06
27589,AW00027589,Christy,Mehta,M,F,2022-10-22
14153,AW00014153,Ruben,Verhoff,M,M,2022-05-03
14406,AW00014406, Seth,Wood,S,F,2022-12-10
23624,AW00023624,Ethan,Ward,M,F,2019-08-15
12491,AW00012491,Chloe ,Sanchez,M,F,2022-03-11
19915,AW00019915,Destiny ,Johnson,S,M,2020-09-18
16022,AW00016022,Jordan,Ruiz,M,F,2019-02-20
11468,AW00011468,Jon,Carlson,M,F,2024-12-18
24597,AW00024597,Sydney,Bennett,S,,2019-06-17
23231,AW00023231,Curtis,Jenkins,S,F,2024-12-30
16464,AW00016464,Clarence,Diaz,M,F,2023-10-11
27218,AW00027218,Marco,Carlson,S,,2022-11-15
26457,AW00026457,Wyatt,Watson,M,F,2020-06-07
16089,AW00016089,Chloe,Verhoff,M,F,2022-04-28
18940,AW00018940,Jacquelyn,Sanchez,S,M,2024-03-03
12918,AW00012918,Seth,Jenkins,M,F,2023-11-01
13796,AW00013796,Elizabeth,Zhu,M,F,2023-06-12
25113,AW00025113,Seth,Verhoff,M,F,2021-08-01
11757,AW00011757,Sydney,Hill,M,M,2019-05-06
24302,AW00024302,Ruben,Alvarez,M,F,2021-12-04
18907,AW00018907,Marco,Bennett,S,F,2023-12-09
17554,AW00017554,Janet,Sanchez,M,F,2020-09-25
17924,AW00017924,Luke,Suarez,S,M,2022-03-02
27941,AW00027941,Lauren ,Torres ,S,F,2019-03-30
15429,AW00015429,Luke,Jenkins,S,F,2022-12-04
12240,AW00012240,Ruben,Suarez,S,F,2023-11-19
26615,AW00026615,Russell,Sanchez,S,F,2025-03-03
18264,AW00018264,Wyatt,Hill,S,F,2024-09-27
12009,AW00012009,Rob,Lu,M,F,2022-11-10
18049,AW00018049, Marco, Ruiz,S,F,2019-05-24
16033,AW00016033,Shannon,Ruiz,S,F,2019-02-16
24645,AW00024645,Russell,Lu,M,F,2019-01-02
28801,AW00028801,Destiny,Bennett,S,F,2023-05-26
25093,AW00025093,Ian,Perez,S,F,2023-02-24
21035,AW00021035,Janet,Torres,M,M,2024-06-17
16983,AW00016983,Russell,Ruiz,M,F,2024-10-07
13991,AW00013991,Jordan,Lu,M,M,2023-12-16
23008,AW00023008,Shannon,Walker,S,F,2024-04-28
11676,AW00011676,Eugene,Watson,S,M,2021-03-22
15992,AW00015992,Marco,Diaz,S,F,2019-08-21
22253,AW00022253,Eugene,Sanchez,S,F,2019-11-09
16035,AW00016035,Julio,Mehta,M,M,2019-05-07
20718,AW00020718,Ian,Verhoff,M,M,2025-05-06
11934,AW00011934,Chloe,Alvarez,S,F,2019-04-02
19986,AW00019986,Ruben,Alvarez,M,F,2022-11-20
15814,AW00015814, Ruben,Huang,M,M,2019-10-20
26263,AW00026263,Ruben,Ruiz,S,F,2023-10-22
18957,AW00018957,Jon,Jenkins,S,F,2019-06-16
13385,AW00013385,Destiny,Sanchez ,S,M,2021-10-31
23606,AW00023606,Julio,Verhoff,M,M,2021-12-11
24757,AW00024757,Eugene,Lu,M,M,2021-07-31
15604,AW00015604,Luke,Lu,S,F,2025-02-05
20658,AW00020658,Shannon,Diaz,M,M,2022-11-22
24185,AW00024185,Jacquelyn,Alvarez,M,F,2024-05-15
24027,AW00024027,Jordan,Yang,S,F,2022-02-15
24316,AW00024316,Marco,Ward,M,F,2023-10-03
26409,AW00026409,Elizabeth,Bennett,,F,2019-05-18
23994,AW00023994,Eugene,Diaz,M,F,2023-07-01
23455,AW00023455,Seth,Lu,S,M,2020-04-08
11461,AW00011461, Russell,Alvarez,S,M,2023-10-02
24776,AW00024776, Curtis,Johnson,M,F,2021-05-29
22505,AW00022505,Ruben,Young,M,M,2024-07-01
24393,AW00024393,Jordan,Ross,M,M,2022-05-28
25170,AW00025170,Wyatt,Lu,M,F,2025-06-14
16646,AW00016646,Ian,Sanchez,S,F,2022-07-21
26711,AW00026711,Lauren,Johnson,S,M,2022-09-16
15217,AW00015217,Shannon,Lu,M,M,2022-12-21
26394,AW00026394, Christy,Yang,S,F,2022-03-06
22700,AW00022700,Clarence,Huang,M,M,2023-06-03
12822,AW00012822,Ian,Jenkins,M,F,2022-08-28
12048,AW00012048,Jacquelyn ,Torres,S,M,2021-12-27
26673,AW00026673,Marco,Lu,S,F,2022-11-11
11699,AW00011699,Elizabeth,Suarez,S,F,2019-09-01
17160,AW00017160,Jordan,Lu,M,F,2024-09-28
14673,AW00014673,Jordan,Huang,M,M,2023-10-28
25459,AW00025459,Ian,Verhoff,S,F,2020-01-30
16065,AW00016065,Eugene,Ross,M,F,2019-01-12
25149,AW00025149, Lauren, Yang,M,F,2024-09-05
22519,AW00022519,Shannon,Suarez,S,F,2024-09-02
15387,AW00015387,Elizabeth,Jenkins,M,F,2023-07-03
12800,AW00012800,Luke,Walker,S,M,2020-06-25
21953,AW00021953,Janet,Jenkins,S,M,2024-09-17
25923,AW00025923,Jordan,Carlson,M,M,2020-05-29
26552,AW00026552,Elizabeth,Mehta,S,F,2020-06-29
21844,AW00021844,Jacquelyn,Jenkins,S,M,2024-01-22
26134,AW00026134,Ruben,Suarez,S,M,2024-02-09
17851,AW00017851,Jacquelyn,Hill,M,F,2021-08-06
13338,AW00013338,Curtis,Mehta,M,F,2023-06-23
26670,AW00026670,Wyatt ,Zhu,M,F,2024-04-22
27538,AW00027538,Elizabeth,Verhoff,M,M,2020-04-13
12758,AW00012758,Elizabeth,Huang,M,M,2022-05-19
15716,AW00015716,Wyatt,Hill,M,F,2025-01-07
12072,AW00012072,Russell,Torres,M,M,2024-11-16
23429,AW00023429,Shannon,Bennett,M,M,2023-05-21
17757,AW00017757,Rob,Bennett,S,F,2022-11-04
,,Seth,Watson,,,2024-01-01
19947,AW00019947,Ian,Zhu,S,F,2023-07-07
28565,AW00028565,Ruben,Zhu,M,M,2022-08-25
25154,AW00025154,Curtis,Jenkins,M,F,2019-02-27
23707,AW00023707, Russell,Suarez,M,F,2019-09-07
16241,AW00016241,Jon,Hill,S,F,2024-10-30
20767,AW00020767,Seth,Gray,,F,2021-04-18
24429,AW00024429,Elizabeth ,Gray,M,F,2023-03-17
18721,AW00018721,Christy,Torres,S,F,2022-07-23
11189,AW00011189,Janet,Diaz,,M,2022-02-05
11894,AW00011894,Ethan,Yang,M,M,2024-12-25
13056,AW00013056,Marco,Zhu,S,F,2019-06-07
24805,AW00024805,Julio,Perez,S,M,2022-12-09
11407,AW00011407,Elizabeth,Gray,M,F,2024-10-28
16025,AW00016025,Jacquelyn,Alvarez,S,M,2020-09-25
15192,AW00015192,Wyatt,Lu,S,M,2020-05-07
12836,AW00012836,Seth,Ward,,F,2021-04-06
13461,AW00013461,Luke,Huang,S,F,2019-11-18
23315,AW00023315,Julio,Wood,S,M,2025-01-05
20935,AW00020935,Clarence,Torres,M,M,2019-01-14
22504,AW00022504,Chloe,Verhoff,S,M,2022-10-27
21170,AW00021170,Elizabeth,Bennett,M,M,2021-07-03
14426,AW00014426,Julio,Sanchez,S,M,2021-08-06
21976,AW00021976,Eugene,Carlson,S,F,2020-10-12
13898,AW00013898,Rob,Bennett,S,F,2024-02-20
21273,AW00021273,Curtis,Verhoff,M,F,2022-10-26
28939,AW00028939,Shannon,Gray,S,F,2024-08-09
27413,AW00027413,Jacquelyn,Gray,M,F,2021-07-19
16979,AW00016979,Clarence,Jenkins,S,F,2025-01-08
16134,AW00016134,Ethan,Suarez,M,M,2022-07-31
20284,AW00020284,Chloe,Carlson,S,M,2023-11-06
13255,AW00013255,Christy,Ruiz,M,,2021-01-31
28590,AW00028590,Seth ,Hill,S,F,2023-10-04
16805,AW00016805,Curtis,Huang,S,M,2021-08-30
21960,AW00021960,Lauren, Gray,S,M,2022-09-30
24180,AW00024180, Marco,Diaz,S,M,2020-04-20
16654,AW00016654,Seth,Perez,M,F,2021-03-23
22515,AW00022515,Luke,Sanchez,S,M,2024-07-10
18566,AW00018566,Jon,Sanchez,M,F,2021-01-06
27650,AW00027650,Seth,Ruiz,M,F,2019-02-07
12153,AW00012153,Marco,Huang,M,M,2022-01-10
24222,AW00024222,Curtis,Watson,S,F,2020-04-04
24021,AW00024021,Eugene,Watson,S,M,2025-01-29
23857,AW00023857,Christy,Bennett,S,M,2022-11-23
24688,AW00024688,Seth,Lu,S,F,2021-08-24
26080,AW00026080,Rob,Diaz,S,M,2020-12-13
14922,AW00014922,Eugene,Yang,M,M,2022-05-08
19532,AW00019532,Eugene,Suarez,S,F,2021-07-22
22907,AW00022907,Destiny,Ross,M,M,2020-06-27
25222,AW00025222,Luke,Alvarez,S,M,2019-01-31
12672,AW00012672,Russell,Sanchez,S,,2022-05-10
24490,AW00024490,Curtis,Johnson,S,F,2022-04-11
12166,AW00012166,Luke,Gray,S,F,2020-01-05
21118,AW00021118,Jacquelyn,Alvarez,S,F,2021-05-18
,,Janet,Ward,,,2024-01-01
27517,AW00027517,Shannon,Watson,S,M,2021-03-06
14798,AW00014798,Shannon,Ruiz,S,M,2022-03-11
14749,AW00014749,Rob,Perez,M,F,2024-06-04
15182,AW00015182,Jordan,Johnson,M,F,2025-06-16
20122,AW00020122,Julio,Perez,M,M,2024-09-22
12169,AW00012169,Wyatt,Gray,M,M,2023-04-01
21491,AW00021491,Jordan,Huang,M,F,2020-01-13
19707,AW00019707,Jon,Jenkins,M,F,2023-04-10
28271,AW00028271,Seth,Young,M,M,2022-01-02
14057,AW00014057,Jon,Perez,S,F,2019-10-16
17783,AW00017783,Ruben,Ward,S,F,2019-10-03
19426,AW00019426,Sydney,Diaz ,S,M,2020-07-25
23320,AW00023320,Elizabeth,Gray,S,M,2020-07-23
19685,AW00019685,Ian,Bennett,M,F,2020-08-13
24701,AW00024701,Curtis,Jenkins,S,M,2021-10-04
19056,AW00019056,Ruben,Mehta,M,M,2021-01-02
27673,AW00027673,Ian,Hill,M,F,2019-07-26
25951,AW00025951,Ruben,Diaz,M,M,2020-07-04
20667,AW00020667,Julio ,Yang,M,F,2019-07-25
24146,AW00024146,Janet,Ruiz,M,F,2022-08-25
11615,AW00011615, Lauren,Torres,S,M,2022-07-07
14452,AW00014452,Ethan,Verhoff,M,M,2020-08-20
25374,AW00025374,Jordan,Carlson,M,M,2020-02-01
14669,AW00014669,Ruben, Walker,M,M,2022-10-04
13363,AW00013363,Russell,Ward,S,M,2024-09-26
13432,AW00013432,Eugene,Ward,,M,2025-01-27
18989,AW00018989,Ian,Jenkins,S,M,2021-05-18
26651,AW00026651,Rob,Johnson,M,M,2020-05-03
18534,AW00018534,Curtis,Alvarez,S,M,2019-03-10
11456,AW00011456,Jacquelyn,Hill,M,M,2021-04-21
17579,AW00017579,Lauren ,Young,S,M,2021-06-12
11161,AW00011161,Destiny,Alvarez,M,M,2020-10-05
28875,AW00028875,Rob,Lu,S,F,2022-03-29
13732,AW00013732,Wyatt,Carlson,S,M,2023-02-28
19254,AW00019254,Sydney,Yang,S,F,2020-01-03
25249,AW00025249,Curtis,Hill,M,M,2024-11-18
19322,AW00019322, Christy,Gray,M,F,2023-08-31
24313,AW00024313,Russell,Perez,S,M,2021-07-02
17084,AW00017084,Luke,Mehta,S,F,2024-07-09
20106,AW00020106,Christy,Gray,M,F,2022-03-07
14956,AW00014956,Janet,Torres,S,M,2021-03-03
22084,AW00022084,Marco ,Alvarez,M,M,2025-05-01
13579,AW00013579,Luke,Diaz,M,F,2021-05-07
23246,AW00023246,Sydney,Alvarez,S,M,2021-10-15
15055,AW00015055,Sydney,Verhoff,S,F,2020-09-12
22472,AW00022472,Shannon, Diaz,S,F,2022-04-18
16698,AW00016698,Clarence,Huang,S,M,2022-10-07
27789,AW00027789,Jon,Ward,M,F,2021-03-30
26802,AW00026802,Russell,Yang,S,M,2019-07-26
13428,AW00013428,Luke,Walker,M,M,2019-09-02
26064,AW00026064,Luke,Young,M,M,2021-05-12
16801,AW00016801,Ethan,Zhu,S,M,2022-02-22
17512,AW00017512,Jacquelyn,Torres,S,M,2022-07-13
13518,AW00013518,Seth,Johnson,M,F,2023-08-15
18828,AW00018828,Clarence,Lu,M,F,2019-03-26
25712,AW00025712,Sydney,Ross,M,F,2021-01-01
17638,AW00017638,Janet,Sanchez,S,F,2025-06-05
,,Ian,Johnson,,,2024-01-01
11890,AW00011890,Jon,Walker ,S,M,2019-09-17
19510,AW00019510,Luke,Yang,S,F,2021-12-08
13332,AW00013332,Eugene,Alvarez,M,M,2019-08-06
14677,AW00014677,Shannon,Ross ,S,F,2022-10-15
21091,AW00021091,Ethan,Jenkins,M,F,2019-09-29
27399,AW00027399, Jacquelyn,Verhoff,S,F,2022-08-12
12618,AW00012618,Elizabeth,Johnson,S,M,2020-04-03
23983,AW00023983,Julio,Carlson,M,F,2019-01-24
16995,AW00016995,Shannon,Ward,M,M,2021-11-23
15780,AW00015780,Marco,Hill,S,M,2023-12-17
25278,AW00025278,Russell,Gray,S,M,2024-10-24
26680,AW00026680,Ethan,Ruiz,M,M,2019-08-26
13395,AW00013395,Chloe,Mehta,S,F,2019-04-03
15265,AW00015265,Curtis,Young,M,F,2022-03-04
14790,AW00014790,Jordan,Watson,S,M,2020-04-06
26277,AW00026277,Ruben,Torres,S,M,2020-06-23
27860,AW00027860,Jon,Huang,M,F,2019-05-17
21901,AW00021901,Luke,Bennett,M,M,2021-01-22
16408,AW00016408,Wyatt,Ross,S,F,2019-12-29
26282,AW00026282,Curtis,Johnson,M,F,2022-04-03
18799,AW00018799,Elizabeth,Suarez,S,M,2021-04-21
21724,AW00021724,Ruben,Yang,M,M,2024-03-27
13329,AW00013329,Jon ,Young,S,F,2020-09-07
27037,AW00027037, Christy,Ward,M,M,2022-05-31
18969,AW00018969,Ruben,Verhoff,S,F,2024-02-17
14865,AW00014865,Ethan,Gray,M,M,2020-04-03
11727,AW00011727,Shannon,Walker,M,F,2021-12-21
26347,AW00026347,Sydney,Carlson,M,M,2024-03-21
15333,AW00015333, Janet,Huang,S,M,2021-08-03
26901,AW00026901,Christy,Yang ,S,F,2020-06-07
22003,AW00022003,Christy,Young,M,M,2021-04-15
13151,AW00013151,Janet,Wood,S,M,2021-09-11
15535,AW00015535,Janet,Mehta,M,M,2022-07-06
14831,AW00014831,Wyatt,Huang,M,F,2020-02-21
26128,AW00026128,Marco,Hill,M,F,2021-10-20
25843,AW00025843,Julio,Verhoff,M,M,2019-02-15
21988,AW00021988,Jordan,Yang,S,M,2025-07-24
17278,AW00017278,Sydney,Walker,M,M,2025-04-01
26386,AW00026386,Curtis,Wood,M,M,2020-03-05
25945,AW00025945,Curtis,Watson,S,M,2023-08-27
25584,AW00025584,Curtis,Ross,M,M,2024-09-16
25749,AW00025749,Luke,Verhoff,M,F,2020-11-19
27217,AW00027217,Rob,Watson,M,M,2021-10-25
13989,AW00013989,Christy ,Mehta,S,F,2021-01-25
18102,AW00018102,Marco,Hill,M,M,2022-06-25
15666,AW00015666,Ian,Jenkins,S,F,2022-08-10
26828,AW00026828,Destiny,Young,S,F,2019-03-29
15327,AW00015327,Jon,Mehta ,S,M,2021-03-19
27462,AW00027462,Ruben,Alvarez,S,M,2020-08-19
21409,AW00021409,Jon,Jenkins,M,F,2021-07-10
21519,AW00021519,Julio,Perez ,M,M,2021-01-07
22388,AW00022388,Rob,Carlson,S,F,2022-03-15
25866,AW00025866,Curtis,Yang,M,M,2022-08-26
17060,AW00017060,Julio,Zhu,M,F,2021-09-18
13171,AW00013171,Luke ,Young,S,F,2022-03-20
16614,AW00016614,Rob,Sanchez,S,M,2021-02-08
28305,AW00028305, Russell,Perez ,M,F,2023-04-24
17740,AW00017740, Jordan,Huang,M,F,2024-05-02
18225,AW00018225,Russell,Zhu,M,M,2022-02-25
16802,AW00016802,Marco,Watson,S,F,2024-08-18
17093,AW00017093,Lauren,Huang,M,M,2020-12-11
19274,AW00019274,Russell,Perez,M,F,2024-02-18
11593,AW00011593,Seth,Carlson,M,F,2024-10-08
11295,AW00011295,Destiny,Carlson,M,M,2022-12-12
23249,AW00023249,Luke,Ward,,F,2024-08-09
20128,AW00020128,Chloe,Johnson,M,M,2021-05-27
18292,AW00018292,Ethan,Torres,M,M,2022-06-11
,,Sydney,Alvarez,,,2024-01-01
16201,AW00016201,Marco,Yang,M,M,2021-04-04
28524,AW00028524,Janet,Zhu,S,M,2021-12-25
28445,AW00028445,Clarence,Jenkins ,S,M,2025-04-05
14360,AW00014360,Ethan,Ruiz,M,F,2023-01-09
14312,AW00014312,Lauren,Bennett,M,F,2021-04-18
15721,AW00015721,Marco,Yang,S,F,2019-07-28
19653,AW00019653, Lauren,Wood,M,F,2022-03-30
12452,AW00012452,Janet,Zhu,S,M,2024-04-05
21857,AW00021857,Ethan,Verhoff,M,M,2023-11-21
25917,AW00025917,Shannon,Wood,M,M,2024-09-18
21645,AW00021645,Lauren,Gray,S,F,2020-07-29
24166,AW00024166,Ruben,Ross,S,M,2023-11-12
22425,AW00022425,Ian,Gray,M,F,2020-05-27
15077,AW00015077,Christy,Suarez,S,M,2022-11-22
14978,AW00014978,Lauren ,Mehta,S,M,2025-01-22
12589,AW00012589,Jordan,Ward,S,F,2019-06-29
21308,AW00021308,Curtis,Suarez,M,M,2020-02-21
19521,AW00019521,Marco,Ward,S,F,2019-05-05
17318,AW00017318,Clarence,Young,M,M,2020-03-12
25501,AW00025501,Marco,Ross ,M,M,2023-04-06
12663,AW00012663,Destiny, Alvarez,M,F,2023-07-15
13649,AW00013649,Ruben,Lu,M,M,2021-06-27
25392,AW00025392,Marco ,Verhoff,M,M,2021-02-25
26322,AW00026322,Jacquelyn,Wood,S,M,2022-06-15
26147,AW00026147,Shannon,Sanchez,M,F,2019-11-01
25112,AW00025112,Shannon,Bennett,S,F,2022-02-09
11217,AW00011217,Marco,Diaz,M,M,2021-02-17
15816,AW00015816,Lauren,Alvarez,M,M,2022-11-03
20428,AW00020428,Elizabeth ,Young,M,M,2023-04-17
28927,AW00028927,Curtis,Verhoff,M,F,2023-01-06
13569,AW00013569,Shannon,Gray,S,M,2020-01-20
20500,AW00020500,Rob,Zhu,S,M,2023-12-01
24074,AW00024074,Ian,Sanchez,M,F,2021-09-08
14862,AW00014862,Sydney,Wood,S,M,2019-12-31
21510,AW00021510,Elizabeth,Mehta,M,M,2023-07-17
24489,AW00024489,Jon,Zhu,M,F,2023-06-08
11713,AW00011713,Chloe,Walker ,M,F,2020-02-20
14122,AW00014122,Christy,Hill,S,M,2020-01-12
27931,AW00027931,Eugene,Gray,S,F,2024-01-02
24385,AW00024385,Ruben,Jenkins,S,F,2022-02-01
12170,AW00012170,Clarence,Walker,S,M,2022-10-04
13108,AW00013108,Clarence,Gray,M,M,2019-03-28
15582,AW00015582,Jordan,Zhu,M,M,2024-09-30
21715,AW00021715,Destiny,Walker,M,M,2021-02-03
28759,AW00028759,Sydney, Wood,S,M,2023-06-28
27508,AW00027508,Jacquelyn,Wood ,M,M,2024-09-06
22221,AW00022221,Chloe,Carlson,,,2022-02-10
25540,AW00025540,Ian,Yang,S,F,2021-01-12
24482,AW00024482,Jordan ,Walker,M,M,2023-02-24
12520,AW00012520,Jon,Mehta ,M,F,2024-06-11
14592,AW00014592,Wyatt,Wood,S,F,2025-06-01
25578,AW00025578,Wyatt,Huang,M,M,2024-03-18
23404,AW00023404,Sydney,Lu,S,F,2025-04-28
11808,AW00011808,Christy,Young,S,M,2021-12-13
18975,AW00018975,Ruben,Bennett,S,F,2023-05-05
11182,AW00011182,Eugene,Alvarez,S,M,2021-07-23
14455,AW00014455,Rob,Yang,M,F,2020-10-11
25779,AW00025779,Chloe,Zhu,M,M,2019-02-13
25447,AW00025447,Elizabeth,Young,S,M,2019-12-24
27085,AW00027085,Jon,Mehta,M,F,2023-02-24
18480,AW00018480,Julio,Johnson,S,M,2020-07-12
24353,AW00024353,Sydney,Alvarez,M,F,2020-05-20
13099,AW00013099,Julio,Walker,S,M,2020-08-10
14736,AW00014736,Elizabeth ,Young,S,F,2024-01-14
16306,AW00016306,Clarence,Mehta ,M,F,2019-04-09
14708,AW00014708,Janet,Hill,M,M,2022-01-07
11728,AW00011728,Ruben,Ross,M,M,2023-02-28
25172,AW00025172,Ruben,Jenkins,M,M,2020-03-28
15622,AW00015622,Russell,Bennett,M,M,2023-03-20
20148,AW00020148,Chloe,Suarez,S,F,2019-07-01
17759,AW00017759,Clarence,Bennett,M,F,2024-07-19
22780,AW00022780,Lauren,Zhu,S,M,2019-12-08
21461,AW00021461,Seth,Jenkins,M,F,2022-02-14
24087,AW00024087,Chloe,Ruiz,S,M,2020-08-03
24309,AW00024309,Seth,Alvarez,S,F,2020-02-19
12857,AW00012857,Ethan,Watson,S,F,2020-09-20
19682,AW00019682,Christy,Watson,S,M,2020-02-03
24226,AW00024226,Clarence,Walker,S,M,2021-09-08
27382,AW00027382,Eugene,Jenkins,S,M,2019-02-24
12462,AW00012462,Lauren,Jenkins,S,M,2023-07-28
17985,AW00017985,Ian,Wood,M,M,2020-02-22
14522,AW00014522,Jacquelyn ,Walker,S,F,2022-04-11
25371,AW00025371,Destiny,Perez,S,M,2022-07-15
18576,AW00018576,Ethan,Ward,M,F,2024-07-03
27441,AW00027441,Destiny,Zhu,M,F,2023-07-15
28779,AW00028779,Shannon,Perez,M,M,2021-12-11
21248,AW00021248,Seth,Watson,M,F,2024-08-10
11135,AW00011135,Ian,Perez,M,F,2021-10-02
13210,AW00013210,Christy,Young,S,F,2024-08-23
26959,AW00026959,Chloe,Wood,M,M,2022-01-10
11022,AW00011022,Destiny,Ruiz,M,M,2023-04-26
19810,AW00019810,Seth,Zhu,S,M,2023-05-21
19065,AW00019065,Lauren,Bennett,S,M,2023-12-01
14486,AW00014486,Seth,Verhoff,S,M,2024-06-28
27891,AW00027891,Christy, Young,M,M,2020-07-21
16644,AW00016644,Janet,Yang,S,F,2021-04-17
18539,AW00018539,Rob,Ruiz,M,F,2023-08-16
28784,AW00028784,Eugene,Jenkins,S,M,2019-10-16
22678,AW00022678,Curtis,Jenkins,M,F,2024-06-09
18928,AW00018928,Shannon,Alvarez,M,F,2019-12-04
11704,AW00011704,Julio,Gray,M,M,2020-12-19
26548,AW00026548,Destiny,Watson,S,F,2020-05-27
18078,AW00018078,Rob,Huang ,S,F,2019-02-15
26406,AW00026406,Ian,Ruiz,S,F,2024-05-06
20189,AW00020189,Ian,Wood,M,F,2021-09-25
27048,AW00027048,Ian,Young,S,F,2023-05-06
13000,AW00013000,Sydney,Torres,M,F,2020-08-09
23094,AW00023094,Elizabeth,Johnson,S,M,2019-10-31
25516,AW00025516,Julio,Jenkins,M,F,2021-07-26
23581,AW00023581,Elizabeth,Sanchez,S,M,2024-02-12
21740,AW00021740,Christy,Zhu,S,M,2022-02-27
25188,AW00025188,Ethan,Gray,S,F,2024-09-09
20942,AW00020942,Jon,Young,S,M,2019-11-24
22557,AW00022557,Sydney,Perez,M,F,2023-12-21
19903,AW00019903,Curtis,Hill,S,M,2023-07-30
14641,AW00014641,Jon,Walker,M,M,2021-03-10
26747,AW00026747,Clarence,Mehta,M,M,2020-09-10
28392,AW00028392,Jacquelyn,Johnson,S,F,2022-12-27
21327,AW00021327,Russell,Lu,S,M,2023-07-20
25811,AW00025811,Jordan,Watson,,F,2024-12-31
26249,AW00026249,Luke,Walker,S,M,2020-01-28
16074,AW00016074,Julio,Diaz,M,M,2023-04-15
28506,AW00028506,Clarence,Huang,S,M,2023-05-26
12528,AW00012528,Ruben,Mehta,S,F,2022-09-10
17521,AW00017521,Russell,Verhoff,S,M,2021-05-29
16166,AW00016166,Shannon ,Perez,M,M,2023-12-20
26720,AW00026720,Lauren,Watson,S,F,2021-06-26
21412,AW00021412,Curtis,Johnson,M,M,2020-05-05
21305,AW00021305,Shannon,Zhu,S,M,2021-12-07
24543,AW00024543,Luke ,Walker,S,F,2024-06-09
20980,AW00020980,Russell,Johnson,M,F,2024-05-17
28023,AW00028023,Destiny,Suarez,S,M,2022-02-07
20208,AW00020208,Eugene,Yang,S,F,2019-06-03
17165,AW00017165,Luke,Ward,M,F,2020-01-29
16509,AW00016509,Ruben,Perez,S,F,2022-09-20
17935,AW00017935,Eugene,Torres,M,F,2025-04-14
11074,AW00011074,Janet,Ward,S,M,2022-12-19
21061,AW00021061,Curtis,Huang,M,F,2021-09-22
22987,AW00022987,Russell,Diaz,S,F,2023-05-21
20011,AW00020011,Elizabeth,Gray,S,M,2025-04-30
16500,AW00016500,Destiny,Gray,S,M,2024-03-18
11865,AW00011865, Russell,Verhoff,S,F,2021-07-12
12962,AW00012962,Seth,Alvarez,S,M,2021-01-03
14141,AW00014141,Christy,Huang,M,M,2021-04-22
22351,AW00022351,Eugene,Lu,M,F,2021-11-29
23494,AW00023494,Seth,Watson,S,M,2019-02-03
24563,AW00024563,Julio,Ruiz,M,M,2020-10-03
15350,AW00015350,Ruben,Huang,S,F,2024-10-04
27745,AW00027745,Sydney,Ward,M,M,2021-01-27
17518,AW00017518,Rob,Lu,M,F,2022-07-13
25861,AW00025861,Elizabeth,Johnson,M,M,2023-06-25
11481,AW00011481,Shannon,Walker,S,F,2021-09-14
14226,AW00014226,Ethan,Johnson,S,M,2024-05-10
16873,AW00016873,Rob,Wood,S,F,2021-07-22
17801,AW00017801,Jacquelyn,Suarez,M,M,2024-02-19
11088,AW00011088,Ruben,Ward,M,F,2020-05-25
14457,AW00014457,Ian,Zhu,M,M,2022-03-06
12645,AW00012645,Seth,Hill ,S,M,2023-11-29
24879,AW00024879,Sydney,Sanchez,M,M,2025-04-18
21239,AW00021239,Jordan,Zhu,M,M,2024-10-03
18362,AW00018362,Lauren,Carlson,M,F,2024-05-02
21630,AW00021630, Shannon,Ruiz,M,F,2019-02-03
15141,AW00015141,Ruben,Jenkins,M,M,2023-07-26
16309,AW00016309,Russell,Zhu,M,F,2025-02-09
16021,AW00016021,Clarence,Hill,M,F,2024-01-22
28836,AW00028836,Wyatt ,Sanchez,M,M,2023-01-24
26387,AW00026387,Christy, Watson,,M,2019-08-12
23305,AW00023305,Ruben,Young,M,F,2020-05-16
15317,AW00015317,Rob,Walker,S,M,2020-01-03
20050,AW00020050,Christy,Diaz,M,F,2024-03-20
16484,AW00016484, Janet,Lu,M,M,2019-01-06
12455,AW00012455,Luke,Alvarez,S,F,2019-04-30
21615,AW00021615,Chloe,Walker,M,F,2019-06-23
20946,AW00020946,Sydney,Lu,M,F,2024-04-28
13742,AW00013742,Lauren,Yang,S,F,2021-07-09
22268,AW00022268,Eugene,Yang,M,M,2019-09-16
23109,AW00023109,Julio,Torres,M,F,2022-10-29
20607,AW00020607,Ethan,Zhu,S,F,2019-12-30
17199,AW00017199,Jon,Torres,M,F,2019-05-08
18515,AW00018515,Marco,Huang,M,M,2019-02-14
27830,AW00027830,Sydney ,Torres,S,F,2020-11-03
25622,AW00025622,Wyatt,Suarez,S,M,2021-03-04
17144,AW00017144,Eugene,Verhoff,S,M,2021-03-16
27344,AW00027344,Julio,Ruiz,S,M,2024-01-29
17092,AW00017092,Destiny,Yang,S,F,2019-03-07
26595,AW00026595,Sydney,Yang,,F,2025-07-01
27985,AW00027985, Marco,Lu,S,M,2024-03-15
28436,AW00028436,Elizabeth,Perez,S,F,2020-04-16
13051,AW00013051,Shannon,Carlson,M,M,2023-10-23
14853,AW00014853,Sydney,Sanchez,M,M,2023-08-26
23049,AW00023049,Clarence,Young,M,F,2022-05-16
13260,AW00013260,Ruben,Walker,M,M,2024-11-29
20623,AW00020623,Seth,Ruiz,S,F,2024-06-10
,,Russell,Torres,,,2024-01-01
16013,AW00016013,Ian,Carlson,S,M,2023-03-08
14989,AW00014989, Destiny,Diaz,M,F,2020-05-13
27434,AW00027434,Janet,Ward,M,M,2022-12-22
16798,AW00016798,Russell,Young,S,F,2022-10-06
14718,AW00014718,Eugene,Diaz,S,F,2019-01-28
13821,AW00013821,Janet, Alvarez,S,F,2024-05-11
25470,AW00025470,Clarence,Sanchez,M,F,2024-12-02
26707,AW00026707,Ruben,Gray,M,M,2024-06-04
25676,AW00025676,Ethan,Lu,S,M,2020-02-10
11801,AW00011801,Seth,Ross,S,F,2021-11-13
27771,AW00027771,Lauren,Diaz,M,M,2022-08-21
25742,AW00025742,Lauren,Hill,S,M,2022-08-11
15005,AW00015005,Wyatt, Diaz,S,F,2025-04-19
27733,AW00027733,Seth,Wood,M,M,2025-06-01
24959,AW00024959,Curtis,Sanchez,M,M,2022-01-02
23311,AW00023311,Ian,Ruiz,,M,2022-06-28
23440,AW00023440,Curtis,Wood,S,M,2020-06-20
26317,AW00026317,Julio,Ruiz,M,F,2022-12-09
24781,AW00024781,Shannon,Wood,S,M,2019-04-14
18680,AW00018680,Elizabeth,Diaz,S,F,2023-10-14
26151,AW00026151,Julio,Perez,M,M,2023-12-08
24390,AW00024390,Ethan,Gray,S,F,2024-12-27
26264,AW00026264, Chloe,Yang,M,F,2022-06-16
25397,AW00025397,Lauren, Verhoff,M,M,2021-02-13
16852,AW00016852,Curtis,Verhoff,M,F,2024-04-19
11328,AW00011328,Ruben,Lu,S,M,2022-07-29
16298,AW00016298,Chloe,Alvarez,M,M,2020-05-02
23252,AW00023252,Sydney,Diaz,S,M,2023-09-06
28686,AW00028686,Christy,Yang,M,F,2024-06-13
23541,AW00023541,Seth ,Johnson,S,M,2019-06-12
24464,AW00024464,Ian,Yang,M,M,2025-06-28
17336,AW00017336,Julio,Hill,M,F,2022-10-18
22387,AW00022387,Jacquelyn,Perez,,F,2025-05-04
21401,AW00021401,Elizabeth, Ward,M,F,2020-02-28
27038,AW00027038,Sydney,Walker,S,M,2024-09-17
23761,AW00023761,Ian ,Young,M,M,2021-08-31
16714,AW00016714,Chloe ,Young,M,M,2024-12-14
14984,AW00014984,Wyatt ,Huang,S,M,2020-08-19
23382,AW00023382,Jacquelyn, Carlson,S,M,2020-04-05
19125,AW00019125,Eugene,Diaz,M,M,2024-06-02
11961,AW00011961,Jordan,Gray,S,M,2023-05-13
28859,AW00028859,Ruben,Huang,M,M,2023-12-05
20715,AW00020715, Lauren,Verhoff,M,F,2020-04-11
20494,AW00020494,Jacquelyn,Ross,S,F,2022-11-08
14727,AW00014727,Elizabeth,Carlson,S,M,2023-10-20
18096,AW00018096,Jacquelyn,Yang,M,F,2023-11-15
19173,AW00019173,Julio,Johnson,M,M,2022-09-27
18011,AW00018011,Seth,Gray,M,F,2020-06-18
16941,AW00016941,Marco,Young,M,F,2023-11-08
28798,AW00028798,Wyatt,Hill,M,M,2022-12-23
12325,AW00012325,Destiny,Yang,M,M,2021-09-21
11484,AW00011484,Marco,Verhoff,M,F,2019-06-22
19167,AW00019167,Jon,Diaz,S,F,2023-10-02
13396,AW00013396,Marco,Carlson,M,F,2023-01-05
11176,AW00011176,Curtis,Jenkins,M,F,2020-03-04
27608,AW00027608,Elizabeth,Ward,,F,2023-07-19
11587,AW00011587,Clarence,Alvarez,,M,2021-10-10
19978,AW00019978,Ethan,Diaz,S,F,2024-12-08
18192,AW00018192,Luke,Suarez,M,F,2025-05-07
19942,AW00019942,Marco,Ross,M,F,2020-03-20
18994,AW00018994,Jordan,Watson,M,M,2022-01-25
25254,AW00025254,Lauren,Lu,M,F,2020-12-12
15829,AW00015829,Ian,Huang,S,F,2023-09-16
26268,AW00026268,Seth,Mehta,M,F,2024-05-26
27532,AW00027532,Chloe,Diaz,M,M,2024-09-24
13102,AW00013102,Lauren,Walker,S,M,2019-02-25
13981,AW00013981,Jordan,Yang,M,M,2024-01-14
12382,AW00012382,Rob,Hill,M,F,2019-08-12
26167,AW00026167,Seth,Huang,M,F,2023-05-31
19954,AW00019954,Julio,Walker,,F,2021-10-31
11224,AW00011224,Clarence,Lu,S,F,2019-02-27
17844,AW00017844,Janet,Bennett,S,F,2019-10-04
25184,AW00025184,Marco,Perez,S,M,2022-11-08
20078,AW00020078,Ruben,Bennett,S,F,2020-03-03
24802,AW00024802,Lauren,Verhoff,,F,2025-05-20
22309,AW00022309,Seth,Ross,M,M,2022-11-12
21084,AW00021084,Jordan,Ruiz ,S,M,2022-05-05
15718,AW00015718, Curtis,Zhu,S,M,2021-01-14
25490,AW00025490,Elizabeth,Hill,S,F,2021-03-11
26870,AW00026870,Ruben,Lu,M,M,2021-08-20
26092,AW00026092,Lauren,Ruiz,S,M,2023-08-29
11887,AW00011887,Ruben,Huang,S,F,2025-04-04
12921,AW00012921,Luke,Alvarez,S,M,2019-08-30
23065,AW00023065,Eugene,Zhu,M,F,2020-11-06
13828,AW00013828,Wyatt,Johnson,S,F,2019-06-09
25288,AW00025288,Sydney,Perez,S,F,2025-01-10
12527,AW00012527,Russell,Hill,S,F,2024-07-26
23392,AW00023392,Curtis,Watson,M,F,2019-11-25
24149,AW00024149,Christy,Perez,M,M,2024-02-01
11692,AW00011692,Rob,Wood,S,M,2025-06-16
17738,AW00017738,Ethan,Zhu,S,M,2019-08-17
20198,AW00020198,Ruben,Perez,M,F,2022-04-20
23428,AW00023428,Jacquelyn,Verhoff,M,F,2025-02-10
22547,AW00022547,Christy,Bennett,S,F,2025-01-14
24817,AW00024817,Marco,Bennett,M,F,2022-02-03
12888,AW00012888,Janet,Huang,S,M,2020-05-29
14628,AW00014628,Ruben,Huang,S,F,2024-08-25
23343,AW00023343,Ian,Wood,S,,2025-04-11
27977,AW00027977,Janet, Ruiz,S,M,2022-08-06
13178,AW00013178,Lauren,Bennett,S,F,2024-03-23
28246,AW00028246,Elizabeth,Suarez,M,F,2020-03-13
23673,AW00023673,Russell,Gray,S,M,2019-03-16
25369,AW00025369,Ian,Watson,M,M,2025-04-25
25189,AW00025189,Ruben,Walker,S,M,2020-08-31
25734,AW00025734,Rob,Huang,M,F,2024-09-03
26369,AW00026369,Eugene,Huang,S,F,2021-11-04
14971,AW00014971,Eugene,Wood,S,F,2019-09-28
22961,AW00022961,Sydney ,Johnson,S,F,2025-03-22
26298,AW00026298,Janet,Walker,S,F,2020-02-23
14979,AW00014979,Russell,Walker,M,M,2022-01-01
27199,AW00027199,Elizabeth,Alvarez,M,F,2022-08-16
16754,AW00016754,Wyatt,Alvarez,M,M,2022-04-30
11755,AW00011755,Janet,Huang,S,M,2024-02-13
27576,AW00027576,Chloe,Walker,M,M,2023-03-22
17921,AW00017921,Marco,Carlson,S,F,2020-01-05
19641,AW00019641,Destiny, Yang,M,M,2021-01-02
23883,AW00023883,Wyatt,Ward,M,M,2020-10-28
11190,AW00011190,Ian,Suarez,M,M,2022-03-04
20965,AW00020965,Shannon,Ross,S,M,2023-09-13
18341,AW00018341,Chloe,Ruiz,S,F,2024-11-17
14396,AW00014396,Ethan,Verhoff,M,M,2023-10-13
16782,AW00016782,Curtis,Young,S,M,2025-03-19
20979,AW00020979,Chloe,Diaz,M,M,2020-06-10
26555,AW00026555,Ian,Ward,S,M,2020-10-28
23394,AW00023394,Destiny,Ward,M,F,2019-09-24
17046,AW00017046,Chloe,Young,M,M,2021-04-14
15441,AW00015441,Ethan,Ward,M,F,2025-04-09
27059,AW00027059,Jordan,Torres,S,F,2019-06-09
13639,AW00013639,Elizabeth,Lu,M,F,2020-11-08
18932,AW00018932,Russell,Suarez,M,F,2024-08-16
28796,AW00028796,Clarence,Wood,S,F,2020-08-18
19595,AW00019595,Chloe,Watson,M,M,2021-11-23
25379,AW00025379,Ian,Wood,M,F,2020-04-19
14119,AW00014119,Jordan,Watson,S,F,2022-08-20
18304,AW00018304,Luke,Lu,S,M,2025-02-21
27307,AW00027307, Ethan,Sanchez,S,F,2022-12-25
22372,AW00022372,Curtis,Wood,S,F,2020-08-04
25913,AW00025913,Ruben,Bennett,S,M,2020-05-31
19882,AW00019882, Jon,Bennett,S,M,2020-08-27
21277,AW00021277,Curtis,Huang,M,F,2021-05-18
21275,AW00021275,Curtis,Johnson,M,F,2022-03-24
27897,AW00027897,Luke,Ward,S,M,2020-02-23
24952,AW00024952,Clarence,Huang,M,F,2019-05-27
19565,AW00019565,Ian,Wood,M,M,2021-06-07
11345,AW00011345,Janet,Huang,S,M,2022-07-16
11813,AW00011813,Wyatt,Torres,S,F,2021-08-04
25457,AW00025457, Luke,Gray,M,F,2024-01-12
26433,AW00026433,Curtis,Johnson,M,M,2019-09-29
19104,AW00019104,Chloe, Zhu,M,M,2022-07-04
13918,AW00013918,Ian,Wood,S,F,2021-02-01
13299,AW00013299,Shannon,Alvarez,,M,2022-02-04
17414,AW00017414,Eugene,Suarez,S,F,2019-07-17
17345,AW00017345,Chloe,Wood,M,F,2025-02-01
26787,AW00026787,Ethan,Perez,S,M,2025-05-29
16773,AW00016773,Jacquelyn,Yang,S,M,2022-06-30
14687,AW00014687,Destiny,Wood,M,M,2023-06-21
15138,AW00015138,Marco,Johnson,S,F,2024-08-01
20953,AW00020953,Janet,Torres,M,F,2023-07-21
21555,AW00021555,Elizabeth,Diaz,M,F,2022-01-24
20706,AW00020706,Janet,Johnson,M,M,2021-05-30
26341,AW00026341,Ian,Yang,M,M,2024-04-09
24488,AW00024488,Jordan,Young,S,F,2021-04-08
18377,AW00018377,Seth,Hill,S,F,2025-06-28
28187,AW00028187,Janet,Jenkins,S,M,2025-06-27
13072,AW00013072,Clarence,Diaz,M,F,2024-04-26
18756,AW00018756,Ethan,Walker,M,M,2021-10-12
21941,AW00021941,Ruben ,Diaz,S,F,2023-12-23
19573,AW00019573,Destiny,Wood,M,M,2021-01-10
27776,AW00027776,Julio,Verhoff,S,F,2019-03-09
26455,AW00026455,Jordan,Torres,M,M,2024-05-30
15877,AW00015877,Julio,Suarez,M,F,2023-11-10
28531,AW00028531,Jon,Lu,S,M,2021-04-03
13561,AW00013561,Ian,Walker,S,F,2020-04-26
12980,AW00012980,Christy,Young,S,M,2025-06-04
26348,AW00026348,Russell,Young,S,F,2021-11-04
16277,AW00016277,Marco,Gray,M,M,2023-09-20
15660,AW00015660,Ian,Zhu,S,M,2023-12-31
25557,AW00025557,Elizabeth,Jenkins,S,F,2023-09-29
17013,AW00017013, Eugene,Diaz,S,M,2019-07-10
25965,AW00025965,Janet,Hill,S,M,2020-08-11
20899,AW00020899,Wyatt,Torres,S,F,2019-05-05
12834,AW00012834,Janet,Carlson,M,F,2020-10-12
27833,AW00027833,Destiny,Torres ,M,M,2024-03-27
23275,AW00023275,Jacquelyn,Lu,S,F,2022-05-20
16498,AW00016498,Ethan, Wood,S,M,2023-04-29
19995,AW00019995,Jon,Zhu,M,F,2022-02-19
24138,AW00024138,Clarence, Ward,S,F,2019-09-16
18681,AW00018681,Seth,Walker,M,F,2019-08-01
11171,AW00011171,Jordan,Huang,M,F,2021-10-22
19902,AW00019902,Jon,Jenkins,S,M,2024-12-07
28227,AW00028227,Ian,Jenkins,S,M,2019-09-24
14297,AW00014297,Elizabeth,Ruiz,S,F,2020-09-30
14437,AW00014437,Marco,Jenkins,S,F,2025-06-20
16835,AW00016835,Marco,Wood,S,F,2020-12-07
20902,AW00020902,Jordan,Ross,S,F,2025-05-12
27696,AW00027696,Eugene,Diaz,S,M,2022-01-21
26682,AW00026682,Christy,Yang,M,M,2019-04-10
14939,AW00014939,Jon,Zhu,S,M,2022-02-24
17230,AW00017230,Janet,Walker,M,M,2023-11-27
22277,AW00022277,Ruben,Perez,M,M,2022-01-05
23170,AW00023170,Elizabeth,Walker,M,M,2019-12-20
26200,AW00026200,Chloe,Alvarez,M,M,2025-03-19
20917,AW00020917,Clarence,Ross,M,M,2024-05-18
25873,AW00025873,Destiny,Huang,S,F,2021-10-29
27996,AW00027996,Ethan,Mehta,M,M,2025-02-03
13125,AW00013125,Lauren,Jenkins,M,F,2024-12-21
24107,AW00024107,Luke,Young,M,M,2019-08-26
23020,AW00023020,Eugene,Alvarez,M,F,2020-10-29
28201,AW00028201,Seth,Young,M,F,2022-08-26
11578,AW00011578,Chloe,Ross,S,M,2024-06-28
21173,AW00021173,Marco,Verhoff ,S,F,2020-03-03
25126,AW00025126,Janet,Johnson,M,F,2019-10-23
21783,AW00021783,Sydney,Mehta,S,M,2024-10-16
11234,AW00011234,Eugene,Gray,M,M,2023-12-22
20190,AW00020190,Elizabeth,Lu,M,M,2023-10-06
14870,AW00014870,Curtis,Bennett,S,M,2019-09-10
13034,AW00013034,Shannon,Lu,S,M,2022-12-03
14846,AW00014846,Christy,Huang,M,F,2024-03-29
16210,AW00016210,Wyatt,Jenkins,S,F,2019-08-24
13629,AW00013629,Chloe,Suarez,M,M,2021-02-05
14364,AW00014364,Eugene,Sanchez,S,M,2020-03-17
27964,AW00027964,Elizabeth,Torres,M,F,2025-07-14
25556,AW00025556,Jon,Suarez,M,F,2021-03-05
11154,AW00011154,Sydney,Suarez,S,M,2021-10-31
25304,AW00025304,Shannon,Johnson,,,2025-06-20
25416,AW00025416,Curtis,Lu,M,M,2023-10-11
22060,AW00022060,Ruben,Zhu,M,M,2022-07-06
23241,AW00023241,Marco,Sanchez,S,F,2024-03-30
19116,AW00019116,Marco,Zhu,S,F,2024-03-29
24655,AW00024655,Luke,Zhu,S,F,2022-01-13
26581,AW00026581,Russell,Hill,S,F,2024-10-20
12120,AW00012120,Jacquelyn,Gray,S,F,2024-01-18
14634,AW00014634,Sydney,Ross,M,M,2019-07-26
20677,AW00020677,Janet,Ruiz,M,M,2025-06-03
25813,AW00025813,Marco,Zhu ,S,F,2020-06-23
16691,AW00016691,Ruben,Sanchez,S,F,2022-02-20
27215,AW00027215,Ethan,Torres,M,M,2022-01-09
17678,AW00017678,Ethan,Perez,S,M,2024-09-10
16964,AW00016964,Ian,Jenkins,M,F,2024-02-15
16771,AW00016771,Jacquelyn,Wood,M,M,2022-12-22
18905,AW00018905,Rob,Sanchez,S,M,2023-11-02
18770,AW00018770,Seth,Hill,S,M,2020-03-09
27786,AW00027786,Elizabeth,Diaz,M,F,2021-08-24
28269,AW00028269,Wyatt,Sanchez,S,M,2023-05-07
12979,AW00012979,Curtis,Yang,S,M,2019-12-05
23712,AW00023712,Lauren,Watson,S,F,2021-09-15
16613,AW00016613,Jordan,Johnson,S,F,2023-09-14
22542,AW00022542,Destiny,Bennett,S,F,2024-05-13
17781,AW00017781,Clarence,Sanchez,M,F,2023-04-03
17533,AW00017533,Eugene,Verhoff,M,F,2024-11-04
11202,AW00011202,Clarence,Huang,S,M,2022-03-23
11098,AW00011098,Jordan,Watson,S,F,2023-08-25
20124,AW00020124,Janet,Torres,S,M,2020-04-27
20211,AW00020211,Janet,Carlson,M,F,2020-11-28
21212,AW00021212,Clarence,Yang,S,M,2019-01-29
28583,AW00028583,Janet,Jenkins,S,M,2019-04-24
11596,AW00011596,Elizabeth,Gray,M,M,2023-05-28
11160,AW00011160,Shannon,Sanchez,S,M,2021-05-01
27222,AW00027222,Jordan,Watson,S,M,2022-03-03
21651,AW00021651,Christy,Zhu,S,M,2021-06-01
16617,AW00016617,Christy,Suarez,M,F,2019-12-15
19518,AW00019518,Russell,Verhoff,S,F,2019-11-09
17736,AW00017736,Lauren,Zhu,M,M,2023-11-04
26239,AW00026239,Shannon,Huang,M,M,2024-01-26
23996,AW00023996,Russell,Lu,S,M,2020-10-16
13145,AW00013145,Marco,Walker,S,M,2024-04-02
13412,AW00013412,Curtis,Alvarez,M,F,2019-05-24
18696,AW00018696,Jordan,Diaz,M,M,2019-10-17
21910,AW00021910,Janet,Hill,S,M,2021-08-10
16086,AW00016086,Jordan,Ross,M,M,2022-04-24
13730,AW00013730,Seth,Bennett,M,F,2021-11-22
25870,AW00025870,Chloe,Diaz ,S,M,2020-11-20
26011,AW00026011,Lauren,Suarez,M,F,2021-03-17
16679,AW00016679,Jacquelyn,Carlson,S,F,2024-07-08
12595,AW00012595,Lauren,Carlson,S,M,2022-05-07
18109,AW00018109,Curtis,Jenkins,M,M,2019-11-02
15008,AW00015008,Lauren,Diaz,M,M,2024-12-02
26776,AW00026776,Elizabeth,Perez,S,F,2019-05-14
11434,AW00011434,Destiny,Sanchez,S,M,2020-12-18
19054,AW00019054,Elizabeth,Jenkins,M,M,2019-08-24
14301,AW00014301,Elizabeth,Yang,M,F,2024-12-06
15169,AW00015169,Russell,Carlson,M,M,2023-02-06
21113,AW00021113,Luke,Yang,S,M,2023-06-21
16196,AW00016196,Wyatt,Huang,M,M,2021-03-29
13234,AW00013234,Ruben,Young,M,M,2023-05-20
12459,AW00012459,Shannon,Ruiz,S,M,2021-05-26
28507,AW00028507, Ian,Lu,M,M,2019-03-22
18980,AW00018980,Wyatt,Lu,S,F,2024-02-18
28736,AW00028736,Eugene,Mehta,S,F,2023-01-04
26361,AW00026361,Wyatt,Alvarez,S,F,2022-08-16
20928,AW00020928,Jacquelyn,Hill,,F,2019-10-29
17890,AW00017890,Jacquelyn,Sanchez,M,,2023-09-24
18542,AW00018542,Ruben,Watson,S,F,2022-06-02
28561,AW00028561,Seth,Walker,M,M,2022-04-22
20290,AW00020290,Clarence,Johnson,M,M,2021-12-13
26823,AW00026823,Elizabeth,Sanchez,M,F,2021-07-02
13859,AW00013859,Curtis,Carlson,M,F,2025-03-16
12122,AW00012122,Janet,Alvarez,,F,2020-08-01
17096,AW00017096,Seth,Diaz,M,M,2025-07-01
22046,AW00022046,Lauren,Jenkins,M,M,2020-04-28
21785,AW00021785,Jacquelyn,Carlson,S,M,2022-10-04
15375,AW00015375,Ruben,Suarez,M,M,2019-06-22
20000,AW00020000,Chloe,Wood,S,F,2024-06-08
27904,AW00027904,Destiny,Hill,S,M,2020-12-03
14869,AW00014869,Curtis,Hill,S,F,2024-09-07
21928,AW00021928,Christy,Carlson,M,M,2023-09-10
15389,AW00015389,Jacquelyn,Verhoff,S,F,2022-06-20
15512,AW00015512,Luke,Torres,M,M,2021-05-09
25548,AW00025548,Wyatt,Ruiz,M,M,2022-03-21
14952,AW00014952,Christy,Ward,S,F,2021-11-03
19622,AW00019622,Ethan,Walker,M,F,2022-12-13
14041,AW00014041,Destiny,Suarez,M,M,2022-12-23
13733,AW00013733,Luke,Lu,M,,2020-10-10
17304,AW00017304,Marco,Young,M,M,2023-12-24
14379,AW00014379,Janet,Alvarez,S,F,2024-08-30
18733,AW00018733,Julio,Watson,S,F,2025-05-15
16506,AW00016506,Rob,Ruiz,S,F,2023-10-27
21364,AW00021364,Lauren,Carlson,S,F,2024-02-21
18291,AW00018291,Jon,Walker,M,F,2024-03-14
22262,AW00022262,Wyatt,Verhoff,M,F,2019-08-22
16747,AW00016747,Chloe,Perez,M,M,2022-08-30
19944,AW00019944,Christy,Walker,M,F,2021-12-05
18737,AW00018737,Russell,Alvarez,M,F,2020-06-15
24681,AW00024681,Destiny,Hill,S,F,2019-02-18
11432,AW00011432,Julio,Jenkins,M,F,2021-03-27
23225,AW00023225,Clarence,Sanchez,S,F,2025-02-11
22892,AW00022892,Jon, Walker,S,M,2023-04-15
23082,AW00023082,Luke,Bennett,M,F,2022-10-03
18062,AW00018062,Elizabeth,Perez,M,F,2022-11-15
22611,AW00022611,Christy,Johnson,,M,2021-12-11
27961,AW00027961,Christy,Huang,S,M,2021-02-22
21571,AW00021571,Jacquelyn,Torres,M,M,2024-01-16
12073,AW00012073,Ethan,Young,S,F,2022-08-14
18808,AW00018808,Christy,Zhu,M,M,2022-07-04
25636,AW00025636,Curtis,Sanchez,S,M,2022-12-01
25830,AW00025830,Ruben,Watson,S,M,2023-02-07
19482,AW00019482,Eugene,Mehta,M,F,2021-07-09
18076,AW00018076,Marco,Gray,M,M,2019-01-29
23865,AW00023865,Wyatt,Alvarez,S,F,2023-05-20
13245,AW00013245,Seth,Wood,M,F,2024-07-23
11476,AW00011476,Jordan,Watson,M,M,2022-05-21
28194,AW00028194,Eugene,Young,M,M,2021-08-05
25342,AW00025342,Rob,Ward,S,M,2019-06-11
17065,AW00017065,Destiny,Lu,M,M,2019-08-10
26962,AW00026962,Russell,Suarez,S,F,2021-05-28
27607,AW00027607,Elizabeth,Ross,S,M,2022-11-10
21421,AW00021421,Ruben,Perez,S,M,2019-05-31
23224,AW00023224,Jacquelyn,Walker,S,,2023-10-13
15615,AW00015615,Chloe,Zhu,S,M,2024-04-25
21261,AW00021261,Seth,Gray,M,M,2021-12-29
18465,AW00018465,Wyatt,Gray,S,M,2022-04-19
20662,AW00020662,Ian,Wood,S,M,2024-08-12
26219,AW00026219,Ethan,Jenkins,M,F,2021-05-17
20031,AW00020031,Eugene,Huang,M,M,2022-01-09
24097,AW00024097,Jordan,Torres,S,F,2021-09-10
24954,AW00024954,Rob,Lu,S,M,2023-10-27
14597,AW00014597,Shannon,Mehta,M,M,2023-07-27
28003,AW00028003,Julio,Mehta,S,M,2019-07-26
26960,AW00026960,Elizabeth,Bennett,M,M,2022-01-22
12772,AW00012772,Jon,Hill,S,M,2021-08-30
23643,AW00023643,Elizabeth,Zhu,S,M,2024-01-02
14855,AW00014855,Lauren,Zhu,S,M,2024-06-09
25748,AW00025748,Christy,Verhoff,M,F,2021-08-28
26864,AW00026864,Destiny,Yang,M,M,2019-01-09
16766,AW00016766,Eugene,Bennett,S,F,2020-12-06
12310,AW00012310,Jon,Hill,M,F,2023-11-22
15834,AW00015834,Jon,Jenkins,M,F,2023-08-18
26539,AW00026539,Eugene,Perez,M,M,2023-08-27
14195,AW00014195,Lauren,Huang,M,M,2024-04-29
16961,AW00016961,Luke,Sanchez,M,F,2020-07-12
11543,AW00011543, Jordan,Gray,S,F,2022-07-10
24320,AW00024320,Jordan,Huang,M,M,2025-01-26
27488,AW00027488,Ian,Young,M,M,2023-07-07
11450,AW00011450,Destiny,Carlson,M,M,2021-06-16
12840,AW00012840,Destiny,Bennett,M,F,2023-05-21
19794,AW00019794,Seth,Carlson,M,M,2025-07-04
16170,AW00016170,Ruben,Perez,S,F,2022-05-03
14892,AW00014892,Elizabeth,Verhoff,M,F,2020-09-11
22751,AW00022751,Ian,Wood,S,F,2024-04-10
16840,AW00016840,Julio,Huang,S,M,2023-05-04
27946,AW00027946,Elizabeth,Johnson,M,M,2024-01-08
25821,AW00025821,Sydney,Verhoff,M,M,2023-10-04
28495,AW00028495,Jacquelyn,Carlson,S,F,2022-06-29
22968,AW00022968,Christy,Johnson,S,F,2019-03-15
28838,AW00028838,Destiny,Walker,M,M,2023-05-02
13553,AW00013553,Elizabeth,Huang,M,F,2019-01-23
20309,AW00020309,Chloe,Young,M,F,2025-01-14
21281,AW00021281,Destiny,Diaz,M,F,2025-04-28
14771,AW00014771,Seth,Suarez,S,M,2020-06-19
18070,AW00018070,Janet,Walker,M,M,2021-03-06
14321,AW00014321,Curtis,Yang,M,F,2022-09-30
11723,AW00011723,Clarence,Young,S,M,2023-01-17
27889,AW00027889,Lauren,Young,S,F,2019-03-11
23619,AW00023619,Julio,Sanchez,S,M,2024-10-04
15464,AW00015464,Wyatt,Young,S,F,2019-05-24
28681,AW00028681,Chloe,Gray,M,M,2020-03-10
18071,AW00018071,Elizabeth,Young,M,M,2021-06-08
16767,AW00016767,Jordan,Watson,S,M,2024-03-29
13973,AW00013973,Luke,Ross,S,M,2023-04-12
25203,AW00025203,Ian ,Perez,M,M,2019-03-30
17749,AW00017749,Eugene,Suarez,M,F,2023-09-16
11335,AW00011335,Chloe,Diaz,S,M,2020-08-11
22697,AW00022697,Christy,Carlson,M,M,2022-02-19
15709,AW00015709,Jacquelyn,Ross,M,F,2022-12-30
27189,AW00027189,Ian,Carlson,S,M,2021-03-07
26605,AW00026605,Ian,Wood,M,F,2022-12-05
26138,AW00026138,Curtis,Lu,M,F,2021-06-28
22212,AW00022212,Sydney, Ward,M,M,2022-12-06
17052,AW00017052,Chloe,Wood,M,F,2019-08-26
15010,AW00015010,Wyatt,Ward,M,M,2023-01-31
13268,AW00013268, Eugene,Wood,S,F,2019-03-08
15447,AW00015447,Luke,Wood,S,F,2022-04-02
13502,AW00013502,Ethan,Watson,S,F,2019-06-07
12649,AW00012649,Wyatt,Young,S,M,2023-01-29
13850,AW00013850,Julio,Walker,M,M,2025-06-01
21148,AW00021148,Ethan,Bennett,S,F,2020-02-04
20270,AW00020270,Ethan,Carlson,M,M,2022-03-15
18790,AW00018790,Shannon, Hill,S,M,2021-02-23
24317,AW00024317,Clarence,Diaz,S,F,2024-12-21
11921,AW00011921,Luke,Ward,S,F,2023-01-09
14969,AW00014969,Curtis,Ruiz,M,F,2021-11-07
26480,AW00026480,Rob,Lu,S,M,2020-01-28
16678,AW00016678,Jacquelyn,Diaz,M,M,2021-06-22
12211,AW00012211,Shannon,Ruiz,S,F,2019-06-03
11537,AW00011537,Chloe,Johnson,S,M,2023-11-16
19277,AW00019277,Shannon,Suarez,S,M,2021-10-21
15677,AW00015677,Julio,Mehta,M,F,2019-03-13
17717,AW00017717,Chloe,Verhoff ,S,M,2023-09-09
23585,AW00023585,Jon,Watson,M,F,2020-02-14
13504,AW00013504, Ethan,Ross,,M,2021-10-04
14523,AW00014523,Rob,Ruiz,S,M,2025-06-18
28553,AW00028553, Lauren,Perez,M,M,2025-07-17
19447,AW00019447,Ethan,Ruiz,M,F,2022-10-31
24549,AW00024549,Jordan,Walker,S,M,2021-06-30
13570,AW00013570,Clarence,Bennett,M,M,2019-09-08
27254,AW00027254,Luke,Diaz,S,F,2019-10-18
25094,AW00025094,Clarence,Gray,S,F,2020-12-15
26270,AW00026270,Luke,Alvarez,S,M,2021-01-18
26613,AW00026613,Lauren,Bennett,M,F,2021-10-17
15661,AW00015661,Ruben,Zhu,S,F,2020-01-14
27675,AW00027675,Shannon,Carlson,M,M,2019-03-21
23138,AW00023138,Jon,Huang,S,M,2020-06-07
14636,AW00014636,Jon,Young,M,F,2022-02-27
12664,AW00012664,Janet, Carlson,S,M,2025-01-10
14894,AW00014894,Jordan,Torres,S,F,2019-10-30
15955,AW00015955,Jon,Perez,M,F,2019-03-31
15132,AW00015132,Elizabeth,Ward,S,M,2021-10-29
13745,AW00013745,Chloe,Bennett,S,M,2021-04-09
17857,AW00017857,Wyatt,Ruiz,M,F,2019-05-28
16934,AW00016934,Shannon,Young,M,M,2025-01-17
17441,AW00017441,Clarence,Hill,S,F,2024-09-12
27743,AW00027743,Seth,Perez,S,M,2023-09-04
25069,AW00025069,Ian,Verhoff,M,M,2024-04-20
22602,AW00022602,Destiny,Torres,S,F,2022-04-08
25761,AW00025761,Elizabeth,Suarez,M,M,2019-08-01
27190,AW00027190,Elizabeth,Lu,M,M,2019-09-11
13663,AW00013663,Curtis, Zhu,S,F,2024-12-17
11232,AW00011232,Sydney,Lu,M,M,2023-08-27
13752,AW00013752,Russell,Alvarez,S,M,2024-11-10
23852,AW00023852,Curtis,Johnson,S,M,2019-09-05
27725,AW00027725,Janet,Ward,S,M,2022-12-24
18607,AW00018607,Russell,Lu,,F,2021-08-03
15669,AW00015669,Elizabeth,Gray,S,M,2019-08-28
12497,AW00012497,Christy,Suarez,S,M,2025-01-14
13447,AW00013447,Julio,Verhoff,M,F,2024-07-20
22603,AW00022603,Eugene,Gray,S,M,2024-02-01
24727,AW00024727,Luke,Suarez,M,F,2022-01-17
11108,AW00011108,Jacquelyn,Suarez,S,M,2020-09-09
17525,AW00017525,Destiny,Walker,M,M,2019-01-18
26509,AW00026509,Sydney,Hill,S,M,2022-03-10
12671,AW00012671,Russell,Yang,M,F,2021-08-25
11972,AW00011972,Ruben ,Wood,M,F,2022-11-24
12150,AW00012150,Seth,Watson,M,M,2024-08-19
20102,AW00020102,Destiny,Zhu,S,F,2025-02-03
13166,AW00013166, Shannon,Wood,S,F,2020-01-21
15917,AW00015917,Rob,Jenkins,S,F,2022-09-04
28498,AW00028498,Jon ,Torres,,F,2022-02-23
22816,AW00022816,Shannon,Watson ,M,F,2020-05-18
24265,AW00024265,Curtis,Johnson,M,M,2023-07-09
11121,AW00011121,Lauren,Verhoff,M,F,2019-12-02
16257,AW00016257,Rob,Bennett,M,F,2021-11-28
21840,AW00021840,Elizabeth,Diaz,M,F,2021-12-15
15951,AW00015951,Wyatt,Bennett,M,F,2021-06-12
28642,AW00028642,Marco,Mehta,M,M,2019-04-22
16190,AW00016190,Luke,Hill,M,F,2022-05-14
18536,AW00018536,Seth,Suarez,S,F,2022-09-17
21874,AW00021874,Lauren,Perez,S,M,2022-06-21
18169,AW00018169,Rob,Huang,S,M,2024-05-11
22454,AW00022454,Jacquelyn,Perez ,S,M,2021-12-15
18541,AW00018541,Luke,Yang,S,M,2022-06-01
22781,AW00022781,Jordan,Gray,S,M,2020-08-04
27949,AW00027949,Luke,Mehta,S,M,2023-05-28
26096,AW00026096,Clarence,Diaz,S,F,2023-09-14
14852,AW00014852,Chloe,Ross,S,M,2021-03-24
11971,AW00011971,Lauren,Sanchez,S,M,2019-10-09
19742,AW00019742,Lauren,Sanchez,S,M,2024-11-25
15761,AW00015761,Lauren,Young,M,F,2022-04-06
17449,AW00017449, Elizabeth,Ross,S,F,2021-05-13
18530,AW00018530,Ian,Sanchez,S,F,2024-03-08
28879,AW00028879,Janet,Verhoff,M,F,2020-11-16
11037,AW00011037,Ruben,Gray,S,,2019-10-04
12619,AW00012619,Jon,Gray,S,M,2021-05-07
15746,AW00015746,Lauren,Ruiz,S,M,2023-05-20
16926,AW00016926,Julio,Perez ,S,F,2022-07-04
13182,AW00013182,Jacquelyn,Diaz,M,M,2024-05-04
22662,AW00022662,Shannon,Diaz,S,F,2020-02-01
26172,AW00026172,Russell,Diaz,S,F,2025-04-19
26251,AW00026251,Julio,Verhoff,S,F,2021-03-11
14099,AW00014099,Chloe,Sanchez,M,M,2022-07-07
12424,AW00012424,Clarence,Bennett,S,M,2021-01-31
22869,AW00022869,Jon,Jenkins,S,M,2024-08-17
15419,AW00015419,Janet,Johnson,S,M,2021-07-13
21093,AW00021093,Sydney,Suarez,M,F,2020-07-07
18307,AW00018307,Ethan,Young,M,M,2023-01-28
11102,AW00011102,Clarence,Mehta,S,F,2020-06-30
15493,AW00015493,Shannon,Verhoff,M,M,2022-08-05
23089,AW00023089,Shannon,Walker,M,F,2020-12-27
17370,AW00017370,Destiny,Suarez,M,F,2024-10-26
27098,AW00027098,Chloe,Ruiz,S,F,2021-03-26
16031,AW00016031,Elizabeth,Ross,M,M,2019-05-16
21210,AW00021210,Lauren,Suarez,M,M,2023-08-23
26179,AW00026179,Shannon,Huang,M,M,2022-03-24
12596,AW00012596,Chloe,Jenkins,M,M,2023-01-10
17744,AW00017744,Lauren,Ross,S,M,2019-01-11
28469,AW00028469,Chloe,Torres,S,F,2024-03-11
25611,AW00025611,Clarence,Verhoff,S,F,2020-01-16
22776,AW00022776,Marco,Yang,M,M,2023-03-09
15926,AW00015926,Curtis,Perez,S,F,2020-07-14
25739,AW00025739,Seth,Walker,S,M,2022-03-13
12973,AW00012973, Ethan,Ruiz,S,M,2022-12-27
19102,AW00019102,Jacquelyn ,Alvarez,S,F,2022-06-19
25452,AW00025452,Ian,Lu,M,F,2019-11-04
24465,AW00024465,Jacquelyn,Sanchez,S,F,2021-05-14
24186,AW00024186,Jacquelyn,Lu,S,M,2021-07-27
18314,AW00018314,Lauren,Zhu,M,F,2024-02-29
27191,AW00027191,Clarence,Wood,S,F,2024-11-20
13026,AW00013026,Julio,Ward,S,M,2019-11-04
28339,AW00028339,Elizabeth ,Ruiz,S,F,2022-10-09
16237,AW00016237,Luke ,Perez,M,F,2024-04-13
18318,AW00018318,Lauren,Bennett,S,F,2024-01-26
12581,AW00012581,Christy,Perez,S,M,2022-12-02
23297,AW00023297,Marco,Sanchez,S,M,2023-05-21
27570,AW00027570,Clarence,Gray,S,F,2021-09-02
17938,AW00017938,Julio,Alvarez,S,M,2025-06-16
19705,AW00019705,Rob,Ross,M,M,2024-04-24
22154,AW00022154,Shannon,Hill,S,F,2022-07-27
23872,AW00023872,Ruben,Verhoff,M,F,2023-10-03
15409,AW00015409,Rob,Mehta,S,M,2022-12-26
18328,AW00018328,Jon,Sanchez,M,F,2023-07-23
20089,AW00020089,Chloe,Suarez,M,F,2023-11-23
24615,AW00024615,Chloe,Young ,M,F,2021-08-25
24978,AW00024978,Julio,Torres,M,M,2022-02-04
22117,AW00022117,Rob,Mehta,S,F,2019-11-30
14334,AW00014334,Chloe,Verhoff,M,F,2024-11-27
20994,AW00020994,Sydney,Johnson,M,F,2022-01-21
16918,AW00016918,Chloe,Ross,S,F,2020-01-16
15536,AW00015536,Russell,Hill,S,F,2019-02-18
16833,AW00016833,Destiny,Torres,S,M,2023-10-03
12716,AW00012716,Destiny,Johnson,M,F,2024-01-01
20314,AW00020314,Ruben,Ward,S,M,2019-03-16
11634,AW00011634,Jacquelyn,Walker ,S,F,2023-11-27
15932,AW00015932,Jacquelyn,Watson,S,M,2025-07-10
15467,AW00015467,Shannon,Carlson,M,M,2019-06-27
11734,AW00011734,Ethan,Young,S,F,2022-05-09
11553,AW00011553,Seth,Wood,S,M,2021-10-13
24082,AW00024082,Christy,Ross,S,M,2023-06-19
15556,AW00015556,Marco,Young,M,M,2024-02-15
24002,AW00024002,Wyatt,Mehta,S,M,2023-05-20
25585,AW00025585,Jacquelyn ,Watson,M,M,2019-01-06
24311,AW00024311,Luke,Diaz,M,F,2019-06-10
15385,AW00015385,Christy,Ruiz,S,F,2022-04-27
16666,AW00016666,Jordan,Gray,M,M,2020-10-23
16367,AW00016367,Elizabeth,Yang,M,F,2024-05-21
11228,AW00011228,Jordan,Wood,M,M,2019-09-16
27076,AW00027076,Shannon,Ruiz,M,M,2022-02-14
28489,AW00028489,Rob,Torres,S,M,2019-10-01
14813,AW00014813,Sydney,Perez,S,F,2023-10-12
13028,AW00013028,Chloe, Walker,S,F,2020-04-08
20878,AW00020878,Ruben,Hill,S,M,2022-02-26
13194,AW00013194,Seth ,Sanchez,M,M,2025-04-16
24041,AW00024041,Chloe,Huang,S,F,2021-11-10
20832,AW00020832,Rob,Mehta,S,F,2022-09-28
20778,AW00020778,Marco,Mehta,S,M,2023-04-22
17636,AW00017636,Marco,Yang,S,F,2020-08-06
23409,AW00023409,Jacquelyn,Diaz,S,M,2025-01-22
24777,AW00024777,Ruben,Bennett,M,,2019-01-28
21192,AW00021192,Christy,Ross,S,M,2020-02-13
22908,AW00022908,Marco ,Hill,S,M,2024-06-30
25098,AW00025098,Destiny, Verhoff,M,M,2021-05-31
21211,AW00021211,Eugene,Yang,S,F,2025-07-02
22437,AW00022437, Julio, Young,S,F,2021-10-28
15664,AW00015664,Janet,Ross,M,M,2019-10-08
20652,AW00020652,Rob,Ward,S,M,2020-03-09
21776,AW00021776,Marco,Bennett,S,F,2023-05-16
13874,AW00013874,Curtis,Torres,M,F,2020-03-30
23935,AW00023935,Christy,Mehta,S,M,2023-01-10
11811,AW00011811,Jacquelyn,Mehta,S,M,2019-12-31
23175,AW00023175,Marco,Perez,S,M,2024-07-04
19762,AW00019762,Luke,Watson,S,F,2023-12-29
26851,AW00026851,Shannon,Huang,M,F,2024-07-25
12580,AW00012580,Seth,Wood,M,F,2024-07-12
11951,AW00011951,Jon,Gray,S,M,2024-10-29
16559,AW00016559,Ruben,Gray,M,F,2025-02-20
26176,AW00026176,Ruben,Alvarez,M,M,2021-06-17
15440,AW00015440,Jon,Wood,S,F,2022-06-11
27034,AW00027034,Clarence,Sanchez,,M,2022-07-21
12050,AW00012050,Rob,Walker,S,M,2021-10-16
21283,AW00021283,Marco, Ross,S,F,2019-11-10
13236,AW00013236,Chloe,Ross,S,M,2023-09-16
21282,AW00021282,Rob,Ruiz ,S,M,2021-02-21
11369,AW00011369,Julio,Gray,S,F,2024-09-14
12039,AW00012039,Jordan,Gray,M,F,2024-12-18
13517,AW00013517,Sydney,Suarez,S,F,2023-06-19
11173,AW00011173,Luke,Huang,S,F,2024-10-26
21546,AW00021546,Lauren ,Walker,S,M,2021-11-20
16359,AW00016359,Shannon,Johnson,M,F,2019-08-05
23120,AW00023120,Chloe,Alvarez,S,M,2020-06-18
15411,AW00015411,Ethan,Watson,S,M,2024-01-22
12157,AW00012157,Russell,Suarez,M,M,2024-11-02
24054,AW00024054,Ruben,Bennett,S,F,2022-08-11
21484,AW00021484,Eugene,Ward,S,M,2019-06-26
27156,AW00027156,Chloe,Watson,M,M,2021-08-06
13873,AW00013873,Destiny,Jenkins,M,M,2021-10-15
12819,AW00012819,Janet,Bennett,,M,2023-03-15
28874,AW00028874,Clarence,Carlson,S,M,2019-02-19
27665,AW00027665,Ian,Lu,S,F,2024-03-11
13627,AW00013627,Lauren,Ward,S,F,2020-03-04
15996,AW00015996,Jacquelyn,Hill,M,M,2019-11-29
25390,AW00025390,Elizabeth,Sanchez,S,M,2023-06-28
16777,AW00016777,Russell,Perez,S,M,2020-08-05
22136,AW00022136,Jordan,Jenkins,M,F,2023-07-13
22909,AW00022909,Jon,Perez,M,F,2022-04-20
22423,AW00022423,Ruben,Bennett,M,F,2023-09-21
14414,AW00014414,Russell,Yang,M,F,2019-12-16
23822,AW00023822,Ruben, Sanchez,M,F,2023-06-04
13120,AW00013120,Jacquelyn ,Johnson,M,F,2024-05-13
20951,AW00020951,Luke,Walker,S,M,2023-11-03
21772,AW00021772,Destiny,Torres,S,F,2024-12-05
23172,AW00023172,Eugene,Ross,S,F,2023-02-26
16861,AW00016861,Clarence,Hill,M,F,2019-07-10
21055,AW00021055,Destiny, Bennett,S,F,2021-09-03
26728,AW00026728,Sydney,Zhu,M,M,2023-07-31
24009,AW00024009, Seth,Watson,M,M,2020-04-11
25719,AW00025719,Christy,Ruiz,M,F,2019-09-03
24995,AW00024995,Janet ,Zhu ,S,F,2021-01-01
22145,AW00022145,Seth,Sanchez,M,M,2020-06-27
19347,AW00019347,Chloe,Bennett,M,F,2022-03-31
26504,AW00026504, Lauren,Torres,S,F,2019-10-09
18816,AW00018816,Eugene,Gray,S,F,2020-12-03
21048,AW00021048,Marco,Perez,M,M,2024-03-12
21642,AW00021642,Ethan , Carlson,M,M,2019-05-05
17979,AW00017979,Jacquelyn,Lu,S,F,2024-05-23
23079,AW00023079,Lauren,Sanchez,M,M,2023-01-07
19150,AW00019150, Shannon,Ross,M,M,2021-10-06
24405,AW00024405,Janet,Watson,S,M,2025-05-18
14796,AW00014796,Janet,Wood,S,M,2024-02-09
12591,AW00012591,Elizabeth,Alvarez,S,F,2022-08-16
24298,AW00024298,Jordan,Carlson,S,M,2021-11-30
26617,AW00026617,Jacquelyn,Ruiz,S,F,2021-08-19
11906,AW00011906,Jordan ,Torres,S,F,2024-06-13
22689,AW00022689,Julio,Yang,S,F,2023-04-11
20780,AW00020780,Janet,Mehta,S,F,2024-08-27
13453,AW00013453,Curtis,Zhu,M,F,2019-06-20
11039,AW00011039,Ethan,Young,S,M,2025-05-27
15936,AW00015936,Janet,Bennett,S,F,2023-03-17
21943,AW00021943,Lauren,Gray,M,F,2021-11-24
17265,AW00017265,Curtis,Bennett ,S,F,2019-12-12
21230,AW00021230,Wyatt,Ross,S,F,2023-06-27
18751,AW00018751,Wyatt,Young,S,M,2022-01-31
25590,AW00025590,Destiny,Alvarez,S,F,2019-12-23
24815,AW00024815,Eugene,Young,S,M,2024-09-24
27234,AW00027234,Julio,Huang,M,M,2020-10-02
14180,AW00014180,Lauren,Hill,M,M,2025-06-21
27273,AW00027273,Wyatt,Jenkins,M,M,2023-11-12
11282,AW00011282,Russell,Huang,M,M,2024-02-27
12331,AW00012331,Ethan,Sanchez ,S,F,2021-05-23
20184,AW00020184,Destiny,Ross,S,M,2023-08-24
28458,AW00028458,Destiny,Jenkins,S,M,2024-01-08
25313,AW00025313,Ruben,Yang,S,M,2023-07-13
17931,AW00017931,Ian,Wood,M,M,2021-01-30
28259,AW00028259,Luke ,Ross,S,F,2022-05-19
18457,AW00018457,Eugene,Ruiz,M,F,2019-07-18
22672,AW00022672,Clarence,Ruiz,S,F,2024-11-09
18409,AW00018409,Christy,Lu,S,M,2024-06-13
13708,AW00013708,Lauren,Sanchez ,M,F,2023-08-08
22733,AW00022733,Ruben,Ross,M,F,2024-06-14
26840,AW00026840,Shannon,Mehta,S,M,2022-09-09
24797,AW00024797,Eugene,Diaz,M,M,2021-06-27
20485,AW00020485,Lauren,Johnson,M,F,2022-02-02
25127,AW00025127,Luke,Ward,S,M,2024-01-08
20175,AW00020175,Jacquelyn,Mehta,S,M,2024-01-02
22730,AW00022730,Wyatt ,Verhoff,S,F,2024-03-09
27656,AW00027656,Shannon,Verhoff,S,F,2021-03-14
12115,AW00012115,Curtis,Alvarez,M,F,2019-04-10
16413,AW00016413,Seth,Yang,S,F,2022-01-31
11294,AW00011294,Elizabeth,Bennett,S,F,2023-12-17
20795,AW00020795,Lauren,Zhu,M,M,2020-08-18
23046,AW00023046, Chloe,Alvarez,M,M,2019-12-21
19146,AW00019146,Chloe,Torres,S,F,2019-07-20
18762,AW00018762,Julio,Bennett,S,,2021-10-27
28418,AW00028418,Rob,Johnson,M,F,2023-07-17
17324,AW00017324,Lauren,Yang,S,M,2021-07-25
20219,AW00020219,Ethan,Zhu,M,F,2019-04-03
23518,AW00023518, Ian,Bennett,M,M,2019-09-04
22635,AW00022635,Destiny,Jenkins,S,M,2024-06-09
26502,AW00026502, Clarence,Sanchez,S,M,2024-08-30
23319,AW00023319,Wyatt,Jenkins,M,F,2021-08-02
15377,AW00015377,Lauren,Mehta,M,M,2024-03-12
24121,AW00024121,Ethan,Alvarez,M,M,2020-12-17
23420,AW00023420,Elizabeth,Mehta,S,F,2022-10-05
16079,AW00016079,Eugene,Hill,M,M,2020-11-19
28052,AW00028052,Elizabeth,Bennett,S,F,2019-01-27
22717,AW00022717,Ian, Watson,M,F,2021-04-23
26014,AW00026014,Clarence,Bennett,M,F,2019-09-01
23422,AW00023422,Julio,Perez,M,F,2023-09-11
13524,AW00013524,Shannon,Bennett,M,M,2025-06-02
20958,AW00020958,Jacquelyn,Lu,M,F,2019-03-10
26783,AW00026783,Ethan,Carlson,S,F,2020-07-28
11856,AW00011856,Clarence,Gray,M,M,2022-12-13
24132,AW00024132,Sydney,Perez,M,F,2022-04-23
13522,AW00013522,Sydney,Jenkins,M,F,2019-08-12
28422,AW00028422,Marco ,Zhu,S,M,2023-11-13
18378,AW00018378, Ruben,Watson,S,F,2023-01-28
13443,AW00013443,Sydney,Bennett,S,F,2019-02-06
17493,AW00017493,Chloe,Ross,S,F,2021-03-04
28614,AW00028614,Sydney,Mehta,S,M,2024-09-07
16328,AW00016328,Chloe,Lu,S,M,2024-04-26
19456,AW00019456,Marco,Wood,,M,2022-08-02
12378,AW00012378,Lauren,Lu,S,M,2022-01-04
19043,AW00019043,Jacquelyn,Watson,S,F,2020-03-19
26088,AW00026088,Janet,Yang,S,M,2019-08-02
15854,AW00015854,Julio,Diaz,M,M,2025-05-08
27688,AW00027688,Chloe,Ross,S,F,2024-11-09
27963,AW00027963,Janet,Zhu,M,F,2020-06-15
20517,AW00020517,Destiny,Perez,M,F,2020-10-02
26027,AW00026027,Jacquelyn,Sanchez,S,M,2025-07-19
28349,AW00028349,Ethan,Ruiz,M,M,2024-01-20
21929,AW00021929,Jacquelyn,Zhu,S,M,2024-10-19
27750,AW00027750,Russell,Diaz,S,M,2019-05-19
14631,AW00014631,Eugene,Diaz,M,M,2022-04-15
27707,AW00027707,Luke,Carlson,M,F,2021-09-17
17502,AW00017502,Destiny,Sanchez,S,F,2020-05-12
22948,AW00022948,Clarence,Perez,M,F,2022-06-27
11999,AW00011999,Ian,Alvarez,M,F,2023-02-04
27804,AW00027804, Wyatt,Gray,S,F,2019-08-18
23367,AW00023367,Elizabeth,Gray,M,M,2020-03-08
25456,AW00025456,Christy,Gray,S,M,2021-11-12
23519,AW00023519,Jordan,Ward,M,M,2021-09-14
17103,AW00017103,Elizabeth,Sanchez,M,M,2019-08-29
20481,AW00020481,Wyatt,Young,S,F,2019-11-25
21701,AW00021701,Shannon,Ward,M,M,2022-07-27
20589,AW00020589, Ethan,Watson,M,M,2019-01-21
26084,AW00026084,Jordan,Ward,S,F,2024-11-07
19862,AW00019862,Jordan,Huang,S,M,2022-08-18
21720,AW00021720,Jacquelyn,Alvarez,S,F,2023-02-13
11094,AW00011094,Sydney,Ward,S,F,2020-11-26
16310,AW00016310,Shannon,Ross,S,F,2022-01-01
11397,AW00011397,Sydney,Mehta,S,F,2019-07-19
25904,AW00025904,Lauren,Gray,M,F,2022-12-12
19514,AW00019514,Lauren,Ross,M,F,2022-08-01
28446,AW00028446,Shannon,Carlson,M,F,2019-06-05
21913,AW00021913,Clarence,Mehta,M,M,2024-09-04
25714,AW00025714,Luke,Sanchez,S,M,2024-03-05
21416,AW00021416,Julio,Perez,M,F,2023-12-25
14789,AW00014789,Ian,Bennett,S,M,2020-04-16
15976,AW00015976,Christy, Jenkins,M,M,2023-05-02
11236,AW00011236,Clarence ,Ross ,M,M,2023-06-19
21174,AW00021174,Jordan,Bennett,M,F,2024-03-30
22811,AW00022811,Elizabeth,Verhoff,S,M,2024-02-01
19432,AW00019432,Ethan,Gray,S,M,2024-12-02
22082,AW00022082,Ruben,Young,M,F,2021-10-18
23926,AW00023926,Julio,Mehta,S,M,2022-05-10
12001,AW00012001,Elizabeth,Sanchez,S,M,2022-01-10
13628,AW00013628,Destiny,Lu,S,M,2023-09-23
23029,AW00023029,Jacquelyn,Wood,S,M,2025-04-30
28282,AW00028282,Jordan,Perez,M,M,2020-10-16
26734,AW00026734,Curtis,Hill,S,M,2022-05-11
13496,AW00013496,Ian,Perez,M,M,2024-02-02
15237,AW00015237,Marco ,Yang,M,F,2021-07-27
12434,AW00012434,Luke,Huang,S,F,2024-03-03
13237,AW00013237,Lauren,Suarez,M,M,2021-01-06
28868,AW00028868,Destiny,Lu,,M,2023-03-18
27395,AW00027395,Curtis,Lu,M,M,2024-06-09
11251,AW00011251,Ruben,Torres,M,M,2019-09-27
22000,AW00022000,Janet ,Huang,,F,2019-07-20
20273,AW00020273,Curtis,Mehta,M,F,2024-03-27
23559,AW00023559,Jacquelyn,Lu,M,M,2020-09-23
23803,AW00023803,Christy,Jenkins,M,F,2019-06-10
12743,AW00012743,Marco,Hill,M,M,2019-04-05
13546,AW00013546,Seth,Zhu,M,M,2025-06-24
19364,AW00019364,Ethan,Ward,M,M,2021-07-10
11852,AW00011852,Jacquelyn,Carlson,M,M,2020-07-19
12019,AW00012019,Julio,Yang,S,M,2021-10-27
24877,AW00024877,Sydney,Johnson,S,M,2024-12-13
12121,AW00012121,Chloe,Yang,M,M,2025-01-12
28343,AW00028343,Christy,Diaz,S,F,2024-03-27
22731,AW00022731,Jordan,Diaz,S,F,2025-06-05
18400,AW00018400,Destiny,Diaz,M,M,2020-01-18
23603,AW00023603,Rob,Gray,S,F,2024-04-29
22406,AW00022406,Lauren,Walker,S,F,2019-08-28
12892,AW00012892,Jordan,Mehta,M,F,2025-06-19
23580,AW00023580,Curtis,Torres,M,F,2020-10-19
23073,AW00023073,Ruben, Perez,M,M,2019-05-11
22499,AW00022499,Janet,Carlson,S,F,2019-09-14
19051,AW00019051,Chloe,Sanchez,M,M,2024-01-31
11101,AW00011101,Ian,Mehta,S,F,2019-07-25
21685,AW00021685,Ruben,Hill,M,F,2024-12-13
12035,AW00012035,Jon,Wood,M,M,2023-08-14
27439,AW00027439,Ruben,Bennett,M,M,2019-11-25
20516,AW00020516,Christy,Young,M,F,2020-06-17
15648,AW00015648,Clarence,Hill,M,M,2022-04-09
24470,AW00024470,Julio,Wood,S,M,2021-11-19
23400,AW00023400,Ian,Sanchez,M,F,2025-01-24
18984,AW00018984, Janet,Wood,M,M,2020-02-18
22360,AW00022360,Russell, Ross,S,F,2023-12-08
15901,AW00015901,Wyatt,Johnson,M,F,2019-06-02
22090,AW00022090,Jordan ,Perez,M,M,2019-12-31
19815,AW00019815,Wyatt,Verhoff,S,F,2019-09-16
17178,AW00017178,Eugene,Ward,S,M,2020-05-19
26520,AW00026520,Seth,Ross,S,F,2021-04-08
12960,AW00012960,Chloe,Ross,S,F,2022-04-08
18651,AW00018651,Curtis,Perez,S,M,2024-10-22
18104,AW00018104,Christy,Suarez,M,F,2021-09-18
21272,AW00021272,Eugene,Huang,S,M,2022-11-07
16866,AW00016866,Ethan,Zhu,S,F,2023-09-01
14042,AW00014042,Jordan,Young,S,F,2020-11-23
17019,AW00017019,Ian,Huang,S,M,2021-12-01
23532,AW00023532,Christy,Carlson,M,F,2023-08-05
13156,AW00013156,Seth,Ward,S,F,2023-07-27
12460,AW00012460,Wyatt,Gray,M,F,2021-01-28
18725,AW00018725,Eugene,Jenkins,M,F,2019-04-18
17349,AW00017349,Ruben,Verhoff,M,F,2020-09-20
24083,AW00024083,Seth,Diaz,M,M,2025-06-27
11428,AW00011428,Christy,Diaz,S,M,2019-07-27
25132,AW00025132,Destiny ,Carlson,M,M,2019-03-23
13667,AW00013667,Sydney,Carlson,S,M,2024-06-28
22865,AW00022865,Jordan,Carlson,S,F,2020-05-04
20525,AW00020525,Destiny,Johnson,M,M,2019-04-02
15384,AW00015384,Ruben,Ross,S,M,2020-09-13
21881,AW00021881,Elizabeth,Ruiz,M,F,2021-11-26
24330,AW00024330,Lauren,Ruiz,S,M,2021-11-29
28492,AW00028492,Luke,Carlson,S,F,2019-01-16
28641,AW00028641,Christy,Bennett,M,M,2019-06-21
13735,AW00013735,Ethan,Carlson,S,M,2020-08-23
12489,AW00012489,Christy,Sanchez,M,F,2024-05-03
20612,AW00020612,Ruben,Diaz,M,F,2024-02-24
17897,AW00017897,Ian,Wood,S,F,2025-02-23
28882,AW00028882,Elizabeth,Suarez,M,,2025-04-02
20117,AW00020117,Chloe,Sanchez,S,M,2024-12-13
28688,AW00028688,Luke,Watson,M,M,2022-04-23
15845,AW00015845,Marco,Alvarez,S,F,2021-10-05
17286,AW00017286,Shannon,Wood,M,M,2022-05-28
21727,AW00021727,Jacquelyn,Suarez,S,F,2023-01-03
20728,AW00020728,Destiny,Alvarez,S,F,2023-03-23
22087,AW00022087,Destiny,Zhu,M,F,2019-09-10
13147,AW00013147,Eugene,Lu,M,M,2022-01-10
18494,AW00018494,Ian,Lu,S,F,2021-11-03
25619,AW00025619,Julio,Watson,S,M,2019-07-20
24677,AW00024677,Jon,Huang,S,M,2022-01-20
11702,AW00011702,Christy,Suarez,M,F,2020-07-12
23248,AW00023248,Luke,Ruiz,M,M,2020-01-11
14929,AW00014929,Jon,Sanchez,M,F,2022-07-30
12512,AW00012512,Destiny,Gray,M,F,2020-08-10
16705,AW00016705,Luke,Carlson,M,F,2024-02-19
16042,AW00016042,Elizabeth,Watson,M,M,2022-06-22
12421,AW00012421,Elizabeth,Alvarez,M,F,2024-11-21
22588,AW00022588,Rob,Lu,S,F,2019-02-10
21655,AW00021655,Eugene,Perez,M,M,2021-08-30
,,Shannon,Jenkins,,,2024-01-01
15576,AW00015576,Rob,Watson,S,M,2022-06-03
20844,AW00020844,Shannon, Lu,M,M,2023-11-23
25424,AW00025424,Seth,Zhu,M,M,2023-10-01
28694,AW00028694,Curtis,Johnson,M,M,2020-02-11
20230,AW00020230,Ruben,Ward,S,M,2024-09-13
24786,AW00024786,Chloe,Carlson,M,M,2020-02-02
28884,AW00028884,Luke,Walker,M,F,2025-03-08
26716,AW00026716,Curtis,Mehta,M,F,2021-05-25
21514,AW00021514,Rob,Carlson,M,M,2022-02-23
21018,AW00021018,Eugene,Wood,S,M,2020-12-24
23101,AW00023101,Janet,Ruiz,S,F,2019-04-19
13405,AW00013405,Rob ,Perez,S,M,2019-05-26
16403,AW00016403,Jacquelyn,Hill,M,M,2025-06-24
16729,AW00016729,Christy, Watson,M,M,2023-05-07
27389,AW00027389,Jacquelyn,Watson,S,M,2023-03-04
11940,AW00011940,Marco,Jenkins,S,M,2024-09-23
11132,AW00011132,Destiny, Suarez,S,F,2024-06-30
19635,AW00019635,Ian,Diaz,S,F,2020-03-16
22648,AW00022648,Christy,Wood,S,F,2024-02-03
13392,AW00013392,Curtis,Lu,S,M,2023-12-03
26086,AW00026086,Sydney,Carlson,S,F,2024-11-30
13962,AW00013962,Destiny,Jenkins,M,F,2023-03-25
20305,AW00020305,Ethan,Watson,S,F,2020-08-11
25957,AW00025957,Rob,Hill,S,M,2024-07-22
19858,AW00019858,Elizabeth,Mehta,M,F,2023-12-26
28650,AW00028650,Sydney,Lu ,S,M,2019-05-06
27927,AW00027927,Elizabeth,Torres,S,F,2022-06-13
23230,AW00023230,Wyatt,Mehta,S,M,2023-03-20
19930,AW00019930,Jacquelyn,Watson,S,F,2019-06-07
21045,AW00021045,Elizabeth,Wood,M,M,2024-07-26
12506,AW00012506,Shannon,Sanchez,M,M,2020-01-12
24912,AW00024912,Julio ,Watson,M,F,2020-07-17
17402,AW00017402,Russell, Jenkins,M,F,2022-01-01
12909,AW00012909,Ethan,Johnson,M,M,2025-06-26
21620,AW00021620,Elizabeth, Diaz,S,M,2021-02-13
23122,AW00023122,Jordan,Perez,M,M,2025-05-31
18486,AW00018486, Wyatt,Mehta,S,F,2022-09-12
26625,AW00026625,Julio,Torres,S,M,2022-10-16
26672,AW00026672,Sydney,Lu,M,M,2024-12-07
22582,AW00022582,Elizabeth,Ruiz,S,F,2022-06-13
17670,AW00017670,Ethan,Alvarez,M,M,2019-03-17
11749,AW00011749,Seth,Ward,S,M,2020-07-04
27655,AW00027655,Destiny,Walker,M,F,2023-11-19
20635,AW00020635,Shannon,Jenkins,M,M,2025-05-14
21013,AW00021013,Lauren,Lu,M,F,2024-01-28
23748,AW00023748,Jordan,Zhu,M,F,2019-10-07
14310,AW00014310, Destiny,Carlson,M,M,2020-08-05
18999,AW00018999,Elizabeth,Verhoff,M,M,2022-05-23
15057,AW00015057,Clarence,Jenkins,S,F,2024-01-09
18647,AW00018647,Jacquelyn,Walker,S,F,2024-10-08
25460,AW00025460, Shannon,Hill,S,M,2025-06-26
23762,AW00023762,Jordan,Walker,M,F,2024-10-31
28765,AW00028765,Curtis,Young,M,M,2019-10-12
21361,AW00021361, Marco,Watson,S,F,2023-04-09
16813,AW00016813,Christy,Ward,S,F,2019-03-06
23228,AW00023228,Eugene,Ross,S,F,2024-10-11
27721,AW00027721,Luke,Young,S,,2024-03-14
16381,AW00016381,Shannon,Ruiz,M,F,2022-05-05
15513,AW00015513,Lauren,Johnson,,F,2023-10-28
12624,AW00012624,Chloe,Yang,M,M,2021-04-04
20824,AW00020824,Christy,Johnson,S,F,2022-03-12
19039,AW00019039,Julio,Gray,M,F,2022-12-19
11081,AW00011081,Jacquelyn,Verhoff,S,F,2022-12-09
17043,AW00017043,Jon,Perez,S,M,2024-08-28
13388,AW00013388,Luke,Yang,S,M,2019-05-17
14254,AW00014254,Eugene,Jenkins,M,M,2024-05-05
20731,AW00020731,Elizabeth,Alvarez,M,M,2025-02-18
11420,AW00011420,Clarence,Suarez,M,F,2024-06-06
15085,AW00015085,Rob,Lu,S,M,2021-05-28
27368,AW00027368,Wyatt,Gray,M,M,2020-03-26
11741,AW00011741,Sydney,Yang,M,M,2023-08-25
19614,AW00019614,Russell,Lu,M,M,2024-06-06
16377,AW00016377,Marco,Ross,S,F,2021-01-13
21099,AW00021099,Ruben,Perez,M,F,2022-01-01
13889,AW00013889,Ethan,Verhoff,S,F,2025-04-15
22931,AW00022931,Clarence,Mehta ,M,F,2023-12-23
24290,AW00024290,Wyatt,Diaz,S,F,2023-08-06
13802,AW00013802,Ethan ,Jenkins,M,F,2024-01-23
13925,AW00013925,Marco,Bennett,M,M,2024-02-29
28497,AW00028497,Elizabeth,Zhu,S,F,2024-07-11
25641,AW00025641,Christy,Young,S,M,2020-06-16
16618,AW00016618,Chloe,Lu,S,M,2021-06-06
21587,AW00021587,Shannon,Sanchez,S,F,2023-01-19
16680,AW00016680,Ruben,Diaz,S,M,2022-03-07
23449,AW00023449,Ian,Zhu,S,F,2021-11-30
26125,AW00026125,Seth,Torres,S,M,2020-11-11
15590,AW00015590,Curtis,Watson,S,M,2019-09-01
13597,AW00013597,Rob,Ross,S,M,2024-04-12
27416,AW00027416,Jon,Yang,S,F,2022-08-12
27200,AW00027200,Ian,Perez,M,F,2023-02-28
28075,AW00028075,Shannon,Ward,S,F,2022-12-07
21204,AW00021204,Destiny,Huang,M,F,2020-02-01
12167,AW00012167,Rob,Suarez,S,M,2020-01-09
21233,AW00021233,Clarence,Young,M,M,2019-03-17
23423,AW00023423,Christy,Lu,S,M,2024-01-17
15445,AW00015445,Wyatt,Ross,M,M,2023-06-21
20449,AW00020449,Rob,Yang,S,F,2021-10-01
20799,AW00020799,Jon,Mehta,M,F,2021-07-20
19434,AW00019434,Julio,Gray,S,F,2019-02-04
21043,AW00021043,Ethan,Alvarez,M,M,2022-10-23
22544,AW00022544,Wyatt,Alvarez,S,F,2023-10-26
13301,AW00013301,Ethan,Huang,S,M,2021-06-18
18473,AW00018473,Wyatt,Bennett,S,F,2021-11-19
17077,AW00017077,Seth,Perez,S,M,2021-10-21
18065,AW00018065,Eugene,Perez,M,M,2022-10-04
18670,AW00018670,Elizabeth,Perez,S,M,2020-01-25
20233,AW00020233,Luke,Bennett,M,M,2021-12-26
20082,AW00020082,Jon,Mehta,M,F,2023-04-09
15650,AW00015650,Luke,Zhu,S,M,2024-10-15
14252,AW00014252,Janet,Verhoff,M,F,2025-03-05
22762,AW00022762,Jacquelyn,Ross,S,F,2022-08-11
26817,AW00026817,Christy,Walker,S,M,2024-06-23
16118,AW00016118,Jordan,Ward,M,M,2020-05-20
15552,AW00015552,Destiny,Suarez,M,F,2021-09-07
24314,AW00024314,Chloe,Torres,S,F,2022-05-27
22918,AW00022918,Julio,Diaz,S,F,2024-11-05
23729,AW00023729,Jon,Wood,M,F,2025-04-28
28606,AW00028606,Luke,Verhoff,S,M,2023-12-23
13266,AW00013266,Luke,Yang,M,M,2025-06-16
25724,AW00025724,Eugene,Verhoff,,M,2022-05-26
23452,AW00023452,Eugene,Ruiz,M,M,2019-06-26
25736,AW00025736,Sydney,Young,S,F,2019-04-06
15800,AW00015800,Seth,Suarez,M,F,2020-10-12
11850,AW00011850,Christy,Walker,M,F,2023-09-11
11417,AW00011417,Seth,Alvarez,M,F,2019-09-13
17728,AW00017728,Seth,Suarez,M,M,2024-08-08
27690,AW00027690,Russell,Watson,S,M,2020-06-29
22385,AW00022385, Elizabeth,Huang,M,F,2019-05-28
20868,AW00020868,Julio,Yang,M,M,2021-11-11
16842,AW00016842,Jon,Mehta,S,F,2021-10-02
20063,AW00020063,Luke,Huang,M,F,2019-12-17
28337,AW00028337,Eugene,Bennett,M,F,2023-08-01
18656,AW00018656,Russell,Carlson,S,M,2019-12-17
26185,AW00026185,Ian,Torres,S,M,2019-05-26
21090,AW00021090,Elizabeth,Jenkins,S,F,2023-08-28
16211,AW00016211,Curtis,Torres,M,F,2022-12-16
26806,AW00026806,Russell,Bennett,S,M,2023-12-15
15928,AW00015928,Julio,Alvarez,M,F,2019-09-16
24665,AW00024665,Ethan,Johnson,S,M,2025-04-05
23040,AW00023040, Curtis,Young,M,F,2022-11-12
24003,AW00024003,Seth,Ward,M,F,2021-12-17
22605,AW00022605,Elizabeth,Torres,M,F,2020-06-26
11300,AW00011300,Destiny,Alvarez,M,F,2024-08-15
12245,AW00012245,Jacquelyn,Young,S,M,2021-06-10
14434,AW00014434,Marco,Torres,M,M,2021-01-28
19826,AW00019826,Rob,Ward ,M,F,2019-05-19
19101,AW00019101,Seth,Zhu,S,F,2023-03-21
25832,AW00025832,Ian,Hill,M,F,2020-07-30
13723,AW00013723,Shannon,Walker,S,F,2023-06-25
15575,AW00015575,Destiny,Jenkins ,S,M,2023-04-21
13923,AW00013923,Luke,Johnson,S,F,2025-01-01
11901,AW00011901,Marco,Diaz,,M,2020-04-14
27978,AW00027978,Luke,Gray,M,F,2021-02-26
22091,AW00022091,Jon, Gray,M,M,2019-03-10
11436,AW00011436,Julio,Perez,M,M,2019-02-07
26862,AW00026862,Marco,Ross,S,M,2023-06-16
19819,AW00019819,Curtis,Johnson,M,F,2019-04-16
12694,AW00012694,Destiny,Bennett,M,F,2020-09-02
21906,AW00021906,Ian,Johnson,M,M,2020-05-05
28138,AW00028138,Janet,Wood,S,M,2021-09-14
22741,AW00022741,Destiny,Watson,M,F,2021-05-11
16624,AW00016624,Destiny, Alvarez,M,F,2024-02-20
20236,AW00020236,Clarence,Verhoff,M,M,2025-07-03
11818,AW00011818,Curtis,Bennett,M,M,2023-03-07
18015,AW00018015,Luke,Ruiz,S,F,2020-04-26
19021,AW00019021,Julio,Huang,M,F,2019-12-30
20404,AW00020404,Destiny,Gray,M,M,2024-12-25
24493,AW00024493,Ian,Wood,M,F,2021-07-16
15150,AW00015150,Lauren,Ruiz,S,M,2021-04-11
18713,AW00018713,Lauren,Watson,,M,2022-10-04
23697,AW00023697,Jacquelyn,Hill,M,M,2021-07-07
26003,AW00026003,Jordan,Suarez,M,F,2019-02-10
14224,AW00014224,Ethan,Young,M,F,2021-05-27
24778,AW00024778,Curtis,Watson,S,F,2020-12-17
12845,AW00012845,Seth,Perez,S,F,2023-08-12
21763,AW00021763,Christy,Lu,M,F,2020-06-09
19301,AW00019301,Rob,Watson,M,M,2021-09-02
23717,AW00023717,Chloe,Ward,S,M,2021-01-21
22686,AW00022686,Ruben,Ward,M,M,2023-04-09
27453,AW00027453,Ruben,Alvarez,S,M,2021-12-20
24365,AW00024365,Elizabeth,Diaz,S,M,2019-02-05
21081,AW00021081,Rob,Walker,S,F,2022-03-23
19033,AW00019033,Ethan,Jenkins,S,M,2022-11-02
18122,AW00018122,Chloe,Jenkins,S,M,2021-03-21
13815,AW00013815,Jon, Johnson,M,M,2023-03-17
14660,AW00014660,Ian,Ruiz,M,F,2023-11-29
24424,AW00024424,Marco,Ross,S,M,2022-10-20
14871,AW00014871,Jon,Verhoff,S,F,2024-04-26
12123,AW00012123,Seth,Gray,S,F,2025-07-15
22661,AW00022661,Julio,Walker,M,F,2024-09-21
24044,AW00024044,Russell,Huang,S,F,2023-09-28
23992,AW00023992,Ethan,Diaz,M,F,2022-09-16
13360,AW00013360,Christy,Carlson,M,F,2021-01-23
20282,AW00020282,Jon,Hill ,S,M,2021-06-02
25417,AW00025417,Marco,Yang,S,F,2021-03-02
24238,AW00024238, Ruben,Hill,S,F,2024-05-10
16889,AW00016889,Ian,Mehta,S,F,2021-03-30
21358,AW00021358,Wyatt,Diaz,S,M,2021-12-20
25195,AW00025195,Julio,Suarez,S,F,2020-11-11
21765,AW00021765,Christy,Suarez,M,F,2019-02-12
16998,AW00016998,Marco,Lu,M,F,2019-12-30
13856,AW00013856, Wyatt,Verhoff,S,F,2023-10-14
15029,AW00015029,Chloe,Yang,S,M,2019-09-17
23814,AW00023814,Julio,Perez,M,F,2023-08-04
11008,AW00011008,Eugene,Perez,M,M,2023-03-31
19828,AW00019828,Jon,Zhu,M,M,2024-11-25
17907,AW00017907, Elizabeth,Sanchez,S,F,2020-04-14
20622,AW00020622,Marco,Mehta,S,F,2023-10-12
16378,AW00016378,Wyatt,Walker,S,M,2020-10-10
18178,AW00018178,Clarence,Torres,S,M,2021-07-31
28556,AW00028556,Destiny,Ruiz,S,F,2020-05-22
20959,AW00020959,Lauren,Wood,S,F,2021-01-09
11110,AW00011110,Ian,Jenkins,M,F,2023-08-31
21773,AW00021773,Rob,Ross,M,F,2019-07-21
24642,AW00024642,Ian,Carlson,M,F,2021-06-11
14756,AW00014756,Luke,Ross,S,M,2022-08-27
19395,AW00019395,Ian,Mehta,M,M,2019-03-13
28156,AW00028156,Ruben,Hill,M,M,2019-03-18
26584,AW00026584,Lauren,Carlson,S,M,2024-03-09
15844,AW00015844,Luke,Hill,M,M,2021-03-04
16183,AW00016183,Ian,Watson,M,F,2021-06-05
11632,AW00011632,Ruben,Ross,S,F,2019-12-09
17764,AW00017764,Shannon,Johnson,M,M,2020-07-12
11822,AW00011822,Julio,Zhu,M,F,2025-05-19
20256,AW00020256,Shannon,Verhoff,M,M,2025-01-13
12623,AW00012623,Christy,Ruiz,S,F,2024-06-09
12293,AW00012293,Jon,Jenkins,S,M,2024-01-01
22647,AW00022647,Ethan,Wood ,M,F,2025-01-22
28661,AW00028661,Julio,Ward,S,F,2020-11-30
20540,AW00020540,Shannon,Ross,M,M,2021-07-22
18290,AW00018290,Christy,Johnson,M,M,2020-04-29
15358,AW00015358,Sydney,Ruiz,S,M,2023-01-17
25690,AW00025690,Chloe,Wood,M,M,2023-04-04
24537,AW00024537,Marco,Walker,M,M,2020-01-29
16579,AW00016579,Julio,Jenkins,M,M,2023-02-19
27738,AW00027738,Curtis,Alvarez,M,F,2019-09-16
22575,AW00022575,Julio,Gray,M,F,2019-03-09
13959,AW00013959,Ethan,Gray,S,M,2022-08-05
18470,AW00018470,Ian,Mehta,M,F,2024-10-23
15792,AW00015792,Ethan,Gray,S,F,2024-10-18
21726,AW00021726,Ruben,Lu,M,M,2023-03-09
25632,AW00025632,Elizabeth,Zhu,M,F,2023-11-26
25912,AW00025912,Jon,Ward,S,M,2019-05-12
13866,AW00013866,Clarence,Diaz,M,M,2022-02-14
19154,AW00019154,Ian,Torres,M,M,2022-01-02
13573,AW00013573,Janet,Verhoff,M,F,2025-07-21
21303,AW00021303,Wyatt,Mehta,M,M,2020-03-23
13922,AW00013922,Seth,Johnson,M,M,2025-01-13
12844,AW00012844,Marco,Ruiz,M,F,2019-10-01
27824,AW00027824,Wyatt,Carlson ,M,F,2024-02-21
28668,AW00028668,Shannon,Torres,S,F,2020-12-05
27151,AW00027151,Marco,Yang,M,M,2022-12-13
20491,AW00020491,Jon,Watson,S,F,2023-12-17
27398,AW00027398,Luke,Carlson,S,M,2021-10-24
17581,AW00017581,Christy,Young,M,M,2023-08-18
26026,AW00026026,Destiny,Jenkins,S,M,2022-10-10
28374,AW00028374,Seth,Diaz,S,F,2022-07-15
24726,AW00024726,Curtis,Yang,S,,2021-04-07
28104,AW00028104,Ruben,Mehta,M,M,2019-04-17
19822,AW00019822,Curtis,Johnson,M,F,2020-03-01
26696,AW00026696,Marco,Walker,S,F,2022-03-19
15883,AW00015883,Janet,Watson,M,F,2019-11-25
23568,AW00023568,Rob,Watson,S,F,2021-08-14
22289,AW00022289,Destiny,Hill,S,F,2024-03-26
22157,AW00022157, Rob,Mehta,S,F,2025-04-04
20203,AW00020203,Jacquelyn,Diaz,S,M,2019-04-09
16221,AW00016221,Jordan,Perez,S,M,2022-02-12
25495,AW00025495,Christy,Suarez,S,M,2022-01-12
14130,AW00014130,Elizabeth,Johnson,M,F,2023-05-07
11338,AW00011338,Curtis,Torres,S,F,2024-04-09
24211,AW00024211,Seth,Walker,S,F,2025-02-28
11653,AW00011653,Clarence,Bennett,S,F,2021-04-01
26183,AW00026183,Seth,Zhu,S,F,2020-10-26
12412,AW00012412,Wyatt,Mehta ,M,M,2019-04-03
16744,AW00016744,Chloe,Ross,S,M,2020-07-11
12004,AW00012004,Julio,Jenkins,M,M,2024-10-18
18983,AW00018983,Ethan,Diaz,M,M,2019-02-06
17375,AW00017375,Destiny,Yang,M,M,2022-04-15
13287,AW00013287,Jacquelyn,Alvarez,,F,2024-02-03
27025,AW00027025,Christy,Huang,S,F,2024-07-04
21673,AW00021673,Ian,Huang,S,F,2021-03-15
26018,AW00026018,Janet,Suarez,M,M,2021-05-27
13131,AW00013131,Elizabeth,Wood,M,M,2021-05-13
15089,AW00015089,Marco,Lu,M,M,2019-07-07
28983,AW00028983,Christy,Mehta ,S,F,2023-06-17
24531,AW00024531,Sydney,Ruiz,S,F,2019-04-23
14603,AW00014603,Jordan,Ross,M,F,2022-04-29
20416,AW00020416,Lauren,Ruiz,S,F,2019-01-11
27115,AW00027115,Jon,Perez,M,F,2023-04-09
15631,AW00015631, Lauren,Watson,M,F,2021-11-11
27627,AW00027627,Julio,Wood,M,M,2019-01-27
24851,AW00024851,Curtis,Bennett,S,F,2025-05-29
22313,AW00022313,Sydney,Watson,,F,2022-08-05
23850,AW00023850,Elizabeth,Torres,S,M,2019-01-26
15368,AW00015368,Destiny,Ward,M,M,2022-02-12
24546,AW00024546,Shannon,Yang,M,F,2021-04-30
12825,AW00012825,Lauren,Torres,M,M,2024-04-28
26906,AW00026906,Christy,Perez,S,M,2024-05-29
12305,AW00012305,Clarence,Watson,M,M,2020-03-11
28904,AW00028904,Russell,Lu,,F,2024-10-10
22760,AW00022760,Russell,Perez,S,M,2022-04-23
15825,AW00015825,Russell,Diaz,S,M,2024-03-07
11388,AW00011388,Chloe,Bennett ,S,F,2020-08-11
14442,AW00014442,Marco,Diaz,S,F,2021-11-10
16016,AW00016016,Lauren,Ruiz,S,F,2025-04-27
18702,AW00018702, Jordan, Diaz,M,M,2022-11-20
15335,AW00015335, Marco,Yang,S,F,2020-06-23
25974,AW00025974,Christy,Ross,S,F,2020-05-23
19608,AW00019608,Julio,Sanchez,M,M,2020-12-23
25242,AW00025242,Rob,Wood,M,F,2022-02-09
26607,AW00026607,Curtis,Alvarez,M,M,2023-01-29
11784,AW00011784,Eugene,Johnson,S,M,2022-11-04
20541,AW00020541,Seth,Johnson,M,F,2024-02-14
28324,AW00028324,Ian,Verhoff,S,F,2019-09-19
15290,AW00015290,Jon,Hill,S,M,2021-07-08
23298,AW00023298,Elizabeth,Suarez,S,M,2025-03-12
14054,AW00014054,Ethan,Suarez,S,M,2020-06-10
23637,AW00023637,Lauren,Huang,S,M,2021-11-07
15871,AW00015871,Elizabeth,Johnson,S,M,2021-11-07
25721,AW00025721,Janet ,Sanchez,S,F,2021-10-05
27936,AW00027936,Ian,Johnson,M,F,2023-09-25
22037,AW00022037,Rob,Perez,S,M,2019-04-17
22629,AW00022629,Luke,Huang,S,F,2020-09-16
21142,AW00021142,Shannon,Ruiz,M,M,2022-07-24
11368,AW00011368,Ethan,Lu,S,F,2022-05-13
16895,AW00016895,Julio ,Gray,S,M,2021-04-28
12541,AW00012541,Ruben,Watson ,M,F,2023-08-19
22789,AW00022789,Curtis,Watson,S,F,2021-11-02
17752,AW00017752,Julio ,Gray,S,M,2020-11-16
25524,AW00025524, Clarence,Lu,M,M,2021-03-05
22954,AW00022954,Shannon,Young,M,M,2019-12-06
25991,AW00025991,Christy,Alvarez,M,F,2024-09-26
23820,AW00023820, Luke,Zhu,M,M,2023-02-18
15241,AW00015241,Marco ,Sanchez,M,F,2023-05-01
27600,AW00027600,Eugene,Lu,S,M,2019-05-30
12826,AW00012826,Christy,Suarez,M,F,2020-01-17
20859,AW00020859,Russell,Ross,S,M,2024-04-12
21456,AW00021456,Ethan,Gray,S,F,2022-06-06
21759,AW00021759,Janet,Zhu,M,M,2023-11-02
27232,AW00027232,Jacquelyn,Diaz,M,M,2019-04-09
13312,AW00013312,Ruben,Ruiz,S,F,2024-04-24
23377,AW00023377,Jordan,Johnson,S,F,2021-01-05
25594,AW00025594,Clarence,Sanchez,S,M,2018-12-18
18168,AW00018168,Curtis,Ruiz,S,M,2025-04-23
17762,AW00017762,Chloe,Bennett,M,M,2023-11-13
20544,AW00020544,Destiny,Ross,M,F,2024-05-23
20376,AW00020376,Jon,Ross,S,M,2023-01-24
12081,AW00012081,Curtis,Wood,M,F,2019-08-27
18197,AW00018197,Rob,Johnson,M,M,2022-06-03
22502,AW00022502,Chloe,Young,M,M,2020-12-28
12439,AW00012439,Ethan,Carlson,M,F,2020-01-28
25156,AW00025156,Jon,Watson,M,,2020-01-31
28988,AW00028988,Janet,Diaz,S,M,2019-08-12
28501,AW00028501,Marco,Ruiz,S,M,2024-01-24
16602,AW00016602,Seth,Gray,M,F,2019-09-20
21321,AW00021321,Ethan,Ross,S,F,2020-01-26
18745,AW00018745,Ethan,Torres,M,F,2019-11-11
21983,AW00021983,Jon,Young,S,M,2022-02-22
21350,AW00021350,Ethan,Torres,M,M,2019-07-22
24079,AW00024079,Shannon,Perez,S,F,2024-08-05
25469,AW00025469,Ruben,Torres,S,M,2019-02-25
26834,AW00026834,Seth,Ward,M,M,2021-09-14
20254,AW00020254,Sydney,Bennett,S,M,2023-02-04
28741,AW00028741,Christy,Huang,S,M,2023-11-21
15202,AW00015202,Rob,Huang,S,F,2020-09-16
17601,AW00017601,Seth,Ruiz,M,F,2019-08-02
17817,AW00017817,Ethan,Jenkins,M,M,2022-11-18
20939,AW00020939,Rob,Torres,S,F,2025-02-26
22439,AW00022439,Clarence,Torres,S,F,2020-05-12
18026,AW00018026,Elizabeth,Jenkins,M,F,2022-01-26
25937,AW00025937,Christy,Yang,M,M,2025-04-21
16426,AW00016426, Lauren,Zhu,S,F,2025-05-28
22159,AW00022159,Marco,Watson,M,F,2022-10-25
22358,AW00022358,Christy,Zhu,M,F,2024-11-27
23453,AW00023453,Rob,Perez,M,F,2022-06-19
28568,AW00028568,Janet,Hill,S,F,2021-12-28
16184,AW00016184,Elizabeth,Johnson,S,F,2023-04-10
18216,AW00018216,Wyatt ,Suarez ,M,F,2019-09-14
20769,AW00020769,Janet,Lu,S,M,2023-07-06
18202,AW00018202,Eugene,Zhu,M,F,2024-07-22
20811,AW00020811,Ethan,Carlson,M,M,2020-09-09
12726,AW00012726,Destiny,Verhoff,M,F,2021-10-04
22405,AW00022405,Jacquelyn,Bennett,M,F,2024-09-02
19161,AW00019161,Sydney,Ward,S,F,2021-02-15
16727,AW00016727,Jon,Wood,S,F,2024-12-19
11658,AW00011658,Jon,Watson,M,F,2020-03-01
14646,AW00014646,Ethan, Zhu,S,M,2019-01-02
20487,AW00020487,Chloe,Wood,S,F,2021-07-14
28439,AW00028439,Ruben,Bennett,S,F,2025-05-02
17382,AW00017382,Ian,Diaz,S,M,2019-12-13
25072,AW00025072,Jacquelyn,Ross ,,M,2021-12-01
23898,AW00023898,Marco,Torres,M,F,2022-12-09
22017,AW00022017,Jon,Ward,S,M,2024-08-19
18802,AW00018802,Jon,Walker,S,F,2020-02-24
11277,AW00011277,Jordan,Huang,S,M,2022-05-19
17281,AW00017281,Rob,Mehta,M,F,2024-02-07
19077,AW00019077,Ian,Jenkins,M,M,2019-07-08
24699,AW00024699,Curtis,Verhoff,M,F,2023-03-28
25398,AW00025398,Rob,Verhoff,S,F,2025-01-09
17566,AW00017566,Seth,Diaz,M,M,2020-02-21
17952,AW00017952,Lauren,Yang,S,F,2024-08-25
11664,AW00011664,Marco,Carlson,M,F,2023-05-29
19130,AW00019130,Jacquelyn,Yang,M,F,2020-11-01
11414,AW00011414,Chloe,Ruiz,M,M,2021-09-19
11342,AW00011342,Eugene,Lu,M,M,2024-03-18
27791,AW00027791,Russell,Zhu,M,M,2024-03-31
24018,AW00024018,Curtis,Bennett,M,M,2019-12-24
15136,AW00015136,Russell,Ross,S,M,2018-06-25
19842,AW00019842,Janet,Wood,M,M,2022-03-26
23212,AW00023212,Ruben,Young,M,M,2020-05-03
,,Shannon,Johnson,,,2024-01-01
22616,AW00022616,Destiny,Huang,M,F,2024-09-21
27179,AW00027179,Marco,Suarez,M,M,2024-05-19
26669,AW00026669,Elizabeth,Ross,M,M,2021-09-26
15049,AW00015049,Jordan,Verhoff,M,F,2020-04-18
18779,AW00018779,Chloe,Huang,M,F,2024-04-09
28315,AW00028315,Janet,Ross,S,F,2023-09-14
11327,AW00011327,Eugene ,Walker,M,M,2023-05-01
23353,AW00023353,Luke,Sanchez,S,F,2021-10-23
21132,AW00021132,Ruben,Zhu,S,F,2020-03-14
18971,AW00018971,Ruben,Bennett,S,F,2019-12-31
26780,AW00026780,Curtis,Alvarez,M,M,2024-01-13
22656,AW00022656,Ethan,Suarez,S,F,2021-06-19
21702,AW00021702,Jacquelyn,Mehta,M,M,2022-08-16
11508,AW00011508,Christy,Hill,S,M,2021-02-25
12794,AW00012794,Shannon,Johnson,M,M,2019-08-07
22702,AW00022702,Rob,Mehta,S,F,2025-01-24
16087,AW00016087,Sydney,Ward,S,M,2019-03-16
22086,AW00022086,Ethan,Yang,M,F,2023-05-15
28245,AW00028245, Russell,Ward,S,M,2024-07-20
22625,AW00022625,Wyatt,Lu,M,F,2023-10-20
18865,AW00018865,Ruben,Lu,M,F,2021-10-15
27816,AW00027816,Destiny,Perez,M,M,2022-09-19
14386,AW00014386,Ethan,Sanchez,M,F,2021-12-22
21542,AW00021542,Elizabeth,Watson,S,F,2021-10-23
19727,AW00019727,Clarence,Ruiz,M,M,2019-12-14
21176,AW00021176, Lauren,Diaz,M,F,2020-04-15
26989,AW00026989,Ruben,Lu,M,F,2019-10-19
27050,AW00027050,Janet ,Bennett,M,F,2019-04-14
12806,AW00012806,Sydney,Jenkins,M,F,2024-07-30
22617,AW00022617,Sydney,Carlson,M,M,2022-10-09
18616,AW00018616, Wyatt,Gray,S,M,2022-09-15
27718,AW00027718,Julio,Yang,M,F,2019-03-06
11930,AW00011930, Elizabeth,Bennett,S,M,2019-11-12
17354,AW00017354,Jon,Diaz,S,F,2019-10-29
14587,AW00014587,Janet,Huang,S,F,2023-05-19
22153,AW00022153,Rob,Carlson,M,F,2024-06-09
26894,AW00026894,Ruben,Bennett,M,F,2023-02-16
24150,AW00024150,Luke,Hill,S,F,2019-03-16
18746,AW00018746,Seth,Hill,,F,2024-07-04
20940,AW00020940,Jon,Hill,M,F,2022-07-30
25941,AW00025941,Christy,Jenkins,S,M,2019-03-27
27054,AW00027054,Jacquelyn,Mehta,S,M,2021-05-20
17731,AW00017731,Luke,Perez,S,F,2023-08-11
13574,AW00013574,Russell,Carlson,M,F,2021-11-09
20179,AW00020179,Christy,Sanchez,M,F,2021-06-21
21455,AW00021455,Christy,Ruiz,M,M,2020-07-09
15443,AW00015443,Ruben,Hill,S,F,2020-04-05
12032,AW00012032,Jon,Yang,S,F,2022-03-20
13593,AW00013593,Curtis,Hill,S,M,2022-06-25
13219,AW00013219, Luke,Jenkins,S,F,2021-02-28
21103,AW00021103,Lauren, Perez,M,F,2024-04-26
14428,AW00014428,Luke,Gray,M,F,2020-02-16
26177,AW00026177,Marco,Ward,S,M,2022-04-10
25982,AW00025982,Ethan,Gray,M,M,2020-08-26
21764,AW00021764,Marco,Sanchez,S,M,2024-07-19
13795,AW00013795,Janet,Ward,M,F,2019-04-05
12232,AW00012232,Marco,Johnson,M,F,2023-05-25
26841,AW00026841,Ethan,Mehta,S,F,2025-04-14
28567,AW00028567,Christy,Verhoff,M,F,2025-05-06
25743,AW00025743,Jordan,Bennett,S,M,2024-03-27
24991,AW00024991,Ethan,Suarez,M,M,2022-10-16
16937,AW00016937,Jacquelyn,Torres,S,M,2023-04-29
22639,AW00022639,Jon,Alvarez,M,F,2021-06-07
28196,AW00028196,Ruben,Ruiz,M,M,2019-12-30
18752,AW00018752,Curtis,Zhu,M,F,2022-10-31
12679,AW00012679,Lauren,Sanchez,M,F,2025-07-21
23417,AW00023417,Destiny,Ross,M,M,2020-12-21
23835,AW00023835,Russell,Perez,S,F,2023-11-02
12963,AW00012963, Chloe,Perez,M,F,2020-10-14
20065,AW00020065,Seth,Young,M,F,2020-10-30
16469,AW00016469,Sydney,Ross,M,F,2019-09-17
28425,AW00028425,Jon,Ruiz,M,M,2021-06-01
21110,AW00021110, Sydney,Huang,M,F,2022-01-16
11531,AW00011531,Ruben,Ruiz,M,F,2025-03-31
21508,AW00021508,Clarence,Torres,S,M,2019-01-13
27971,AW00027971,Janet,Torres,M,F,2023-11-27
18345,AW00018345,Jon,Lu,S,M,2021-03-24
26157,AW00026157,Julio,Hill,S,M,2022-04-26
27770,AW00027770,Seth ,Gray,S,M,2020-06-14
19371,AW00019371,Eugene,Bennett,S,M,2023-06-19
17273,AW00017273,Seth,Yang,S,M,2022-11-15
15789,AW00015789,Russell,Wood,M,F,2023-09-07
17606,AW00017606,Elizabeth,Alvarez,M,F,2019-10-24
21578,AW00021578,Elizabeth,Bennett,S,F,2024-05-10
20833,AW00020833,Elizabeth,Yang,S,M,2025-01-27
20355,AW00020355,Clarence,Huang,M,M,2019-09-23
27827,AW00027827,Sydney,Bennett,M,F,2023-01-19
12942,AW00012942,Sydney,Zhu,M,M,2021-09-23
26077,AW00026077,Elizabeth,Ruiz,S,M,2019-09-26
13786,AW00013786,Eugene,Ross,M,F,2025-01-12
18010,AW00018010,Jacquelyn,Carlson,S,M,2024-05-03
23605,AW00023605,Janet,Watson,S,M,2019-10-05
26466,AW00026466,Ethan,Johnson,S,F,2021-09-18
28464,AW00028464,Chloe,Carlson,M,M,2022-12-23
19357,AW00019357,Jacquelyn,Alvarez,S,M,2020-01-20
21234,AW00021234,Seth,Ross,S,F,2019-12-20
27845,AW00027845,Jon,Gray,M,F,2019-03-08
21250,AW00021250,Jon,Zhu,M,M,2020-06-07
24049,AW00024049,Ruben,Diaz,S,M,2023-03-29
15880,AW00015880, Seth,Young,S,F,2020-12-05
24194,AW00024194,Janet,Ruiz,S,M,2020-09-26
15534,AW00015534,Elizabeth,Wood,M,F,2025-07-24
11876,AW00011876,Marco,Alvarez,M,F,2023-01-17
23044,AW00023044,Clarence ,Ward,S,F,2020-01-09
12572,AW00012572,Ian,Johnson,M,M,2022-07-07
26513,AW00026513,Luke,Yang,M,F,2022-05-12
23083,AW00023083,Ian,Johnson,M,M,2021-02-15
13557,AW00013557,Seth,Torres,M,M,2019-02-25
22271,AW00022271,Christy, Yang,M,M,2024-02-02
19898,AW00019898,Julio,Young,M,M,2024-01-17
23772,AW00023772,Rob,Wood,M,,2022-01-16
20448,AW00020448,Jordan,Perez,S,F,2019-03-08
18406,AW00018406,Wyatt,Lu,M,F,2024-01-06
22487,AW00022487,Ian,Wood,M,F,2019-10-14
24078,AW00024078,Russell,Bennett,S,F,2019-10-15
26449,AW00026449,Jon,Bennett,M,F,2025-02-23
22131,AW00022131,Eugene,Mehta,S,F,2024-04-21
13283,AW00013283,Rob,Watson,M,M,2022-12-16
16353,AW00016353,Eugene,Huang,S,F,2021-09-23
16907,AW00016907,Ruben,Ross,M,F,2023-09-21
22994,AW00022994,Seth,Ward,M,M,2023-04-25
15123,AW00015123,Curtis,Suarez,S,F,2025-05-19
26619,AW00026619,Janet,Watson,M,M,2024-03-31
21507,AW00021507,Clarence,Huang,S,M,2024-07-10
12720,AW00012720,Destiny,Ruiz,S,M,2024-05-29
17006,AW00017006,Luke,Lu,S,F,2024-02-26
11986,AW00011986,Rob,Alvarez,S,M,2021-10-19
19588,AW00019588,Ethan,Perez,M,M,2023-05-05
19748,AW00019748,Russell,Torres,S,F,2022-04-05
23476,AW00023476,Christy,Ross,M,F,2023-04-09
27746,AW00027746,Rob,Walker ,M,F,2020-11-29
14743,AW00014743,Jordan ,Torres,S,F,2019-02-03
24666,AW00024666,Julio,Wood,S,M,2019-04-23
13422,AW00013422,Seth,Wood,S,M,2022-11-20
24062,AW00024062,Shannon,Watson,S,M,2019-08-21
23790,AW00023790,Seth,Young,S,M,2019-12-09
27706,AW00027706,Rob,Yang,S,M,2023-11-25
17157,AW00017157,Clarence,Mehta,S,F,2024-02-03
24840,AW00024840,Eugene,Ward,M,F,2024-07-09
23234,AW00023234,Russell,Sanchez,S,F,2024-01-30
26405,AW00026405,Janet,Johnson,M,F,2019-12-25
28333,AW00028333,Destiny,Yang,S,M,2023-01-07
22227,AW00022227,Eugene,Gray,S,F,2024-09-26
11681,AW00011681,Jon,Walker,M,M,2022-12-20
17421,AW00017421,Curtis,Torres,S,F,2021-08-10
17830,AW00017830,Rob,Bennett,M,M,2021-08-23
28082,AW00028082,Marco,Verhoff,M,M,2022-08-13
15425,AW00015425,Destiny,Perez,M,M,2019-01-26
12618,AW00012618,Elizabeth,Johnson,M,M,2019-11-20
12246,AW00012246,Elizabeth,Sanchez,S,M,2020-09-03
18158,AW00018158,Russell,Ross,S,F,2025-05-16
19715,AW00019715,Ruben,Ward,S,F,2020-06-16
23465,AW00023465,Seth,Hill,S,F,2019-01-13
22284,AW00022284,Sydney,Johnson,S,M,2024-06-08
28095,AW00028095,Seth,Walker,S,M,2020-04-27
27878,AW00027878,Jon,Ruiz,M,M,2022-11-10
22444,AW00022444,Shannon,Gray,M,M,2020-04-15
12389,AW00012389,Seth,Johnson,M,M,2021-04-16
24404,AW00024404,Lauren,Diaz,M,F,2020-12-31
24812,AW00024812,Sydney,Yang,S,M,2024-04-07
24886,AW00024886,Elizabeth,Young,S,M,2020-03-17
11085,AW00011085,Ian,Diaz ,S,F,2025-06-19
12030,AW00012030,Clarence,Mehta,S,F,2022-06-15
13601,AW00013601, Ruben,Jenkins,S,M,2023-12-22
14305,AW00014305,Eugene,Alvarez,S,F,2022-05-07
15842,AW00015842,Curtis,Huang,S,M,2022-10-14
24917,AW00024917,Russell,Lu,M,M,2025-06-20
26291,AW00026291,Curtis,Verhoff,M,F,2022-09-10
25836,AW00025836,Luke,Suarez,M,F,2025-05-05
27491,AW00027491,Ethan,Johnson,M,F,2019-08-27
16641,AW00016641,Sydney,Watson,M,F,2025-04-10
14823,AW00014823,Sydney,Jenkins,S,M,2019-06-30
23554,AW00023554,Shannon,Yang,S,M,2022-01-02
23381,AW00023381,Sydney,Huang,M,M,2019-09-21
23570,AW00023570,Chloe, Verhoff,S,M,2019-07-04
14842,AW00014842,Elizabeth,Torres,M,M,2024-11-18
14555,AW00014555,Luke,Hill,S,M,2020-03-22
18054,AW00018054,Shannon,Ward,M,F,2023-06-06
24195,AW00024195,Elizabeth,Young,S,F,2021-12-07
20244,AW00020244,Ian,Bennett,M,F,2023-06-28
25337,AW00025337,Sydney,Wood,S,M,2023-05-10
11017,AW00011017,Ruben,Alvarez,M,,2024-08-06
27562,AW00027562,Luke ,Mehta,S,F,2024-12-20
13252,AW00013252,Curtis,Lu,S,F,2020-11-16
22183,AW00022183,Rob,Watson,S,M,2019-04-11
12376,AW00012376,Rob,Gray,S,M,2022-10-07
21338,AW00021338,Wyatt,Yang,,M,2023-07-22
14867,AW00014867,Jon,Torres,M,F,2022-05-30
16887,AW00016887,Curtis,Hill,S,M,2019-02-08
20342,AW00020342,Jacquelyn,Walker,S,F,2024-04-18
11402,AW00011402,Clarence,Carlson ,S,F,2024-08-27
20663,AW00020663,Ian,Ward,S,F,2024-11-10
15472,AW00015472,Jacquelyn,Jenkins,S,M,2021-01-10
18635,AW00018635,Shannon,Jenkins,S,M,2020-12-29
13313,AW00013313,Luke,Yang,M,M,2024-04-19
13578,AW00013578,Luke,Ross,M,F,2025-06-15
18357,AW00018357,Elizabeth,Young,S,F,2021-12-19
15368,AW00015368,Destiny,Ward,S,M,2022-07-20
20990,AW00020990,Luke,Torres,M,M,2025-01-17
20941,AW00020941,Christy,Yang,,M,2024-03-09
27257,AW00027257,Shannon,Yang,S,M,2022-08-04
23846,AW00023846,Christy,Verhoff,M,M,2019-10-16
11859,AW00011859,Elizabeth,Huang,S,M,2021-12-29
24927,AW00024927,Elizabeth,Suarez,M,M,2023-09-22
16072,AW00016072,Destiny,Gray,S,F,2024-12-27
24779,AW00024779,Curtis,Jenkins,M,F,2021-07-06
26461,AW00026461,Eugene,Perez,M,M,2023-01-05
20385,AW00020385,Clarence,Wood,S,M,2023-01-05
15462,AW00015462,Clarence,Ward,M,F,2024-01-13
26887,AW00026887,Chloe,Ward,S,F,2024-08-27
18624,AW00018624,Destiny,Verhoff,M,M,2019-09-05
13508,AW00013508,Destiny,Torres,S,M,2023-11-14
16382,AW00016382,Jordan,Bennett,M,M,2020-12-10
25926,AW00025926,Marco,Diaz,M,M,2020-02-05
20762,AW00020762,Luke, Ross,S,F,2019-01-21
27280,AW00027280,Lauren,Diaz,S,F,2020-04-07
19634,AW00019634,Lauren,Bennett,S,M,2021-04-16
23942,AW00023942,Shannon,Suarez,S,F,2025-03-14
20468,AW00020468,Ethan,Diaz,M,F,2019-02-04
16158,AW00016158,Jacquelyn,Verhoff,M,M,2023-05-13
25421,AW00025421,Rob,Walker,M,M,2022-10-25
18507,AW00018507,Jordan,Torres,M,M,2019-06-06
19216,AW00019216,Eugene,Bennett,M,F,2024-01-29
12456,AW00012456,Ruben,Johnson,M,F,2022-12-13
16981,AW00016981,Shannon,Huang,S,F,2019-08-17
27581,AW00027581,Ian,Ross,S,F,2021-07-18
16379,AW00016379,Marco,Perez,M,F,2023-08-14
15539,AW00015539,Marco,Sanchez,S,M,2021-10-15
17483,AW00017483,Jacquelyn, Johnson,M,F,2023-07-14
19255,AW00019255, Jacquelyn,Sanchez,S,M,2022-03-04
19965,AW00019965,Seth,Young,M,M,2022-06-27
13566,AW00013566,Jacquelyn,Perez,S,M,2024-11-17
13113,AW00013113,Chloe,Ruiz,S,M,2020-02-21
11188,AW00011188,Chloe,Mehta,M,M,2023-04-21
13577,AW00013577,Rob,Sanchez,S,M,2024-11-09
16752,AW00016752,Marco, Verhoff,M,M,2022-02-23
22105,AW00022105,Curtis,Walker,M,M,2023-11-17
21990,AW00021990,Shannon,Bennett,M,F,2020-12-23
26939,AW00026939,Jacquelyn,Bennett,S,M,2024-09-20
25234,AW00025234,Wyatt,Verhoff,S,M,2024-04-16
23279,AW00023279,Lauren,Suarez,S,M,2024-01-03
11426,AW00011426,Curtis,Bennett,M,F,2021-05-26
15868,AW00015868,Destiny,Zhu,M,M,2019-07-22
19723,AW00019723,Destiny,Young,M,F,2024-05-28
17792,AW00017792,Jacquelyn,Diaz,M,F,2021-11-08
26353,AW00026353,Russell,Alvarez,S,F,2022-09-19
21228,AW00021228,Russell,Mehta,S,F,2023-01-27
21082,AW00021082,Janet,Sanchez,S,F,2021-11-29
20604,AW00020604,Seth,Johnson,M,F,2019-11-01
11892,AW00011892,Wyatt,Zhu,M,F,2019-12-21
24282,AW00024282,Jordan,Torres,M,F,2021-11-09
22188,AW00022188,Rob, Young,S,M,2024-06-13
22436,AW00022436,Christy,Walker,S,M,2024-02-10
20816,AW00020816,Russell,Torres ,M,F,2021-02-02
20501,AW00020501,Seth,Mehta,M,M,2021-08-27
23809,AW00023809,Wyatt,Suarez,S,M,2019-02-02
15969,AW00015969,Jacquelyn,Carlson,S,M,2022-03-02
23667,AW00023667,Ruben,Zhu,M,F,2022-09-14
27338,AW00027338,Clarence,Carlson,M,F,2024-12-26
18258,AW00018258,Ethan, Lu,S,M,2021-09-22
15783,AW00015783,Luke,Ruiz,M,F,2023-06-04
20310,AW00020310,Lauren,Diaz,M,M,2021-12-21
22257,AW00022257,Janet,Jenkins ,M,F,2024-12-13
13240,AW00013240,Wyatt ,Perez,M,M,2021-02-28
27233,AW00027233, Christy,Ruiz,M,M,2024-05-25
26469,AW00026469,Destiny,Jenkins,M,M,2022-02-02
20366,AW00020366,Rob,Zhu,M,M,2022-08-13
25120,AW00025120,Clarence, Hill,M,F,2022-05-07
23556,AW00023556,Jordan,Perez,M,F,2024-07-15
16758,AW00016758,Jacquelyn,Mehta,S,M,2024-03-02
14607,AW00014607,Jon,Watson,M,M,2020-12-18
21238,AW00021238,Rob,Wood,S,M,2025-04-22
19975,AW00019975,Rob,Ross,S,M,2023-12-02
26111,AW00026111,Julio, Huang,M,M,2023-12-20
16989,AW00016989,Clarence,Sanchez,M,F,2019-12-11
19059,AW00019059,Shannon,Ward,S,M,2020-11-11
19181,AW00019181,Janet,Lu,M,M,2022-03-06
17225,AW00017225,Luke,Johnson,M,F,2023-06-04
15986,AW00015986,Jacquelyn,Watson,S,,2024-02-18
27334,AW00027334, Marco,Jenkins,M,M,2024-04-26
20465,AW00020465,Curtis,Ruiz,M,F,2022-08-14
26382,AW00026382,Marco,Hill,M,F,2022-12-03
26019,AW00026019,Ian, Huang,M,M,2019-01-24
23891,AW00023891,Ruben,Jenkins,M,M,2022-12-26
18809,AW00018809,Ethan,Watson,M,F,2020-08-03
15658,AW00015658,Lauren,Mehta,S,M,2019-04-05
11068,AW00011068,Destiny,Jenkins,M,M,2019-01-15
23477,AW00023477,Curtis,Diaz,S,M,2019-01-24
22745,AW00022745,Luke,Hill,S,F,2024-11-01
11948,AW00011948,Luke,Perez,S,F,2020-07-02
17822,AW00017822,Shannon,Walker,S,F,2020-12-15
22491,AW00022491,Rob,Perez,S,M,2022-11-11
17715,AW00017715,Jacquelyn,Lu,M,F,2019-06-21
21971,AW00021971,Luke ,Alvarez,M,M,2019-12-15
28087,AW00028087,Marco,Ward,S,M,2019-12-25
25895,AW00025895,Curtis,Suarez,M,F,2022-03-09
13696,AW00013696,Shannon,Watson,M,F,2024-03-29
24152,AW00024152,Destiny,Huang,S,M,2025-04-19
24283,AW00024283,Luke,Wood,M,F,2023-12-26
19085,AW00019085,Clarence,Wood,S,M,2020-02-20
24881,AW00024881,Ethan,Ruiz,M,M,2021-12-31
17137,AW00017137,Luke,Alvarez,M,M,2019-09-07
11162,AW00011162,Marco,Ruiz,S,M,2019-01-11
16250,AW00016250,Wyatt,Johnson,M,M,2023-04-12
18608,AW00018608,Luke,Ruiz,S,M,2025-06-29
15180,AW00015180,Curtis,Yang,S,F,2022-06-08
16812,AW00016812,Eugene,Ward,S,F,2024-06-04
14475,AW00014475,Eugene,Suarez,M,F,2021-09-14
24077,AW00024077,Marco,Wood,S,M,2023-11-12
21722,AW00021722,Destiny,Torres,M,M,2023-06-16
21970,AW00021970,Seth,Ross,M,M,2024-01-04
12364,AW00012364,Rob,Yang,M,M,2021-10-12
26725,AW00026725,Clarence,Walker,M,F,2023-11-13
25759,AW00025759,Clarence,Young,M,M,2025-05-30
13205,AW00013205,Curtis,Wood,M,F,2020-04-09
13586,AW00013586,Shannon,Hill,M,M,2021-05-26
11218,AW00011218,Jordan,Verhoff,S,M,2019-06-11
23152,AW00023152,Ruben,Ward,M,F,2022-07-09
15110,AW00015110,Shannon,Ward,M,F,2022-09-30
16120,AW00016120,Seth,Jenkins,M,M,2021-08-19
18159,AW00018159,Luke,Zhu,S,F,2023-03-11
15965,AW00015965,Sydney,Torres,M,M,2024-12-26
15881,AW00015881,Jon,Perez,M,F,2024-05-29
15086,AW00015086,Ian,Huang,M,M,2019-10-22
14610,AW00014610,Clarence,Huang,M,M,2025-04-04
22736,AW00022736,Julio,Hill,M,F,2021-04-06
28846,AW00028846,Janet,Torres,M,M,2021-10-05
23719,AW00023719,Marco,Diaz,S,M,2024-04-28
13346,AW00013346,Sydney,Yang,S,F,2019-12-29
25341,AW00025341, Jon,Huang,S,M,2022-05-12
25258,AW00025258,Clarence,Zhu,M,F,2022-08-16
18545,AW00018545,Lauren,Watson,M,M,2021-07-07
23895,AW00023895,Chloe,Bennett,S,M,2020-12-25
22192,AW00022192,Julio,Verhoff,M,F,2020-12-23
26448,AW00026448,Julio,Sanchez,M,F,2021-04-01
14917,AW00014917,Ruben,Young,S,F,2019-09-11
16224,AW00016224,Jordan,Young,M,M,2022-01-22
21446,AW00021446,Jacquelyn,Lu,S,,2019-05-28
15643,AW00015643,Luke,Hill,M,F,2022-01-28
18841,AW00018841,Ian,Perez,M,,2022-06-08
28130,AW00028130,Shannon,Sanchez,M,M,2019-02-17
27510,AW00027510,Seth,Wood,M,F,2021-11-25
24080,AW00024080,Ethan,Jenkins,S,F,2023-02-03
17153,AW00017153,Seth,Carlson,S,M,2020-09-19
27384,AW00027384,Clarence,Zhu,S,F,2025-06-04
22051,AW00022051,Luke,Ruiz ,M,M,2025-07-17
24599,AW00024599,Wyatt,Yang,S,M,2024-06-06
20185,AW00020185,Christy ,Wood,S,M,2019-03-01
28460,AW00028460,Sydney, Ruiz,M,F,2022-05-20
15739,AW00015739,Elizabeth,Alvarez,M,F,2024-05-24
19721,AW00019721,Russell,Gray,S,F,2023-10-15
25988,AW00025988,Julio,Suarez,M,F,2024-03-31
19665,AW00019665,Rob,Jenkins,S,F,2022-02-09
13599,AW00013599,Chloe,Perez,S,M,2023-02-22
27415,AW00027415,Janet,Watson,M,M,2023-08-21
24162,AW00024162,Destiny,Huang,S,M,2025-04-15
12186,AW00012186,Ruben,Carlson,M,M,2020-05-14
23914,AW00023914,Ruben,Perez,M,M,2024-02-12
14032,AW00014032,Julio,Jenkins ,S,F,2020-10-10
13136,AW00013136,Elizabeth,Torres,S,M,2019-02-21
24441,AW00024441,Julio,Verhoff,M,F,2025-05-12
27207,AW00027207,Sydney,Perez,S,M,2023-04-28
23167,AW00023167,Wyatt,Walker,S,F,2024-08-08
17121,AW00017121,Eugene,Jenkins,M,F,2025-01-01
17507,AW00017507,Shannon,Perez,M,F,2025-04-13
14858,AW00014858, Ian,Ruiz,S,F,2025-07-15
11266,AW00011266,Jon, Ruiz,M,F,2022-10-23
17691,AW00017691,Julio,Perez,M,M,2023-04-29
27032,AW00027032,Lauren,Alvarez,M,F,2020-05-28
22866,AW00022866,Shannon,Perez,M,,2023-09-27
21666,AW00021666,Elizabeth,Yang,M,F,2025-01-29
14581,AW00014581,Jacquelyn,Suarez,M,M,2020-01-13
17696,AW00017696,Russell,Huang,M,F,2023-01-30
22072,AW00022072,Elizabeth,Young,M,M,2022-08-20
14538,AW00014538,Eugene,Verhoff,S,M,2023-05-24
17330,AW00017330,Chloe,Alvarez ,S,F,2020-10-07
28059,AW00028059,Seth,Carlson ,S,F,2022-03-28
12837,AW00012837,Jon,Johnson,M,M,2023-06-24
13582,AW00013582,Jon,Suarez,S,M,2020-07-15
13350,AW00013350,Wyatt,Bennett,S,M,2019-08-13
20807,AW00020807,Ian,Verhoff,S,F,2020-07-23
27565,AW00027565,Jon,Ward,M,F,2022-01-29
14356,AW00014356,Rob,Sanchez,M,M,2022-03-11
16234,AW00016234,Wyatt,Diaz,S,F,2024-11-02
20945,AW00020945,Curtis,Huang,S,F,2023-03-10
21029,AW00021029,Chloe,Bennett,S,M,2021-07-15
11167,AW00011167,Elizabeth,Torres,S,M,2022-06-13
24243,AW00024243,Ruben,Carlson,M,F,2024-05-16
27624,AW00027624,Luke,Johnson,S,F,2020-07-04
16503,AW00016503,Russell,Walker,S,F,2022-09-21
24951,AW00024951,Janet,Watson,M,M,2019-03-11
19351,AW00019351,Shannon,Watson,S,F,2022-06-01
22241,AW00022241,Wyatt,Ruiz,M,F,2023-07-12
20571,AW00020571,Ian,Suarez,M,M,2019-01-14
24735,AW00024735,Rob,Ruiz,M,M,2021-09-11
22266,AW00022266,Shannon,Jenkins,S,M,2019-06-26
18842,AW00018842,Jordan,Gray,M,F,2024-02-13
13611,AW00013611,Christy,Torres,S,M,2021-01-30
12885,AW00012885,Janet,Wood,S,M,2021-06-30
27948,AW00027948,Luke,Wood,S,M,2022-07-31
14948,AW00014948,Wyatt,Verhoff,S,F,2022-11-02
23955,AW00023955,Rob,Ruiz,M,F,2022-11-17
19461,AW00019461,Seth,Huang,S,F,2022-08-03
14272,AW00014272,Clarence,Watson,M,M,2024-07-06
25400,AW00025400,Luke,Young,M,M,2022-11-16
11654,AW00011654,Shannon,Sanchez,M,M,2024-03-15
18302,AW00018302,Janet,Lu,M,M,2021-05-04
18852,AW00018852,Wyatt,Torres,S,M,2022-12-05
23828,AW00023828,Lauren,Verhoff,S,F,2022-08-17
28772,AW00028772,Ruben,Mehta,S,F,2021-10-28
17129,AW00017129,Clarence,Gray,M,F,2019-12-23
20591,AW00020591,Wyatt,Ross,S,F,2021-03-02
14309,AW00014309,Destiny,Watson,S,F,2020-07-26
13987,AW00013987,Ruben,Wood,M,M,2020-06-04
20259,AW00020259,Rob,Perez,M,F,2022-10-10
26285,AW00026285,Jon,Suarez,S,F,2022-04-16
22446,AW00022446,Elizabeth,Suarez,M,F,2024-04-13
25204,AW00025204,Clarence,Sanchez,M,F,2020-07-18
20596,AW00020596,Wyatt,Ward,M,F,2021-03-07
27719,AW00027719,Jon,Ross,M,F,2020-07-27
22624,AW00022624, Eugene,Lu,S,F,2019-03-27
13695,AW00013695,Curtis ,Torres,S,F,2022-05-30
13516,AW00013516,Jacquelyn ,Mehta,M,M,2020-12-22
22107,AW00022107,Christy ,Yang,,M,2021-07-11
28263,AW00028263,Chloe,Verhoff,S,F,2024-09-01
16027,AW00016027,Ruben,Carlson,M,M,2024-03-25
13387,AW00013387,Russell,Ruiz,M,M,2019-12-19
25591,AW00025591,Janet,Perez,S,F,2021-04-14
25814,AW00025814,Rob,Lu,S,M,2020-05-20
11254,AW00011254,Destiny,Ross ,S,F,2024-01-24
28278,AW00028278,Ruben,Lu,M,F,2021-08-09
24865,AW00024865, Clarence,Lu,S,M,2023-12-28
28235,AW00028235,Sydney,Ward,S,M,2022-01-25
12011,AW00012011,Luke,Sanchez,S,F,2022-12-25
21215,AW00021215,Russell,Young,S,M,2019-07-29
14165,AW00014165,Ian,Wood,M,M,2019-07-13
11610,AW00011610,Destiny,Carlson,S,F,2020-01-09
26475,AW00026475,Jon,Ruiz,S,F,2021-05-09
17200,AW00017200,Ethan,Huang ,S,F,2019-05-25
24740,AW00024740,Jon,Walker,M,M,2022-06-08
12910,AW00012910,Ethan,Ruiz,S,M,2020-01-14
19713,AW00019713,Clarence,Perez,S,M,2020-07-03
27108,AW00027108,Julio,Ward,M,M,2019-01-30
25151,AW00025151, Jordan,Torres,S,M,2019-05-10
27185,AW00027185,Chloe,Perez,S,F,2024-06-27
17161,AW00017161,Rob,Carlson,M,M,2024-01-01
25577,AW00025577,Lauren,Alvarez,S,F,2021-03-23
13927,AW00013927,Julio,Yang,M,M,2022-11-24
28444,AW00028444,Jon, Watson,M,M,2023-10-25
24725,AW00024725,Luke,Ward,S,M,2022-08-29
24704,AW00024704,Destiny,Torres,M,M,2024-05-31
28530,AW00028530,Ian,Ruiz,M,F,2020-08-06
19767,AW00019767,Seth,Ward,S,F,2024-10-15
21829,AW00021829,Marco,Lu,S,,2021-05-11
20433,AW00020433,Ian,Alvarez,M,M,2023-12-03
14812,AW00014812,Chloe,Verhoff,,M,2019-09-09
20590,AW00020590,Curtis,Zhu,S,F,2021-07-20
12991,AW00012991,Wyatt,Carlson,M,M,2023-09-29
26436,AW00026436,Clarence,Sanchez,M,M,2024-05-02
23002,AW00023002,Wyatt,Sanchez,M,M,2020-02-20
26899,AW00026899,Elizabeth,Zhu,S,F,2024-04-22
11384,AW00011384,Ian,Diaz ,S,F,2025-02-12
18880,AW00018880,Jordan,Watson,M,F,2020-04-15
18441,AW00018441,Chloe,Ross,S,M,2022-10-20
14492,AW00014492,Julio,Ruiz,S,M,2021-01-04
24697,AW00024697, Shannon,Hill,M,F,2023-11-16
13434,AW00013434,Jon,Suarez,M,F,2019-08-22
27678,AW00027678,Marco,Carlson,M,F,2021-02-07
13634,AW00013634,Ethan,Walker,M,M,2021-08-17
14212,AW00014212,Seth,Lu,,F,2024-04-24
13986,AW00013986, Rob,Zhu,S,F,2021-04-07
17649,AW00017649, Jon,Sanchez,S,F,2020-01-28
14196,AW00014196,Rob,Wood,S,M,2021-10-02
13622,AW00013622,Destiny,Ward,M,M,2022-11-02
20905,AW00020905,Luke,Lu,S,F,2021-09-30
12685,AW00012685,Jordan,Jenkins,S,M,2023-02-22
25688,AW00025688,Christy,Sanchez,M,M,2021-03-03
15714,AW00015714,Jon ,Ward,M,M,2022-06-10
14300,AW00014300,Julio,Ross,S,M,2023-03-26
26308,AW00026308,Curtis,Walker,S,M,2020-06-08
11219,AW00011219,Shannon,Bennett,S,F,2020-06-22
17368,AW00017368,Destiny,Jenkins,M,F,2020-12-04
23965,AW00023965,Ruben,Ward,S,M,2019-05-18
27093,AW00027093,Luke,Gray,S,M,2024-08-07
15061,AW00015061,Elizabeth,Wood,S,F,2022-09-30
12296,AW00012296,Jordan,Ross ,S,M,2019-12-20
17056,AW00017056,Janet,Wood,,M,2021-06-21
11989,AW00011989,Eugene,Young,M,F,2024-07-09
27345,AW00027345,Marco,Ross,M,F,2019-06-22
20504,AW00020504,Russell,Jenkins,S,F,2023-10-31
19200,AW00019200,Ruben,Johnson,M,F,2022-05-13
14671,AW00014671,Luke,Johnson,S,M,2019-10-25
14045,AW00014045,Destiny,Mehta,,F,2024-01-13
11100,AW00011100,Lauren,Mehta,S,M,2020-03-12
25221,AW00025221,Clarence,Alvarez,S,F,2025-07-23
27511,AW00027511,Elizabeth, Jenkins,S,F,2022-06-30
19997,AW00019997,Elizabeth,Wood,S,M,2021-06-28
13372,AW00013372,Seth,Hill,M,M,2020-12-15
21158,AW00021158,Janet,Verhoff,S,F,2025-05-13
20863,AW00020863,Clarence,Huang,,M,2019-11-05
16461,AW00016461,Julio,Suarez,S,F,2022-07-01
11265,AW00011265,Luke,Mehta,M,M,2021-12-31
25655,AW00025655,Curtis,Mehta,M,M,2024-02-06
26842,AW00026842,Marco,Alvarez,S,F,2023-01-17
18977,AW00018977,Elizabeth, Verhoff,M,F,2024-04-11
18326,AW00018326,Ethan,Suarez ,M,M,2024-03-25
16548,AW00016548,Wyatt,Perez,M,F,2022-06-20
15243,AW00015243,Curtis,Suarez,M,M,2020-12-14
18498,AW00018498,Eugene,Mehta,M,M,2025-06-10
27954,AW00027954,Julio,Wood,M,F,2023-07-16
25857,AW00025857,Ian,Diaz,S,F,2024-07-01
28564,AW00028564,Sydney,Torres,S,M,2021-02-05
20079,AW00020079,Janet,Ross,,M,2020-02-29
11703,AW00011703,Julio ,Perez,M,F,2022-07-23
14988,AW00014988,Lauren,Zhu,S,M,2024-09-11
19509,AW00019509,Julio,Walker,S,F,2023-09-12
22708,AW00022708,Seth,Perez,S,M,2024-09-26
23815,AW00023815,Ruben,Bennett,S,F,2021-11-17
26312,AW00026312,Marco,Yang,S,F,2023-08-08
17861,AW00017861,Jon,Alvarez ,M,F,2024-11-12
13081,AW00013081,Janet,Ruiz,S,M,2025-05-31
28146,AW00028146,Ian,Sanchez,S,M,2021-04-12
17260,AW00017260,Jon,Johnson,S,M,2023-10-01
26974,AW00026974,Sydney,Watson,S,F,2024-10-06
19652,AW00019652,Curtis,Ruiz,M,M,2025-04-21
23463,AW00023463,Janet ,Ross,S,M,2021-04-29
23768,AW00023768,Chloe,Walker ,M,M,2021-06-09
15209,AW00015209,Wyatt,Ross,S,F,2020-11-04
17964,AW00017964,Jacquelyn,Wood,M,F,2022-03-14
14166,AW00014166,Shannon,Lu,S,F,2024-02-12
27958,AW00027958,Ruben,Lu,M,M,2024-10-03
14640,AW00014640,Lauren,Huang,S,M,2021-12-15
11835,AW00011835,Chloe,Bennett,M,M,2024-07-30
25386,AW00025386,Ian,Yang,M,F,2025-02-03
19671,AW00019671,Russell,Bennett,S,F,2019-06-28
25560,AW00025560,Jacquelyn,Young ,M,F,2023-05-21
25729,AW00025729,Sydney,Suarez,S,F,2021-01-27
22044,AW00022044,Jordan,Jenkins,S,M,2019-04-05
26867,AW00026867,Rob,Jenkins,S,F,2020-02-21
23833,AW00023833,Destiny,Mehta,M,F,2020-03-04
14347,AW00014347,Marco, Carlson,S,M,2022-10-08
11997,AW00011997,Clarence,Verhoff,S,F,2024-04-14
22876,AW00022876,Seth,Watson,S,F,2024-05-30
14432,AW00014432,Chloe,Huang,M,F,2023-07-21
15923,AW00015923,Rob,Lu,M,F,2021-03-15
12247,AW00012247,Sydney,Wood,M,F,2025-06-25
20461,AW00020461,Sydney,Hill,S,M,2023-10-02
14235,AW00014235,Clarence,Torres,S,M,2023-02-22
11444,AW00011444,Ethan,Zhu,S,M,2024-05-09
23274,AW00023274,Jacquelyn,Torres,S,M,2021-04-25
27049,AW00027049,Chloe,Lu,S,F,2023-03-14
22846,AW00022846,Curtis, Ruiz,S,F,2019-01-01
16422,AW00016422,Julio,Ross,M,F,2022-04-11
13930,AW00013930,Seth,Diaz,M,F,2020-06-30
24728,AW00024728,Curtis, Yang,M,M,2023-05-13
18063,AW00018063,Julio,Lu,M,M,2021-09-16
15657,AW00015657,Ruben,Wood,M,F,2021-11-22
20105,AW00020105,Eugene,Zhu,S,M,2022-01-28
22302,AW00022302,Lauren,Jenkins,M,F,2023-11-25
22331,AW00022331,Julio,Wood,S,M,2023-01-07
13402,AW00013402,Janet,Wood,M,M,2021-08-23
27285,AW00027285,Ethan,Young,S,F,2019-06-02
17292,AW00017292,Chloe, Sanchez,M,F,2022-06-10
23363,AW00023363,Jon,Sanchez,M,F,2025-06-24
18571,AW00018571,Clarence,Jenkins,S,M,2019-04-19
27376,AW00027376,Curtis, Verhoff,M,F,2025-01-20
22900,AW00022900,Destiny,Suarez,S,F,2022-02-19
26570,AW00026570,Elizabeth,Wood,M,M,2021-06-12
26280,AW00026280,Russell,Johnson,M,F,2020-01-09
26115,AW00026115,Rob,Torres,S,F,2022-07-08
15553,AW00015553,Luke,Young,S,F,2022-11-21
28865,AW00028865,Russell,Watson,M,M,2023-06-12
20214,AW00020214,Ian,Johnson,M,F,2023-09-25
17015,AW00017015,Lauren,Lu,M,M,2021-10-27
17143,AW00017143,Destiny,Gray,S,M,2024-09-04
11255,AW00011255,Marco,Jenkins,M,F,2023-06-22
27638,AW00027638,Chloe,Perez,M,F,2024-11-28
12995,AW00012995,Wyatt,Alvarez,S,M,2021-08-29
27623,AW00027623,Janet,Hill,M,M,2022-03-29
12818,AW00012818,Ruben,Suarez,S,F,2023-09-07
19535,AW00019535,Seth,Watson,S,F,2019-07-07
24110,AW00024110,Janet,Huang,M,F,2020-02-01
21395,AW00021395,Clarence,Jenkins,M,F,2023-06-02
16351,AW00016351,Sydney,Young,M,F,2020-01-24
13610,AW00013610,Sydney,Sanchez,S,F,2019-12-28
26495,AW00026495,Russell,Hill,M,M,2021-01-19
27410,AW00027410,Wyatt,Hill,S,F,2023-03-02
27785,AW00027785,Rob,Alvarez,M,F,2019-09-16
13743,AW00013743,Shannon,Alvarez,S,M,2022-02-13
12306,AW00012306,Sydney ,Gray,M,M,2019-05-23
17951,AW00017951, Marco,Torres ,M,M,2020-04-26
16976,AW00016976,Jon,Ross,M,F,2023-08-01
17532,AW00017532,Lauren,Huang,M,F,2019-03-29
19676,AW00019676,Clarence,Sanchez,S,F,2024-09-11
15943,AW00015943,Seth,Bennett,M,M,2022-04-03
24838,AW00024838,Rob,Gray,S,F,2024-06-13
18136,AW00018136,Marco,Huang,M,F,2023-05-30
24171,AW00024171,Jordan,Perez,S,M,2019-01-24
13527,AW00013527,Ruben,Watson,M,F,2025-03-14
27645,AW00027645,Russell,Verhoff,M,M,2021-08-14
24075,AW00024075,Clarence,Johnson,M,M,2019-12-25
18358,AW00018358,Christy,Suarez,S,M,2025-06-15
15520,AW00015520,Curtis,Bennett,,F,2024-07-01
27726,AW00027726,Seth,Carlson,S,M,2024-07-16
12172,AW00012172,Julio,Watson,S,F,2022-06-15
21556,AW00021556,Ruben,Hill,S,M,2024-03-15
16208,AW00016208,Rob,Young,M,F,2019-01-24
18155,AW00018155,Wyatt,Yang,S,M,2019-10-08
11617,AW00011617,Destiny,Ward,,M,2024-12-12
15334,AW00015334,Russell,Sanchez,M,F,2020-11-29
27291,AW00027291,Wyatt,Ross,M,M,2024-07-26
18138,AW00018138,Shannon,Watson,S,F,2021-10-25
12266,AW00012266,Chloe,Gray ,S,M,2024-11-26
14582,AW00014582,Rob,Huang,M,M,2024-10-29
13249,AW00013249,Russell,Young,M,F,2023-10-02
21678,AW00021678,Seth,Suarez,M,F,2020-02-03
26025,AW00026025,Sydney,Gray,S,F,2022-03-24
11130,AW00011130,Ethan,Diaz,S,M,2022-11-23
20929,AW00020929,Clarence ,Ward,S,F,2022-04-09
15559,AW00015559,Wyatt, Torres,M,F,2021-11-16
15097,AW00015097,Jon,Yang,M,F,2024-02-21
23703,AW00023703,Clarence,Ruiz,M,F,2023-12-04
25413,AW00025413,Julio,Lu,S,M,2020-03-04
19852,AW00019852,Sydney,Carlson,M,F,2024-01-29
25845,AW00025845,Chloe,Zhu,S,M,2019-05-30
21904,AW00021904,Marco,Bennett,S,F,2021-03-18
12309,AW00012309,Rob,Johnson,M,F,2025-06-11
20213,AW00020213,Luke,Diaz,S,F,2023-06-12
14292,AW00014292,Jon,Alvarez,S,M,2020-02-20
11380,AW00011380,Destiny,Wood,M,M,2022-05-25
14875,AW00014875,Chloe,Ward,M,M,2023-10-01
18074,AW00018074,Marco,Young,S,M,2022-10-12
14331,AW00014331,Ruben,Ruiz ,S,F,2024-05-30
22574,AW00022574,Luke,Diaz,M,F,2025-05-17
13780,AW00013780,Jon,Suarez,M,F,2022-08-27
18111,AW00018111, Eugene,Johnson,S,M,2020-08-22
20324,AW00020324,Eugene,Gray,S,M,2024-03-03
13070,AW00013070,Christy,Johnson,S,M,2021-02-19
13728,AW00013728,Destiny,Gray,S,F,2024-07-06
26211,AW00026211,Janet,Jenkins,M,F,2020-10-12
16361,AW00016361,Luke,Ward,,M,2019-10-23
27497,AW00027497,Rob,Torres ,M,M,2021-01-17
28040,AW00028040,Ruben,Diaz,S,F,2024-02-14
22985,AW00022985,Curtis,Bennett,M,M,2019-07-10
13935,AW00013935,Seth,Watson,M,M,2019-10-18
19034,AW00019034,Wyatt,Perez,M,F,2024-01-01
12972,AW00012972,Christy,Ward,S,F,2023-10-16
26463,AW00026463,Jacquelyn,Lu,S,M,2019-02-02
22753,AW00022753,Christy,Yang,S,M,2019-06-09
13920,AW00013920,Seth,Lu,M,F,2023-02-25
13444,AW00013444,Sydney,Huang,M,F,2025-03-29
20391,AW00020391,Seth,Jenkins,S,F,2022-11-23
25497,AW00025497,Janet,Perez,M,F,2021-01-24
18657,AW00018657,Luke,Zhu,S,F,2020-10-17
20937,AW00020937, Luke,Carlson,S,M,2024-09-11
28449,AW00028449,Marco,Alvarez,M,M,2022-08-04
13216,AW00013216,Shannon,Jenkins,S,M,2023-08-26
22124,AW00022124,Christy,Diaz,M,M,2023-08-29
25944,AW00025944,Elizabeth,Perez,S,M,2020-02-03
21292,AW00021292,Lauren,Ross,S,F,2024-02-25
19324,AW00019324,Clarence,Sanchez,M,M,2025-05-05
14885,AW00014885,Jordan,Jenkins,S,F,2024-01-30
23335,AW00023335, Rob,Young,S,M,2022-08-12
18458,AW00018458,Eugene,Diaz,S,M,2021-06-08
26903,AW00026903,Ethan, Lu,S,F,2022-04-07
24636,AW00024636,Rob,Jenkins,S,F,2022-12-29
27999,AW00027999,Wyatt,Gray ,,M,2024-01-30
27282,AW00027282,Marco,Hill,S,M,2021-05-08
23318,AW00023318,Lauren ,Johnson,M,M,2021-05-18
18464,AW00018464,Elizabeth,Perez,S,M,2022-05-09
22269,AW00022269,Wyatt,Alvarez,S,F,2023-06-20
11907,AW00011907,Sydney,Suarez,M,M,2025-05-05
23628,AW00023628,Elizabeth,Mehta,S,M,2019-03-08
22368,AW00022368, Curtis,Ruiz,M,F,2024-12-14
16106,AW00016106,Elizabeth,Yang,M,F,2020-10-09
25259,AW00025259,Sydney,Perez,M,F,2023-07-08
25256,AW00025256,Shannon,Alvarez,M,M,2022-01-16
24170,AW00024170,Sydney,Ross,S,F,2023-09-01
24835,AW00024835,Russell ,Sanchez,S,M,2020-02-17
15147,AW00015147,Shannon,Walker,S,M,2025-07-12
21323,AW00021323,Curtis,Huang,M,F,2025-01-04
18593,AW00018593,Luke,Young,S,M,2022-12-07
16410,AW00016410,Chloe,Johnson,M,M,2024-04-15
28773,AW00028773,Chloe,Ruiz,M,M,2020-06-19
19405,AW00019405,Ian,Wood,M,M,2019-07-25
17899,AW00017899,Janet,Alvarez,M,F,2021-03-20
16876,AW00016876,Chloe,Huang,M,F,2021-07-02
20781,AW00020781, Jon,Gray,S,M,2025-03-13
25396,AW00025396,Jacquelyn,Gray,S,M,2023-01-27
24979,AW00024979,Rob,Yang,M,M,2019-11-11
11352,AW00011352,Ian,Diaz,S,F,2022-08-08
14357,AW00014357, Elizabeth,Torres,M,F,2020-10-06
22056,AW00022056,Chloe,Jenkins,M,F,2022-08-17
13804,AW00013804,Destiny,Sanchez,M,F,2024-12-01
26893,AW00026893,Shannon,Carlson,M,F,2019-10-08
22569,AW00022569,Rob,Bennett,M,M,2025-03-05
18629,AW00018629,Janet, Johnson,S,F,2024-01-11
16972,AW00016972, Lauren,Young,M,F,2025-04-24
14199,AW00014199,Jacquelyn,Carlson,M,M,2023-08-09
19128,AW00019128,Jordan,Hill,M,M,2019-09-06
16862,AW00016862,Julio,Perez,S,M,2022-03-28
26178,AW00026178,Ian,Yang,M,F,2023-12-16
27989,AW00027989,Shannon,Ward,S,F,2023-09-12
11705,AW00011705,Lauren,Carlson,M,M,2020-12-28
20904,AW00020904,Sydney ,Ross ,S,F,2023-10-10
21798,AW00021798,Shannon,Johnson,S,M,2019-04-07
24908,AW00024908,Luke,Johnson,M,F,2021-05-28
14080,AW00014080,Sydney, Johnson,S,F,2023-09-15
17833,AW00017833,Jordan,Jenkins,S,F,2022-09-25
23801,AW00023801,Elizabeth,Bennett,S,M,2019-07-04
18276,AW00018276,Ian,Watson,M,F,2019-02-21
27383,AW00027383, Jacquelyn,Alvarez,M,F,2020-10-24
15080,AW00015080,Christy,Watson,M,M,2020-06-12
26541,AW00026541,Marco,Suarez,S,M,2019-05-11
16810,AW00016810,Janet,Torres,S,F,2021-10-15
18396,AW00018396,Marco,Lu ,M,F,2021-12-20
13741,AW00013741,Destiny,Ruiz,M,M,2024-06-05
11172,AW00011172,Jon,Torres,S,M,2022-01-08
12464,AW00012464,Christy,Hill,S,F,2023-01-19
18351,AW00018351,Russell,Walker,S,M,2021-11-20
14663,AW00014663,Jon,Suarez,S,F,2019-04-04
18574,AW00018574,Eugene,Huang,S,M,2024-08-08
14077,AW00014077,Chloe ,Suarez,S,M,2020-11-29
16076,AW00016076,Russell,Mehta,M,F,2020-06-25
28371,AW00028371,Lauren,Verhoff,S,F,2024-01-31
26095,AW00026095,Sydney,Young,S,M,2024-08-24
22580,AW00022580,Shannon,Diaz,M,M,2019-09-09
12273,AW00012273,Luke,Ruiz,S,F,2019-04-22
21619,AW00021619,Curtis,Gray,S,M,2022-07-16
24372,AW00024372,Jon,Walker,S,M,2023-05-09
12564,AW00012564,Chloe,Johnson,M,F,2021-05-19
11805,AW00011805,Seth,Johnson,S,M,2022-05-18
24024,AW00024024,Eugene,Hill,S,M,2025-03-17
26576,AW00026576,Janet,Mehta ,M,F,2019-04-16
16489,AW00016489,Julio,Watson,,M,2023-11-24
19917,AW00019917,Curtis,Huang,M,F,2025-07-03
23651,AW00023651,Rob,Mehta,S,M,2019-08-02
20159,AW00020159,Ruben,Lu,S,M,2019-11-02
24718,AW00024718,Rob,Zhu ,M,M,2023-09-21
19557,AW00019557,Lauren,Perez,S,F,2024-04-08
14329,AW00014329,Luke,Alvarez,M,M,2023-10-15
16755,AW00016755,Clarence,Perez,S,F,2025-02-18
18422,AW00018422,Curtis,Lu,S,F,2022-09-24
15533,AW00015533,Sydney,Sanchez,S,F,2022-07-16
27666,AW00027666,Christy,Young,S,M,2019-07-26
27418,AW00027418,Jordan,Zhu,M,M,2019-05-19
19035,AW00019035,Jacquelyn,Carlson,M,F,2025-03-09
24942,AW00024942,Ian,Gray,M,F,2021-03-28
22214,AW00022214,Lauren,Suarez,,F,2023-03-21
26664,AW00026664,Elizabeth,Sanchez,M,M,2022-03-13
28621,AW00028621,Curtis,Watson,M,M,2023-07-28
25595,AW00025595,Wyatt,Carlson,S,F,2021-08-14
23710,AW00023710,Seth,Carlson,M,M,2020-05-30
12545,AW00012545,Eugene,Ross,S,F,2020-07-11
21768,AW00021768,Clarence,Perez,M,F,2025-07-06
18895,AW00018895,Ethan,Gray,M,F,2020-08-21
16472,AW00016472,Chloe,Yang,S,M,2022-04-19
14957,AW00014957,Elizabeth,Gray,M,F,2025-01-09
20383,AW00020383,Jacquelyn,Watson,M,M,2019-09-07
19971,AW00019971,Clarence,Verhoff,S,F,2022-11-12
27701,AW00027701,Elizabeth,Gray,S,F,2025-04-02
16947,AW00016947,Jon,Walker,M,M,2024-09-29
25114,AW00025114,Ethan,Johnson,M,F,2024-04-08
26309,AW00026309,Lauren,Walker,S,F,2020-02-03
21310,AW00021310,Jacquelyn,Zhu,M,M,2024-10-07
25518,AW00025518,Janet,Suarez,M,M,2021-09-28
25467,AW00025467,Lauren,Sanchez,M,M,2022-06-13
24904,AW00024904,Lauren,Diaz,S,F,2021-01-11
25915,AW00025915,Lauren,Ross,M,F,2021-08-01
22746,AW00022746,Janet,Wood,S,F,2020-09-09
15143,AW00015143,Curtis,Gray,S,F,2024-02-15
26476,AW00026476,Eugene,Hill,S,F,2019-08-15
15140,AW00015140,Seth,Alvarez,S,M,2024-08-23
14713,AW00014713,Ian,Young,S,M,2023-10-12
13342,AW00013342,Shannon,Torres ,M,F,2025-02-13
27788,AW00027788,Marco,Yang,M,F,2025-07-22
28073,AW00028073,Russell,Suarez,M,F,2024-04-26
22558,AW00022558, Ethan,Gray,S,F,2019-11-05
16431,AW00016431,Ethan,Verhoff,S,F,2019-07-06
23270,AW00023270, Jacquelyn,Huang,S,F,2023-04-26
13808,AW00013808,Rob,Mehta,M,F,2021-03-31
19841,AW00019841,Jon,Ruiz,S,F,2022-04-03
28429,AW00028429,Christy,Watson,S,F,2020-12-25
14431,AW00014431,Elizabeth,Torres,S,M,2020-03-13
23427,AW00023427,Ian,Suarez,M,M,2021-01-22
25920,AW00025920,Jon,Johnson,M,M,2024-11-24
25052,AW00025052,Ian,Alvarez,S,F,2020-05-04
26502,AW00026502,Clarence,Sanchez,S,M,2024-01-05
17130,AW00017130,Ethan,Torres,M,F,2020-10-02
18248,AW00018248,Ruben,Ward,S,F,2025-03-25
15479,AW00015479,Chloe,Torres,S,F,2022-09-26
23920,AW00023920,Jacquelyn,Verhoff,S,F,2020-09-15
11964,AW00011964,Marco,Lu,S,M,2023-04-24
20988,AW00020988,Clarence ,Hill,M,F,2019-02-03
13714,AW00013714,Sydney ,Lu,S,M,2024-04-18
21603,AW00021603,Shannon, Bennett,M,M,2020-04-01
26283,AW00026283,Russell,Jenkins,S,M,2021-10-30
27326,AW00027326,Wyatt,Hill ,M,F,2023-12-23
23953,AW00023953,Ian ,Alvarez ,M,F,2021-03-29
21543,AW00021543,Seth,Ross,S,F,2022-04-21
28672,AW00028672,Ian,Hill,M,M,2019-11-09
13429,AW00013429,Rob ,Diaz,M,F,2019-03-19
13625,AW00013625,Eugene, Zhu,S,F,2020-07-26
13399,AW00013399,Clarence,Gray,S,F,2021-12-13
14683,AW00014683,Rob,Walker,S,M,2024-03-04
13655,AW00013655,Shannon,Carlson,S,F,2018-12-04
25141,AW00025141,Jon,Young,S,,2025-02-21
16756,AW00016756,Ian,Ross,S,,2024-07-18
25078,AW00025078,Curtis,Johnson,S,M,2021-12-12
15772,AW00015772,Julio,Mehta,M,M,2020-09-20
19804,AW00019804,Luke, Perez,M,F,2024-03-02
12044,AW00012044,Christy,Carlson,M,M,2023-12-01
13368,AW00013368,Shannon,Bennett,S,F,2019-02-15
19316,AW00019316,Rob,Lu,M,F,2020-12-27
18019,AW00018019,Clarence,Zhu,S,F,2022-10-15
28424,AW00028424, Sydney,Ross,S,F,2021-09-27
11192,AW00011192,Clarence,Young,M,F,2025-03-10
19448,AW00019448,Sydney,Torres,S,F,2022-02-28
20205,AW00020205,Eugene,Lu,S,F,2024-05-14
12395,AW00012395,Clarence,Bennett,M,F,2025-05-12
28348,AW00028348,Eugene, Suarez,M,F,2024-06-19
28509,AW00028509,Ethan,Young,M,F,2023-08-28
11549,AW00011549,Elizabeth ,Ross,M,M,2021-10-31
17937,AW00017937,Lauren,Ward,M,F,2023-01-16
20229,AW00020229,Destiny,Hill,S,F,2022-04-25
19421,AW00019421,Ethan,Wood,M,M,2023-01-08
18936,AW00018936,Destiny,Torres,,M,2024-08-22
26852,AW00026852,Elizabeth,Young,M,M,2025-02-22
20269,AW00020269,Jon,Ross,S,F,2023-11-18
25142,AW00025142,Destiny,Young,S,F,2020-06-04
13470,AW00013470,Luke,Johnson,S,F,2025-07-23
19471,AW00019471,Destiny,Walker,M,F,2024-05-25
26722,AW00026722,Rob,Zhu,S,F,2022-06-16
25783,AW00025783,Lauren,Ruiz,S,F,2023-10-10
18072,AW00018072,Rob,Johnson,S,F,2023-06-28
20357,AW00020357,Ethan,Jenkins,S,F,2024-09-19
20903,AW00020903,Marco,Watson,S,M,2021-01-22
12561,AW00012561,Ian,Ruiz,M,M,2019-04-28
19668,AW00019668,Elizabeth,Johnson,M,F,2019-06-10
14514,AW00014514,Seth,Ross,S,M,2023-12-17
17123,AW00017123,Destiny,Young,S,F,2022-02-14
22756,AW00022756,Christy,Ruiz,S,F,2024-09-28
15098,AW00015098,Lauren,Watson,S,F,2022-09-05
21408,AW00021408,Julio,Carlson,M,M,2020-09-30
26774,AW00026774,Chloe,Gray,S,M,2022-03-18
19175,AW00019175,Destiny,Ruiz,S,M,2023-08-11
11839,AW00011839,Curtis,Huang,S,F,2022-09-21
17993,AW00017993,Jacquelyn,Sanchez,M,F,2023-10-03
14576,AW00014576,Destiny,Watson,M,M,2025-01-17
23812,AW00023812,Luke,Yang,S,M,2025-01-08
20619,AW00020619,Janet,Perez,S,F,2024-05-18
27071,AW00027071,Ian,Suarez,S,M,2024-03-30
11032,AW00011032,Ethan,Young,S,F,2024-12-01
24871,AW00024871,Wyatt,Watson,S,,2023-06-30
20518,AW00020518,Jon,Ross,M,M,2020-06-18
15507,AW00015507,Ethan,Alvarez,M,M,2024-05-30
12867,AW00012867,Destiny,Alvarez,S,F,2023-10-19
16533,AW00016533,Christy, Young,M,M,2020-07-22
21177,AW00021177,Ian,Sanchez,S,M,2024-05-06
20223,AW00020223,Russell,Ward,M,M,2020-02-20
12069,AW00012069,Elizabeth,Bennett,M,F,2025-01-27
20093,AW00020093,Rob,Walker,S,M,2024-10-24
27249,AW00027249,Ethan,Young,S,F,2022-03-17
22828,AW00022828,Marco,Mehta,S,M,2021-03-28
20511,AW00020511,Ian,Carlson,M,M,2025-07-26
11754,AW00011754,Lauren ,Johnson ,S,M,2021-02-28
12898,AW00012898,Lauren,Bennett,M,F,2022-03-06
16571,AW00016571,Janet,Johnson,M,F,2022-11-12
15262,AW00015262,Shannon,Alvarez,S,F,2021-01-14
21140,AW00021140,Chloe,Mehta,M,F,2023-10-18
25419,AW00025419,Lauren,Carlson,S,F,2023-02-04
24885,AW00024885,Eugene,Huang,S,F,2021-12-15
26408,AW00026408,Janet,Johnson,S,F,2023-09-08
15035,AW00015035,Seth,Verhoff ,M,M,2020-01-05
23384,AW00023384,Jordan,Johnson,M,F,2025-07-06
14186,AW00014186,Jon,Yang,M,M,2021-04-28
28867,AW00028867,Sydney,Watson,S,M,2022-02-19
27420,AW00027420,Seth,Sanchez,M,M,2024-09-24
18549,AW00018549,Clarence,Carlson,S,F,2021-12-15
12454,AW00012454,Ethan,Yang,S,M,2021-04-21
24025,AW00024025,Ian,Jenkins,M,M,2022-01-04
17619,AW00017619,Russell,Hill,S,M,2021-11-01
13715,AW00013715,Seth ,Alvarez,M,M,2022-04-15
22592,AW00022592, Wyatt,Lu ,S,M,2020-08-11
12082,AW00012082,Jordan,Verhoff,,M,2022-05-29
16228,AW00016228, Lauren,Watson,M,F,2024-09-17
24588,AW00024588,Chloe,Huang,S,M,2022-04-12
19029,AW00019029,Sydney,Hill,S,F,2025-02-11
12038,AW00012038,Rob,Torres,M,M,2024-10-17
12633,AW00012633,Curtis,Bennett,S,M,2022-10-21
22581,AW00022581,Chloe,Young,M,F,2020-08-06
12547,AW00012547,Luke,Torres,S,M,2021-10-19
18634,AW00018634,Lauren,Ruiz,M,F,2022-08-17
18198,AW00018198,Elizabeth,Ward,S,F,2023-01-10
27988,AW00027988,Chloe,Sanchez,M,M,2022-11-13
25540,AW00025540,Ian,Yang,S,F,2020-08-26
22497,AW00022497, Lauren,Gray,M,M,2021-09-24
21440,AW00021440,Marco,Wood,M,M,2020-03-04
13940,AW00013940,Seth,Young,S,F,2021-01-19
23837,AW00023837,Ethan,Alvarez,S,F,2024-12-07
15394,AW00015394,Russell,Zhu,M,M,2021-06-10
13401,AW00013401,Rob,Alvarez,M,M,2020-07-24
24386,AW00024386,Julio,Johnson,S,M,2020-04-04
20417,AW00020417,Sydney,Ruiz,M,F,2021-07-05
20774,AW00020774,Marco,Ward,S,M,2023-06-10
27333,AW00027333,Sydney,Ruiz,S,F,2019-09-10
27879,AW00027879,Sydney,Watson,S,F,2019-09-15
26808,AW00026808,Lauren,Johnson,M,M,2019-11-26
27146,AW00027146,Eugene,Yang,S,F,2023-01-03
20838,AW00020838,Russell,Ward,S,M,2021-07-18
27500,AW00027500,Lauren,Alvarez,M,F,2024-11-29
16550,AW00016550,Jon,Carlson,M,M,2020-07-13
17342,AW00017342,Sydney,Suarez,S,M,2022-12-27
14820,AW00014820,Jordan,Torres,M,F,2022-11-26
15032,AW00015032,Elizabeth,Verhoff,M,M,2024-08-22
26067,AW00026067,Marco,Suarez,S,M,2020-07-03
27182,AW00027182,Curtis,Sanchez,M,F,2023-03-28
17075,AW00017075,Jon,Jenkins,S,F,2023-04-08
16791,AW00016791,Ruben,Ward,,F,2023-03-15
21917,AW00021917,Destiny,Jenkins,S,F,2021-07-11
26260,AW00026260,Lauren,Zhu,M,F,2020-09-14
17078,AW00017078,Elizabeth,Perez,S,F,2025-01-02
20308,AW00020308,Wyatt,Jenkins,M,M,2024-09-05
13110,AW00013110,Ian,Johnson,S,M,2019-04-09
21219,AW00021219,Julio,Zhu,M,F,2019-10-11
11739,AW00011739,Russell,Torres,S,F,2025-03-28
24958,AW00024958,Seth,Zhu,M,F,2025-06-06
24795,AW00024795,Ruben,Carlson,M,F,2019-01-14
24028,AW00024028,Ethan,Huang,M,F,2020-09-05
28286,AW00028286,Seth,Alvarez,S,F,2023-04-02
16459,AW00016459,Ian,Diaz,M,M,2023-05-11
25598,AW00025598,Seth,Hill,S,F,2019-11-21
12263,AW00012263,Luke,Young,S,F,2023-08-10
27252,AW00027252,Chloe,Diaz,S,M,2021-09-06
20471,AW00020471,Rob,Hill,M,M,2022-01-17
11832,AW00011832,Jacquelyn,Mehta,M,F,2018-11-07
23950,AW00023950,Rob,Verhoff,M,M,2019-06-06
18878,AW00018878,Marco,Diaz,M,F,2019-06-04
28299,AW00028299,Clarence, Wood,M,F,2019-09-12
20775,AW00020775,Sydney,Alvarez,S,M,2022-04-16
11427,AW00011427,Janet,Wood,M,F,2020-07-16
25255,AW00025255,Julio,Watson,M,M,2022-05-17
15987,AW00015987, Elizabeth,Hill,M,M,2024-03-27
28610,AW00028610, Sydney,Torres,S,F,2025-02-26
24356,AW00024356,Clarence,Walker,M,M,2020-05-04
18882,AW00018882,Julio,Alvarez,S,M,2023-11-13
20602,AW00020602,Ethan,Sanchez ,M,M,2021-12-12
28653,AW00028653,Shannon,Hill,S,M,2019-03-28
18778,AW00018778,Elizabeth,Jenkins,S,F,2022-05-16
16457,AW00016457,Curtis,Carlson,S,M,2021-08-30
13106,AW00013106,Elizabeth,Young,M,M,2022-06-13
19926,AW00019926,Jordan,Carlson,,F,2023-11-26
22906,AW00022906,Julio,Verhoff,S,F,2020-04-14
28902,AW00028902,Jacquelyn,Ward,S,M,2020-07-30
22852,AW00022852,Elizabeth,Young,S,M,2022-01-08
21863,AW00021863,Jon,Young,M,F,2022-10-07
26248,AW00026248,Jacquelyn,Young,M,F,2022-06-08
28457,AW00028457,Sydney,Verhoff,S,M,2021-01-29
28463,AW00028463,Christy,Jenkins,S,M,2019-03-17
15812,AW00015812,Julio,Perez,M,M,2020-01-27
27893,AW00027893,Ethan,Ruiz,M,F,2020-05-06
15778,AW00015778,Destiny,Young,S,F,2019-09-08
25999,AW00025999,Rob,Alvarez,S,M,2024-06-12
13768,AW00013768,Marco,Alvarez,M,F,2022-08-03
19091,AW00019091,Lauren,Alvarez,S,F,2021-01-08
22805,AW00022805,Seth,Mehta,M,F,2022-01-22
23482,AW00023482,Destiny,Perez,,M,2019-09-28
19298,AW00019298,Jordan ,Lu,S,F,2022-09-29
25966,AW00025966,Luke,Suarez,M,M,2020-12-10
19574,AW00019574,Jordan ,Wood,M,M,2022-04-03
19031,AW00019031,Jordan,Alvarez,S,F,2021-06-12
12964,AW00012964,Jon,Wood,M,F,2023-09-27
28330,AW00028330,Ethan,Carlson,S,F,2023-05-29
28010,AW00028010,Lauren, Zhu,,M,2019-04-10
17401,AW00017401,Christy,Walker,M,M,2019-09-08
12250,AW00012250,Ruben,Sanchez,S,F,2020-06-06
14474,AW00014474,Chloe,Diaz,S,M,2022-08-23
22501,AW00022501,Luke,Young,M,M,2019-11-03
22433,AW00022433,Curtis,Suarez,S,F,2023-09-29
26133,AW00026133,Ethan,Lu,M,M,2024-10-23
17076,AW00017076,Seth,Diaz,S,M,2019-08-30
23174,AW00023174,Christy,Gray ,S,,2024-09-15
12441,AW00012441,Elizabeth,Hill,M,F,2024-06-09
21887,AW00021887,Sydney,Verhoff,M,M,2019-12-16
17434,AW00017434,Curtis,Ward,M,F,2024-03-01
23418,AW00023418,Eugene,Torres,M,M,2021-06-11
27011,AW00027011,Russell, Ward,M,F,2024-05-22
19924,AW00019924,Destiny,Wood,S,M,2024-05-10
19568,AW00019568,Elizabeth,Verhoff,S,M,2022-10-17
17899,AW00017899,Janet,Alvarez,M,F,2021-01-06
20090,AW00020090,Elizabeth,Verhoff,S,M,2021-07-26
23000,AW00023000,Eugene,Suarez,M,M,2021-12-23
22498,AW00022498,Chloe,Perez,S,M,2019-11-14
20567,AW00020567,Curtis,Yang,M,M,2023-02-28
12607,AW00012607,Wyatt,Zhu,M,F,2020-01-23
22202,AW00022202,Janet,Walker,M,F,2024-04-15
